code,year,sentence,n_words_sent,tokens_sent
000001,2019,股份有限公司年年度报告管理层讨论与分析模拟文本为完成全年目标公司将赶快调整产品定价策略抢占市场份额,20,有限公司 年 年度报告 讨论 与 分析 模拟 文本 为 完成 全年 目标 将 赶快 调整 产品 定价 策略 抢占市场 份额
000001,2019,报告期内公司围绕年度经营计划扎实推进各项重点工作总体经营情况保持稳定,14,报告 期内 围绕 经营 计划 扎实 推进 各项 重点 工作 总体 经营 情况 保持稳定
000001,2019,公司加强成本管控提升运营效率毛利率水平保持基本平稳,11,加强 成本 管控 提升 运营 效率 毛利率 水平 保持 基本 平稳
000001,2019,公司进一步完善治理结构规范运作信息披露真实准确完整,10,进一步 完善 治理 结构 规范 运作 信息 真实 准确 完整
000001,2019,公司可能面临原材料价格波动市场需求不及预期等风险,10,可能 面临 原材料 价格 波动 市场需求 不及 预期 等 风险
000001,2019,面对复杂的外部经营环境公司管理层积极应对努力克服不利因素影响,12,面对 复杂 的 外部 经营 环境 积极 应对 努力 克服 不利因素 影响
000001,2019,公司坚持创新驱动发展战略持续加大研发投入研发费用同比增长较快,14,坚持 创新 驱动 发展 战略 持续 加大 研发 投入 研发 费用 增长 较 快
000001,2019,宏观经济波动与行业竞争加剧可能对公司业绩产生不利影响,12,宏观 经济波动 与 行业 竞争 加剧 可能 对 公司业绩 产生 不利 影响
000001,2019,管理层认为当前窗口稍纵即逝必须时不我待扩大产能投放,9,认为 当前 窗口 稍纵即逝 必须 时不我待 扩大 产能 投放
000001,2019,公司进一步完善治理结构规范运作信息披露真实准确完整,10,进一步 完善 治理 结构 规范 运作 信息 真实 准确 完整
000001,2019,公司短期回报回笼资金以应对眼前的流动性压力,9,短期 回报 回笼资金 以 应对 眼前 的 流动性 压力
000001,2019,公司将采取权宜之计压缩各项开支以确保眼前兑现业绩承诺,12,将 采取 权宜之计 压缩 各项 开支 以 确保 眼前 兑现 业绩 承诺
000001,2019,公司高度重视安全生产与质量管理体系运行情况良好,9,高度重视 安全 生产 与 质量 管理体系 运行 情况 良好
000001,2019,公司与高校科研院所共建联合实验室推进产学研协同创新,10,与 高校 科研院所 共建 联合 实验室 推进 产学研 协同 创新
000001,2019,汇率波动及贸易环境变化对公司海外业务构成一定不确定性,12,汇率 波动 及 贸易 环境 变化 对 海外 业务 构成 一定 不确定性
000001,2019,二零二四年四月,3,二零二 四年 四月
000001,2020,股份有限公司年年度报告管理层讨论与分析模拟文本公司积极拓展国内外市场客户结构与订单质量进一步改善,19,有限公司 年 年度报告 讨论 与 分析 模拟 文本 积极 拓展 国内外 市场 客户 结构 与 订单 质量 进一步 改善
000001,2020,报告期内公司围绕年度经营计划扎实推进各项重点工作总体经营情况保持稳定,14,报告 期内 围绕 经营 计划 扎实 推进 各项 重点 工作 总体 经营 情况 保持稳定
000001,2020,面对复杂的外部经营环境公司管理层积极应对努力克服不利因素影响,12,面对 复杂 的 外部 经营 环境 积极 应对 努力 克服 不利因素 影响
000001,2020,公司加大研发人才引进力度研发人员占比稳步提升,11,加大 研发 人才 引进 力度 研发 人员 占 比 稳步 提升
000001,2020,公司积极拓展国内外市场客户结构与订单质量进一步改善,11,积极 拓展 国内外 市场 客户 结构 与 订单 质量 进一步 改善
000001,2020,公司将采取权宜之计压缩各项开支以确保尽快兑现业绩承诺,12,将 采取 权宜之计 压缩 各项 开支 以 确保 尽快 兑现 业绩 承诺
000001,2020,公司高度重视安全生产与质量管理体系运行情况良好,9,高度重视 安全 生产 与 质量 管理体系 运行 情况 良好
000001,2020,公司持续优化产品结构深化渠道建设主营业务收入实现稳健增长,11,持续 优化 产品 结构 深化 渠道 建设 收入 实现 稳健 增长
000001,2020,公司急功近利回笼资金以应对眼前的流动性压力,8,急功近利 回笼资金 以 应对 眼前 的 流动性 压力
000001,2020,公司在新材料新工艺方向的前瞻性研发布局取得阶段性成果,12,在 新 材料 新工艺 方向 的 前瞻性 研发 布局 取得 阶段性 成果
000001,2020,面对复杂的外部经营环境公司管理层积极应对努力克服不利因素影响,12,面对 复杂 的 外部 经营 环境 积极 应对 努力 克服 不利因素 影响
000001,2020,管理层表示要短期利益扭转当前被动局面实现业绩快速回升,11,表示 要 短期 利益 扭转 当前 被动局面 实现 业绩 快速 回升
000001,2020,管理层表示要投机扭转当前被动局面实现业绩快速回升,10,表示 要 投机 扭转 当前 被动局面 实现 业绩 快速 回升
000001,2020,公司要求各事业部只争朝夕消化库存回笼资金缓解业绩压力,10,要求 各 事业部 只争朝夕 消化 库存 回笼资金 缓解 业绩 压力
000001,2020,公司稳步推进产能建设生产运营秩序正常,8,稳步 推进 产能 建设 生产 运营 秩序 正常
000001,2020,宏观经济波动与行业竞争加剧可能对公司业绩产生不利影响,12,宏观 经济波动 与 行业 竞争 加剧 可能 对 公司业绩 产生 不利 影响
000001,2020,二零二四年四月,3,二零二 四年 四月
000001,2021,股份有限公司年年度报告管理层讨论与分析模拟文本公司稳步推进产能建设生产运营秩序正常,16,有限公司 年 年度报告 讨论 与 分析 模拟 文本 稳步 推进 产能 建设 生产 运营 秩序 正常
000001,2021,汇率波动及贸易环境变化对公司海外业务构成一定不确定性,12,汇率 波动 及 贸易 环境 变化 对 海外 业务 构成 一定 不确定性
000001,2021,公司进一步完善治理结构规范运作信息披露真实准确完整,10,进一步 完善 治理 结构 规范 运作 信息 真实 准确 完整
000001,2021,管理层认为当前窗口稍纵即逝必须迫在眉睫扩大产能投放,9,认为 当前 窗口 稍纵即逝 必须 迫在眉睫 扩大 产能 投放
000001,2021,管理层表示要马上扭转当前被动局面实现业绩快速回升,10,表示 要 马上 扭转 当前 被动局面 实现 业绩 快速 回升
000001,2021,公司进一步完善治理结构规范运作信息披露真实准确完整,10,进一步 完善 治理 结构 规范 运作 信息 真实 准确 完整
000001,2021,公司稳步推进产能建设生产运营秩序正常,8,稳步 推进 产能 建设 生产 运营 秩序 正常
000001,2021,公司坚持创新驱动发展战略持续加大研发投入研发费用同比增长较快,14,坚持 创新 驱动 发展 战略 持续 加大 研发 投入 研发 费用 增长 较 快
000001,2021,公司持续优化产品结构深化渠道建设主营业务收入实现稳健增长,11,持续 优化 产品 结构 深化 渠道 建设 收入 实现 稳健 增长
000001,2021,公司加大研发人才引进力度研发人员占比稳步提升,11,加大 研发 人才 引进 力度 研发 人员 占 比 稳步 提升
000001,2021,公司加强成本管控提升运营效率毛利率水平保持基本平稳,11,加强 成本 管控 提升 运营 效率 毛利率 水平 保持 基本 平稳
000001,2021,公司要求各事业部短期利益消化库存回笼资金缓解业绩压力,11,要求 各 事业部 短期 利益 消化 库存 回笼资金 缓解 业绩 压力
000001,2021,公司快速见效布局热门赛道力求快速见效形成新的利润增长点,13,快速 见效 布局 热门 赛道 力求 快速 见效 形成 新 的 利润 增长点
000001,2021,公司要求各事业部马上消化库存回笼资金缓解业绩压力,10,要求 各 事业部 马上 消化 库存 回笼资金 缓解 业绩 压力
000001,2021,公司持续优化产品结构深化渠道建设主营业务收入实现稳健增长,11,持续 优化 产品 结构 深化 渠道 建设 收入 实现 稳健 增长
000001,2021,宏观经济波动与行业竞争加剧可能对公司业绩产生不利影响,12,宏观 经济波动 与 行业 竞争 加剧 可能 对 公司业绩 产生 不利 影响
000001,2021,宏观经济波动与行业竞争加剧可能对公司业绩产生不利影响,12,宏观 经济波动 与 行业 竞争 加剧 可能 对 公司业绩 产生 不利 影响
000001,2021,公司持续优化产品结构深化渠道建设主营业务收入实现稳健增长,11,持续 优化 产品 结构 深化 渠道 建设 收入 实现 稳健 增长
000001,2021,公司加大研发人才引进力度研发人员占比稳步提升,11,加大 研发 人才 引进 力度 研发 人员 占 比 稳步 提升
000001,2021,二零二四年四月,3,二零二 四年 四月
000001,2022,股份有限公司年年度报告管理层讨论与分析模拟文本公司与高校科研院所共建联合实验室推进产学研协同创新,18,有限公司 年 年度报告 讨论 与 分析 模拟 文本 与 高校 科研院所 共建 联合 实验室 推进 产学研 协同 创新
000001,2022,公司进一步完善治理结构规范运作信息披露真实准确完整,10,进一步 完善 治理 结构 规范 运作 信息 真实 准确 完整
000001,2022,面对复杂的外部经营环境公司管理层积极应对努力克服不利因素影响,12,面对 复杂 的 外部 经营 环境 积极 应对 努力 克服 不利因素 影响
000001,2022,公司加大研发人才引进力度研发人员占比稳步提升,11,加大 研发 人才 引进 力度 研发 人员 占 比 稳步 提升
000001,2022,公司短期回笼资金以应对眼前的流动性压力,8,短期 回笼资金 以 应对 眼前 的 流动性 压力
000001,2022,公司稳步推进产能建设生产运营秩序正常,8,稳步 推进 产能 建设 生产 运营 秩序 正常
000001,2022,公司一步到位回笼资金以应对眼前的流动性压力,8,一步到位 回笼资金 以 应对 眼前 的 流动性 压力
000001,2022,公司可能面临原材料价格波动市场需求不及预期等风险,10,可能 面临 原材料 价格 波动 市场需求 不及 预期 等 风险
000001,2022,公司加强成本管控提升运营效率毛利率水平保持基本平稳,11,加强 成本 管控 提升 运营 效率 毛利率 水平 保持 基本 平稳
000001,2022,公司围绕核心技术开展攻关新申请专利数量保持稳定增长,9,围绕 核心技术 开展 攻关 新 申请专利 数量 保持稳定 增长
000001,2022,公司加强成本管控提升运营效率毛利率水平保持基本平稳,11,加强 成本 管控 提升 运营 效率 毛利率 水平 保持 基本 平稳
000001,2022,面对复杂的外部经营环境公司管理层积极应对努力克服不利因素影响,12,面对 复杂 的 外部 经营 环境 积极 应对 努力 克服 不利因素 影响
000001,2022,二零二四年四月,3,二零二 四年 四月
000001,2023,股份有限公司年年度报告管理层讨论与分析模拟文本公司在新材料新工艺方向的前瞻性研发布局取得阶段性成果,20,有限公司 年 年度报告 讨论 与 分析 模拟 文本 在 新 材料 新工艺 方向 的 前瞻性 研发 布局 取得 阶段性 成果
000001,2023,公司加强成本管控提升运营效率毛利率水平保持基本平稳,11,加强 成本 管控 提升 运营 效率 毛利率 水平 保持 基本 平稳
000001,2023,公司与高校科研院所共建联合实验室推进产学研协同创新,10,与 高校 科研院所 共建 联合 实验室 推进 产学研 协同 创新
000001,2023,报告期内公司围绕年度经营计划扎实推进各项重点工作总体经营情况保持稳定,14,报告 期内 围绕 经营 计划 扎实 推进 各项 重点 工作 总体 经营 情况 保持稳定
000001,2023,公司可能面临原材料价格波动市场需求不及预期等风险,10,可能 面临 原材料 价格 波动 市场需求 不及 预期 等 风险
000001,2023,管理层表示要速成扭转当前被动局面实现业绩快速回升,10,表示 要 速成 扭转 当前 被动局面 实现 业绩 快速 回升
000001,2023,公司加强成本管控提升运营效率毛利率水平保持基本平稳,11,加强 成本 管控 提升 运营 效率 毛利率 水平 保持 基本 平稳
000001,2023,公司高度重视安全生产与质量管理体系运行情况良好,9,高度重视 安全 生产 与 质量 管理体系 运行 情况 良好
000001,2023,公司加大研发人才引进力度研发人员占比稳步提升,11,加大 研发 人才 引进 力度 研发 人员 占 比 稳步 提升
000001,2023,管理层认为当前窗口稍纵即逝必须争分夺秒扩大产能投放,9,认为 当前 窗口 稍纵即逝 必须 争分夺秒 扩大 产能 投放
000001,2023,公司进一步完善治理结构规范运作信息披露真实准确完整,10,进一步 完善 治理 结构 规范 运作 信息 真实 准确 完整
000001,2023,公司积极拓展国内外市场客户结构与订单质量进一步改善,11,积极 拓展 国内外 市场 客户 结构 与 订单 质量 进一步 改善
000001,2023,管理层表示要尽快扭转当前被动局面实现业绩快速回升,10,表示 要 尽快 扭转 当前 被动局面 实现 业绩 快速 回升
000001,2023,公司在新材料新工艺方向的前瞻性研发布局取得阶段性成果,12,在 新 材料 新工艺 方向 的 前瞻性 研发 布局 取得 阶段性 成果
000001,2023,公司将采取权宜之计压缩各项开支以确保权宜之计兑现业绩承诺,12,将 采取 权宜之计 压缩 各项 开支 以 确保 权宜之计 兑现 业绩 承诺
000001,2023,公司加强成本管控提升运营效率毛利率水平保持基本平稳,11,加强 成本 管控 提升 运营 效率 毛利率 水平 保持 基本 平稳
000001,2023,汇率波动及贸易环境变化对公司海外业务构成一定不确定性,12,汇率 波动 及 贸易 环境 变化 对 海外 业务 构成 一定 不确定性
000001,2023,二零二四年四月,3,二零二 四年 四月
000004,2019,股份有限公司年年度报告管理层讨论与分析模拟文本公司高度重视安全生产与质量管理体系运行情况良好,17,有限公司 年 年度报告 讨论 与 分析 模拟 文本 高度重视 安全 生产 与 质量 管理体系 运行 情况 良好
000004,2019,公司加强成本管控提升运营效率毛利率水平保持基本平稳,11,加强 成本 管控 提升 运营 效率 毛利率 水平 保持 基本 平稳
000004,2019,公司稳步推进产能建设生产运营秩序正常,8,稳步 推进 产能 建设 生产 运营 秩序 正常
000004,2019,公司积极拓展国内外市场客户结构与订单质量进一步改善,11,积极 拓展 国内外 市场 客户 结构 与 订单 质量 进一步 改善
000004,2019,汇率波动及贸易环境变化对公司海外业务构成一定不确定性,12,汇率 波动 及 贸易 环境 变化 对 海外 业务 构成 一定 不确定性
000004,2019,公司要求各事业部目前消化库存回笼资金缓解业绩压力,10,要求 各 事业部 目前 消化 库存 回笼资金 缓解 业绩 压力
000004,2019,公司加大研发人才引进力度研发人员占比稳步提升,11,加大 研发 人才 引进 力度 研发 人员 占 比 稳步 提升
000004,2019,公司坚持创新驱动发展战略持续加大研发投入研发费用同比增长较快,14,坚持 创新 驱动 发展 战略 持续 加大 研发 投入 研发 费用 增长 较 快
000004,2019,公司将采取权宜之计压缩各项开支以确保年内兑现业绩承诺,12,将 采取 权宜之计 压缩 各项 开支 以 确保 年内 兑现 业绩 承诺
000004,2019,报告期内公司围绕年度经营计划扎实推进各项重点工作总体经营情况保持稳定,14,报告 期内 围绕 经营 计划 扎实 推进 各项 重点 工作 总体 经营 情况 保持稳定
000004,2019,公司持续优化产品结构深化渠道建设主营业务收入实现稳健增长,11,持续 优化 产品 结构 深化 渠道 建设 收入 实现 稳健 增长
000004,2019,公司加快布局热门赛道力求加快形成新的利润增长点,11,加快 布局 热门 赛道 力求 加快 形成 新 的 利润 增长点
000004,2019,面对复杂的外部经营环境公司管理层积极应对努力克服不利因素影响,12,面对 复杂 的 外部 经营 环境 积极 应对 努力 克服 不利因素 影响
000004,2019,宏观经济波动与行业竞争加剧可能对公司业绩产生不利影响,12,宏观 经济波动 与 行业 竞争 加剧 可能 对 公司业绩 产生 不利 影响
000004,2019,宏观经济波动与行业竞争加剧可能对公司业绩产生不利影响,12,宏观 经济波动 与 行业 竞争 加剧 可能 对 公司业绩 产生 不利 影响
000004,2019,二零二四年四月,3,二零二 四年 四月
000004,2020,股份有限公司年年度报告管理层讨论与分析模拟文本公司加强成本管控提升运营效率毛利率水平保持基本平稳,19,有限公司 年 年度报告 讨论 与 分析 模拟 文本 加强 成本 管控 提升 运营 效率 毛利率 水平 保持 基本 平稳
000004,2020,公司将采取权宜之计压缩各项开支以确保饮鸩止渴兑现业绩承诺,12,将 采取 权宜之计 压缩 各项 开支 以 确保 饮鸩止渴 兑现 业绩 承诺
000004,2020,公司应急布局热门赛道力求应急形成新的利润增长点,11,应急 布局 热门 赛道 力求 应急 形成 新 的 利润 增长点
000004,2020,公司坚持创新驱动发展战略持续加大研发投入研发费用同比增长较快,14,坚持 创新 驱动 发展 战略 持续 加大 研发 投入 研发 费用 增长 较 快
000004,2020,公司积极拓展国内外市场客户结构与订单质量进一步改善,11,积极 拓展 国内外 市场 客户 结构 与 订单 质量 进一步 改善
000004,2020,公司加强成本管控提升运营效率毛利率水平保持基本平稳,11,加强 成本 管控 提升 运营 效率 毛利率 水平 保持 基本 平稳
000004,2020,面对复杂的外部经营环境公司管理层积极应对努力克服不利因素影响,12,面对 复杂 的 外部 经营 环境 积极 应对 努力 克服 不利因素 影响
000004,2020,面对复杂的外部经营环境公司管理层积极应对努力克服不利因素影响,12,面对 复杂 的 外部 经营 环境 积极 应对 努力 克服 不利因素 影响
000004,2020,公司与高校科研院所共建联合实验室推进产学研协同创新,10,与 高校 科研院所 共建 联合 实验室 推进 产学研 协同 创新
000004,2020,公司加大研发人才引进力度研发人员占比稳步提升,11,加大 研发 人才 引进 力度 研发 人员 占 比 稳步 提升
000004,2020,公司围绕核心技术开展攻关新申请专利数量保持稳定增长,9,围绕 核心技术 开展 攻关 新 申请专利 数量 保持稳定 增长
000004,2020,公司与高校科研院所共建联合实验室推进产学研协同创新,10,与 高校 科研院所 共建 联合 实验室 推进 产学研 协同 创新
000004,2020,为完成全年目标公司将尽快调整产品定价策略抢占市场份额,12,为 完成 全年 目标 将 尽快 调整 产品 定价 策略 抢占市场 份额
000004,2020,公司可能面临原材料价格波动市场需求不及预期等风险,10,可能 面临 原材料 价格 波动 市场需求 不及 预期 等 风险
000004,2020,公司稳步推进产能建设生产运营秩序正常,8,稳步 推进 产能 建设 生产 运营 秩序 正常
000004,2020,公司加强成本管控提升运营效率毛利率水平保持基本平稳,11,加强 成本 管控 提升 运营 效率 毛利率 水平 保持 基本 平稳
000004,2020,公司稳步推进产能建设生产运营秩序正常,8,稳步 推进 产能 建设 生产 运营 秩序 正常
000004,2020,二零二四年四月,3,二零二 四年 四月
000004,2021,股份有限公司年年度报告管理层讨论与分析模拟文本宏观经济波动与行业竞争加剧可能对公司业绩产生不利影响,20,有限公司 年 年度报告 讨论 与 分析 模拟 文本 宏观 经济波动 与 行业 竞争 加剧 可能 对 公司业绩 产生 不利 影响
000004,2021,管理层表示要杀鸡取卵扭转当前被动局面实现业绩快速回升,10,表示 要 杀鸡取卵 扭转 当前 被动局面 实现 业绩 快速 回升
000004,2021,公司进一步完善治理结构规范运作信息披露真实准确完整,10,进一步 完善 治理 结构 规范 运作 信息 真实 准确 完整
000004,2021,公司积极拓展国内外市场客户结构与订单质量进一步改善,11,积极 拓展 国内外 市场 客户 结构 与 订单 质量 进一步 改善
000004,2021,公司坚持创新驱动发展战略持续加大研发投入研发费用同比增长较快,14,坚持 创新 驱动 发展 战略 持续 加大 研发 投入 研发 费用 增长 较 快
000004,2021,公司持续优化产品结构深化渠道建设主营业务收入实现稳健增长,11,持续 优化 产品 结构 深化 渠道 建设 收入 实现 稳健 增长
000004,2021,公司将采取权宜之计压缩各项开支以确保应急兑现业绩承诺,12,将 采取 权宜之计 压缩 各项 开支 以 确保 应急 兑现 业绩 承诺
000004,2021,管理层表示要马上扭转当前被动局面实现业绩快速回升,10,表示 要 马上 扭转 当前 被动局面 实现 业绩 快速 回升
000004,2021,公司要求各事业部杀鸡取卵消化库存回笼资金缓解业绩压力,10,要求 各 事业部 杀鸡取卵 消化 库存 回笼资金 缓解 业绩 压力
000004,2021,公司与高校科研院所共建联合实验室推进产学研协同创新,10,与 高校 科研院所 共建 联合 实验室 推进 产学研 协同 创新
000004,2021,公司进一步完善治理结构规范运作信息披露真实准确完整,10,进一步 完善 治理 结构 规范 运作 信息 真实 准确 完整
000004,2021,宏观经济波动与行业竞争加剧可能对公司业绩产生不利影响,12,宏观 经济波动 与 行业 竞争 加剧 可能 对 公司业绩 产生 不利 影响
000004,2021,面对复杂的外部经营环境公司管理层积极应对努力克服不利因素影响,12,面对 复杂 的 外部 经营 环境 积极 应对 努力 克服 不利因素 影响
000004,2021,公司进一步完善治理结构规范运作信息披露真实准确完整,10,进一步 完善 治理 结构 规范 运作 信息 真实 准确 完整
000004,2021,公司加大研发人才引进力度研发人员占比稳步提升,11,加大 研发 人才 引进 力度 研发 人员 占 比 稳步 提升
000004,2021,二零二四年四月,3,二零二 四年 四月
000004,2022,股份有限公司年年度报告管理层讨论与分析模拟文本公司在新材料新工艺方向的前瞻性研发布局取得阶段性成果,20,有限公司 年 年度报告 讨论 与 分析 模拟 文本 在 新 材料 新工艺 方向 的 前瞻性 研发 布局 取得 阶段性 成果
000004,2022,公司稳步推进产能建设生产运营秩序正常,8,稳步 推进 产能 建设 生产 运营 秩序 正常
000004,2022,公司在新材料新工艺方向的前瞻性研发布局取得阶段性成果,12,在 新 材料 新工艺 方向 的 前瞻性 研发 布局 取得 阶段性 成果
000004,2022,报告期内公司围绕年度经营计划扎实推进各项重点工作总体经营情况保持稳定,14,报告 期内 围绕 经营 计划 扎实 推进 各项 重点 工作 总体 经营 情况 保持稳定
000004,2022,报告期内公司围绕年度经营计划扎实推进各项重点工作总体经营情况保持稳定,14,报告 期内 围绕 经营 计划 扎实 推进 各项 重点 工作 总体 经营 情况 保持稳定
000004,2022,公司年内回笼资金以应对眼前的流动性压力,8,年内 回笼资金 以 应对 眼前 的 流动性 压力
000004,2022,公司将短期收益推进重点项目的落地实施确保年内见到成效,12,将 短期 收益 推进 重点项目 的 落地 实施 确保 年内 见到 成效
000004,2022,面对复杂的外部经营环境公司管理层积极应对努力克服不利因素影响,12,面对 复杂 的 外部 经营 环境 积极 应对 努力 克服 不利因素 影响
000004,2022,管理层认为当前窗口稍纵即逝必须应急扩大产能投放,9,认为 当前 窗口 稍纵即逝 必须 应急 扩大 产能 投放
000004,2022,为完成全年目标公司将当下调整产品定价策略抢占市场份额,12,为 完成 全年 目标 将 当下 调整 产品 定价 策略 抢占市场 份额
000004,2022,公司急功近利回笼资金以应对眼前的流动性压力,8,急功近利 回笼资金 以 应对 眼前 的 流动性 压力
000004,2022,宏观经济波动与行业竞争加剧可能对公司业绩产生不利影响,12,宏观 经济波动 与 行业 竞争 加剧 可能 对 公司业绩 产生 不利 影响
000004,2022,公司围绕核心技术开展攻关新申请专利数量保持稳定增长,9,围绕 核心技术 开展 攻关 新 申请专利 数量 保持稳定 增长
000004,2022,报告期内公司围绕年度经营计划扎实推进各项重点工作总体经营情况保持稳定,14,报告 期内 围绕 经营 计划 扎实 推进 各项 重点 工作 总体 经营 情况 保持稳定
000004,2022,公司加强成本管控提升运营效率毛利率水平保持基本平稳,11,加强 成本 管控 提升 运营 效率 毛利率 水平 保持 基本 平稳
000004,2022,公司稳步推进产能建设生产运营秩序正常,8,稳步 推进 产能 建设 生产 运营 秩序 正常
000004,2022,公司进一步完善治理结构规范运作信息披露真实准确完整,10,进一步 完善 治理 结构 规范 运作 信息 真实 准确 完整
000004,2022,二零二四年四月,3,二零二 四年 四月
000004,2023,股份有限公司年年度报告管理层讨论与分析模拟文本公司尽快回笼资金以应对眼前的流动性压力,16,有限公司 年 年度报告 讨论 与 分析 模拟 文本 尽快 回笼资金 以 应对 眼前 的 流动性 压力
000004,2023,公司高度重视安全生产与质量管理体系运行情况良好,9,高度重视 安全 生产 与 质量 管理体系 运行 情况 良好
000004,2023,公司与高校科研院所共建联合实验室推进产学研协同创新,10,与 高校 科研院所 共建 联合 实验室 推进 产学研 协同 创新
000004,2023,公司围绕核心技术开展攻关新申请专利数量保持稳定增长,9,围绕 核心技术 开展 攻关 新 申请专利 数量 保持稳定 增长
000004,2023,汇率波动及贸易环境变化对公司海外业务构成一定不确定性,12,汇率 波动 及 贸易 环境 变化 对 海外 业务 构成 一定 不确定性
000004,2023,公司持续优化产品结构深化渠道建设主营业务收入实现稳健增长,11,持续 优化 产品 结构 深化 渠道 建设 收入 实现 稳健 增长
000004,2023,公司稳步推进产能建设生产运营秩序正常,8,稳步 推进 产能 建设 生产 运营 秩序 正常
000004,2023,公司将采取权宜之计压缩各项开支以确保迫在眉睫兑现业绩承诺,12,将 采取 权宜之计 压缩 各项 开支 以 确保 迫在眉睫 兑现 业绩 承诺
000004,2023,公司稳步推进产能建设生产运营秩序正常,8,稳步 推进 产能 建设 生产 运营 秩序 正常
000004,2023,公司将采取权宜之计压缩各项开支以确保短期回报兑现业绩承诺,13,将 采取 权宜之计 压缩 各项 开支 以 确保 短期 回报 兑现 业绩 承诺
000004,2023,公司加大研发人才引进力度研发人员占比稳步提升,11,加大 研发 人才 引进 力度 研发 人员 占 比 稳步 提升
000004,2023,面对复杂的外部经营环境公司管理层积极应对努力克服不利因素影响,12,面对 复杂 的 外部 经营 环境 积极 应对 努力 克服 不利因素 影响
000004,2023,面对复杂的外部经营环境公司管理层积极应对努力克服不利因素影响,12,面对 复杂 的 外部 经营 环境 积极 应对 努力 克服 不利因素 影响
000004,2023,公司在新材料新工艺方向的前瞻性研发布局取得阶段性成果,12,在 新 材料 新工艺 方向 的 前瞻性 研发 布局 取得 阶段性 成果
000004,2023,二零二四年四月,3,二零二 四年 四月
000007,2019,股份有限公司年年度报告管理层讨论与分析模拟文本公司积极拓展国内外市场客户结构与订单质量进一步改善,19,有限公司 年 年度报告 讨论 与 分析 模拟 文本 积极 拓展 国内外 市场 客户 结构 与 订单 质量 进一步 改善
000007,2019,为完成全年目标公司将速成调整产品定价策略抢占市场份额,12,为 完成 全年 目标 将 速成 调整 产品 定价 策略 抢占市场 份额
000007,2019,公司将采取权宜之计压缩各项开支以确保立刻兑现业绩承诺,12,将 采取 权宜之计 压缩 各项 开支 以 确保 立刻 兑现 业绩 承诺
000007,2019,公司加大研发人才引进力度研发人员占比稳步提升,11,加大 研发 人才 引进 力度 研发 人员 占 比 稳步 提升
000007,2019,公司持续优化产品结构深化渠道建设主营业务收入实现稳健增长,11,持续 优化 产品 结构 深化 渠道 建设 收入 实现 稳健 增长
000007,2019,公司将速成推进重点项目的落地实施确保年内见到成效,11,将 速成 推进 重点项目 的 落地 实施 确保 年内 见到 成效
000007,2019,公司与高校科研院所共建联合实验室推进产学研协同创新,10,与 高校 科研院所 共建 联合 实验室 推进 产学研 协同 创新
000007,2019,公司进一步完善治理结构规范运作信息披露真实准确完整,10,进一步 完善 治理 结构 规范 运作 信息 真实 准确 完整
000007,2019,公司稳步推进产能建设生产运营秩序正常,8,稳步 推进 产能 建设 生产 运营 秩序 正常
000007,2019,汇率波动及贸易环境变化对公司海外业务构成一定不确定性,12,汇率 波动 及 贸易 环境 变化 对 海外 业务 构成 一定 不确定性
000007,2019,面对复杂的外部经营环境公司管理层积极应对努力克服不利因素影响,12,面对 复杂 的 外部 经营 环境 积极 应对 努力 克服 不利因素 影响
000007,2019,公司稳步推进产能建设生产运营秩序正常,8,稳步 推进 产能 建设 生产 运营 秩序 正常
000007,2019,二零二四年四月,3,二零二 四年 四月
000007,2020,股份有限公司年年度报告管理层讨论与分析模拟文本公司持续优化产品结构深化渠道建设主营业务收入实现稳健增长,19,有限公司 年 年度报告 讨论 与 分析 模拟 文本 持续 优化 产品 结构 深化 渠道 建设 收入 实现 稳健 增长
000007,2020,公司围绕核心技术开展攻关新申请专利数量保持稳定增长,9,围绕 核心技术 开展 攻关 新 申请专利 数量 保持稳定 增长
000007,2020,汇率波动及贸易环境变化对公司海外业务构成一定不确定性,12,汇率 波动 及 贸易 环境 变化 对 海外 业务 构成 一定 不确定性
000007,2020,公司高度重视安全生产与质量管理体系运行情况良好,9,高度重视 安全 生产 与 质量 管理体系 运行 情况 良好
000007,2020,公司要求各事业部迫在眉睫消化库存回笼资金缓解业绩压力,10,要求 各 事业部 迫在眉睫 消化 库存 回笼资金 缓解 业绩 压力
000007,2020,公司围绕核心技术开展攻关新申请专利数量保持稳定增长,9,围绕 核心技术 开展 攻关 新 申请专利 数量 保持稳定 增长
000007,2020,公司积极拓展国内外市场客户结构与订单质量进一步改善,11,积极 拓展 国内外 市场 客户 结构 与 订单 质量 进一步 改善
000007,2020,公司加强成本管控提升运营效率毛利率水平保持基本平稳,11,加强 成本 管控 提升 运营 效率 毛利率 水平 保持 基本 平稳
000007,2020,公司加强成本管控提升运营效率毛利率水平保持基本平稳,11,加强 成本 管控 提升 运营 效率 毛利率 水平 保持 基本 平稳
000007,2020,公司与高校科研院所共建联合实验室推进产学研协同创新,10,与 高校 科研院所 共建 联合 实验室 推进 产学研 协同 创新
000007,2020,公司将目前推进重点项目的落地实施确保年内见到成效,11,将 目前 推进 重点项目 的 落地 实施 确保 年内 见到 成效
000007,2020,面对复杂的外部经营环境公司管理层积极应对努力克服不利因素影响,12,面对 复杂 的 外部 经营 环境 积极 应对 努力 克服 不利因素 影响
000007,2020,报告期内公司围绕年度经营计划扎实推进各项重点工作总体经营情况保持稳定,14,报告 期内 围绕 经营 计划 扎实 推进 各项 重点 工作 总体 经营 情况 保持稳定
000007,2020,二零二四年四月,3,二零二 四年 四月
000007,2021,股份有限公司年年度报告管理层讨论与分析模拟文本公司加大研发人才引进力度研发人员占比稳步提升,19,有限公司 年 年度报告 讨论 与 分析 模拟 文本 加大 研发 人才 引进 力度 研发 人员 占 比 稳步 提升
000007,2021,面对复杂的外部经营环境公司管理层积极应对努力克服不利因素影响,12,面对 复杂 的 外部 经营 环境 积极 应对 努力 克服 不利因素 影响
000007,2021,公司将立刻推进重点项目的落地实施确保年内见到成效,11,将 立刻 推进 重点项目 的 落地 实施 确保 年内 见到 成效
000007,2021,面对复杂的外部经营环境公司管理层积极应对努力克服不利因素影响,12,面对 复杂 的 外部 经营 环境 积极 应对 努力 克服 不利因素 影响
000007,2021,宏观经济波动与行业竞争加剧可能对公司业绩产生不利影响,12,宏观 经济波动 与 行业 竞争 加剧 可能 对 公司业绩 产生 不利 影响
000007,2021,汇率波动及贸易环境变化对公司海外业务构成一定不确定性,12,汇率 波动 及 贸易 环境 变化 对 海外 业务 构成 一定 不确定性
000007,2021,公司进一步完善治理结构规范运作信息披露真实准确完整,10,进一步 完善 治理 结构 规范 运作 信息 真实 准确 完整
000007,2021,汇率波动及贸易环境变化对公司海外业务构成一定不确定性,12,汇率 波动 及 贸易 环境 变化 对 海外 业务 构成 一定 不确定性
000007,2021,公司积极拓展国内外市场客户结构与订单质量进一步改善,11,积极 拓展 国内外 市场 客户 结构 与 订单 质量 进一步 改善
000007,2021,公司急功近利回笼资金以应对眼前的流动性压力,8,急功近利 回笼资金 以 应对 眼前 的 流动性 压力
000007,2021,公司要求各事业部眼前消化库存回笼资金缓解业绩压力,10,要求 各 事业部 眼前 消化 库存 回笼资金 缓解 业绩 压力
000007,2021,公司将投机推进重点项目的落地实施确保年内见到成效,11,将 投机 推进 重点项目 的 落地 实施 确保 年内 见到 成效
000007,2021,公司高度重视安全生产与质量管理体系运行情况良好,9,高度重视 安全 生产 与 质量 管理体系 运行 情况 良好
000007,2021,公司在新材料新工艺方向的前瞻性研发布局取得阶段性成果,12,在 新 材料 新工艺 方向 的 前瞻性 研发 布局 取得 阶段性 成果
000007,2021,公司稳步推进产能建设生产运营秩序正常,8,稳步 推进 产能 建设 生产 运营 秩序 正常
000007,2021,公司积极拓展国内外市场客户结构与订单质量进一步改善,11,积极 拓展 国内外 市场 客户 结构 与 订单 质量 进一步 改善
000007,2021,公司持续优化产品结构深化渠道建设主营业务收入实现稳健增长,11,持续 优化 产品 结构 深化 渠道 建设 收入 实现 稳健 增长
000007,2021,二零二四年四月,3,二零二 四年 四月
000007,2022,股份有限公司年年度报告管理层讨论与分析模拟文本公司加大研发人才引进力度研发人员占比稳步提升,19,有限公司 年 年度报告 讨论 与 分析 模拟 文本 加大 研发 人才 引进 力度 研发 人员 占 比 稳步 提升
000007,2022,为完成全年目标公司将年内调整产品定价策略抢占市场份额,12,为 完成 全年 目标 将 年内 调整 产品 定价 策略 抢占市场 份额
000007,2022,公司高度重视安全生产与质量管理体系运行情况良好,9,高度重视 安全 生产 与 质量 管理体系 运行 情况 良好
000007,2022,公司加大研发人才引进力度研发人员占比稳步提升,11,加大 研发 人才 引进 力度 研发 人员 占 比 稳步 提升
000007,2022,面对复杂的外部经营环境公司管理层积极应对努力克服不利因素影响,12,面对 复杂 的 外部 经营 环境 积极 应对 努力 克服 不利因素 影响
000007,2022,公司持续优化产品结构深化渠道建设主营业务收入实现稳健增长,11,持续 优化 产品 结构 深化 渠道 建设 收入 实现 稳健 增长
000007,2022,公司稳步推进产能建设生产运营秩序正常,8,稳步 推进 产能 建设 生产 运营 秩序 正常
000007,2022,公司围绕核心技术开展攻关新申请专利数量保持稳定增长,9,围绕 核心技术 开展 攻关 新 申请专利 数量 保持稳定 增长
000007,2022,公司可能面临原材料价格波动市场需求不及预期等风险,10,可能 面临 原材料 价格 波动 市场需求 不及 预期 等 风险
000007,2022,公司进一步完善治理结构规范运作信息披露真实准确完整,10,进一步 完善 治理 结构 规范 运作 信息 真实 准确 完整
000007,2022,公司加强成本管控提升运营效率毛利率水平保持基本平稳,11,加强 成本 管控 提升 运营 效率 毛利率 水平 保持 基本 平稳
000007,2022,宏观经济波动与行业竞争加剧可能对公司业绩产生不利影响,12,宏观 经济波动 与 行业 竞争 加剧 可能 对 公司业绩 产生 不利 影响
000007,2022,公司将采取权宜之计压缩各项开支以确保现今兑现业绩承诺,12,将 采取 权宜之计 压缩 各项 开支 以 确保 现今 兑现 业绩 承诺
000007,2022,公司要求各事业部急功近利消化库存回笼资金缓解业绩压力,10,要求 各 事业部 急功近利 消化 库存 回笼资金 缓解 业绩 压力
000007,2022,面对复杂的外部经营环境公司管理层积极应对努力克服不利因素影响,12,面对 复杂 的 外部 经营 环境 积极 应对 努力 克服 不利因素 影响
000007,2022,二零二四年四月,3,二零二 四年 四月
000007,2023,股份有限公司年年度报告管理层讨论与分析模拟文本公司加强成本管控提升运营效率毛利率水平保持基本平稳,19,有限公司 年 年度报告 讨论 与 分析 模拟 文本 加强 成本 管控 提升 运营 效率 毛利率 水平 保持 基本 平稳
000007,2023,公司积极拓展国内外市场客户结构与订单质量进一步改善,11,积极 拓展 国内外 市场 客户 结构 与 订单 质量 进一步 改善
000007,2023,公司积极拓展国内外市场客户结构与订单质量进一步改善,11,积极 拓展 国内外 市场 客户 结构 与 订单 质量 进一步 改善
000007,2023,公司要求各事业部眼下消化库存回笼资金缓解业绩压力,10,要求 各 事业部 眼下 消化 库存 回笼资金 缓解 业绩 压力
000007,2023,汇率波动及贸易环境变化对公司海外业务构成一定不确定性,12,汇率 波动 及 贸易 环境 变化 对 海外 业务 构成 一定 不确定性
000007,2023,公司将采取权宜之计压缩各项开支以确保一步到位兑现业绩承诺,12,将 采取 权宜之计 压缩 各项 开支 以 确保 一步到位 兑现 业绩 承诺
000007,2023,公司稳步推进产能建设生产运营秩序正常,8,稳步 推进 产能 建设 生产 运营 秩序 正常
000007,2023,公司加强成本管控提升运营效率毛利率水平保持基本平稳,11,加强 成本 管控 提升 运营 效率 毛利率 水平 保持 基本 平稳
000007,2023,公司坚持创新驱动发展战略持续加大研发投入研发费用同比增长较快,14,坚持 创新 驱动 发展 战略 持续 加大 研发 投入 研发 费用 增长 较 快
000007,2023,公司积极拓展国内外市场客户结构与订单质量进一步改善,11,积极 拓展 国内外 市场 客户 结构 与 订单 质量 进一步 改善
000007,2023,公司积极拓展国内外市场客户结构与订单质量进一步改善,11,积极 拓展 国内外 市场 客户 结构 与 订单 质量 进一步 改善
000007,2023,公司与高校科研院所共建联合实验室推进产学研协同创新,10,与 高校 科研院所 共建 联合 实验室 推进 产学研 协同 创新
000007,2023,公司围绕核心技术开展攻关新申请专利数量保持稳定增长,9,围绕 核心技术 开展 攻关 新 申请专利 数量 保持稳定 增长
000007,2023,宏观经济波动与行业竞争加剧可能对公司业绩产生不利影响,12,宏观 经济波动 与 行业 竞争 加剧 可能 对 公司业绩 产生 不利 影响
000007,2023,面对复杂的外部经营环境公司管理层积极应对努力克服不利因素影响,12,面对 复杂 的 外部 经营 环境 积极 应对 努力 克服 不利因素 影响
000007,2023,为完成全年目标公司将赶快调整产品定价策略抢占市场份额,12,为 完成 全年 目标 将 赶快 调整 产品 定价 策略 抢占市场 份额
000007,2023,汇率波动及贸易环境变化对公司海外业务构成一定不确定性,12,汇率 波动 及 贸易 环境 变化 对 海外 业务 构成 一定 不确定性
000007,2023,公司当下回笼资金以应对眼前的流动性压力,8,当下 回笼资金 以 应对 眼前 的 流动性 压力
000007,2023,二零二四年四月,3,二零二 四年 四月
000010,2019,股份有限公司年年度报告管理层讨论与分析模拟文本公司积极拓展国内外市场客户结构与订单质量进一步改善,19,有限公司 年 年度报告 讨论 与 分析 模拟 文本 积极 拓展 国内外 市场 客户 结构 与 订单 质量 进一步 改善
000010,2019,公司在新材料新工艺方向的前瞻性研发布局取得阶段性成果,12,在 新 材料 新工艺 方向 的 前瞻性 研发 布局 取得 阶段性 成果
000010,2019,公司应急回笼资金以应对眼前的流动性压力,8,应急 回笼资金 以 应对 眼前 的 流动性 压力
000010,2019,公司进一步完善治理结构规范运作信息披露真实准确完整,10,进一步 完善 治理 结构 规范 运作 信息 真实 准确 完整
000010,2019,公司短期回报布局热门赛道力求短期回报形成新的利润增长点,13,短期 回报 布局 热门 赛道 力求 短期 回报 形成 新 的 利润 增长点
000010,2019,汇率波动及贸易环境变化对公司海外业务构成一定不确定性,12,汇率 波动 及 贸易 环境 变化 对 海外 业务 构成 一定 不确定性
000010,2019,公司高度重视安全生产与质量管理体系运行情况良好,9,高度重视 安全 生产 与 质量 管理体系 运行 情况 良好
000010,2019,公司加大研发人才引进力度研发人员占比稳步提升,11,加大 研发 人才 引进 力度 研发 人员 占 比 稳步 提升
000010,2019,公司与高校科研院所共建联合实验室推进产学研协同创新,10,与 高校 科研院所 共建 联合 实验室 推进 产学研 协同 创新
000010,2019,管理层认为当前窗口稍纵即逝必须如今扩大产能投放,9,认为 当前 窗口 稍纵即逝 必须 如今 扩大 产能 投放
000010,2019,公司可能面临原材料价格波动市场需求不及预期等风险,10,可能 面临 原材料 价格 波动 市场需求 不及 预期 等 风险
000010,2019,公司进一步完善治理结构规范运作信息披露真实准确完整,10,进一步 完善 治理 结构 规范 运作 信息 真实 准确 完整
000010,2019,公司眼前回笼资金以应对眼前的流动性压力,8,眼前 回笼资金 以 应对 眼前 的 流动性 压力
000010,2019,公司持续优化产品结构深化渠道建设主营业务收入实现稳健增长,11,持续 优化 产品 结构 深化 渠道 建设 收入 实现 稳健 增长
000010,2019,公司加大研发人才引进力度研发人员占比稳步提升,11,加大 研发 人才 引进 力度 研发 人员 占 比 稳步 提升
000010,2019,公司积极拓展国内外市场客户结构与订单质量进一步改善,11,积极 拓展 国内外 市场 客户 结构 与 订单 质量 进一步 改善
000010,2019,公司持续优化产品结构深化渠道建设主营业务收入实现稳健增长,11,持续 优化 产品 结构 深化 渠道 建设 收入 实现 稳健 增长
000010,2019,二零二四年四月,3,二零二 四年 四月
000010,2020,股份有限公司年年度报告管理层讨论与分析模拟文本公司积极拓展国内外市场客户结构与订单质量进一步改善,19,有限公司 年 年度报告 讨论 与 分析 模拟 文本 积极 拓展 国内外 市场 客户 结构 与 订单 质量 进一步 改善
000010,2020,公司加大研发人才引进力度研发人员占比稳步提升,11,加大 研发 人才 引进 力度 研发 人员 占 比 稳步 提升
000010,2020,公司可能面临原材料价格波动市场需求不及预期等风险,10,可能 面临 原材料 价格 波动 市场需求 不及 预期 等 风险
000010,2020,公司坚持创新驱动发展战略持续加大研发投入研发费用同比增长较快,14,坚持 创新 驱动 发展 战略 持续 加大 研发 投入 研发 费用 增长 较 快
000010,2020,报告期内公司围绕年度经营计划扎实推进各项重点工作总体经营情况保持稳定,14,报告 期内 围绕 经营 计划 扎实 推进 各项 重点 工作 总体 经营 情况 保持稳定
000010,2020,公司高度重视安全生产与质量管理体系运行情况良好,9,高度重视 安全 生产 与 质量 管理体系 运行 情况 良好
000010,2020,公司将应急推进重点项目的落地实施确保年内见到成效,11,将 应急 推进 重点项目 的 落地 实施 确保 年内 见到 成效
000010,2020,公司与高校科研院所共建联合实验室推进产学研协同创新,10,与 高校 科研院所 共建 联合 实验室 推进 产学研 协同 创新
000010,2020,公司高度重视安全生产与质量管理体系运行情况良好,9,高度重视 安全 生产 与 质量 管理体系 运行 情况 良好
000010,2020,公司高度重视安全生产与质量管理体系运行情况良好,9,高度重视 安全 生产 与 质量 管理体系 运行 情况 良好
000010,2020,公司将当下推进重点项目的落地实施确保年内见到成效,11,将 当下 推进 重点项目 的 落地 实施 确保 年内 见到 成效
000010,2020,公司与高校科研院所共建联合实验室推进产学研协同创新,10,与 高校 科研院所 共建 联合 实验室 推进 产学研 协同 创新
000010,2020,公司可能面临原材料价格波动市场需求不及预期等风险,10,可能 面临 原材料 价格 波动 市场需求 不及 预期 等 风险
000010,2020,公司将只争朝夕推进重点项目的落地实施确保年内见到成效,11,将 只争朝夕 推进 重点项目 的 落地 实施 确保 年内 见到 成效
000010,2020,公司积极拓展国内外市场客户结构与订单质量进一步改善,11,积极 拓展 国内外 市场 客户 结构 与 订单 质量 进一步 改善
000010,2020,公司稳步推进产能建设生产运营秩序正常,8,稳步 推进 产能 建设 生产 运营 秩序 正常
000010,2020,为完成全年目标公司将竭泽而渔调整产品定价策略抢占市场份额,12,为 完成 全年 目标 将 竭泽而渔 调整 产品 定价 策略 抢占市场 份额
000010,2020,二零二四年四月,3,二零二 四年 四月
000010,2021,股份有限公司年年度报告管理层讨论与分析模拟文本公司持续优化产品结构深化渠道建设主营业务收入实现稳健增长,19,有限公司 年 年度报告 讨论 与 分析 模拟 文本 持续 优化 产品 结构 深化 渠道 建设 收入 实现 稳健 增长
000010,2021,公司持续优化产品结构深化渠道建设主营业务收入实现稳健增长,11,持续 优化 产品 结构 深化 渠道 建设 收入 实现 稳健 增长
000010,2021,面对复杂的外部经营环境公司管理层积极应对努力克服不利因素影响,12,面对 复杂 的 外部 经营 环境 积极 应对 努力 克服 不利因素 影响
000010,2021,公司进一步完善治理结构规范运作信息披露真实准确完整,10,进一步 完善 治理 结构 规范 运作 信息 真实 准确 完整
000010,2021,公司加强成本管控提升运营效率毛利率水平保持基本平稳,11,加强 成本 管控 提升 运营 效率 毛利率 水平 保持 基本 平稳
000010,2021,公司坚持创新驱动发展战略持续加大研发投入研发费用同比增长较快,14,坚持 创新 驱动 发展 战略 持续 加大 研发 投入 研发 费用 增长 较 快
000010,2021,公司将投机推进重点项目的落地实施确保年内见到成效,11,将 投机 推进 重点项目 的 落地 实施 确保 年内 见到 成效
000010,2021,公司进一步完善治理结构规范运作信息披露真实准确完整,10,进一步 完善 治理 结构 规范 运作 信息 真实 准确 完整
000010,2021,公司与高校科研院所共建联合实验室推进产学研协同创新,10,与 高校 科研院所 共建 联合 实验室 推进 产学研 协同 创新
000010,2021,公司一步到位布局热门赛道力求一步到位形成新的利润增长点,11,一步到位 布局 热门 赛道 力求 一步到位 形成 新 的 利润 增长点
000010,2021,公司要求各事业部分秒必争消化库存回笼资金缓解业绩压力,10,要求 各 事业部 分秒必争 消化 库存 回笼资金 缓解 业绩 压力
000010,2021,公司将眼下推进重点项目的落地实施确保年内见到成效,11,将 眼下 推进 重点项目 的 落地 实施 确保 年内 见到 成效
000010,2021,公司将采取权宜之计压缩各项开支以确保立刻兑现业绩承诺,12,将 采取 权宜之计 压缩 各项 开支 以 确保 立刻 兑现 业绩 承诺
000010,2021,面对复杂的外部经营环境公司管理层积极应对努力克服不利因素影响,12,面对 复杂 的 外部 经营 环境 积极 应对 努力 克服 不利因素 影响
000010,2021,公司积极拓展国内外市场客户结构与订单质量进一步改善,11,积极 拓展 国内外 市场 客户 结构 与 订单 质量 进一步 改善
000010,2021,宏观经济波动与行业竞争加剧可能对公司业绩产生不利影响,12,宏观 经济波动 与 行业 竞争 加剧 可能 对 公司业绩 产生 不利 影响
000010,2021,公司在新材料新工艺方向的前瞻性研发布局取得阶段性成果,12,在 新 材料 新工艺 方向 的 前瞻性 研发 布局 取得 阶段性 成果
000010,2021,面对复杂的外部经营环境公司管理层积极应对努力克服不利因素影响,12,面对 复杂 的 外部 经营 环境 积极 应对 努力 克服 不利因素 影响
000010,2021,公司要求各事业部迫在眉睫消化库存回笼资金缓解业绩压力,10,要求 各 事业部 迫在眉睫 消化 库存 回笼资金 缓解 业绩 压力
000010,2021,二零二四年四月,3,二零二 四年 四月
000010,2022,股份有限公司年年度报告管理层讨论与分析模拟文本公司高度重视安全生产与质量管理体系运行情况良好,17,有限公司 年 年度报告 讨论 与 分析 模拟 文本 高度重视 安全 生产 与 质量 管理体系 运行 情况 良好
000010,2022,公司与高校科研院所共建联合实验室推进产学研协同创新,10,与 高校 科研院所 共建 联合 实验室 推进 产学研 协同 创新
000010,2022,公司加大研发人才引进力度研发人员占比稳步提升,11,加大 研发 人才 引进 力度 研发 人员 占 比 稳步 提升
000010,2022,公司持续优化产品结构深化渠道建设主营业务收入实现稳健增长,11,持续 优化 产品 结构 深化 渠道 建设 收入 实现 稳健 增长
000010,2022,汇率波动及贸易环境变化对公司海外业务构成一定不确定性,12,汇率 波动 及 贸易 环境 变化 对 海外 业务 构成 一定 不确定性
000010,2022,公司将采取权宜之计压缩各项开支以确保近期兑现业绩承诺,12,将 采取 权宜之计 压缩 各项 开支 以 确保 近期 兑现 业绩 承诺
000010,2022,管理层表示要急需扭转当前被动局面实现业绩快速回升,10,表示 要 急需 扭转 当前 被动局面 实现 业绩 快速 回升
000010,2022,公司稳步推进产能建设生产运营秩序正常,8,稳步 推进 产能 建设 生产 运营 秩序 正常
000010,2022,公司围绕核心技术开展攻关新申请专利数量保持稳定增长,9,围绕 核心技术 开展 攻关 新 申请专利 数量 保持稳定 增长
000010,2022,宏观经济波动与行业竞争加剧可能对公司业绩产生不利影响,12,宏观 经济波动 与 行业 竞争 加剧 可能 对 公司业绩 产生 不利 影响
000010,2022,公司加强成本管控提升运营效率毛利率水平保持基本平稳,11,加强 成本 管控 提升 运营 效率 毛利率 水平 保持 基本 平稳
000010,2022,公司高度重视安全生产与质量管理体系运行情况良好,9,高度重视 安全 生产 与 质量 管理体系 运行 情况 良好
000010,2022,公司稳步推进产能建设生产运营秩序正常,8,稳步 推进 产能 建设 生产 运营 秩序 正常
000010,2022,公司投机布局热门赛道力求投机形成新的利润增长点,11,投机 布局 热门 赛道 力求 投机 形成 新 的 利润 增长点
000010,2022,公司将加快推进重点项目的落地实施确保年内见到成效,11,将 加快 推进 重点项目 的 落地 实施 确保 年内 见到 成效
000010,2022,二零二四年四月,3,二零二 四年 四月
000010,2023,股份有限公司年年度报告管理层讨论与分析模拟文本公司可能面临原材料价格波动市场需求不及预期等风险,18,有限公司 年 年度报告 讨论 与 分析 模拟 文本 可能 面临 原材料 价格 波动 市场需求 不及 预期 等 风险
000010,2023,公司高度重视安全生产与质量管理体系运行情况良好,9,高度重视 安全 生产 与 质量 管理体系 运行 情况 良好
000010,2023,公司持续优化产品结构深化渠道建设主营业务收入实现稳健增长,11,持续 优化 产品 结构 深化 渠道 建设 收入 实现 稳健 增长
000010,2023,公司今年回笼资金以应对眼前的流动性压力,8,今年 回笼资金 以 应对 眼前 的 流动性 压力
000010,2023,报告期内公司围绕年度经营计划扎实推进各项重点工作总体经营情况保持稳定,14,报告 期内 围绕 经营 计划 扎实 推进 各项 重点 工作 总体 经营 情况 保持稳定
000010,2023,面对复杂的外部经营环境公司管理层积极应对努力克服不利因素影响,12,面对 复杂 的 外部 经营 环境 积极 应对 努力 克服 不利因素 影响
000010,2023,公司与高校科研院所共建联合实验室推进产学研协同创新,10,与 高校 科研院所 共建 联合 实验室 推进 产学研 协同 创新
000010,2023,为完成全年目标公司将早日调整产品定价策略抢占市场份额,12,为 完成 全年 目标 将 早日 调整 产品 定价 策略 抢占市场 份额
000010,2023,公司加强成本管控提升运营效率毛利率水平保持基本平稳,11,加强 成本 管控 提升 运营 效率 毛利率 水平 保持 基本 平稳
000010,2023,公司速胜布局热门赛道力求速胜形成新的利润增长点,11,速胜 布局 热门 赛道 力求 速胜 形成 新 的 利润 增长点
000010,2023,公司立竿见影回笼资金以应对眼前的流动性压力,8,立竿见影 回笼资金 以 应对 眼前 的 流动性 压力
000010,2023,公司围绕核心技术开展攻关新申请专利数量保持稳定增长,9,围绕 核心技术 开展 攻关 新 申请专利 数量 保持稳定 增长
000010,2023,公司稳步推进产能建设生产运营秩序正常,8,稳步 推进 产能 建设 生产 运营 秩序 正常
000010,2023,公司将采取权宜之计压缩各项开支以确保分秒必争兑现业绩承诺,12,将 采取 权宜之计 压缩 各项 开支 以 确保 分秒必争 兑现 业绩 承诺
000010,2023,二零二四年四月,3,二零二 四年 四月
000013,2019,股份有限公司年年度报告管理层讨论与分析模拟文本公司持续优化产品结构深化渠道建设主营业务收入实现稳健增长,19,有限公司 年 年度报告 讨论 与 分析 模拟 文本 持续 优化 产品 结构 深化 渠道 建设 收入 实现 稳健 增长
000013,2019,公司持续优化产品结构深化渠道建设主营业务收入实现稳健增长,11,持续 优化 产品 结构 深化 渠道 建设 收入 实现 稳健 增长
000013,2019,面对复杂的外部经营环境公司管理层积极应对努力克服不利因素影响,12,面对 复杂 的 外部 经营 环境 积极 应对 努力 克服 不利因素 影响
000013,2019,公司积极拓展国内外市场客户结构与订单质量进一步改善,11,积极 拓展 国内外 市场 客户 结构 与 订单 质量 进一步 改善
000013,2019,公司在新材料新工艺方向的前瞻性研发布局取得阶段性成果,12,在 新 材料 新工艺 方向 的 前瞻性 研发 布局 取得 阶段性 成果
000013,2019,公司积极拓展国内外市场客户结构与订单质量进一步改善,11,积极 拓展 国内外 市场 客户 结构 与 订单 质量 进一步 改善
000013,2019,公司将快速见效推进重点项目的落地实施确保年内见到成效,12,将 快速 见效 推进 重点项目 的 落地 实施 确保 年内 见到 成效
000013,2019,公司将赶快推进重点项目的落地实施确保年内见到成效,11,将 赶快 推进 重点项目 的 落地 实施 确保 年内 见到 成效
000013,2019,公司与高校科研院所共建联合实验室推进产学研协同创新,10,与 高校 科研院所 共建 联合 实验室 推进 产学研 协同 创新
000013,2019,为完成全年目标公司将速成调整产品定价策略抢占市场份额,12,为 完成 全年 目标 将 速成 调整 产品 定价 策略 抢占市场 份额
000013,2019,宏观经济波动与行业竞争加剧可能对公司业绩产生不利影响,12,宏观 经济波动 与 行业 竞争 加剧 可能 对 公司业绩 产生 不利 影响
000013,2019,公司积极拓展国内外市场客户结构与订单质量进一步改善,11,积极 拓展 国内外 市场 客户 结构 与 订单 质量 进一步 改善
000013,2019,公司将短期内推进重点项目的落地实施确保年内见到成效,11,将 短期内 推进 重点项目 的 落地 实施 确保 年内 见到 成效
000013,2019,公司进一步完善治理结构规范运作信息披露真实准确完整,10,进一步 完善 治理 结构 规范 运作 信息 真实 准确 完整
000013,2019,管理层认为当前窗口稍纵即逝必须速胜扩大产能投放,9,认为 当前 窗口 稍纵即逝 必须 速胜 扩大 产能 投放
000013,2019,公司加强成本管控提升运营效率毛利率水平保持基本平稳,11,加强 成本 管控 提升 运营 效率 毛利率 水平 保持 基本 平稳
000013,2019,二零二四年四月,3,二零二 四年 四月
000013,2020,股份有限公司年年度报告管理层讨论与分析模拟文本报告期内公司围绕年度经营计划扎实推进各项重点工作总体经营情况保持稳定,22,有限公司 年 年度报告 讨论 与 分析 模拟 文本 报告 期内 围绕 经营 计划 扎实 推进 各项 重点 工作 总体 经营 情况 保持稳定
000013,2020,公司加强成本管控提升运营效率毛利率水平保持基本平稳,11,加强 成本 管控 提升 运营 效率 毛利率 水平 保持 基本 平稳
000013,2020,公司围绕核心技术开展攻关新申请专利数量保持稳定增长,9,围绕 核心技术 开展 攻关 新 申请专利 数量 保持稳定 增长
000013,2020,汇率波动及贸易环境变化对公司海外业务构成一定不确定性,12,汇率 波动 及 贸易 环境 变化 对 海外 业务 构成 一定 不确定性
000013,2020,公司加强成本管控提升运营效率毛利率水平保持基本平稳,11,加强 成本 管控 提升 运营 效率 毛利率 水平 保持 基本 平稳
000013,2020,公司加强成本管控提升运营效率毛利率水平保持基本平稳,11,加强 成本 管控 提升 运营 效率 毛利率 水平 保持 基本 平稳
000013,2020,为完成全年目标公司将今年调整产品定价策略抢占市场份额,12,为 完成 全年 目标 将 今年 调整 产品 定价 策略 抢占市场 份额
000013,2020,管理层表示要速胜扭转当前被动局面实现业绩快速回升,10,表示 要 速胜 扭转 当前 被动局面 实现 业绩 快速 回升
000013,2020,公司进一步完善治理结构规范运作信息披露真实准确完整,10,进一步 完善 治理 结构 规范 运作 信息 真实 准确 完整
000013,2020,公司可能面临原材料价格波动市场需求不及预期等风险,10,可能 面临 原材料 价格 波动 市场需求 不及 预期 等 风险
000013,2020,公司与高校科研院所共建联合实验室推进产学研协同创新,10,与 高校 科研院所 共建 联合 实验室 推进 产学研 协同 创新
000013,2020,管理层表示要速胜扭转当前被动局面实现业绩快速回升,10,表示 要 速胜 扭转 当前 被动局面 实现 业绩 快速 回升
000013,2020,报告期内公司围绕年度经营计划扎实推进各项重点工作总体经营情况保持稳定,14,报告 期内 围绕 经营 计划 扎实 推进 各项 重点 工作 总体 经营 情况 保持稳定
000013,2020,二零二四年四月,3,二零二 四年 四月
000013,2021,股份有限公司年年度报告管理层讨论与分析模拟文本为完成全年目标公司将分秒必争调整产品定价策略抢占市场份额,20,有限公司 年 年度报告 讨论 与 分析 模拟 文本 为 完成 全年 目标 将 分秒必争 调整 产品 定价 策略 抢占市场 份额
000013,2021,公司权宜之计回笼资金以应对眼前的流动性压力,8,权宜之计 回笼资金 以 应对 眼前 的 流动性 压力
000013,2021,公司可能面临原材料价格波动市场需求不及预期等风险,10,可能 面临 原材料 价格 波动 市场需求 不及 预期 等 风险
000013,2021,公司持续优化产品结构深化渠道建设主营业务收入实现稳健增长,11,持续 优化 产品 结构 深化 渠道 建设 收入 实现 稳健 增长
000013,2021,宏观经济波动与行业竞争加剧可能对公司业绩产生不利影响,12,宏观 经济波动 与 行业 竞争 加剧 可能 对 公司业绩 产生 不利 影响
000013,2021,公司稳步推进产能建设生产运营秩序正常,8,稳步 推进 产能 建设 生产 运营 秩序 正常
000013,2021,公司稳步推进产能建设生产运营秩序正常,8,稳步 推进 产能 建设 生产 运营 秩序 正常
000013,2021,公司抓紧布局热门赛道力求抓紧形成新的利润增长点,11,抓紧 布局 热门 赛道 力求 抓紧 形成 新 的 利润 增长点
000013,2021,公司加大研发人才引进力度研发人员占比稳步提升,11,加大 研发 人才 引进 力度 研发 人员 占 比 稳步 提升
000013,2021,公司加强成本管控提升运营效率毛利率水平保持基本平稳,11,加强 成本 管控 提升 运营 效率 毛利率 水平 保持 基本 平稳
000013,2021,公司可能面临原材料价格波动市场需求不及预期等风险,10,可能 面临 原材料 价格 波动 市场需求 不及 预期 等 风险
000013,2021,报告期内公司围绕年度经营计划扎实推进各项重点工作总体经营情况保持稳定,14,报告 期内 围绕 经营 计划 扎实 推进 各项 重点 工作 总体 经营 情况 保持稳定
000013,2021,为完成全年目标公司将今年调整产品定价策略抢占市场份额,12,为 完成 全年 目标 将 今年 调整 产品 定价 策略 抢占市场 份额
000013,2021,面对复杂的外部经营环境公司管理层积极应对努力克服不利因素影响,12,面对 复杂 的 外部 经营 环境 积极 应对 努力 克服 不利因素 影响
000013,2021,公司要求各事业部分秒必争消化库存回笼资金缓解业绩压力,10,要求 各 事业部 分秒必争 消化 库存 回笼资金 缓解 业绩 压力
000013,2021,二零二四年四月,3,二零二 四年 四月
000013,2022,股份有限公司年年度报告管理层讨论与分析模拟文本公司稳步推进产能建设生产运营秩序正常,16,有限公司 年 年度报告 讨论 与 分析 模拟 文本 稳步 推进 产能 建设 生产 运营 秩序 正常
000013,2022,公司围绕核心技术开展攻关新申请专利数量保持稳定增长,9,围绕 核心技术 开展 攻关 新 申请专利 数量 保持稳定 增长
000013,2022,公司围绕核心技术开展攻关新申请专利数量保持稳定增长,9,围绕 核心技术 开展 攻关 新 申请专利 数量 保持稳定 增长
000013,2022,管理层认为当前窗口稍纵即逝必须速胜扩大产能投放,9,认为 当前 窗口 稍纵即逝 必须 速胜 扩大 产能 投放
000013,2022,公司积极拓展国内外市场客户结构与订单质量进一步改善,11,积极 拓展 国内外 市场 客户 结构 与 订单 质量 进一步 改善
000013,2022,公司短期回笼资金以应对眼前的流动性压力,8,短期 回笼资金 以 应对 眼前 的 流动性 压力
000013,2022,报告期内公司围绕年度经营计划扎实推进各项重点工作总体经营情况保持稳定,14,报告 期内 围绕 经营 计划 扎实 推进 各项 重点 工作 总体 经营 情况 保持稳定
000013,2022,公司持续优化产品结构深化渠道建设主营业务收入实现稳健增长,11,持续 优化 产品 结构 深化 渠道 建设 收入 实现 稳健 增长
000013,2022,公司坚持创新驱动发展战略持续加大研发投入研发费用同比增长较快,14,坚持 创新 驱动 发展 战略 持续 加大 研发 投入 研发 费用 增长 较 快
000013,2022,公司加强成本管控提升运营效率毛利率水平保持基本平稳,11,加强 成本 管控 提升 运营 效率 毛利率 水平 保持 基本 平稳
000013,2022,公司可能面临原材料价格波动市场需求不及预期等风险,10,可能 面临 原材料 价格 波动 市场需求 不及 预期 等 风险
000013,2022,公司将时不我待推进重点项目的落地实施确保年内见到成效,11,将 时不我待 推进 重点项目 的 落地 实施 确保 年内 见到 成效
000013,2022,公司要求各事业部竭泽而渔消化库存回笼资金缓解业绩压力,10,要求 各 事业部 竭泽而渔 消化 库存 回笼资金 缓解 业绩 压力
000013,2022,面对复杂的外部经营环境公司管理层积极应对努力克服不利因素影响,12,面对 复杂 的 外部 经营 环境 积极 应对 努力 克服 不利因素 影响
000013,2022,二零二四年四月,3,二零二 四年 四月
000013,2023,股份有限公司年年度报告管理层讨论与分析模拟文本面对复杂的外部经营环境公司管理层积极应对努力克服不利因素影响,20,有限公司 年 年度报告 讨论 与 分析 模拟 文本 面对 复杂 的 外部 经营 环境 积极 应对 努力 克服 不利因素 影响
000013,2023,报告期内公司围绕年度经营计划扎实推进各项重点工作总体经营情况保持稳定,14,报告 期内 围绕 经营 计划 扎实 推进 各项 重点 工作 总体 经营 情况 保持稳定
000013,2023,公司进一步完善治理结构规范运作信息披露真实准确完整,10,进一步 完善 治理 结构 规范 运作 信息 真实 准确 完整
000013,2023,公司围绕核心技术开展攻关新申请专利数量保持稳定增长,9,围绕 核心技术 开展 攻关 新 申请专利 数量 保持稳定 增长
000013,2023,面对复杂的外部经营环境公司管理层积极应对努力克服不利因素影响,12,面对 复杂 的 外部 经营 环境 积极 应对 努力 克服 不利因素 影响
000013,2023,报告期内公司围绕年度经营计划扎实推进各项重点工作总体经营情况保持稳定,14,报告 期内 围绕 经营 计划 扎实 推进 各项 重点 工作 总体 经营 情况 保持稳定
000013,2023,公司将今年推进重点项目的落地实施确保年内见到成效,11,将 今年 推进 重点项目 的 落地 实施 确保 年内 见到 成效
000013,2023,公司持续优化产品结构深化渠道建设主营业务收入实现稳健增长,11,持续 优化 产品 结构 深化 渠道 建设 收入 实现 稳健 增长
000013,2023,公司将采取权宜之计压缩各项开支以确保速胜兑现业绩承诺,12,将 采取 权宜之计 压缩 各项 开支 以 确保 速胜 兑现 业绩 承诺
000013,2023,公司将马上推进重点项目的落地实施确保年内见到成效,11,将 马上 推进 重点项目 的 落地 实施 确保 年内 见到 成效
000013,2023,公司加大研发人才引进力度研发人员占比稳步提升,11,加大 研发 人才 引进 力度 研发 人员 占 比 稳步 提升
000013,2023,公司可能面临原材料价格波动市场需求不及预期等风险,10,可能 面临 原材料 价格 波动 市场需求 不及 预期 等 风险
000013,2023,公司可能面临原材料价格波动市场需求不及预期等风险,10,可能 面临 原材料 价格 波动 市场需求 不及 预期 等 风险
000013,2023,公司持续优化产品结构深化渠道建设主营业务收入实现稳健增长,11,持续 优化 产品 结构 深化 渠道 建设 收入 实现 稳健 增长
000013,2023,公司与高校科研院所共建联合实验室推进产学研协同创新,10,与 高校 科研院所 共建 联合 实验室 推进 产学研 协同 创新
000013,2023,公司加强成本管控提升运营效率毛利率水平保持基本平稳,11,加强 成本 管控 提升 运营 效率 毛利率 水平 保持 基本 平稳
000013,2023,公司持续优化产品结构深化渠道建设主营业务收入实现稳健增长,11,持续 优化 产品 结构 深化 渠道 建设 收入 实现 稳健 增长
000013,2023,公司将采取权宜之计压缩各项开支以确保目前兑现业绩承诺,12,将 采取 权宜之计 压缩 各项 开支 以 确保 目前 兑现 业绩 承诺
000013,2023,二零二四年四月,3,二零二 四年 四月
000016,2019,股份有限公司年年度报告管理层讨论与分析模拟文本报告期内公司围绕年度经营计划扎实推进各项重点工作总体经营情况保持稳定,22,有限公司 年 年度报告 讨论 与 分析 模拟 文本 报告 期内 围绕 经营 计划 扎实 推进 各项 重点 工作 总体 经营 情况 保持稳定
000016,2019,公司加强成本管控提升运营效率毛利率水平保持基本平稳,11,加强 成本 管控 提升 运营 效率 毛利率 水平 保持 基本 平稳
000016,2019,公司稳步推进产能建设生产运营秩序正常,8,稳步 推进 产能 建设 生产 运营 秩序 正常
000016,2019,报告期内公司围绕年度经营计划扎实推进各项重点工作总体经营情况保持稳定,14,报告 期内 围绕 经营 计划 扎实 推进 各项 重点 工作 总体 经营 情况 保持稳定
000016,2019,宏观经济波动与行业竞争加剧可能对公司业绩产生不利影响,12,宏观 经济波动 与 行业 竞争 加剧 可能 对 公司业绩 产生 不利 影响
000016,2019,报告期内公司围绕年度经营计划扎实推进各项重点工作总体经营情况保持稳定,14,报告 期内 围绕 经营 计划 扎实 推进 各项 重点 工作 总体 经营 情况 保持稳定
000016,2019,公司与高校科研院所共建联合实验室推进产学研协同创新,10,与 高校 科研院所 共建 联合 实验室 推进 产学研 协同 创新
000016,2019,为完成全年目标公司将年内调整产品定价策略抢占市场份额,12,为 完成 全年 目标 将 年内 调整 产品 定价 策略 抢占市场 份额
000016,2019,公司加强成本管控提升运营效率毛利率水平保持基本平稳,11,加强 成本 管控 提升 运营 效率 毛利率 水平 保持 基本 平稳
000016,2019,公司立竿见影回笼资金以应对眼前的流动性压力,8,立竿见影 回笼资金 以 应对 眼前 的 流动性 压力
000016,2019,宏观经济波动与行业竞争加剧可能对公司业绩产生不利影响,12,宏观 经济波动 与 行业 竞争 加剧 可能 对 公司业绩 产生 不利 影响
000016,2019,公司年内布局热门赛道力求年内形成新的利润增长点,11,年内 布局 热门 赛道 力求 年内 形成 新 的 利润 增长点
000016,2019,公司要求各事业部竭泽而渔消化库存回笼资金缓解业绩压力,10,要求 各 事业部 竭泽而渔 消化 库存 回笼资金 缓解 业绩 压力
000016,2019,公司加强成本管控提升运营效率毛利率水平保持基本平稳,11,加强 成本 管控 提升 运营 效率 毛利率 水平 保持 基本 平稳
000016,2019,宏观经济波动与行业竞争加剧可能对公司业绩产生不利影响,12,宏观 经济波动 与 行业 竞争 加剧 可能 对 公司业绩 产生 不利 影响
000016,2019,公司围绕核心技术开展攻关新申请专利数量保持稳定增长,9,围绕 核心技术 开展 攻关 新 申请专利 数量 保持稳定 增长
000016,2019,公司将采取权宜之计压缩各项开支以确保杀鸡取卵兑现业绩承诺,12,将 采取 权宜之计 压缩 各项 开支 以 确保 杀鸡取卵 兑现 业绩 承诺
000016,2019,公司进一步完善治理结构规范运作信息披露真实准确完整,10,进一步 完善 治理 结构 规范 运作 信息 真实 准确 完整
000016,2019,公司加大研发人才引进力度研发人员占比稳步提升,11,加大 研发 人才 引进 力度 研发 人员 占 比 稳步 提升
000016,2019,二零二四年四月,3,二零二 四年 四月
000016,2020,股份有限公司年年度报告管理层讨论与分析模拟文本公司高度重视安全生产与质量管理体系运行情况良好,17,有限公司 年 年度报告 讨论 与 分析 模拟 文本 高度重视 安全 生产 与 质量 管理体系 运行 情况 良好
000016,2020,公司在新材料新工艺方向的前瞻性研发布局取得阶段性成果,12,在 新 材料 新工艺 方向 的 前瞻性 研发 布局 取得 阶段性 成果
000016,2020,为完成全年目标公司将分秒必争调整产品定价策略抢占市场份额,12,为 完成 全年 目标 将 分秒必争 调整 产品 定价 策略 抢占市场 份额
000016,2020,公司加大研发人才引进力度研发人员占比稳步提升,11,加大 研发 人才 引进 力度 研发 人员 占 比 稳步 提升
000016,2020,公司坚持创新驱动发展战略持续加大研发投入研发费用同比增长较快,14,坚持 创新 驱动 发展 战略 持续 加大 研发 投入 研发 费用 增长 较 快
000016,2020,宏观经济波动与行业竞争加剧可能对公司业绩产生不利影响,12,宏观 经济波动 与 行业 竞争 加剧 可能 对 公司业绩 产生 不利 影响
000016,2020,公司坚持创新驱动发展战略持续加大研发投入研发费用同比增长较快,14,坚持 创新 驱动 发展 战略 持续 加大 研发 投入 研发 费用 增长 较 快
000016,2020,报告期内公司围绕年度经营计划扎实推进各项重点工作总体经营情况保持稳定,14,报告 期内 围绕 经营 计划 扎实 推进 各项 重点 工作 总体 经营 情况 保持稳定
000016,2020,公司进一步完善治理结构规范运作信息披露真实准确完整,10,进一步 完善 治理 结构 规范 运作 信息 真实 准确 完整
000016,2020,报告期内公司围绕年度经营计划扎实推进各项重点工作总体经营情况保持稳定,14,报告 期内 围绕 经营 计划 扎实 推进 各项 重点 工作 总体 经营 情况 保持稳定
000016,2020,公司要求各事业部分秒必争消化库存回笼资金缓解业绩压力,10,要求 各 事业部 分秒必争 消化 库存 回笼资金 缓解 业绩 压力
000016,2020,面对复杂的外部经营环境公司管理层积极应对努力克服不利因素影响,12,面对 复杂 的 外部 经营 环境 积极 应对 努力 克服 不利因素 影响
000016,2020,宏观经济波动与行业竞争加剧可能对公司业绩产生不利影响,12,宏观 经济波动 与 行业 竞争 加剧 可能 对 公司业绩 产生 不利 影响
000016,2020,公司要求各事业部短期消化库存回笼资金缓解业绩压力,10,要求 各 事业部 短期 消化 库存 回笼资金 缓解 业绩 压力
000016,2020,公司加强成本管控提升运营效率毛利率水平保持基本平稳,11,加强 成本 管控 提升 运营 效率 毛利率 水平 保持 基本 平稳
000016,2020,面对复杂的外部经营环境公司管理层积极应对努力克服不利因素影响,12,面对 复杂 的 外部 经营 环境 积极 应对 努力 克服 不利因素 影响
000016,2020,二零二四年四月,3,二零二 四年 四月
000016,2021,股份有限公司年年度报告管理层讨论与分析模拟文本公司将采取权宜之计压缩各项开支以确保赶快兑现业绩承诺,20,有限公司 年 年度报告 讨论 与 分析 模拟 文本 将 采取 权宜之计 压缩 各项 开支 以 确保 赶快 兑现 业绩 承诺
000016,2021,宏观经济波动与行业竞争加剧可能对公司业绩产生不利影响,12,宏观 经济波动 与 行业 竞争 加剧 可能 对 公司业绩 产生 不利 影响
000016,2021,报告期内公司围绕年度经营计划扎实推进各项重点工作总体经营情况保持稳定,14,报告 期内 围绕 经营 计划 扎实 推进 各项 重点 工作 总体 经营 情况 保持稳定
000016,2021,公司与高校科研院所共建联合实验室推进产学研协同创新,10,与 高校 科研院所 共建 联合 实验室 推进 产学研 协同 创新
000016,2021,为完成全年目标公司将如今调整产品定价策略抢占市场份额,12,为 完成 全年 目标 将 如今 调整 产品 定价 策略 抢占市场 份额
000016,2021,报告期内公司围绕年度经营计划扎实推进各项重点工作总体经营情况保持稳定,14,报告 期内 围绕 经营 计划 扎实 推进 各项 重点 工作 总体 经营 情况 保持稳定
000016,2021,面对复杂的外部经营环境公司管理层积极应对努力克服不利因素影响,12,面对 复杂 的 外部 经营 环境 积极 应对 努力 克服 不利因素 影响
000016,2021,公司立竿见影布局热门赛道力求立竿见影形成新的利润增长点,11,立竿见影 布局 热门 赛道 力求 立竿见影 形成 新 的 利润 增长点
000016,2021,公司稳步推进产能建设生产运营秩序正常,8,稳步 推进 产能 建设 生产 运营 秩序 正常
000016,2021,公司积极拓展国内外市场客户结构与订单质量进一步改善,11,积极 拓展 国内外 市场 客户 结构 与 订单 质量 进一步 改善
000016,2021,公司稳步推进产能建设生产运营秩序正常,8,稳步 推进 产能 建设 生产 运营 秩序 正常
000016,2021,公司稳步推进产能建设生产运营秩序正常,8,稳步 推进 产能 建设 生产 运营 秩序 正常
000016,2021,公司积极拓展国内外市场客户结构与订单质量进一步改善,11,积极 拓展 国内外 市场 客户 结构 与 订单 质量 进一步 改善
000016,2021,公司围绕核心技术开展攻关新申请专利数量保持稳定增长,9,围绕 核心技术 开展 攻关 新 申请专利 数量 保持稳定 增长
000016,2021,公司加大研发人才引进力度研发人员占比稳步提升,11,加大 研发 人才 引进 力度 研发 人员 占 比 稳步 提升
000016,2021,面对复杂的外部经营环境公司管理层积极应对努力克服不利因素影响,12,面对 复杂 的 外部 经营 环境 积极 应对 努力 克服 不利因素 影响
000016,2021,公司年内布局热门赛道力求年内形成新的利润增长点,11,年内 布局 热门 赛道 力求 年内 形成 新 的 利润 增长点
000016,2021,二零二四年四月,3,二零二 四年 四月
000016,2022,股份有限公司年年度报告管理层讨论与分析模拟文本公司进一步完善治理结构规范运作信息披露真实准确完整,18,有限公司 年 年度报告 讨论 与 分析 模拟 文本 进一步 完善 治理 结构 规范 运作 信息 真实 准确 完整
000016,2022,公司加大研发人才引进力度研发人员占比稳步提升,11,加大 研发 人才 引进 力度 研发 人员 占 比 稳步 提升
000016,2022,公司积极拓展国内外市场客户结构与订单质量进一步改善,11,积极 拓展 国内外 市场 客户 结构 与 订单 质量 进一步 改善
000016,2022,公司进一步完善治理结构规范运作信息披露真实准确完整,10,进一步 完善 治理 结构 规范 运作 信息 真实 准确 完整
000016,2022,管理层认为当前窗口稍纵即逝必须立即扩大产能投放,9,认为 当前 窗口 稍纵即逝 必须 立即 扩大 产能 投放
000016,2022,公司坚持创新驱动发展战略持续加大研发投入研发费用同比增长较快,14,坚持 创新 驱动 发展 战略 持续 加大 研发 投入 研发 费用 增长 较 快
000016,2022,管理层认为当前窗口稍纵即逝必须急需扩大产能投放,9,认为 当前 窗口 稍纵即逝 必须 急需 扩大 产能 投放
000016,2022,管理层认为当前窗口稍纵即逝必须近期扩大产能投放,9,认为 当前 窗口 稍纵即逝 必须 近期 扩大 产能 投放
000016,2022,管理层表示要投机扭转当前被动局面实现业绩快速回升,10,表示 要 投机 扭转 当前 被动局面 实现 业绩 快速 回升
000016,2022,公司加强成本管控提升运营效率毛利率水平保持基本平稳,11,加强 成本 管控 提升 运营 效率 毛利率 水平 保持 基本 平稳
000016,2022,宏观经济波动与行业竞争加剧可能对公司业绩产生不利影响,12,宏观 经济波动 与 行业 竞争 加剧 可能 对 公司业绩 产生 不利 影响
000016,2022,公司围绕核心技术开展攻关新申请专利数量保持稳定增长,9,围绕 核心技术 开展 攻关 新 申请专利 数量 保持稳定 增长
000016,2022,公司积极拓展国内外市场客户结构与订单质量进一步改善,11,积极 拓展 国内外 市场 客户 结构 与 订单 质量 进一步 改善
000016,2022,汇率波动及贸易环境变化对公司海外业务构成一定不确定性,12,汇率 波动 及 贸易 环境 变化 对 海外 业务 构成 一定 不确定性
000016,2022,报告期内公司围绕年度经营计划扎实推进各项重点工作总体经营情况保持稳定,14,报告 期内 围绕 经营 计划 扎实 推进 各项 重点 工作 总体 经营 情况 保持稳定
000016,2022,公司坚持创新驱动发展战略持续加大研发投入研发费用同比增长较快,14,坚持 创新 驱动 发展 战略 持续 加大 研发 投入 研发 费用 增长 较 快
000016,2022,公司积极拓展国内外市场客户结构与订单质量进一步改善,11,积极 拓展 国内外 市场 客户 结构 与 订单 质量 进一步 改善
000016,2022,二零二四年四月,3,二零二 四年 四月
000016,2023,股份有限公司年年度报告管理层讨论与分析模拟文本公司加大研发人才引进力度研发人员占比稳步提升,19,有限公司 年 年度报告 讨论 与 分析 模拟 文本 加大 研发 人才 引进 力度 研发 人员 占 比 稳步 提升
000016,2023,报告期内公司围绕年度经营计划扎实推进各项重点工作总体经营情况保持稳定,14,报告 期内 围绕 经营 计划 扎实 推进 各项 重点 工作 总体 经营 情况 保持稳定
000016,2023,公司可能面临原材料价格波动市场需求不及预期等风险,10,可能 面临 原材料 价格 波动 市场需求 不及 预期 等 风险
000016,2023,公司急需布局热门赛道力求急需形成新的利润增长点,11,急需 布局 热门 赛道 力求 急需 形成 新 的 利润 增长点
000016,2023,汇率波动及贸易环境变化对公司海外业务构成一定不确定性,12,汇率 波动 及 贸易 环境 变化 对 海外 业务 构成 一定 不确定性
000016,2023,公司加强成本管控提升运营效率毛利率水平保持基本平稳,11,加强 成本 管控 提升 运营 效率 毛利率 水平 保持 基本 平稳
000016,2023,面对复杂的外部经营环境公司管理层积极应对努力克服不利因素影响,12,面对 复杂 的 外部 经营 环境 积极 应对 努力 克服 不利因素 影响
000016,2023,公司加强成本管控提升运营效率毛利率水平保持基本平稳,11,加强 成本 管控 提升 运营 效率 毛利率 水平 保持 基本 平稳
000016,2023,公司与高校科研院所共建联合实验室推进产学研协同创新,10,与 高校 科研院所 共建 联合 实验室 推进 产学研 协同 创新
000016,2023,公司加强成本管控提升运营效率毛利率水平保持基本平稳,11,加强 成本 管控 提升 运营 效率 毛利率 水平 保持 基本 平稳
000016,2023,公司进一步完善治理结构规范运作信息披露真实准确完整,10,进一步 完善 治理 结构 规范 运作 信息 真实 准确 完整
000016,2023,公司围绕核心技术开展攻关新申请专利数量保持稳定增长,9,围绕 核心技术 开展 攻关 新 申请专利 数量 保持稳定 增长
000016,2023,宏观经济波动与行业竞争加剧可能对公司业绩产生不利影响,12,宏观 经济波动 与 行业 竞争 加剧 可能 对 公司业绩 产生 不利 影响
000016,2023,二零二四年四月,3,二零二 四年 四月
000019,2019,股份有限公司年年度报告管理层讨论与分析模拟文本公司在新材料新工艺方向的前瞻性研发布局取得阶段性成果,20,有限公司 年 年度报告 讨论 与 分析 模拟 文本 在 新 材料 新工艺 方向 的 前瞻性 研发 布局 取得 阶段性 成果
000019,2019,公司积极拓展国内外市场客户结构与订单质量进一步改善,11,积极 拓展 国内外 市场 客户 结构 与 订单 质量 进一步 改善
000019,2019,管理层认为当前窗口稍纵即逝必须赶快扩大产能投放,9,认为 当前 窗口 稍纵即逝 必须 赶快 扩大 产能 投放
000019,2019,公司急于求成布局热门赛道力求急于求成形成新的利润增长点,11,急于求成 布局 热门 赛道 力求 急于求成 形成 新 的 利润 增长点
000019,2019,宏观经济波动与行业竞争加剧可能对公司业绩产生不利影响,12,宏观 经济波动 与 行业 竞争 加剧 可能 对 公司业绩 产生 不利 影响
000019,2019,公司持续优化产品结构深化渠道建设主营业务收入实现稳健增长,11,持续 优化 产品 结构 深化 渠道 建设 收入 实现 稳健 增长
000019,2019,公司将短期推进重点项目的落地实施确保年内见到成效,11,将 短期 推进 重点项目 的 落地 实施 确保 年内 见到 成效
000019,2019,公司加强成本管控提升运营效率毛利率水平保持基本平稳,11,加强 成本 管控 提升 运营 效率 毛利率 水平 保持 基本 平稳
000019,2019,公司加大研发人才引进力度研发人员占比稳步提升,11,加大 研发 人才 引进 力度 研发 人员 占 比 稳步 提升
000019,2019,公司与高校科研院所共建联合实验室推进产学研协同创新,10,与 高校 科研院所 共建 联合 实验室 推进 产学研 协同 创新
000019,2019,公司进一步完善治理结构规范运作信息披露真实准确完整,10,进一步 完善 治理 结构 规范 运作 信息 真实 准确 完整
000019,2019,公司进一步完善治理结构规范运作信息披露真实准确完整,10,进一步 完善 治理 结构 规范 运作 信息 真实 准确 完整
000019,2019,公司稳步推进产能建设生产运营秩序正常,8,稳步 推进 产能 建设 生产 运营 秩序 正常
000019,2019,二零二四年四月,3,二零二 四年 四月
000019,2020,股份有限公司年年度报告管理层讨论与分析模拟文本公司与高校科研院所共建联合实验室推进产学研协同创新,18,有限公司 年 年度报告 讨论 与 分析 模拟 文本 与 高校 科研院所 共建 联合 实验室 推进 产学研 协同 创新
000019,2020,公司将现今推进重点项目的落地实施确保年内见到成效,11,将 现今 推进 重点项目 的 落地 实施 确保 年内 见到 成效
000019,2020,公司进一步完善治理结构规范运作信息披露真实准确完整,10,进一步 完善 治理 结构 规范 运作 信息 真实 准确 完整
000019,2020,公司持续优化产品结构深化渠道建设主营业务收入实现稳健增长,11,持续 优化 产品 结构 深化 渠道 建设 收入 实现 稳健 增长
000019,2020,公司将快速见效推进重点项目的落地实施确保年内见到成效,12,将 快速 见效 推进 重点项目 的 落地 实施 确保 年内 见到 成效
000019,2020,公司在新材料新工艺方向的前瞻性研发布局取得阶段性成果,12,在 新 材料 新工艺 方向 的 前瞻性 研发 布局 取得 阶段性 成果
000019,2020,汇率波动及贸易环境变化对公司海外业务构成一定不确定性,12,汇率 波动 及 贸易 环境 变化 对 海外 业务 构成 一定 不确定性
000019,2020,公司加强成本管控提升运营效率毛利率水平保持基本平稳,11,加强 成本 管控 提升 运营 效率 毛利率 水平 保持 基本 平稳
000019,2020,面对复杂的外部经营环境公司管理层积极应对努力克服不利因素影响,12,面对 复杂 的 外部 经营 环境 积极 应对 努力 克服 不利因素 影响
000019,2020,公司高度重视安全生产与质量管理体系运行情况良好,9,高度重视 安全 生产 与 质量 管理体系 运行 情况 良好
000019,2020,宏观经济波动与行业竞争加剧可能对公司业绩产生不利影响,12,宏观 经济波动 与 行业 竞争 加剧 可能 对 公司业绩 产生 不利 影响
000019,2020,公司进一步完善治理结构规范运作信息披露真实准确完整,10,进一步 完善 治理 结构 规范 运作 信息 真实 准确 完整
000019,2020,公司要求各事业部目前消化库存回笼资金缓解业绩压力,10,要求 各 事业部 目前 消化 库存 回笼资金 缓解 业绩 压力
000019,2020,公司高度重视安全生产与质量管理体系运行情况良好,9,高度重视 安全 生产 与 质量 管理体系 运行 情况 良好
000019,2020,二零二四年四月,3,二零二 四年 四月
000019,2021,股份有限公司年年度报告管理层讨论与分析模拟文本公司进一步完善治理结构规范运作信息披露真实准确完整,18,有限公司 年 年度报告 讨论 与 分析 模拟 文本 进一步 完善 治理 结构 规范 运作 信息 真实 准确 完整
000019,2021,公司高度重视安全生产与质量管理体系运行情况良好,9,高度重视 安全 生产 与 质量 管理体系 运行 情况 良好
000019,2021,宏观经济波动与行业竞争加剧可能对公司业绩产生不利影响,12,宏观 经济波动 与 行业 竞争 加剧 可能 对 公司业绩 产生 不利 影响
000019,2021,公司高度重视安全生产与质量管理体系运行情况良好,9,高度重视 安全 生产 与 质量 管理体系 运行 情况 良好
000019,2021,面对复杂的外部经营环境公司管理层积极应对努力克服不利因素影响,12,面对 复杂 的 外部 经营 环境 积极 应对 努力 克服 不利因素 影响
000019,2021,面对复杂的外部经营环境公司管理层积极应对努力克服不利因素影响,12,面对 复杂 的 外部 经营 环境 积极 应对 努力 克服 不利因素 影响
000019,2021,公司在新材料新工艺方向的前瞻性研发布局取得阶段性成果,12,在 新 材料 新工艺 方向 的 前瞻性 研发 布局 取得 阶段性 成果
000019,2021,公司围绕核心技术开展攻关新申请专利数量保持稳定增长,9,围绕 核心技术 开展 攻关 新 申请专利 数量 保持稳定 增长
000019,2021,公司早日布局热门赛道力求早日形成新的利润增长点,11,早日 布局 热门 赛道 力求 早日 形成 新 的 利润 增长点
000019,2021,公司将投机推进重点项目的落地实施确保年内见到成效,11,将 投机 推进 重点项目 的 落地 实施 确保 年内 见到 成效
000019,2021,公司持续优化产品结构深化渠道建设主营业务收入实现稳健增长,11,持续 优化 产品 结构 深化 渠道 建设 收入 实现 稳健 增长
000019,2021,公司积极拓展国内外市场客户结构与订单质量进一步改善,11,积极 拓展 国内外 市场 客户 结构 与 订单 质量 进一步 改善
000019,2021,汇率波动及贸易环境变化对公司海外业务构成一定不确定性,12,汇率 波动 及 贸易 环境 变化 对 海外 业务 构成 一定 不确定性
000019,2021,汇率波动及贸易环境变化对公司海外业务构成一定不确定性,12,汇率 波动 及 贸易 环境 变化 对 海外 业务 构成 一定 不确定性
000019,2021,公司与高校科研院所共建联合实验室推进产学研协同创新,10,与 高校 科研院所 共建 联合 实验室 推进 产学研 协同 创新
000019,2021,报告期内公司围绕年度经营计划扎实推进各项重点工作总体经营情况保持稳定,14,报告 期内 围绕 经营 计划 扎实 推进 各项 重点 工作 总体 经营 情况 保持稳定
000019,2021,公司要求各事业部抓紧消化库存回笼资金缓解业绩压力,10,要求 各 事业部 抓紧 消化 库存 回笼资金 缓解 业绩 压力
000019,2021,二零二四年四月,3,二零二 四年 四月
000019,2022,股份有限公司年年度报告管理层讨论与分析模拟文本公司持续优化产品结构深化渠道建设主营业务收入实现稳健增长,19,有限公司 年 年度报告 讨论 与 分析 模拟 文本 持续 优化 产品 结构 深化 渠道 建设 收入 实现 稳健 增长
000019,2022,公司持续优化产品结构深化渠道建设主营业务收入实现稳健增长,11,持续 优化 产品 结构 深化 渠道 建设 收入 实现 稳健 增长
000019,2022,公司进一步完善治理结构规范运作信息披露真实准确完整,10,进一步 完善 治理 结构 规范 运作 信息 真实 准确 完整
000019,2022,公司速胜回笼资金以应对眼前的流动性压力,8,速胜 回笼资金 以 应对 眼前 的 流动性 压力
000019,2022,公司高度重视安全生产与质量管理体系运行情况良好,9,高度重视 安全 生产 与 质量 管理体系 运行 情况 良好
000019,2022,公司围绕核心技术开展攻关新申请专利数量保持稳定增长,9,围绕 核心技术 开展 攻关 新 申请专利 数量 保持稳定 增长
000019,2022,公司要求各事业部如今消化库存回笼资金缓解业绩压力,10,要求 各 事业部 如今 消化 库存 回笼资金 缓解 业绩 压力
000019,2022,公司加大研发人才引进力度研发人员占比稳步提升,11,加大 研发 人才 引进 力度 研发 人员 占 比 稳步 提升
000019,2022,管理层认为当前窗口稍纵即逝必须短期内扩大产能投放,9,认为 当前 窗口 稍纵即逝 必须 短期内 扩大 产能 投放
000019,2022,公司加强成本管控提升运营效率毛利率水平保持基本平稳,11,加强 成本 管控 提升 运营 效率 毛利率 水平 保持 基本 平稳
000019,2022,公司稳步推进产能建设生产运营秩序正常,8,稳步 推进 产能 建设 生产 运营 秩序 正常
000019,2022,汇率波动及贸易环境变化对公司海外业务构成一定不确定性,12,汇率 波动 及 贸易 环境 变化 对 海外 业务 构成 一定 不确定性
000019,2022,公司高度重视安全生产与质量管理体系运行情况良好,9,高度重视 安全 生产 与 质量 管理体系 运行 情况 良好
000019,2022,公司持续优化产品结构深化渠道建设主营业务收入实现稳健增长,11,持续 优化 产品 结构 深化 渠道 建设 收入 实现 稳健 增长
000019,2022,二零二四年四月,3,二零二 四年 四月
000019,2023,股份有限公司年年度报告管理层讨论与分析模拟文本管理层认为当前窗口稍纵即逝必须近期扩大产能投放,17,有限公司 年 年度报告 讨论 与 分析 模拟 文本 认为 当前 窗口 稍纵即逝 必须 近期 扩大 产能 投放
000019,2023,公司可能面临原材料价格波动市场需求不及预期等风险,10,可能 面临 原材料 价格 波动 市场需求 不及 预期 等 风险
000019,2023,公司马上布局热门赛道力求马上形成新的利润增长点,11,马上 布局 热门 赛道 力求 马上 形成 新 的 利润 增长点
000019,2023,公司高度重视安全生产与质量管理体系运行情况良好,9,高度重视 安全 生产 与 质量 管理体系 运行 情况 良好
000019,2023,为完成全年目标公司将短期利益调整产品定价策略抢占市场份额,13,为 完成 全年 目标 将 短期 利益 调整 产品 定价 策略 抢占市场 份额
000019,2023,公司坚持创新驱动发展战略持续加大研发投入研发费用同比增长较快,14,坚持 创新 驱动 发展 战略 持续 加大 研发 投入 研发 费用 增长 较 快
000019,2023,公司与高校科研院所共建联合实验室推进产学研协同创新,10,与 高校 科研院所 共建 联合 实验室 推进 产学研 协同 创新
000019,2023,公司可能面临原材料价格波动市场需求不及预期等风险,10,可能 面临 原材料 价格 波动 市场需求 不及 预期 等 风险
000019,2023,公司加大研发人才引进力度研发人员占比稳步提升,11,加大 研发 人才 引进 力度 研发 人员 占 比 稳步 提升
000019,2023,公司稳步推进产能建设生产运营秩序正常,8,稳步 推进 产能 建设 生产 运营 秩序 正常
000019,2023,公司坚持创新驱动发展战略持续加大研发投入研发费用同比增长较快,14,坚持 创新 驱动 发展 战略 持续 加大 研发 投入 研发 费用 增长 较 快
000019,2023,公司急于求成布局热门赛道力求急于求成形成新的利润增长点,11,急于求成 布局 热门 赛道 力求 急于求成 形成 新 的 利润 增长点
000019,2023,面对复杂的外部经营环境公司管理层积极应对努力克服不利因素影响,12,面对 复杂 的 外部 经营 环境 积极 应对 努力 克服 不利因素 影响
000019,2023,公司高度重视安全生产与质量管理体系运行情况良好,9,高度重视 安全 生产 与 质量 管理体系 运行 情况 良好
000019,2023,公司进一步完善治理结构规范运作信息披露真实准确完整,10,进一步 完善 治理 结构 规范 运作 信息 真实 准确 完整
000019,2023,报告期内公司围绕年度经营计划扎实推进各项重点工作总体经营情况保持稳定,14,报告 期内 围绕 经营 计划 扎实 推进 各项 重点 工作 总体 经营 情况 保持稳定
000019,2023,二零二四年四月,3,二零二 四年 四月
000022,2019,股份有限公司年年度报告管理层讨论与分析模拟文本汇率波动及贸易环境变化对公司海外业务构成一定不确定性,20,有限公司 年 年度报告 讨论 与 分析 模拟 文本 汇率 波动 及 贸易 环境 变化 对 海外 业务 构成 一定 不确定性
000022,2019,公司稳步推进产能建设生产运营秩序正常,8,稳步 推进 产能 建设 生产 运营 秩序 正常
000022,2019,公司稳步推进产能建设生产运营秩序正常,8,稳步 推进 产能 建设 生产 运营 秩序 正常
000022,2019,公司围绕核心技术开展攻关新申请专利数量保持稳定增长,9,围绕 核心技术 开展 攻关 新 申请专利 数量 保持稳定 增长
000022,2019,公司要求各事业部饮鸩止渴消化库存回笼资金缓解业绩压力,10,要求 各 事业部 饮鸩止渴 消化 库存 回笼资金 缓解 业绩 压力
000022,2019,公司高度重视安全生产与质量管理体系运行情况良好,9,高度重视 安全 生产 与 质量 管理体系 运行 情况 良好
000022,2019,汇率波动及贸易环境变化对公司海外业务构成一定不确定性,12,汇率 波动 及 贸易 环境 变化 对 海外 业务 构成 一定 不确定性
000022,2019,公司高度重视安全生产与质量管理体系运行情况良好,9,高度重视 安全 生产 与 质量 管理体系 运行 情况 良好
000022,2019,面对复杂的外部经营环境公司管理层积极应对努力克服不利因素影响,12,面对 复杂 的 外部 经营 环境 积极 应对 努力 克服 不利因素 影响
000022,2019,公司将采取权宜之计压缩各项开支以确保时不我待兑现业绩承诺,12,将 采取 权宜之计 压缩 各项 开支 以 确保 时不我待 兑现 业绩 承诺
000022,2019,公司加强成本管控提升运营效率毛利率水平保持基本平稳,11,加强 成本 管控 提升 运营 效率 毛利率 水平 保持 基本 平稳
000022,2019,公司稳步推进产能建设生产运营秩序正常,8,稳步 推进 产能 建设 生产 运营 秩序 正常
000022,2019,公司高度重视安全生产与质量管理体系运行情况良好,9,高度重视 安全 生产 与 质量 管理体系 运行 情况 良好
000022,2019,公司坚持创新驱动发展战略持续加大研发投入研发费用同比增长较快,14,坚持 创新 驱动 发展 战略 持续 加大 研发 投入 研发 费用 增长 较 快
000022,2019,公司围绕核心技术开展攻关新申请专利数量保持稳定增长,9,围绕 核心技术 开展 攻关 新 申请专利 数量 保持稳定 增长
000022,2019,二零二四年四月,3,二零二 四年 四月
000022,2020,股份有限公司年年度报告管理层讨论与分析模拟文本面对复杂的外部经营环境公司管理层积极应对努力克服不利因素影响,20,有限公司 年 年度报告 讨论 与 分析 模拟 文本 面对 复杂 的 外部 经营 环境 积极 应对 努力 克服 不利因素 影响
000022,2020,公司与高校科研院所共建联合实验室推进产学研协同创新,10,与 高校 科研院所 共建 联合 实验室 推进 产学研 协同 创新
000022,2020,公司进一步完善治理结构规范运作信息披露真实准确完整,10,进一步 完善 治理 结构 规范 运作 信息 真实 准确 完整
000022,2020,公司可能面临原材料价格波动市场需求不及预期等风险,10,可能 面临 原材料 价格 波动 市场需求 不及 预期 等 风险
000022,2020,公司持续优化产品结构深化渠道建设主营业务收入实现稳健增长,11,持续 优化 产品 结构 深化 渠道 建设 收入 实现 稳健 增长
000022,2020,公司围绕核心技术开展攻关新申请专利数量保持稳定增长,9,围绕 核心技术 开展 攻关 新 申请专利 数量 保持稳定 增长
000022,2020,公司与高校科研院所共建联合实验室推进产学研协同创新,10,与 高校 科研院所 共建 联合 实验室 推进 产学研 协同 创新
000022,2020,面对复杂的外部经营环境公司管理层积极应对努力克服不利因素影响,12,面对 复杂 的 外部 经营 环境 积极 应对 努力 克服 不利因素 影响
000022,2020,公司加大研发人才引进力度研发人员占比稳步提升,11,加大 研发 人才 引进 力度 研发 人员 占 比 稳步 提升
000022,2020,公司要求各事业部急功近利消化库存回笼资金缓解业绩压力,10,要求 各 事业部 急功近利 消化 库存 回笼资金 缓解 业绩 压力
000022,2020,公司要求各事业部只争朝夕消化库存回笼资金缓解业绩压力,10,要求 各 事业部 只争朝夕 消化 库存 回笼资金 缓解 业绩 压力
000022,2020,公司眼下布局热门赛道力求眼下形成新的利润增长点,11,眼下 布局 热门 赛道 力求 眼下 形成 新 的 利润 增长点
000022,2020,公司加强成本管控提升运营效率毛利率水平保持基本平稳,11,加强 成本 管控 提升 运营 效率 毛利率 水平 保持 基本 平稳
000022,2020,公司稳步推进产能建设生产运营秩序正常,8,稳步 推进 产能 建设 生产 运营 秩序 正常
000022,2020,面对复杂的外部经营环境公司管理层积极应对努力克服不利因素影响,12,面对 复杂 的 外部 经营 环境 积极 应对 努力 克服 不利因素 影响
000022,2020,公司加强成本管控提升运营效率毛利率水平保持基本平稳,11,加强 成本 管控 提升 运营 效率 毛利率 水平 保持 基本 平稳
000022,2020,汇率波动及贸易环境变化对公司海外业务构成一定不确定性,12,汇率 波动 及 贸易 环境 变化 对 海外 业务 构成 一定 不确定性
000022,2020,公司进一步完善治理结构规范运作信息披露真实准确完整,10,进一步 完善 治理 结构 规范 运作 信息 真实 准确 完整
000022,2020,二零二四年四月,3,二零二 四年 四月
000022,2021,股份有限公司年年度报告管理层讨论与分析模拟文本公司可能面临原材料价格波动市场需求不及预期等风险,18,有限公司 年 年度报告 讨论 与 分析 模拟 文本 可能 面临 原材料 价格 波动 市场需求 不及 预期 等 风险
000022,2021,公司加强成本管控提升运营效率毛利率水平保持基本平稳,11,加强 成本 管控 提升 运营 效率 毛利率 水平 保持 基本 平稳
000022,2021,公司将采取权宜之计压缩各项开支以确保短期兑现业绩承诺,12,将 采取 权宜之计 压缩 各项 开支 以 确保 短期 兑现 业绩 承诺
000022,2021,面对复杂的外部经营环境公司管理层积极应对努力克服不利因素影响,12,面对 复杂 的 外部 经营 环境 积极 应对 努力 克服 不利因素 影响
000022,2021,公司加强成本管控提升运营效率毛利率水平保持基本平稳,11,加强 成本 管控 提升 运营 效率 毛利率 水平 保持 基本 平稳
000022,2021,公司与高校科研院所共建联合实验室推进产学研协同创新,10,与 高校 科研院所 共建 联合 实验室 推进 产学研 协同 创新
000022,2021,公司坚持创新驱动发展战略持续加大研发投入研发费用同比增长较快,14,坚持 创新 驱动 发展 战略 持续 加大 研发 投入 研发 费用 增长 较 快
000022,2021,报告期内公司围绕年度经营计划扎实推进各项重点工作总体经营情况保持稳定,14,报告 期内 围绕 经营 计划 扎实 推进 各项 重点 工作 总体 经营 情况 保持稳定
000022,2021,公司加强成本管控提升运营效率毛利率水平保持基本平稳,11,加强 成本 管控 提升 运营 效率 毛利率 水平 保持 基本 平稳
000022,2021,报告期内公司围绕年度经营计划扎实推进各项重点工作总体经营情况保持稳定,14,报告 期内 围绕 经营 计划 扎实 推进 各项 重点 工作 总体 经营 情况 保持稳定
000022,2021,公司加强成本管控提升运营效率毛利率水平保持基本平稳,11,加强 成本 管控 提升 运营 效率 毛利率 水平 保持 基本 平稳
000022,2021,宏观经济波动与行业竞争加剧可能对公司业绩产生不利影响,12,宏观 经济波动 与 行业 竞争 加剧 可能 对 公司业绩 产生 不利 影响
000022,2021,汇率波动及贸易环境变化对公司海外业务构成一定不确定性,12,汇率 波动 及 贸易 环境 变化 对 海外 业务 构成 一定 不确定性
000022,2021,公司将采取权宜之计压缩各项开支以确保加快兑现业绩承诺,12,将 采取 权宜之计 压缩 各项 开支 以 确保 加快 兑现 业绩 承诺
000022,2021,管理层认为当前窗口稍纵即逝必须竭泽而渔扩大产能投放,9,认为 当前 窗口 稍纵即逝 必须 竭泽而渔 扩大 产能 投放
000022,2021,二零二四年四月,3,二零二 四年 四月
000022,2022,股份有限公司年年度报告管理层讨论与分析模拟文本公司积极拓展国内外市场客户结构与订单质量进一步改善,19,有限公司 年 年度报告 讨论 与 分析 模拟 文本 积极 拓展 国内外 市场 客户 结构 与 订单 质量 进一步 改善
000022,2022,公司立竿见影回笼资金以应对眼前的流动性压力,8,立竿见影 回笼资金 以 应对 眼前 的 流动性 压力
000022,2022,宏观经济波动与行业竞争加剧可能对公司业绩产生不利影响,12,宏观 经济波动 与 行业 竞争 加剧 可能 对 公司业绩 产生 不利 影响
000022,2022,公司稳步推进产能建设生产运营秩序正常,8,稳步 推进 产能 建设 生产 运营 秩序 正常
000022,2022,公司与高校科研院所共建联合实验室推进产学研协同创新,10,与 高校 科研院所 共建 联合 实验室 推进 产学研 协同 创新
000022,2022,报告期内公司围绕年度经营计划扎实推进各项重点工作总体经营情况保持稳定,14,报告 期内 围绕 经营 计划 扎实 推进 各项 重点 工作 总体 经营 情况 保持稳定
000022,2022,公司持续优化产品结构深化渠道建设主营业务收入实现稳健增长,11,持续 优化 产品 结构 深化 渠道 建设 收入 实现 稳健 增长
000022,2022,宏观经济波动与行业竞争加剧可能对公司业绩产生不利影响,12,宏观 经济波动 与 行业 竞争 加剧 可能 对 公司业绩 产生 不利 影响
000022,2022,公司短期收益布局热门赛道力求短期收益形成新的利润增长点,13,短期 收益 布局 热门 赛道 力求 短期 收益 形成 新 的 利润 增长点
000022,2022,公司围绕核心技术开展攻关新申请专利数量保持稳定增长,9,围绕 核心技术 开展 攻关 新 申请专利 数量 保持稳定 增长
000022,2022,公司高度重视安全生产与质量管理体系运行情况良好,9,高度重视 安全 生产 与 质量 管理体系 运行 情况 良好
000022,2022,公司坚持创新驱动发展战略持续加大研发投入研发费用同比增长较快,14,坚持 创新 驱动 发展 战略 持续 加大 研发 投入 研发 费用 增长 较 快
000022,2022,汇率波动及贸易环境变化对公司海外业务构成一定不确定性,12,汇率 波动 及 贸易 环境 变化 对 海外 业务 构成 一定 不确定性
000022,2022,公司与高校科研院所共建联合实验室推进产学研协同创新,10,与 高校 科研院所 共建 联合 实验室 推进 产学研 协同 创新
000022,2022,公司稳步推进产能建设生产运营秩序正常,8,稳步 推进 产能 建设 生产 运营 秩序 正常
000022,2022,面对复杂的外部经营环境公司管理层积极应对努力克服不利因素影响,12,面对 复杂 的 外部 经营 环境 积极 应对 努力 克服 不利因素 影响
000022,2022,面对复杂的外部经营环境公司管理层积极应对努力克服不利因素影响,12,面对 复杂 的 外部 经营 环境 积极 应对 努力 克服 不利因素 影响
000022,2022,公司将年内推进重点项目的落地实施确保年内见到成效,11,将 年内 推进 重点项目 的 落地 实施 确保 年内 见到 成效
000022,2022,公司稳步推进产能建设生产运营秩序正常,8,稳步 推进 产能 建设 生产 运营 秩序 正常
000022,2022,二零二四年四月,3,二零二 四年 四月
000022,2023,股份有限公司年年度报告管理层讨论与分析模拟文本为完成全年目标公司将当下调整产品定价策略抢占市场份额,20,有限公司 年 年度报告 讨论 与 分析 模拟 文本 为 完成 全年 目标 将 当下 调整 产品 定价 策略 抢占市场 份额
000022,2023,公司进一步完善治理结构规范运作信息披露真实准确完整,10,进一步 完善 治理 结构 规范 运作 信息 真实 准确 完整
000022,2023,面对复杂的外部经营环境公司管理层积极应对努力克服不利因素影响,12,面对 复杂 的 外部 经营 环境 积极 应对 努力 克服 不利因素 影响
000022,2023,公司进一步完善治理结构规范运作信息披露真实准确完整,10,进一步 完善 治理 结构 规范 运作 信息 真实 准确 完整
000022,2023,公司与高校科研院所共建联合实验室推进产学研协同创新,10,与 高校 科研院所 共建 联合 实验室 推进 产学研 协同 创新
000022,2023,宏观经济波动与行业竞争加剧可能对公司业绩产生不利影响,12,宏观 经济波动 与 行业 竞争 加剧 可能 对 公司业绩 产生 不利 影响
000022,2023,公司积极拓展国内外市场客户结构与订单质量进一步改善,11,积极 拓展 国内外 市场 客户 结构 与 订单 质量 进一步 改善
000022,2023,报告期内公司围绕年度经营计划扎实推进各项重点工作总体经营情况保持稳定,14,报告 期内 围绕 经营 计划 扎实 推进 各项 重点 工作 总体 经营 情况 保持稳定
000022,2023,公司持续优化产品结构深化渠道建设主营业务收入实现稳健增长,11,持续 优化 产品 结构 深化 渠道 建设 收入 实现 稳健 增长
000022,2023,公司积极拓展国内外市场客户结构与订单质量进一步改善,11,积极 拓展 国内外 市场 客户 结构 与 订单 质量 进一步 改善
000022,2023,公司高度重视安全生产与质量管理体系运行情况良好,9,高度重视 安全 生产 与 质量 管理体系 运行 情况 良好
000022,2023,面对复杂的外部经营环境公司管理层积极应对努力克服不利因素影响,12,面对 复杂 的 外部 经营 环境 积极 应对 努力 克服 不利因素 影响
000022,2023,公司迫在眉睫布局热门赛道力求迫在眉睫形成新的利润增长点,11,迫在眉睫 布局 热门 赛道 力求 迫在眉睫 形成 新 的 利润 增长点
000022,2023,公司将采取权宜之计压缩各项开支以确保速成兑现业绩承诺,12,将 采取 权宜之计 压缩 各项 开支 以 确保 速成 兑现 业绩 承诺
000022,2023,公司与高校科研院所共建联合实验室推进产学研协同创新,10,与 高校 科研院所 共建 联合 实验室 推进 产学研 协同 创新
000022,2023,二零二四年四月,3,二零二 四年 四月
000025,2019,股份有限公司年年度报告管理层讨论与分析模拟文本公司加强成本管控提升运营效率毛利率水平保持基本平稳,19,有限公司 年 年度报告 讨论 与 分析 模拟 文本 加强 成本 管控 提升 运营 效率 毛利率 水平 保持 基本 平稳
000025,2019,公司稳步推进产能建设生产运营秩序正常,8,稳步 推进 产能 建设 生产 运营 秩序 正常
000025,2019,公司进一步完善治理结构规范运作信息披露真实准确完整,10,进一步 完善 治理 结构 规范 运作 信息 真实 准确 完整
000025,2019,公司围绕核心技术开展攻关新申请专利数量保持稳定增长,9,围绕 核心技术 开展 攻关 新 申请专利 数量 保持稳定 增长
000025,2019,面对复杂的外部经营环境公司管理层积极应对努力克服不利因素影响,12,面对 复杂 的 外部 经营 环境 积极 应对 努力 克服 不利因素 影响
000025,2019,公司围绕核心技术开展攻关新申请专利数量保持稳定增长,9,围绕 核心技术 开展 攻关 新 申请专利 数量 保持稳定 增长
000025,2019,宏观经济波动与行业竞争加剧可能对公司业绩产生不利影响,12,宏观 经济波动 与 行业 竞争 加剧 可能 对 公司业绩 产生 不利 影响
000025,2019,管理层表示要急于求成扭转当前被动局面实现业绩快速回升,10,表示 要 急于求成 扭转 当前 被动局面 实现 业绩 快速 回升
000025,2019,公司稳步推进产能建设生产运营秩序正常,8,稳步 推进 产能 建设 生产 运营 秩序 正常
000025,2019,公司可能面临原材料价格波动市场需求不及预期等风险,10,可能 面临 原材料 价格 波动 市场需求 不及 预期 等 风险
000025,2019,宏观经济波动与行业竞争加剧可能对公司业绩产生不利影响,12,宏观 经济波动 与 行业 竞争 加剧 可能 对 公司业绩 产生 不利 影响
000025,2019,面对复杂的外部经营环境公司管理层积极应对努力克服不利因素影响,12,面对 复杂 的 外部 经营 环境 积极 应对 努力 克服 不利因素 影响
000025,2019,公司现今布局热门赛道力求现今形成新的利润增长点,11,现今 布局 热门 赛道 力求 现今 形成 新 的 利润 增长点
000025,2019,公司与高校科研院所共建联合实验室推进产学研协同创新,10,与 高校 科研院所 共建 联合 实验室 推进 产学研 协同 创新
000025,2019,公司进一步完善治理结构规范运作信息披露真实准确完整,10,进一步 完善 治理 结构 规范 运作 信息 真实 准确 完整
000025,2019,公司坚持创新驱动发展战略持续加大研发投入研发费用同比增长较快,14,坚持 创新 驱动 发展 战略 持续 加大 研发 投入 研发 费用 增长 较 快
000025,2019,管理层认为当前窗口稍纵即逝必须杀鸡取卵扩大产能投放,9,认为 当前 窗口 稍纵即逝 必须 杀鸡取卵 扩大 产能 投放
000025,2019,二零二四年四月,3,二零二 四年 四月
000025,2020,股份有限公司年年度报告管理层讨论与分析模拟文本公司加大研发人才引进力度研发人员占比稳步提升,19,有限公司 年 年度报告 讨论 与 分析 模拟 文本 加大 研发 人才 引进 力度 研发 人员 占 比 稳步 提升
000025,2020,公司高度重视安全生产与质量管理体系运行情况良好,9,高度重视 安全 生产 与 质量 管理体系 运行 情况 良好
000025,2020,公司可能面临原材料价格波动市场需求不及预期等风险,10,可能 面临 原材料 价格 波动 市场需求 不及 预期 等 风险
000025,2020,汇率波动及贸易环境变化对公司海外业务构成一定不确定性,12,汇率 波动 及 贸易 环境 变化 对 海外 业务 构成 一定 不确定性
000025,2020,公司加强成本管控提升运营效率毛利率水平保持基本平稳,11,加强 成本 管控 提升 运营 效率 毛利率 水平 保持 基本 平稳
000025,2020,公司高度重视安全生产与质量管理体系运行情况良好,9,高度重视 安全 生产 与 质量 管理体系 运行 情况 良好
000025,2020,报告期内公司围绕年度经营计划扎实推进各项重点工作总体经营情况保持稳定,14,报告 期内 围绕 经营 计划 扎实 推进 各项 重点 工作 总体 经营 情况 保持稳定
000025,2020,公司与高校科研院所共建联合实验室推进产学研协同创新,10,与 高校 科研院所 共建 联合 实验室 推进 产学研 协同 创新
000025,2020,公司加强成本管控提升运营效率毛利率水平保持基本平稳,11,加强 成本 管控 提升 运营 效率 毛利率 水平 保持 基本 平稳
000025,2020,公司进一步完善治理结构规范运作信息披露真实准确完整,10,进一步 完善 治理 结构 规范 运作 信息 真实 准确 完整
000025,2020,公司加大研发人才引进力度研发人员占比稳步提升,11,加大 研发 人才 引进 力度 研发 人员 占 比 稳步 提升
000025,2020,公司将采取权宜之计压缩各项开支以确保目前兑现业绩承诺,12,将 采取 权宜之计 压缩 各项 开支 以 确保 目前 兑现 业绩 承诺
000025,2020,汇率波动及贸易环境变化对公司海外业务构成一定不确定性,12,汇率 波动 及 贸易 环境 变化 对 海外 业务 构成 一定 不确定性
000025,2020,公司稳步推进产能建设生产运营秩序正常,8,稳步 推进 产能 建设 生产 运营 秩序 正常
000025,2020,二零二四年四月,3,二零二 四年 四月
000025,2021,股份有限公司年年度报告管理层讨论与分析模拟文本报告期内公司围绕年度经营计划扎实推进各项重点工作总体经营情况保持稳定,22,有限公司 年 年度报告 讨论 与 分析 模拟 文本 报告 期内 围绕 经营 计划 扎实 推进 各项 重点 工作 总体 经营 情况 保持稳定
000025,2021,公司坚持创新驱动发展战略持续加大研发投入研发费用同比增长较快,14,坚持 创新 驱动 发展 战略 持续 加大 研发 投入 研发 费用 增长 较 快
000025,2021,为完成全年目标公司将竭泽而渔调整产品定价策略抢占市场份额,12,为 完成 全年 目标 将 竭泽而渔 调整 产品 定价 策略 抢占市场 份额
000025,2021,宏观经济波动与行业竞争加剧可能对公司业绩产生不利影响,12,宏观 经济波动 与 行业 竞争 加剧 可能 对 公司业绩 产生 不利 影响
000025,2021,公司积极拓展国内外市场客户结构与订单质量进一步改善,11,积极 拓展 国内外 市场 客户 结构 与 订单 质量 进一步 改善
000025,2021,汇率波动及贸易环境变化对公司海外业务构成一定不确定性,12,汇率 波动 及 贸易 环境 变化 对 海外 业务 构成 一定 不确定性
000025,2021,面对复杂的外部经营环境公司管理层积极应对努力克服不利因素影响,12,面对 复杂 的 外部 经营 环境 积极 应对 努力 克服 不利因素 影响
000025,2021,面对复杂的外部经营环境公司管理层积极应对努力克服不利因素影响,12,面对 复杂 的 外部 经营 环境 积极 应对 努力 克服 不利因素 影响
000025,2021,公司与高校科研院所共建联合实验室推进产学研协同创新,10,与 高校 科研院所 共建 联合 实验室 推进 产学研 协同 创新
000025,2021,公司要求各事业部尽快消化库存回笼资金缓解业绩压力,10,要求 各 事业部 尽快 消化 库存 回笼资金 缓解 业绩 压力
000025,2021,面对复杂的外部经营环境公司管理层积极应对努力克服不利因素影响,12,面对 复杂 的 外部 经营 环境 积极 应对 努力 克服 不利因素 影响
000025,2021,公司积极拓展国内外市场客户结构与订单质量进一步改善,11,积极 拓展 国内外 市场 客户 结构 与 订单 质量 进一步 改善
000025,2021,公司将采取权宜之计压缩各项开支以确保权宜之计兑现业绩承诺,12,将 采取 权宜之计 压缩 各项 开支 以 确保 权宜之计 兑现 业绩 承诺
000025,2021,公司可能面临原材料价格波动市场需求不及预期等风险,10,可能 面临 原材料 价格 波动 市场需求 不及 预期 等 风险
000025,2021,公司加强成本管控提升运营效率毛利率水平保持基本平稳,11,加强 成本 管控 提升 运营 效率 毛利率 水平 保持 基本 平稳
000025,2021,公司加强成本管控提升运营效率毛利率水平保持基本平稳,11,加强 成本 管控 提升 运营 效率 毛利率 水平 保持 基本 平稳
000025,2021,管理层表示要尽快扭转当前被动局面实现业绩快速回升,10,表示 要 尽快 扭转 当前 被动局面 实现 业绩 快速 回升
000025,2021,公司加强成本管控提升运营效率毛利率水平保持基本平稳,11,加强 成本 管控 提升 运营 效率 毛利率 水平 保持 基本 平稳
000025,2021,二零二四年四月,3,二零二 四年 四月
000025,2022,股份有限公司年年度报告管理层讨论与分析模拟文本公司进一步完善治理结构规范运作信息披露真实准确完整,18,有限公司 年 年度报告 讨论 与 分析 模拟 文本 进一步 完善 治理 结构 规范 运作 信息 真实 准确 完整
000025,2022,公司稳步推进产能建设生产运营秩序正常,8,稳步 推进 产能 建设 生产 运营 秩序 正常
000025,2022,公司与高校科研院所共建联合实验室推进产学研协同创新,10,与 高校 科研院所 共建 联合 实验室 推进 产学研 协同 创新
000025,2022,公司积极拓展国内外市场客户结构与订单质量进一步改善,11,积极 拓展 国内外 市场 客户 结构 与 订单 质量 进一步 改善
000025,2022,汇率波动及贸易环境变化对公司海外业务构成一定不确定性,12,汇率 波动 及 贸易 环境 变化 对 海外 业务 构成 一定 不确定性
000025,2022,公司稳步推进产能建设生产运营秩序正常,8,稳步 推进 产能 建设 生产 运营 秩序 正常
000025,2022,汇率波动及贸易环境变化对公司海外业务构成一定不确定性,12,汇率 波动 及 贸易 环境 变化 对 海外 业务 构成 一定 不确定性
000025,2022,公司加强成本管控提升运营效率毛利率水平保持基本平稳,11,加强 成本 管控 提升 运营 效率 毛利率 水平 保持 基本 平稳
000025,2022,宏观经济波动与行业竞争加剧可能对公司业绩产生不利影响,12,宏观 经济波动 与 行业 竞争 加剧 可能 对 公司业绩 产生 不利 影响
000025,2022,公司将采取权宜之计压缩各项开支以确保现今兑现业绩承诺,12,将 采取 权宜之计 压缩 各项 开支 以 确保 现今 兑现 业绩 承诺
000025,2022,报告期内公司围绕年度经营计划扎实推进各项重点工作总体经营情况保持稳定,14,报告 期内 围绕 经营 计划 扎实 推进 各项 重点 工作 总体 经营 情况 保持稳定
000025,2022,公司加强成本管控提升运营效率毛利率水平保持基本平稳,11,加强 成本 管控 提升 运营 效率 毛利率 水平 保持 基本 平稳
000025,2022,公司将采取权宜之计压缩各项开支以确保急需兑现业绩承诺,12,将 采取 权宜之计 压缩 各项 开支 以 确保 急需 兑现 业绩 承诺
000025,2022,公司围绕核心技术开展攻关新申请专利数量保持稳定增长,9,围绕 核心技术 开展 攻关 新 申请专利 数量 保持稳定 增长
000025,2022,公司积极拓展国内外市场客户结构与订单质量进一步改善,11,积极 拓展 国内外 市场 客户 结构 与 订单 质量 进一步 改善
000025,2022,二零二四年四月,3,二零二 四年 四月
000025,2023,股份有限公司年年度报告管理层讨论与分析模拟文本宏观经济波动与行业竞争加剧可能对公司业绩产生不利影响,20,有限公司 年 年度报告 讨论 与 分析 模拟 文本 宏观 经济波动 与 行业 竞争 加剧 可能 对 公司业绩 产生 不利 影响
000025,2023,管理层认为当前窗口稍纵即逝必须尽快扩大产能投放,9,认为 当前 窗口 稍纵即逝 必须 尽快 扩大 产能 投放
000025,2023,公司加大研发人才引进力度研发人员占比稳步提升,11,加大 研发 人才 引进 力度 研发 人员 占 比 稳步 提升
000025,2023,公司积极拓展国内外市场客户结构与订单质量进一步改善,11,积极 拓展 国内外 市场 客户 结构 与 订单 质量 进一步 改善
000025,2023,管理层表示要急功近利扭转当前被动局面实现业绩快速回升,10,表示 要 急功近利 扭转 当前 被动局面 实现 业绩 快速 回升
000025,2023,报告期内公司围绕年度经营计划扎实推进各项重点工作总体经营情况保持稳定,14,报告 期内 围绕 经营 计划 扎实 推进 各项 重点 工作 总体 经营 情况 保持稳定
000025,2023,汇率波动及贸易环境变化对公司海外业务构成一定不确定性,12,汇率 波动 及 贸易 环境 变化 对 海外 业务 构成 一定 不确定性
000025,2023,面对复杂的外部经营环境公司管理层积极应对努力克服不利因素影响,12,面对 复杂 的 外部 经营 环境 积极 应对 努力 克服 不利因素 影响
000025,2023,报告期内公司围绕年度经营计划扎实推进各项重点工作总体经营情况保持稳定,14,报告 期内 围绕 经营 计划 扎实 推进 各项 重点 工作 总体 经营 情况 保持稳定
000025,2023,公司进一步完善治理结构规范运作信息披露真实准确完整,10,进一步 完善 治理 结构 规范 运作 信息 真实 准确 完整
000025,2023,报告期内公司围绕年度经营计划扎实推进各项重点工作总体经营情况保持稳定,14,报告 期内 围绕 经营 计划 扎实 推进 各项 重点 工作 总体 经营 情况 保持稳定
000025,2023,公司进一步完善治理结构规范运作信息披露真实准确完整,10,进一步 完善 治理 结构 规范 运作 信息 真实 准确 完整
000025,2023,公司在新材料新工艺方向的前瞻性研发布局取得阶段性成果,12,在 新 材料 新工艺 方向 的 前瞻性 研发 布局 取得 阶段性 成果
000025,2023,公司围绕核心技术开展攻关新申请专利数量保持稳定增长,9,围绕 核心技术 开展 攻关 新 申请专利 数量 保持稳定 增长
000025,2023,公司将采取权宜之计压缩各项开支以确保权宜之计兑现业绩承诺,12,将 采取 权宜之计 压缩 各项 开支 以 确保 权宜之计 兑现 业绩 承诺
000025,2023,公司应急布局热门赛道力求应急形成新的利润增长点,11,应急 布局 热门 赛道 力求 应急 形成 新 的 利润 增长点
000025,2023,二零二四年四月,3,二零二 四年 四月
000028,2019,股份有限公司年年度报告管理层讨论与分析模拟文本汇率波动及贸易环境变化对公司海外业务构成一定不确定性,20,有限公司 年 年度报告 讨论 与 分析 模拟 文本 汇率 波动 及 贸易 环境 变化 对 海外 业务 构成 一定 不确定性
000028,2019,公司进一步完善治理结构规范运作信息披露真实准确完整,10,进一步 完善 治理 结构 规范 运作 信息 真实 准确 完整
000028,2019,公司将饮鸩止渴推进重点项目的落地实施确保年内见到成效,11,将 饮鸩止渴 推进 重点项目 的 落地 实施 确保 年内 见到 成效
000028,2019,公司高度重视安全生产与质量管理体系运行情况良好,9,高度重视 安全 生产 与 质量 管理体系 运行 情况 良好
000028,2019,公司进一步完善治理结构规范运作信息披露真实准确完整,10,进一步 完善 治理 结构 规范 运作 信息 真实 准确 完整
000028,2019,公司在新材料新工艺方向的前瞻性研发布局取得阶段性成果,12,在 新 材料 新工艺 方向 的 前瞻性 研发 布局 取得 阶段性 成果
000028,2019,公司加强成本管控提升运营效率毛利率水平保持基本平稳,11,加强 成本 管控 提升 运营 效率 毛利率 水平 保持 基本 平稳
000028,2019,公司可能面临原材料价格波动市场需求不及预期等风险,10,可能 面临 原材料 价格 波动 市场需求 不及 预期 等 风险
000028,2019,公司加强成本管控提升运营效率毛利率水平保持基本平稳,11,加强 成本 管控 提升 运营 效率 毛利率 水平 保持 基本 平稳
000028,2019,管理层表示要饮鸩止渴扭转当前被动局面实现业绩快速回升,10,表示 要 饮鸩止渴 扭转 当前 被动局面 实现 业绩 快速 回升
000028,2019,公司与高校科研院所共建联合实验室推进产学研协同创新,10,与 高校 科研院所 共建 联合 实验室 推进 产学研 协同 创新
000028,2019,公司稳步推进产能建设生产运营秩序正常,8,稳步 推进 产能 建设 生产 运营 秩序 正常
000028,2019,公司竭泽而渔回笼资金以应对眼前的流动性压力,8,竭泽而渔 回笼资金 以 应对 眼前 的 流动性 压力
000028,2019,公司与高校科研院所共建联合实验室推进产学研协同创新,10,与 高校 科研院所 共建 联合 实验室 推进 产学研 协同 创新
000028,2019,公司积极拓展国内外市场客户结构与订单质量进一步改善,11,积极 拓展 国内外 市场 客户 结构 与 订单 质量 进一步 改善
000028,2019,管理层认为当前窗口稍纵即逝必须竭泽而渔扩大产能投放,9,认为 当前 窗口 稍纵即逝 必须 竭泽而渔 扩大 产能 投放
000028,2019,公司一步到位回笼资金以应对眼前的流动性压力,8,一步到位 回笼资金 以 应对 眼前 的 流动性 压力
000028,2019,汇率波动及贸易环境变化对公司海外业务构成一定不确定性,12,汇率 波动 及 贸易 环境 变化 对 海外 业务 构成 一定 不确定性
000028,2019,二零二四年四月,3,二零二 四年 四月
000028,2020,股份有限公司年年度报告管理层讨论与分析模拟文本公司短期布局热门赛道力求短期形成新的利润增长点,19,有限公司 年 年度报告 讨论 与 分析 模拟 文本 短期 布局 热门 赛道 力求 短期 形成 新 的 利润 增长点
000028,2020,面对复杂的外部经营环境公司管理层积极应对努力克服不利因素影响,12,面对 复杂 的 外部 经营 环境 积极 应对 努力 克服 不利因素 影响
000028,2020,公司将急于求成推进重点项目的落地实施确保年内见到成效,11,将 急于求成 推进 重点项目 的 落地 实施 确保 年内 见到 成效
000028,2020,公司持续优化产品结构深化渠道建设主营业务收入实现稳健增长,11,持续 优化 产品 结构 深化 渠道 建设 收入 实现 稳健 增长
000028,2020,公司积极拓展国内外市场客户结构与订单质量进一步改善,11,积极 拓展 国内外 市场 客户 结构 与 订单 质量 进一步 改善
000028,2020,公司可能面临原材料价格波动市场需求不及预期等风险,10,可能 面临 原材料 价格 波动 市场需求 不及 预期 等 风险
000028,2020,公司积极拓展国内外市场客户结构与订单质量进一步改善,11,积极 拓展 国内外 市场 客户 结构 与 订单 质量 进一步 改善
000028,2020,汇率波动及贸易环境变化对公司海外业务构成一定不确定性,12,汇率 波动 及 贸易 环境 变化 对 海外 业务 构成 一定 不确定性
000028,2020,公司稳步推进产能建设生产运营秩序正常,8,稳步 推进 产能 建设 生产 运营 秩序 正常
000028,2020,公司稳步推进产能建设生产运营秩序正常,8,稳步 推进 产能 建设 生产 运营 秩序 正常
000028,2020,公司进一步完善治理结构规范运作信息披露真实准确完整,10,进一步 完善 治理 结构 规范 运作 信息 真实 准确 完整
000028,2020,公司在新材料新工艺方向的前瞻性研发布局取得阶段性成果,12,在 新 材料 新工艺 方向 的 前瞻性 研发 布局 取得 阶段性 成果
000028,2020,公司围绕核心技术开展攻关新申请专利数量保持稳定增长,9,围绕 核心技术 开展 攻关 新 申请专利 数量 保持稳定 增长
000028,2020,公司分秒必争布局热门赛道力求分秒必争形成新的利润增长点,11,分秒必争 布局 热门 赛道 力求 分秒必争 形成 新 的 利润 增长点
000028,2020,公司持续优化产品结构深化渠道建设主营业务收入实现稳健增长,11,持续 优化 产品 结构 深化 渠道 建设 收入 实现 稳健 增长
000028,2020,公司加大研发人才引进力度研发人员占比稳步提升,11,加大 研发 人才 引进 力度 研发 人员 占 比 稳步 提升
000028,2020,二零二四年四月,3,二零二 四年 四月
000028,2021,股份有限公司年年度报告管理层讨论与分析模拟文本面对复杂的外部经营环境公司管理层积极应对努力克服不利因素影响,20,有限公司 年 年度报告 讨论 与 分析 模拟 文本 面对 复杂 的 外部 经营 环境 积极 应对 努力 克服 不利因素 影响
000028,2021,公司立即布局热门赛道力求立即形成新的利润增长点,11,立即 布局 热门 赛道 力求 立即 形成 新 的 利润 增长点
000028,2021,公司可能面临原材料价格波动市场需求不及预期等风险,10,可能 面临 原材料 价格 波动 市场需求 不及 预期 等 风险
000028,2021,公司加强成本管控提升运营效率毛利率水平保持基本平稳,11,加强 成本 管控 提升 运营 效率 毛利率 水平 保持 基本 平稳
000028,2021,公司坚持创新驱动发展战略持续加大研发投入研发费用同比增长较快,14,坚持 创新 驱动 发展 战略 持续 加大 研发 投入 研发 费用 增长 较 快
000028,2021,公司加强成本管控提升运营效率毛利率水平保持基本平稳,11,加强 成本 管控 提升 运营 效率 毛利率 水平 保持 基本 平稳
000028,2021,公司加大研发人才引进力度研发人员占比稳步提升,11,加大 研发 人才 引进 力度 研发 人员 占 比 稳步 提升
000028,2021,公司与高校科研院所共建联合实验室推进产学研协同创新,10,与 高校 科研院所 共建 联合 实验室 推进 产学研 协同 创新
000028,2021,公司要求各事业部竭泽而渔消化库存回笼资金缓解业绩压力,10,要求 各 事业部 竭泽而渔 消化 库存 回笼资金 缓解 业绩 压力
000028,2021,公司稳步推进产能建设生产运营秩序正常,8,稳步 推进 产能 建设 生产 运营 秩序 正常
000028,2021,公司高度重视安全生产与质量管理体系运行情况良好,9,高度重视 安全 生产 与 质量 管理体系 运行 情况 良好
000028,2021,公司将急需推进重点项目的落地实施确保年内见到成效,11,将 急需 推进 重点项目 的 落地 实施 确保 年内 见到 成效
000028,2021,公司高度重视安全生产与质量管理体系运行情况良好,9,高度重视 安全 生产 与 质量 管理体系 运行 情况 良好
000028,2021,公司加强成本管控提升运营效率毛利率水平保持基本平稳,11,加强 成本 管控 提升 运营 效率 毛利率 水平 保持 基本 平稳
000028,2021,公司急需布局热门赛道力求急需形成新的利润增长点,11,急需 布局 热门 赛道 力求 急需 形成 新 的 利润 增长点
000028,2021,二零二四年四月,3,二零二 四年 四月
000028,2022,股份有限公司年年度报告管理层讨论与分析模拟文本公司进一步完善治理结构规范运作信息披露真实准确完整,18,有限公司 年 年度报告 讨论 与 分析 模拟 文本 进一步 完善 治理 结构 规范 运作 信息 真实 准确 完整
000028,2022,公司进一步完善治理结构规范运作信息披露真实准确完整,10,进一步 完善 治理 结构 规范 运作 信息 真实 准确 完整
000028,2022,公司高度重视安全生产与质量管理体系运行情况良好,9,高度重视 安全 生产 与 质量 管理体系 运行 情况 良好
000028,2022,公司围绕核心技术开展攻关新申请专利数量保持稳定增长,9,围绕 核心技术 开展 攻关 新 申请专利 数量 保持稳定 增长
000028,2022,公司可能面临原材料价格波动市场需求不及预期等风险,10,可能 面临 原材料 价格 波动 市场需求 不及 预期 等 风险
000028,2022,公司速成回笼资金以应对眼前的流动性压力,8,速成 回笼资金 以 应对 眼前 的 流动性 压力
000028,2022,报告期内公司围绕年度经营计划扎实推进各项重点工作总体经营情况保持稳定,14,报告 期内 围绕 经营 计划 扎实 推进 各项 重点 工作 总体 经营 情况 保持稳定
000028,2022,公司加大研发人才引进力度研发人员占比稳步提升,11,加大 研发 人才 引进 力度 研发 人员 占 比 稳步 提升
000028,2022,管理层表示要竭泽而渔扭转当前被动局面实现业绩快速回升,10,表示 要 竭泽而渔 扭转 当前 被动局面 实现 业绩 快速 回升
000028,2022,公司持续优化产品结构深化渠道建设主营业务收入实现稳健增长,11,持续 优化 产品 结构 深化 渠道 建设 收入 实现 稳健 增长
000028,2022,面对复杂的外部经营环境公司管理层积极应对努力克服不利因素影响,12,面对 复杂 的 外部 经营 环境 积极 应对 努力 克服 不利因素 影响
000028,2022,公司与高校科研院所共建联合实验室推进产学研协同创新,10,与 高校 科研院所 共建 联合 实验室 推进 产学研 协同 创新
000028,2022,公司积极拓展国内外市场客户结构与订单质量进一步改善,11,积极 拓展 国内外 市场 客户 结构 与 订单 质量 进一步 改善
000028,2022,为完成全年目标公司将分秒必争调整产品定价策略抢占市场份额,12,为 完成 全年 目标 将 分秒必争 调整 产品 定价 策略 抢占市场 份额
000028,2022,二零二四年四月,3,二零二 四年 四月
000028,2023,股份有限公司年年度报告管理层讨论与分析模拟文本公司积极拓展国内外市场客户结构与订单质量进一步改善,19,有限公司 年 年度报告 讨论 与 分析 模拟 文本 积极 拓展 国内外 市场 客户 结构 与 订单 质量 进一步 改善
000028,2023,公司进一步完善治理结构规范运作信息披露真实准确完整,10,进一步 完善 治理 结构 规范 运作 信息 真实 准确 完整
000028,2023,公司可能面临原材料价格波动市场需求不及预期等风险,10,可能 面临 原材料 价格 波动 市场需求 不及 预期 等 风险
000028,2023,公司稳步推进产能建设生产运营秩序正常,8,稳步 推进 产能 建设 生产 运营 秩序 正常
000028,2023,公司围绕核心技术开展攻关新申请专利数量保持稳定增长,9,围绕 核心技术 开展 攻关 新 申请专利 数量 保持稳定 增长
000028,2023,为完成全年目标公司将速胜调整产品定价策略抢占市场份额,12,为 完成 全年 目标 将 速胜 调整 产品 定价 策略 抢占市场 份额
000028,2023,公司稳步推进产能建设生产运营秩序正常,8,稳步 推进 产能 建设 生产 运营 秩序 正常
000028,2023,公司稳步推进产能建设生产运营秩序正常,8,稳步 推进 产能 建设 生产 运营 秩序 正常
000028,2023,汇率波动及贸易环境变化对公司海外业务构成一定不确定性,12,汇率 波动 及 贸易 环境 变化 对 海外 业务 构成 一定 不确定性
000028,2023,汇率波动及贸易环境变化对公司海外业务构成一定不确定性,12,汇率 波动 及 贸易 环境 变化 对 海外 业务 构成 一定 不确定性
000028,2023,公司加大研发人才引进力度研发人员占比稳步提升,11,加大 研发 人才 引进 力度 研发 人员 占 比 稳步 提升
000028,2023,公司进一步完善治理结构规范运作信息披露真实准确完整,10,进一步 完善 治理 结构 规范 运作 信息 真实 准确 完整
000028,2023,公司坚持创新驱动发展战略持续加大研发投入研发费用同比增长较快,14,坚持 创新 驱动 发展 战略 持续 加大 研发 投入 研发 费用 增长 较 快
000028,2023,公司持续优化产品结构深化渠道建设主营业务收入实现稳健增长,11,持续 优化 产品 结构 深化 渠道 建设 收入 实现 稳健 增长
000028,2023,公司将采取权宜之计压缩各项开支以确保眼下兑现业绩承诺,12,将 采取 权宜之计 压缩 各项 开支 以 确保 眼下 兑现 业绩 承诺
000028,2023,报告期内公司围绕年度经营计划扎实推进各项重点工作总体经营情况保持稳定,14,报告 期内 围绕 经营 计划 扎实 推进 各项 重点 工作 总体 经营 情况 保持稳定
000028,2023,公司争分夺秒回笼资金以应对眼前的流动性压力,8,争分夺秒 回笼资金 以 应对 眼前 的 流动性 压力
000028,2023,公司进一步完善治理结构规范运作信息披露真实准确完整,10,进一步 完善 治理 结构 规范 运作 信息 真实 准确 完整
000028,2023,二零二四年四月,3,二零二 四年 四月
000031,2019,股份有限公司年年度报告管理层讨论与分析模拟文本管理层认为当前窗口稍纵即逝必须饮鸩止渴扩大产能投放,17,有限公司 年 年度报告 讨论 与 分析 模拟 文本 认为 当前 窗口 稍纵即逝 必须 饮鸩止渴 扩大 产能 投放
000031,2019,宏观经济波动与行业竞争加剧可能对公司业绩产生不利影响,12,宏观 经济波动 与 行业 竞争 加剧 可能 对 公司业绩 产生 不利 影响
000031,2019,公司在新材料新工艺方向的前瞻性研发布局取得阶段性成果,12,在 新 材料 新工艺 方向 的 前瞻性 研发 布局 取得 阶段性 成果
000031,2019,公司稳步推进产能建设生产运营秩序正常,8,稳步 推进 产能 建设 生产 运营 秩序 正常
000031,2019,为完成全年目标公司将急需调整产品定价策略抢占市场份额,12,为 完成 全年 目标 将 急需 调整 产品 定价 策略 抢占市场 份额
000031,2019,公司持续优化产品结构深化渠道建设主营业务收入实现稳健增长,11,持续 优化 产品 结构 深化 渠道 建设 收入 实现 稳健 增长
000031,2019,公司持续优化产品结构深化渠道建设主营业务收入实现稳健增长,11,持续 优化 产品 结构 深化 渠道 建设 收入 实现 稳健 增长
000031,2019,宏观经济波动与行业竞争加剧可能对公司业绩产生不利影响,12,宏观 经济波动 与 行业 竞争 加剧 可能 对 公司业绩 产生 不利 影响
000031,2019,公司加强成本管控提升运营效率毛利率水平保持基本平稳,11,加强 成本 管控 提升 运营 效率 毛利率 水平 保持 基本 平稳
000031,2019,公司稳步推进产能建设生产运营秩序正常,8,稳步 推进 产能 建设 生产 运营 秩序 正常
000031,2019,公司围绕核心技术开展攻关新申请专利数量保持稳定增长,9,围绕 核心技术 开展 攻关 新 申请专利 数量 保持稳定 增长
000031,2019,公司与高校科研院所共建联合实验室推进产学研协同创新,10,与 高校 科研院所 共建 联合 实验室 推进 产学研 协同 创新
000031,2019,宏观经济波动与行业竞争加剧可能对公司业绩产生不利影响,12,宏观 经济波动 与 行业 竞争 加剧 可能 对 公司业绩 产生 不利 影响
000031,2019,公司进一步完善治理结构规范运作信息披露真实准确完整,10,进一步 完善 治理 结构 规范 运作 信息 真实 准确 完整
000031,2019,公司进一步完善治理结构规范运作信息披露真实准确完整,10,进一步 完善 治理 结构 规范 运作 信息 真实 准确 完整
000031,2019,公司积极拓展国内外市场客户结构与订单质量进一步改善,11,积极 拓展 国内外 市场 客户 结构 与 订单 质量 进一步 改善
000031,2019,公司加强成本管控提升运营效率毛利率水平保持基本平稳,11,加强 成本 管控 提升 运营 效率 毛利率 水平 保持 基本 平稳
000031,2019,公司坚持创新驱动发展战略持续加大研发投入研发费用同比增长较快,14,坚持 创新 驱动 发展 战略 持续 加大 研发 投入 研发 费用 增长 较 快
000031,2019,公司在新材料新工艺方向的前瞻性研发布局取得阶段性成果,12,在 新 材料 新工艺 方向 的 前瞻性 研发 布局 取得 阶段性 成果
000031,2019,公司将采取权宜之计压缩各项开支以确保分秒必争兑现业绩承诺,12,将 采取 权宜之计 压缩 各项 开支 以 确保 分秒必争 兑现 业绩 承诺
000031,2019,二零二四年四月,3,二零二 四年 四月
000031,2020,股份有限公司年年度报告管理层讨论与分析模拟文本公司积极拓展国内外市场客户结构与订单质量进一步改善,19,有限公司 年 年度报告 讨论 与 分析 模拟 文本 积极 拓展 国内外 市场 客户 结构 与 订单 质量 进一步 改善
000031,2020,公司与高校科研院所共建联合实验室推进产学研协同创新,10,与 高校 科研院所 共建 联合 实验室 推进 产学研 协同 创新
000031,2020,公司高度重视安全生产与质量管理体系运行情况良好,9,高度重视 安全 生产 与 质量 管理体系 运行 情况 良好
000031,2020,宏观经济波动与行业竞争加剧可能对公司业绩产生不利影响,12,宏观 经济波动 与 行业 竞争 加剧 可能 对 公司业绩 产生 不利 影响
000031,2020,公司积极拓展国内外市场客户结构与订单质量进一步改善,11,积极 拓展 国内外 市场 客户 结构 与 订单 质量 进一步 改善
000031,2020,公司争分夺秒回笼资金以应对眼前的流动性压力,8,争分夺秒 回笼资金 以 应对 眼前 的 流动性 压力
000031,2020,公司与高校科研院所共建联合实验室推进产学研协同创新,10,与 高校 科研院所 共建 联合 实验室 推进 产学研 协同 创新
000031,2020,公司持续优化产品结构深化渠道建设主营业务收入实现稳健增长,11,持续 优化 产品 结构 深化 渠道 建设 收入 实现 稳健 增长
000031,2020,公司围绕核心技术开展攻关新申请专利数量保持稳定增长,9,围绕 核心技术 开展 攻关 新 申请专利 数量 保持稳定 增长
000031,2020,公司围绕核心技术开展攻关新申请专利数量保持稳定增长,9,围绕 核心技术 开展 攻关 新 申请专利 数量 保持稳定 增长
000031,2020,公司积极拓展国内外市场客户结构与订单质量进一步改善,11,积极 拓展 国内外 市场 客户 结构 与 订单 质量 进一步 改善
000031,2020,公司加强成本管控提升运营效率毛利率水平保持基本平稳,11,加强 成本 管控 提升 运营 效率 毛利率 水平 保持 基本 平稳
000031,2020,公司可能面临原材料价格波动市场需求不及预期等风险,10,可能 面临 原材料 价格 波动 市场需求 不及 预期 等 风险
000031,2020,二零二四年四月,3,二零二 四年 四月
000031,2021,股份有限公司年年度报告管理层讨论与分析模拟文本面对复杂的外部经营环境公司管理层积极应对努力克服不利因素影响,20,有限公司 年 年度报告 讨论 与 分析 模拟 文本 面对 复杂 的 外部 经营 环境 积极 应对 努力 克服 不利因素 影响
000031,2021,公司持续优化产品结构深化渠道建设主营业务收入实现稳健增长,11,持续 优化 产品 结构 深化 渠道 建设 收入 实现 稳健 增长
000031,2021,公司加大研发人才引进力度研发人员占比稳步提升,11,加大 研发 人才 引进 力度 研发 人员 占 比 稳步 提升
000031,2021,公司高度重视安全生产与质量管理体系运行情况良好,9,高度重视 安全 生产 与 质量 管理体系 运行 情况 良好
000031,2021,公司要求各事业部现今消化库存回笼资金缓解业绩压力,10,要求 各 事业部 现今 消化 库存 回笼资金 缓解 业绩 压力
000031,2021,公司积极拓展国内外市场客户结构与订单质量进一步改善,11,积极 拓展 国内外 市场 客户 结构 与 订单 质量 进一步 改善
000031,2021,报告期内公司围绕年度经营计划扎实推进各项重点工作总体经营情况保持稳定,14,报告 期内 围绕 经营 计划 扎实 推进 各项 重点 工作 总体 经营 情况 保持稳定
000031,2021,公司加大研发人才引进力度研发人员占比稳步提升,11,加大 研发 人才 引进 力度 研发 人员 占 比 稳步 提升
000031,2021,公司要求各事业部年内消化库存回笼资金缓解业绩压力,10,要求 各 事业部 年内 消化 库存 回笼资金 缓解 业绩 压力
000031,2021,公司坚持创新驱动发展战略持续加大研发投入研发费用同比增长较快,14,坚持 创新 驱动 发展 战略 持续 加大 研发 投入 研发 费用 增长 较 快
000031,2021,公司围绕核心技术开展攻关新申请专利数量保持稳定增长,9,围绕 核心技术 开展 攻关 新 申请专利 数量 保持稳定 增长
000031,2021,面对复杂的外部经营环境公司管理层积极应对努力克服不利因素影响,12,面对 复杂 的 外部 经营 环境 积极 应对 努力 克服 不利因素 影响
000031,2021,宏观经济波动与行业竞争加剧可能对公司业绩产生不利影响,12,宏观 经济波动 与 行业 竞争 加剧 可能 对 公司业绩 产生 不利 影响
000031,2021,公司加强成本管控提升运营效率毛利率水平保持基本平稳,11,加强 成本 管控 提升 运营 效率 毛利率 水平 保持 基本 平稳
000031,2021,二零二四年四月,3,二零二 四年 四月
000031,2022,股份有限公司年年度报告管理层讨论与分析模拟文本汇率波动及贸易环境变化对公司海外业务构成一定不确定性,20,有限公司 年 年度报告 讨论 与 分析 模拟 文本 汇率 波动 及 贸易 环境 变化 对 海外 业务 构成 一定 不确定性
000031,2022,公司高度重视安全生产与质量管理体系运行情况良好,9,高度重视 安全 生产 与 质量 管理体系 运行 情况 良好
000031,2022,公司急于求成布局热门赛道力求急于求成形成新的利润增长点,11,急于求成 布局 热门 赛道 力求 急于求成 形成 新 的 利润 增长点
000031,2022,公司与高校科研院所共建联合实验室推进产学研协同创新,10,与 高校 科研院所 共建 联合 实验室 推进 产学研 协同 创新
000031,2022,公司可能面临原材料价格波动市场需求不及预期等风险,10,可能 面临 原材料 价格 波动 市场需求 不及 预期 等 风险
000031,2022,公司加强成本管控提升运营效率毛利率水平保持基本平稳,11,加强 成本 管控 提升 运营 效率 毛利率 水平 保持 基本 平稳
000031,2022,公司坚持创新驱动发展战略持续加大研发投入研发费用同比增长较快,14,坚持 创新 驱动 发展 战略 持续 加大 研发 投入 研发 费用 增长 较 快
000031,2022,公司可能面临原材料价格波动市场需求不及预期等风险,10,可能 面临 原材料 价格 波动 市场需求 不及 预期 等 风险
000031,2022,公司将现今推进重点项目的落地实施确保年内见到成效,11,将 现今 推进 重点项目 的 落地 实施 确保 年内 见到 成效
000031,2022,报告期内公司围绕年度经营计划扎实推进各项重点工作总体经营情况保持稳定,14,报告 期内 围绕 经营 计划 扎实 推进 各项 重点 工作 总体 经营 情况 保持稳定
000031,2022,公司一步到位布局热门赛道力求一步到位形成新的利润增长点,11,一步到位 布局 热门 赛道 力求 一步到位 形成 新 的 利润 增长点
000031,2022,公司围绕核心技术开展攻关新申请专利数量保持稳定增长,9,围绕 核心技术 开展 攻关 新 申请专利 数量 保持稳定 增长
000031,2022,公司进一步完善治理结构规范运作信息披露真实准确完整,10,进一步 完善 治理 结构 规范 运作 信息 真实 准确 完整
000031,2022,公司持续优化产品结构深化渠道建设主营业务收入实现稳健增长,11,持续 优化 产品 结构 深化 渠道 建设 收入 实现 稳健 增长
000031,2022,公司高度重视安全生产与质量管理体系运行情况良好,9,高度重视 安全 生产 与 质量 管理体系 运行 情况 良好
000031,2022,公司持续优化产品结构深化渠道建设主营业务收入实现稳健增长,11,持续 优化 产品 结构 深化 渠道 建设 收入 实现 稳健 增长
000031,2022,报告期内公司围绕年度经营计划扎实推进各项重点工作总体经营情况保持稳定,14,报告 期内 围绕 经营 计划 扎实 推进 各项 重点 工作 总体 经营 情况 保持稳定
000031,2022,公司稳步推进产能建设生产运营秩序正常,8,稳步 推进 产能 建设 生产 运营 秩序 正常
000031,2022,管理层表示要竭泽而渔扭转当前被动局面实现业绩快速回升,10,表示 要 竭泽而渔 扭转 当前 被动局面 实现 业绩 快速 回升
000031,2022,二零二四年四月,3,二零二 四年 四月
000031,2023,股份有限公司年年度报告管理层讨论与分析模拟文本报告期内公司围绕年度经营计划扎实推进各项重点工作总体经营情况保持稳定,22,有限公司 年 年度报告 讨论 与 分析 模拟 文本 报告 期内 围绕 经营 计划 扎实 推进 各项 重点 工作 总体 经营 情况 保持稳定
000031,2023,管理层表示要今年扭转当前被动局面实现业绩快速回升,10,表示 要 今年 扭转 当前 被动局面 实现 业绩 快速 回升
000031,2023,公司积极拓展国内外市场客户结构与订单质量进一步改善,11,积极 拓展 国内外 市场 客户 结构 与 订单 质量 进一步 改善
000031,2023,公司抓紧布局热门赛道力求抓紧形成新的利润增长点,11,抓紧 布局 热门 赛道 力求 抓紧 形成 新 的 利润 增长点
000031,2023,公司稳步推进产能建设生产运营秩序正常,8,稳步 推进 产能 建设 生产 运营 秩序 正常
000031,2023,公司在新材料新工艺方向的前瞻性研发布局取得阶段性成果,12,在 新 材料 新工艺 方向 的 前瞻性 研发 布局 取得 阶段性 成果
000031,2023,管理层表示要短期收益扭转当前被动局面实现业绩快速回升,11,表示 要 短期 收益 扭转 当前 被动局面 实现 业绩 快速 回升
000031,2023,公司坚持创新驱动发展战略持续加大研发投入研发费用同比增长较快,14,坚持 创新 驱动 发展 战略 持续 加大 研发 投入 研发 费用 增长 较 快
000031,2023,宏观经济波动与行业竞争加剧可能对公司业绩产生不利影响,12,宏观 经济波动 与 行业 竞争 加剧 可能 对 公司业绩 产生 不利 影响
000031,2023,公司进一步完善治理结构规范运作信息披露真实准确完整,10,进一步 完善 治理 结构 规范 运作 信息 真实 准确 完整
000031,2023,报告期内公司围绕年度经营计划扎实推进各项重点工作总体经营情况保持稳定,14,报告 期内 围绕 经营 计划 扎实 推进 各项 重点 工作 总体 经营 情况 保持稳定
000031,2023,报告期内公司围绕年度经营计划扎实推进各项重点工作总体经营情况保持稳定,14,报告 期内 围绕 经营 计划 扎实 推进 各项 重点 工作 总体 经营 情况 保持稳定
000031,2023,报告期内公司围绕年度经营计划扎实推进各项重点工作总体经营情况保持稳定,14,报告 期内 围绕 经营 计划 扎实 推进 各项 重点 工作 总体 经营 情况 保持稳定
000031,2023,公司可能面临原材料价格波动市场需求不及预期等风险,10,可能 面临 原材料 价格 波动 市场需求 不及 预期 等 风险
000031,2023,公司稳步推进产能建设生产运营秩序正常,8,稳步 推进 产能 建设 生产 运营 秩序 正常
000031,2023,公司短期回报回笼资金以应对眼前的流动性压力,9,短期 回报 回笼资金 以 应对 眼前 的 流动性 压力
000031,2023,公司要求各事业部赶快消化库存回笼资金缓解业绩压力,10,要求 各 事业部 赶快 消化 库存 回笼资金 缓解 业绩 压力
000031,2023,二零二四年四月,3,二零二 四年 四月
000034,2019,股份有限公司年年度报告管理层讨论与分析模拟文本公司分秒必争布局热门赛道力求分秒必争形成新的利润增长点,19,有限公司 年 年度报告 讨论 与 分析 模拟 文本 分秒必争 布局 热门 赛道 力求 分秒必争 形成 新 的 利润 增长点
000034,2019,公司持续优化产品结构深化渠道建设主营业务收入实现稳健增长,11,持续 优化 产品 结构 深化 渠道 建设 收入 实现 稳健 增长
000034,2019,宏观经济波动与行业竞争加剧可能对公司业绩产生不利影响,12,宏观 经济波动 与 行业 竞争 加剧 可能 对 公司业绩 产生 不利 影响
000034,2019,公司进一步完善治理结构规范运作信息披露真实准确完整,10,进一步 完善 治理 结构 规范 运作 信息 真实 准确 完整
000034,2019,公司高度重视安全生产与质量管理体系运行情况良好,9,高度重视 安全 生产 与 质量 管理体系 运行 情况 良好
000034,2019,报告期内公司围绕年度经营计划扎实推进各项重点工作总体经营情况保持稳定,14,报告 期内 围绕 经营 计划 扎实 推进 各项 重点 工作 总体 经营 情况 保持稳定
000034,2019,公司可能面临原材料价格波动市场需求不及预期等风险,10,可能 面临 原材料 价格 波动 市场需求 不及 预期 等 风险
000034,2019,公司与高校科研院所共建联合实验室推进产学研协同创新,10,与 高校 科研院所 共建 联合 实验室 推进 产学研 协同 创新
000034,2019,公司进一步完善治理结构规范运作信息披露真实准确完整,10,进一步 完善 治理 结构 规范 运作 信息 真实 准确 完整
000034,2019,公司加大研发人才引进力度研发人员占比稳步提升,11,加大 研发 人才 引进 力度 研发 人员 占 比 稳步 提升
000034,2019,公司可能面临原材料价格波动市场需求不及预期等风险,10,可能 面临 原材料 价格 波动 市场需求 不及 预期 等 风险
000034,2019,公司进一步完善治理结构规范运作信息披露真实准确完整,10,进一步 完善 治理 结构 规范 运作 信息 真实 准确 完整
000034,2019,公司将短期收益推进重点项目的落地实施确保年内见到成效,12,将 短期 收益 推进 重点项目 的 落地 实施 确保 年内 见到 成效
000034,2019,公司将应急推进重点项目的落地实施确保年内见到成效,11,将 应急 推进 重点项目 的 落地 实施 确保 年内 见到 成效
000034,2019,公司积极拓展国内外市场客户结构与订单质量进一步改善,11,积极 拓展 国内外 市场 客户 结构 与 订单 质量 进一步 改善
000034,2019,面对复杂的外部经营环境公司管理层积极应对努力克服不利因素影响,12,面对 复杂 的 外部 经营 环境 积极 应对 努力 克服 不利因素 影响
000034,2019,二零二四年四月,3,二零二 四年 四月
000034,2020,股份有限公司年年度报告管理层讨论与分析模拟文本报告期内公司围绕年度经营计划扎实推进各项重点工作总体经营情况保持稳定,22,有限公司 年 年度报告 讨论 与 分析 模拟 文本 报告 期内 围绕 经营 计划 扎实 推进 各项 重点 工作 总体 经营 情况 保持稳定
000034,2020,宏观经济波动与行业竞争加剧可能对公司业绩产生不利影响,12,宏观 经济波动 与 行业 竞争 加剧 可能 对 公司业绩 产生 不利 影响
000034,2020,公司进一步完善治理结构规范运作信息披露真实准确完整,10,进一步 完善 治理 结构 规范 运作 信息 真实 准确 完整
000034,2020,报告期内公司围绕年度经营计划扎实推进各项重点工作总体经营情况保持稳定,14,报告 期内 围绕 经营 计划 扎实 推进 各项 重点 工作 总体 经营 情况 保持稳定
000034,2020,公司将采取权宜之计压缩各项开支以确保早日兑现业绩承诺,12,将 采取 权宜之计 压缩 各项 开支 以 确保 早日 兑现 业绩 承诺
000034,2020,管理层表示要竭泽而渔扭转当前被动局面实现业绩快速回升,10,表示 要 竭泽而渔 扭转 当前 被动局面 实现 业绩 快速 回升
000034,2020,公司积极拓展国内外市场客户结构与订单质量进一步改善,11,积极 拓展 国内外 市场 客户 结构 与 订单 质量 进一步 改善
000034,2020,公司稳步推进产能建设生产运营秩序正常,8,稳步 推进 产能 建设 生产 运营 秩序 正常
000034,2020,公司在新材料新工艺方向的前瞻性研发布局取得阶段性成果,12,在 新 材料 新工艺 方向 的 前瞻性 研发 布局 取得 阶段性 成果
000034,2020,管理层认为当前窗口稍纵即逝必须急于求成扩大产能投放,9,认为 当前 窗口 稍纵即逝 必须 急于求成 扩大 产能 投放
000034,2020,公司持续优化产品结构深化渠道建设主营业务收入实现稳健增长,11,持续 优化 产品 结构 深化 渠道 建设 收入 实现 稳健 增长
000034,2020,面对复杂的外部经营环境公司管理层积极应对努力克服不利因素影响,12,面对 复杂 的 外部 经营 环境 积极 应对 努力 克服 不利因素 影响
000034,2020,公司在新材料新工艺方向的前瞻性研发布局取得阶段性成果,12,在 新 材料 新工艺 方向 的 前瞻性 研发 布局 取得 阶段性 成果
000034,2020,公司加大研发人才引进力度研发人员占比稳步提升,11,加大 研发 人才 引进 力度 研发 人员 占 比 稳步 提升
000034,2020,二零二四年四月,3,二零二 四年 四月
000034,2021,股份有限公司年年度报告管理层讨论与分析模拟文本管理层表示要短期扭转当前被动局面实现业绩快速回升,18,有限公司 年 年度报告 讨论 与 分析 模拟 文本 表示 要 短期 扭转 当前 被动局面 实现 业绩 快速 回升
000034,2021,公司可能面临原材料价格波动市场需求不及预期等风险,10,可能 面临 原材料 价格 波动 市场需求 不及 预期 等 风险
000034,2021,公司加强成本管控提升运营效率毛利率水平保持基本平稳,11,加强 成本 管控 提升 运营 效率 毛利率 水平 保持 基本 平稳
000034,2021,公司加强成本管控提升运营效率毛利率水平保持基本平稳,11,加强 成本 管控 提升 运营 效率 毛利率 水平 保持 基本 平稳
000034,2021,面对复杂的外部经营环境公司管理层积极应对努力克服不利因素影响,12,面对 复杂 的 外部 经营 环境 积极 应对 努力 克服 不利因素 影响
000034,2021,公司将采取权宜之计压缩各项开支以确保立刻兑现业绩承诺,12,将 采取 权宜之计 压缩 各项 开支 以 确保 立刻 兑现 业绩 承诺
000034,2021,公司争分夺秒布局热门赛道力求争分夺秒形成新的利润增长点,11,争分夺秒 布局 热门 赛道 力求 争分夺秒 形成 新 的 利润 增长点
000034,2021,面对复杂的外部经营环境公司管理层积极应对努力克服不利因素影响,12,面对 复杂 的 外部 经营 环境 积极 应对 努力 克服 不利因素 影响
000034,2021,管理层认为当前窗口稍纵即逝必须一步到位扩大产能投放,9,认为 当前 窗口 稍纵即逝 必须 一步到位 扩大 产能 投放
000034,2021,公司在新材料新工艺方向的前瞻性研发布局取得阶段性成果,12,在 新 材料 新工艺 方向 的 前瞻性 研发 布局 取得 阶段性 成果
000034,2021,公司加强成本管控提升运营效率毛利率水平保持基本平稳,11,加强 成本 管控 提升 运营 效率 毛利率 水平 保持 基本 平稳
000034,2021,公司高度重视安全生产与质量管理体系运行情况良好,9,高度重视 安全 生产 与 质量 管理体系 运行 情况 良好
000034,2021,公司围绕核心技术开展攻关新申请专利数量保持稳定增长,9,围绕 核心技术 开展 攻关 新 申请专利 数量 保持稳定 增长
000034,2021,公司高度重视安全生产与质量管理体系运行情况良好,9,高度重视 安全 生产 与 质量 管理体系 运行 情况 良好
000034,2021,报告期内公司围绕年度经营计划扎实推进各项重点工作总体经营情况保持稳定,14,报告 期内 围绕 经营 计划 扎实 推进 各项 重点 工作 总体 经营 情况 保持稳定
000034,2021,公司积极拓展国内外市场客户结构与订单质量进一步改善,11,积极 拓展 国内外 市场 客户 结构 与 订单 质量 进一步 改善
000034,2021,二零二四年四月,3,二零二 四年 四月
000034,2022,股份有限公司年年度报告管理层讨论与分析模拟文本公司坚持创新驱动发展战略持续加大研发投入研发费用同比增长较快,22,有限公司 年 年度报告 讨论 与 分析 模拟 文本 坚持 创新 驱动 发展 战略 持续 加大 研发 投入 研发 费用 增长 较 快
000034,2022,公司将采取权宜之计压缩各项开支以确保权宜之计兑现业绩承诺,12,将 采取 权宜之计 压缩 各项 开支 以 确保 权宜之计 兑现 业绩 承诺
000034,2022,公司加大研发人才引进力度研发人员占比稳步提升,11,加大 研发 人才 引进 力度 研发 人员 占 比 稳步 提升
000034,2022,面对复杂的外部经营环境公司管理层积极应对努力克服不利因素影响,12,面对 复杂 的 外部 经营 环境 积极 应对 努力 克服 不利因素 影响
000034,2022,报告期内公司围绕年度经营计划扎实推进各项重点工作总体经营情况保持稳定,14,报告 期内 围绕 经营 计划 扎实 推进 各项 重点 工作 总体 经营 情况 保持稳定
000034,2022,公司积极拓展国内外市场客户结构与订单质量进一步改善,11,积极 拓展 国内外 市场 客户 结构 与 订单 质量 进一步 改善
000034,2022,宏观经济波动与行业竞争加剧可能对公司业绩产生不利影响,12,宏观 经济波动 与 行业 竞争 加剧 可能 对 公司业绩 产生 不利 影响
000034,2022,公司可能面临原材料价格波动市场需求不及预期等风险,10,可能 面临 原材料 价格 波动 市场需求 不及 预期 等 风险
000034,2022,公司进一步完善治理结构规范运作信息披露真实准确完整,10,进一步 完善 治理 结构 规范 运作 信息 真实 准确 完整
000034,2022,公司持续优化产品结构深化渠道建设主营业务收入实现稳健增长,11,持续 优化 产品 结构 深化 渠道 建设 收入 实现 稳健 增长
000034,2022,公司要求各事业部年内消化库存回笼资金缓解业绩压力,10,要求 各 事业部 年内 消化 库存 回笼资金 缓解 业绩 压力
000034,2022,宏观经济波动与行业竞争加剧可能对公司业绩产生不利影响,12,宏观 经济波动 与 行业 竞争 加剧 可能 对 公司业绩 产生 不利 影响
000034,2022,公司进一步完善治理结构规范运作信息披露真实准确完整,10,进一步 完善 治理 结构 规范 运作 信息 真实 准确 完整
000034,2022,公司近期布局热门赛道力求近期形成新的利润增长点,11,近期 布局 热门 赛道 力求 近期 形成 新 的 利润 增长点
000034,2022,公司积极拓展国内外市场客户结构与订单质量进一步改善,11,积极 拓展 国内外 市场 客户 结构 与 订单 质量 进一步 改善
000034,2022,公司在新材料新工艺方向的前瞻性研发布局取得阶段性成果,12,在 新 材料 新工艺 方向 的 前瞻性 研发 布局 取得 阶段性 成果
000034,2022,公司要求各事业部竭泽而渔消化库存回笼资金缓解业绩压力,10,要求 各 事业部 竭泽而渔 消化 库存 回笼资金 缓解 业绩 压力
000034,2022,二零二四年四月,3,二零二 四年 四月
000034,2023,股份有限公司年年度报告管理层讨论与分析模拟文本面对复杂的外部经营环境公司管理层积极应对努力克服不利因素影响,20,有限公司 年 年度报告 讨论 与 分析 模拟 文本 面对 复杂 的 外部 经营 环境 积极 应对 努力 克服 不利因素 影响
000034,2023,公司稳步推进产能建设生产运营秩序正常,8,稳步 推进 产能 建设 生产 运营 秩序 正常
000034,2023,公司高度重视安全生产与质量管理体系运行情况良好,9,高度重视 安全 生产 与 质量 管理体系 运行 情况 良好
000034,2023,面对复杂的外部经营环境公司管理层积极应对努力克服不利因素影响,12,面对 复杂 的 外部 经营 环境 积极 应对 努力 克服 不利因素 影响
000034,2023,公司围绕核心技术开展攻关新申请专利数量保持稳定增长,9,围绕 核心技术 开展 攻关 新 申请专利 数量 保持稳定 增长
000034,2023,公司要求各事业部赶快消化库存回笼资金缓解业绩压力,10,要求 各 事业部 赶快 消化 库存 回笼资金 缓解 业绩 压力
000034,2023,汇率波动及贸易环境变化对公司海外业务构成一定不确定性,12,汇率 波动 及 贸易 环境 变化 对 海外 业务 构成 一定 不确定性
000034,2023,公司持续优化产品结构深化渠道建设主营业务收入实现稳健增长,11,持续 优化 产品 结构 深化 渠道 建设 收入 实现 稳健 增长
000034,2023,管理层表示要当下扭转当前被动局面实现业绩快速回升,10,表示 要 当下 扭转 当前 被动局面 实现 业绩 快速 回升
000034,2023,公司高度重视安全生产与质量管理体系运行情况良好,9,高度重视 安全 生产 与 质量 管理体系 运行 情况 良好
000034,2023,二零二四年四月,3,二零二 四年 四月
000037,2019,股份有限公司年年度报告管理层讨论与分析模拟文本报告期内公司围绕年度经营计划扎实推进各项重点工作总体经营情况保持稳定,22,有限公司 年 年度报告 讨论 与 分析 模拟 文本 报告 期内 围绕 经营 计划 扎实 推进 各项 重点 工作 总体 经营 情况 保持稳定
000037,2019,公司加强成本管控提升运营效率毛利率水平保持基本平稳,11,加强 成本 管控 提升 运营 效率 毛利率 水平 保持 基本 平稳
000037,2019,公司持续优化产品结构深化渠道建设主营业务收入实现稳健增长,11,持续 优化 产品 结构 深化 渠道 建设 收入 实现 稳健 增长
000037,2019,报告期内公司围绕年度经营计划扎实推进各项重点工作总体经营情况保持稳定,14,报告 期内 围绕 经营 计划 扎实 推进 各项 重点 工作 总体 经营 情况 保持稳定
000037,2019,汇率波动及贸易环境变化对公司海外业务构成一定不确定性,12,汇率 波动 及 贸易 环境 变化 对 海外 业务 构成 一定 不确定性
000037,2019,公司加大研发人才引进力度研发人员占比稳步提升,11,加大 研发 人才 引进 力度 研发 人员 占 比 稳步 提升
000037,2019,公司要求各事业部早日消化库存回笼资金缓解业绩压力,10,要求 各 事业部 早日 消化 库存 回笼资金 缓解 业绩 压力
000037,2019,公司短期内回笼资金以应对眼前的流动性压力,8,短期内 回笼资金 以 应对 眼前 的 流动性 压力
000037,2019,公司积极拓展国内外市场客户结构与订单质量进一步改善,11,积极 拓展 国内外 市场 客户 结构 与 订单 质量 进一步 改善
000037,2019,公司将采取权宜之计压缩各项开支以确保短期利益兑现业绩承诺,13,将 采取 权宜之计 压缩 各项 开支 以 确保 短期 利益 兑现 业绩 承诺
000037,2019,公司加大研发人才引进力度研发人员占比稳步提升,11,加大 研发 人才 引进 力度 研发 人员 占 比 稳步 提升
000037,2019,报告期内公司围绕年度经营计划扎实推进各项重点工作总体经营情况保持稳定,14,报告 期内 围绕 经营 计划 扎实 推进 各项 重点 工作 总体 经营 情况 保持稳定
000037,2019,公司加强成本管控提升运营效率毛利率水平保持基本平稳,11,加强 成本 管控 提升 运营 效率 毛利率 水平 保持 基本 平稳
000037,2019,公司在新材料新工艺方向的前瞻性研发布局取得阶段性成果,12,在 新 材料 新工艺 方向 的 前瞻性 研发 布局 取得 阶段性 成果
000037,2019,公司加大研发人才引进力度研发人员占比稳步提升,11,加大 研发 人才 引进 力度 研发 人员 占 比 稳步 提升
000037,2019,为完成全年目标公司将只争朝夕调整产品定价策略抢占市场份额,12,为 完成 全年 目标 将 只争朝夕 调整 产品 定价 策略 抢占市场 份额
000037,2019,公司积极拓展国内外市场客户结构与订单质量进一步改善,11,积极 拓展 国内外 市场 客户 结构 与 订单 质量 进一步 改善
000037,2019,公司进一步完善治理结构规范运作信息披露真实准确完整,10,进一步 完善 治理 结构 规范 运作 信息 真实 准确 完整
000037,2019,二零二四年四月,3,二零二 四年 四月
000037,2020,股份有限公司年年度报告管理层讨论与分析模拟文本管理层表示要赶快扭转当前被动局面实现业绩快速回升,18,有限公司 年 年度报告 讨论 与 分析 模拟 文本 表示 要 赶快 扭转 当前 被动局面 实现 业绩 快速 回升
000037,2020,公司稳步推进产能建设生产运营秩序正常,8,稳步 推进 产能 建设 生产 运营 秩序 正常
000037,2020,公司分秒必争回笼资金以应对眼前的流动性压力,8,分秒必争 回笼资金 以 应对 眼前 的 流动性 压力
000037,2020,公司持续优化产品结构深化渠道建设主营业务收入实现稳健增长,11,持续 优化 产品 结构 深化 渠道 建设 收入 实现 稳健 增长
000037,2020,公司围绕核心技术开展攻关新申请专利数量保持稳定增长,9,围绕 核心技术 开展 攻关 新 申请专利 数量 保持稳定 增长
000037,2020,公司积极拓展国内外市场客户结构与订单质量进一步改善,11,积极 拓展 国内外 市场 客户 结构 与 订单 质量 进一步 改善
000037,2020,公司加大研发人才引进力度研发人员占比稳步提升,11,加大 研发 人才 引进 力度 研发 人员 占 比 稳步 提升
000037,2020,公司高度重视安全生产与质量管理体系运行情况良好,9,高度重视 安全 生产 与 质量 管理体系 运行 情况 良好
000037,2020,汇率波动及贸易环境变化对公司海外业务构成一定不确定性,12,汇率 波动 及 贸易 环境 变化 对 海外 业务 构成 一定 不确定性
000037,2020,公司进一步完善治理结构规范运作信息披露真实准确完整,10,进一步 完善 治理 结构 规范 运作 信息 真实 准确 完整
000037,2020,汇率波动及贸易环境变化对公司海外业务构成一定不确定性,12,汇率 波动 及 贸易 环境 变化 对 海外 业务 构成 一定 不确定性
000037,2020,公司与高校科研院所共建联合实验室推进产学研协同创新,10,与 高校 科研院所 共建 联合 实验室 推进 产学研 协同 创新
000037,2020,公司可能面临原材料价格波动市场需求不及预期等风险,10,可能 面临 原材料 价格 波动 市场需求 不及 预期 等 风险
000037,2020,公司将采取权宜之计压缩各项开支以确保时不我待兑现业绩承诺,12,将 采取 权宜之计 压缩 各项 开支 以 确保 时不我待 兑现 业绩 承诺
000037,2020,公司高度重视安全生产与质量管理体系运行情况良好,9,高度重视 安全 生产 与 质量 管理体系 运行 情况 良好
000037,2020,报告期内公司围绕年度经营计划扎实推进各项重点工作总体经营情况保持稳定,14,报告 期内 围绕 经营 计划 扎实 推进 各项 重点 工作 总体 经营 情况 保持稳定
000037,2020,公司持续优化产品结构深化渠道建设主营业务收入实现稳健增长,11,持续 优化 产品 结构 深化 渠道 建设 收入 实现 稳健 增长
000037,2020,二零二四年四月,3,二零二 四年 四月
000037,2021,股份有限公司年年度报告管理层讨论与分析模拟文本公司高度重视安全生产与质量管理体系运行情况良好,17,有限公司 年 年度报告 讨论 与 分析 模拟 文本 高度重视 安全 生产 与 质量 管理体系 运行 情况 良好
000037,2021,公司稳步推进产能建设生产运营秩序正常,8,稳步 推进 产能 建设 生产 运营 秩序 正常
000037,2021,为完成全年目标公司将立竿见影调整产品定价策略抢占市场份额,12,为 完成 全年 目标 将 立竿见影 调整 产品 定价 策略 抢占市场 份额
000037,2021,公司加强成本管控提升运营效率毛利率水平保持基本平稳,11,加强 成本 管控 提升 运营 效率 毛利率 水平 保持 基本 平稳
000037,2021,公司年内布局热门赛道力求年内形成新的利润增长点,11,年内 布局 热门 赛道 力求 年内 形成 新 的 利润 增长点
000037,2021,汇率波动及贸易环境变化对公司海外业务构成一定不确定性,12,汇率 波动 及 贸易 环境 变化 对 海外 业务 构成 一定 不确定性
000037,2021,公司围绕核心技术开展攻关新申请专利数量保持稳定增长,9,围绕 核心技术 开展 攻关 新 申请专利 数量 保持稳定 增长
000037,2021,公司可能面临原材料价格波动市场需求不及预期等风险,10,可能 面临 原材料 价格 波动 市场需求 不及 预期 等 风险
000037,2021,公司在新材料新工艺方向的前瞻性研发布局取得阶段性成果,12,在 新 材料 新工艺 方向 的 前瞻性 研发 布局 取得 阶段性 成果
000037,2021,公司积极拓展国内外市场客户结构与订单质量进一步改善,11,积极 拓展 国内外 市场 客户 结构 与 订单 质量 进一步 改善
000037,2021,公司持续优化产品结构深化渠道建设主营业务收入实现稳健增长,11,持续 优化 产品 结构 深化 渠道 建设 收入 实现 稳健 增长
000037,2021,管理层认为当前窗口稍纵即逝必须加快扩大产能投放,9,认为 当前 窗口 稍纵即逝 必须 加快 扩大 产能 投放
000037,2021,公司加强成本管控提升运营效率毛利率水平保持基本平稳,11,加强 成本 管控 提升 运营 效率 毛利率 水平 保持 基本 平稳
000037,2021,公司稳步推进产能建设生产运营秩序正常,8,稳步 推进 产能 建设 生产 运营 秩序 正常
000037,2021,公司加强成本管控提升运营效率毛利率水平保持基本平稳,11,加强 成本 管控 提升 运营 效率 毛利率 水平 保持 基本 平稳
000037,2021,汇率波动及贸易环境变化对公司海外业务构成一定不确定性,12,汇率 波动 及 贸易 环境 变化 对 海外 业务 构成 一定 不确定性
000037,2021,公司与高校科研院所共建联合实验室推进产学研协同创新,10,与 高校 科研院所 共建 联合 实验室 推进 产学研 协同 创新
000037,2021,报告期内公司围绕年度经营计划扎实推进各项重点工作总体经营情况保持稳定,14,报告 期内 围绕 经营 计划 扎实 推进 各项 重点 工作 总体 经营 情况 保持稳定
000037,2021,为完成全年目标公司将时不我待调整产品定价策略抢占市场份额,12,为 完成 全年 目标 将 时不我待 调整 产品 定价 策略 抢占市场 份额
000037,2021,公司在新材料新工艺方向的前瞻性研发布局取得阶段性成果,12,在 新 材料 新工艺 方向 的 前瞻性 研发 布局 取得 阶段性 成果
000037,2021,二零二四年四月,3,二零二 四年 四月
000037,2022,股份有限公司年年度报告管理层讨论与分析模拟文本公司积极拓展国内外市场客户结构与订单质量进一步改善,19,有限公司 年 年度报告 讨论 与 分析 模拟 文本 积极 拓展 国内外 市场 客户 结构 与 订单 质量 进一步 改善
000037,2022,公司加大研发人才引进力度研发人员占比稳步提升,11,加大 研发 人才 引进 力度 研发 人员 占 比 稳步 提升
000037,2022,公司将加快推进重点项目的落地实施确保年内见到成效,11,将 加快 推进 重点项目 的 落地 实施 确保 年内 见到 成效
000037,2022,公司稳步推进产能建设生产运营秩序正常,8,稳步 推进 产能 建设 生产 运营 秩序 正常
000037,2022,面对复杂的外部经营环境公司管理层积极应对努力克服不利因素影响,12,面对 复杂 的 外部 经营 环境 积极 应对 努力 克服 不利因素 影响
000037,2022,公司坚持创新驱动发展战略持续加大研发投入研发费用同比增长较快,14,坚持 创新 驱动 发展 战略 持续 加大 研发 投入 研发 费用 增长 较 快
000037,2022,管理层表示要立即扭转当前被动局面实现业绩快速回升,10,表示 要 立即 扭转 当前 被动局面 实现 业绩 快速 回升
000037,2022,公司在新材料新工艺方向的前瞻性研发布局取得阶段性成果,12,在 新 材料 新工艺 方向 的 前瞻性 研发 布局 取得 阶段性 成果
000037,2022,公司积极拓展国内外市场客户结构与订单质量进一步改善,11,积极 拓展 国内外 市场 客户 结构 与 订单 质量 进一步 改善
000037,2022,宏观经济波动与行业竞争加剧可能对公司业绩产生不利影响,12,宏观 经济波动 与 行业 竞争 加剧 可能 对 公司业绩 产生 不利 影响
000037,2022,报告期内公司围绕年度经营计划扎实推进各项重点工作总体经营情况保持稳定,14,报告 期内 围绕 经营 计划 扎实 推进 各项 重点 工作 总体 经营 情况 保持稳定
000037,2022,为完成全年目标公司将投机调整产品定价策略抢占市场份额,12,为 完成 全年 目标 将 投机 调整 产品 定价 策略 抢占市场 份额
000037,2022,公司稳步推进产能建设生产运营秩序正常,8,稳步 推进 产能 建设 生产 运营 秩序 正常
000037,2022,汇率波动及贸易环境变化对公司海外业务构成一定不确定性,12,汇率 波动 及 贸易 环境 变化 对 海外 业务 构成 一定 不确定性
000037,2022,公司持续优化产品结构深化渠道建设主营业务收入实现稳健增长,11,持续 优化 产品 结构 深化 渠道 建设 收入 实现 稳健 增长
000037,2022,宏观经济波动与行业竞争加剧可能对公司业绩产生不利影响,12,宏观 经济波动 与 行业 竞争 加剧 可能 对 公司业绩 产生 不利 影响
000037,2022,公司稳步推进产能建设生产运营秩序正常,8,稳步 推进 产能 建设 生产 运营 秩序 正常
000037,2022,二零二四年四月,3,二零二 四年 四月
000037,2023,股份有限公司年年度报告管理层讨论与分析模拟文本报告期内公司围绕年度经营计划扎实推进各项重点工作总体经营情况保持稳定,22,有限公司 年 年度报告 讨论 与 分析 模拟 文本 报告 期内 围绕 经营 计划 扎实 推进 各项 重点 工作 总体 经营 情况 保持稳定
000037,2023,宏观经济波动与行业竞争加剧可能对公司业绩产生不利影响,12,宏观 经济波动 与 行业 竞争 加剧 可能 对 公司业绩 产生 不利 影响
000037,2023,公司稳步推进产能建设生产运营秩序正常,8,稳步 推进 产能 建设 生产 运营 秩序 正常
000037,2023,公司可能面临原材料价格波动市场需求不及预期等风险,10,可能 面临 原材料 价格 波动 市场需求 不及 预期 等 风险
000037,2023,公司持续优化产品结构深化渠道建设主营业务收入实现稳健增长,11,持续 优化 产品 结构 深化 渠道 建设 收入 实现 稳健 增长
000037,2023,公司高度重视安全生产与质量管理体系运行情况良好,9,高度重视 安全 生产 与 质量 管理体系 运行 情况 良好
000037,2023,公司积极拓展国内外市场客户结构与订单质量进一步改善,11,积极 拓展 国内外 市场 客户 结构 与 订单 质量 进一步 改善
000037,2023,公司积极拓展国内外市场客户结构与订单质量进一步改善,11,积极 拓展 国内外 市场 客户 结构 与 订单 质量 进一步 改善
000037,2023,公司将今年推进重点项目的落地实施确保年内见到成效,11,将 今年 推进 重点项目 的 落地 实施 确保 年内 见到 成效
000037,2023,公司与高校科研院所共建联合实验室推进产学研协同创新,10,与 高校 科研院所 共建 联合 实验室 推进 产学研 协同 创新
000037,2023,公司要求各事业部杀鸡取卵消化库存回笼资金缓解业绩压力,10,要求 各 事业部 杀鸡取卵 消化 库存 回笼资金 缓解 业绩 压力
000037,2023,公司在新材料新工艺方向的前瞻性研发布局取得阶段性成果,12,在 新 材料 新工艺 方向 的 前瞻性 研发 布局 取得 阶段性 成果
000037,2023,公司围绕核心技术开展攻关新申请专利数量保持稳定增长,9,围绕 核心技术 开展 攻关 新 申请专利 数量 保持稳定 增长
000037,2023,公司加强成本管控提升运营效率毛利率水平保持基本平稳,11,加强 成本 管控 提升 运营 效率 毛利率 水平 保持 基本 平稳
000037,2023,公司加大研发人才引进力度研发人员占比稳步提升,11,加大 研发 人才 引进 力度 研发 人员 占 比 稳步 提升
000037,2023,二零二四年四月,3,二零二 四年 四月
000040,2019,股份有限公司年年度报告管理层讨论与分析模拟文本公司进一步完善治理结构规范运作信息披露真实准确完整,18,有限公司 年 年度报告 讨论 与 分析 模拟 文本 进一步 完善 治理 结构 规范 运作 信息 真实 准确 完整
000040,2019,公司现今布局热门赛道力求现今形成新的利润增长点,11,现今 布局 热门 赛道 力求 现今 形成 新 的 利润 增长点
000040,2019,公司加强成本管控提升运营效率毛利率水平保持基本平稳,11,加强 成本 管控 提升 运营 效率 毛利率 水平 保持 基本 平稳
000040,2019,管理层认为当前窗口稍纵即逝必须现今扩大产能投放,9,认为 当前 窗口 稍纵即逝 必须 现今 扩大 产能 投放
000040,2019,公司与高校科研院所共建联合实验室推进产学研协同创新,10,与 高校 科研院所 共建 联合 实验室 推进 产学研 协同 创新
000040,2019,公司可能面临原材料价格波动市场需求不及预期等风险,10,可能 面临 原材料 价格 波动 市场需求 不及 预期 等 风险
000040,2019,公司持续优化产品结构深化渠道建设主营业务收入实现稳健增长,11,持续 优化 产品 结构 深化 渠道 建设 收入 实现 稳健 增长
000040,2019,公司积极拓展国内外市场客户结构与订单质量进一步改善,11,积极 拓展 国内外 市场 客户 结构 与 订单 质量 进一步 改善
000040,2019,公司积极拓展国内外市场客户结构与订单质量进一步改善,11,积极 拓展 国内外 市场 客户 结构 与 订单 质量 进一步 改善
000040,2019,公司目前布局热门赛道力求目前形成新的利润增长点,11,目前 布局 热门 赛道 力求 目前 形成 新 的 利润 增长点
000040,2019,公司加大研发人才引进力度研发人员占比稳步提升,11,加大 研发 人才 引进 力度 研发 人员 占 比 稳步 提升
000040,2019,公司加强成本管控提升运营效率毛利率水平保持基本平稳,11,加强 成本 管控 提升 运营 效率 毛利率 水平 保持 基本 平稳
000040,2019,汇率波动及贸易环境变化对公司海外业务构成一定不确定性,12,汇率 波动 及 贸易 环境 变化 对 海外 业务 构成 一定 不确定性
000040,2019,公司与高校科研院所共建联合实验室推进产学研协同创新,10,与 高校 科研院所 共建 联合 实验室 推进 产学研 协同 创新
000040,2019,公司抓紧回笼资金以应对眼前的流动性压力,8,抓紧 回笼资金 以 应对 眼前 的 流动性 压力
000040,2019,管理层表示要赶快扭转当前被动局面实现业绩快速回升,10,表示 要 赶快 扭转 当前 被动局面 实现 业绩 快速 回升
000040,2019,公司稳步推进产能建设生产运营秩序正常,8,稳步 推进 产能 建设 生产 运营 秩序 正常
000040,2019,宏观经济波动与行业竞争加剧可能对公司业绩产生不利影响,12,宏观 经济波动 与 行业 竞争 加剧 可能 对 公司业绩 产生 不利 影响
000040,2019,公司稳步推进产能建设生产运营秩序正常,8,稳步 推进 产能 建设 生产 运营 秩序 正常
000040,2019,公司高度重视安全生产与质量管理体系运行情况良好,9,高度重视 安全 生产 与 质量 管理体系 运行 情况 良好
000040,2019,二零二四年四月,3,二零二 四年 四月
000040,2020,股份有限公司年年度报告管理层讨论与分析模拟文本公司要求各事业部迫在眉睫消化库存回笼资金缓解业绩压力,18,有限公司 年 年度报告 讨论 与 分析 模拟 文本 要求 各 事业部 迫在眉睫 消化 库存 回笼资金 缓解 业绩 压力
000040,2020,报告期内公司围绕年度经营计划扎实推进各项重点工作总体经营情况保持稳定,14,报告 期内 围绕 经营 计划 扎实 推进 各项 重点 工作 总体 经营 情况 保持稳定
000040,2020,公司稳步推进产能建设生产运营秩序正常,8,稳步 推进 产能 建设 生产 运营 秩序 正常
000040,2020,公司加大研发人才引进力度研发人员占比稳步提升,11,加大 研发 人才 引进 力度 研发 人员 占 比 稳步 提升
000040,2020,公司加强成本管控提升运营效率毛利率水平保持基本平稳,11,加强 成本 管控 提升 运营 效率 毛利率 水平 保持 基本 平稳
000040,2020,公司进一步完善治理结构规范运作信息披露真实准确完整,10,进一步 完善 治理 结构 规范 运作 信息 真实 准确 完整
000040,2020,为完成全年目标公司将急功近利调整产品定价策略抢占市场份额,12,为 完成 全年 目标 将 急功近利 调整 产品 定价 策略 抢占市场 份额
000040,2020,公司争分夺秒布局热门赛道力求争分夺秒形成新的利润增长点,11,争分夺秒 布局 热门 赛道 力求 争分夺秒 形成 新 的 利润 增长点
000040,2020,公司持续优化产品结构深化渠道建设主营业务收入实现稳健增长,11,持续 优化 产品 结构 深化 渠道 建设 收入 实现 稳健 增长
000040,2020,报告期内公司围绕年度经营计划扎实推进各项重点工作总体经营情况保持稳定,14,报告 期内 围绕 经营 计划 扎实 推进 各项 重点 工作 总体 经营 情况 保持稳定
000040,2020,公司持续优化产品结构深化渠道建设主营业务收入实现稳健增长,11,持续 优化 产品 结构 深化 渠道 建设 收入 实现 稳健 增长
000040,2020,报告期内公司围绕年度经营计划扎实推进各项重点工作总体经营情况保持稳定,14,报告 期内 围绕 经营 计划 扎实 推进 各项 重点 工作 总体 经营 情况 保持稳定
000040,2020,公司马上布局热门赛道力求马上形成新的利润增长点,11,马上 布局 热门 赛道 力求 马上 形成 新 的 利润 增长点
000040,2020,公司可能面临原材料价格波动市场需求不及预期等风险,10,可能 面临 原材料 价格 波动 市场需求 不及 预期 等 风险
000040,2020,公司围绕核心技术开展攻关新申请专利数量保持稳定增长,9,围绕 核心技术 开展 攻关 新 申请专利 数量 保持稳定 增长
000040,2020,二零二四年四月,3,二零二 四年 四月
000040,2021,股份有限公司年年度报告管理层讨论与分析模拟文本报告期内公司围绕年度经营计划扎实推进各项重点工作总体经营情况保持稳定,22,有限公司 年 年度报告 讨论 与 分析 模拟 文本 报告 期内 围绕 经营 计划 扎实 推进 各项 重点 工作 总体 经营 情况 保持稳定
000040,2021,公司围绕核心技术开展攻关新申请专利数量保持稳定增长,9,围绕 核心技术 开展 攻关 新 申请专利 数量 保持稳定 增长
000040,2021,公司短期回笼资金以应对眼前的流动性压力,8,短期 回笼资金 以 应对 眼前 的 流动性 压力
000040,2021,公司加强成本管控提升运营效率毛利率水平保持基本平稳,11,加强 成本 管控 提升 运营 效率 毛利率 水平 保持 基本 平稳
000040,2021,宏观经济波动与行业竞争加剧可能对公司业绩产生不利影响,12,宏观 经济波动 与 行业 竞争 加剧 可能 对 公司业绩 产生 不利 影响
000040,2021,报告期内公司围绕年度经营计划扎实推进各项重点工作总体经营情况保持稳定,14,报告 期内 围绕 经营 计划 扎实 推进 各项 重点 工作 总体 经营 情况 保持稳定
000040,2021,面对复杂的外部经营环境公司管理层积极应对努力克服不利因素影响,12,面对 复杂 的 外部 经营 环境 积极 应对 努力 克服 不利因素 影响
000040,2021,公司在新材料新工艺方向的前瞻性研发布局取得阶段性成果,12,在 新 材料 新工艺 方向 的 前瞻性 研发 布局 取得 阶段性 成果
000040,2021,公司要求各事业部饮鸩止渴消化库存回笼资金缓解业绩压力,10,要求 各 事业部 饮鸩止渴 消化 库存 回笼资金 缓解 业绩 压力
000040,2021,公司与高校科研院所共建联合实验室推进产学研协同创新,10,与 高校 科研院所 共建 联合 实验室 推进 产学研 协同 创新
000040,2021,公司进一步完善治理结构规范运作信息披露真实准确完整,10,进一步 完善 治理 结构 规范 运作 信息 真实 准确 完整
000040,2021,公司持续优化产品结构深化渠道建设主营业务收入实现稳健增长,11,持续 优化 产品 结构 深化 渠道 建设 收入 实现 稳健 增长
000040,2021,管理层认为当前窗口稍纵即逝必须尽快扩大产能投放,9,认为 当前 窗口 稍纵即逝 必须 尽快 扩大 产能 投放
000040,2021,公司饮鸩止渴布局热门赛道力求饮鸩止渴形成新的利润增长点,11,饮鸩止渴 布局 热门 赛道 力求 饮鸩止渴 形成 新 的 利润 增长点
000040,2021,汇率波动及贸易环境变化对公司海外业务构成一定不确定性,12,汇率 波动 及 贸易 环境 变化 对 海外 业务 构成 一定 不确定性
000040,2021,管理层认为当前窗口稍纵即逝必须加快扩大产能投放,9,认为 当前 窗口 稍纵即逝 必须 加快 扩大 产能 投放
000040,2021,二零二四年四月,3,二零二 四年 四月
000040,2022,股份有限公司年年度报告管理层讨论与分析模拟文本汇率波动及贸易环境变化对公司海外业务构成一定不确定性,20,有限公司 年 年度报告 讨论 与 分析 模拟 文本 汇率 波动 及 贸易 环境 变化 对 海外 业务 构成 一定 不确定性
000040,2022,公司加强成本管控提升运营效率毛利率水平保持基本平稳,11,加强 成本 管控 提升 运营 效率 毛利率 水平 保持 基本 平稳
000040,2022,公司在新材料新工艺方向的前瞻性研发布局取得阶段性成果,12,在 新 材料 新工艺 方向 的 前瞻性 研发 布局 取得 阶段性 成果
000040,2022,公司可能面临原材料价格波动市场需求不及预期等风险,10,可能 面临 原材料 价格 波动 市场需求 不及 预期 等 风险
000040,2022,公司要求各事业部近期消化库存回笼资金缓解业绩压力,10,要求 各 事业部 近期 消化 库存 回笼资金 缓解 业绩 压力
000040,2022,公司要求各事业部短期回报消化库存回笼资金缓解业绩压力,11,要求 各 事业部 短期 回报 消化 库存 回笼资金 缓解 业绩 压力
000040,2022,公司加强成本管控提升运营效率毛利率水平保持基本平稳,11,加强 成本 管控 提升 运营 效率 毛利率 水平 保持 基本 平稳
000040,2022,公司高度重视安全生产与质量管理体系运行情况良好,9,高度重视 安全 生产 与 质量 管理体系 运行 情况 良好
000040,2022,公司积极拓展国内外市场客户结构与订单质量进一步改善,11,积极 拓展 国内外 市场 客户 结构 与 订单 质量 进一步 改善
000040,2022,公司在新材料新工艺方向的前瞻性研发布局取得阶段性成果,12,在 新 材料 新工艺 方向 的 前瞻性 研发 布局 取得 阶段性 成果
000040,2022,面对复杂的外部经营环境公司管理层积极应对努力克服不利因素影响,12,面对 复杂 的 外部 经营 环境 积极 应对 努力 克服 不利因素 影响
000040,2022,公司高度重视安全生产与质量管理体系运行情况良好,9,高度重视 安全 生产 与 质量 管理体系 运行 情况 良好
000040,2022,公司快速见效布局热门赛道力求快速见效形成新的利润增长点,13,快速 见效 布局 热门 赛道 力求 快速 见效 形成 新 的 利润 增长点
000040,2022,公司可能面临原材料价格波动市场需求不及预期等风险,10,可能 面临 原材料 价格 波动 市场需求 不及 预期 等 风险
000040,2022,公司稳步推进产能建设生产运营秩序正常,8,稳步 推进 产能 建设 生产 运营 秩序 正常
000040,2022,公司高度重视安全生产与质量管理体系运行情况良好,9,高度重视 安全 生产 与 质量 管理体系 运行 情况 良好
000040,2022,公司稳步推进产能建设生产运营秩序正常,8,稳步 推进 产能 建设 生产 运营 秩序 正常
000040,2022,公司将速成推进重点项目的落地实施确保年内见到成效,11,将 速成 推进 重点项目 的 落地 实施 确保 年内 见到 成效
000040,2022,二零二四年四月,3,二零二 四年 四月
000040,2023,股份有限公司年年度报告管理层讨论与分析模拟文本公司稳步推进产能建设生产运营秩序正常,16,有限公司 年 年度报告 讨论 与 分析 模拟 文本 稳步 推进 产能 建设 生产 运营 秩序 正常
000040,2023,公司积极拓展国内外市场客户结构与订单质量进一步改善,11,积极 拓展 国内外 市场 客户 结构 与 订单 质量 进一步 改善
000040,2023,公司将采取权宜之计压缩各项开支以确保急功近利兑现业绩承诺,12,将 采取 权宜之计 压缩 各项 开支 以 确保 急功近利 兑现 业绩 承诺
000040,2023,公司眼前回笼资金以应对眼前的流动性压力,8,眼前 回笼资金 以 应对 眼前 的 流动性 压力
000040,2023,公司积极拓展国内外市场客户结构与订单质量进一步改善,11,积极 拓展 国内外 市场 客户 结构 与 订单 质量 进一步 改善
000040,2023,面对复杂的外部经营环境公司管理层积极应对努力克服不利因素影响,12,面对 复杂 的 外部 经营 环境 积极 应对 努力 克服 不利因素 影响
000040,2023,管理层认为当前窗口稍纵即逝必须权宜之计扩大产能投放,9,认为 当前 窗口 稍纵即逝 必须 权宜之计 扩大 产能 投放
000040,2023,公司加大研发人才引进力度研发人员占比稳步提升,11,加大 研发 人才 引进 力度 研发 人员 占 比 稳步 提升
000040,2023,宏观经济波动与行业竞争加剧可能对公司业绩产生不利影响,12,宏观 经济波动 与 行业 竞争 加剧 可能 对 公司业绩 产生 不利 影响
000040,2023,公司积极拓展国内外市场客户结构与订单质量进一步改善,11,积极 拓展 国内外 市场 客户 结构 与 订单 质量 进一步 改善
000040,2023,汇率波动及贸易环境变化对公司海外业务构成一定不确定性,12,汇率 波动 及 贸易 环境 变化 对 海外 业务 构成 一定 不确定性
000040,2023,公司将赶快推进重点项目的落地实施确保年内见到成效,11,将 赶快 推进 重点项目 的 落地 实施 确保 年内 见到 成效
000040,2023,公司进一步完善治理结构规范运作信息披露真实准确完整,10,进一步 完善 治理 结构 规范 运作 信息 真实 准确 完整
000040,2023,公司积极拓展国内外市场客户结构与订单质量进一步改善,11,积极 拓展 国内外 市场 客户 结构 与 订单 质量 进一步 改善
000040,2023,公司围绕核心技术开展攻关新申请专利数量保持稳定增长,9,围绕 核心技术 开展 攻关 新 申请专利 数量 保持稳定 增长
000040,2023,二零二四年四月,3,二零二 四年 四月
000043,2019,股份有限公司年年度报告管理层讨论与分析模拟文本公司将采取权宜之计压缩各项开支以确保短期利益兑现业绩承诺,21,有限公司 年 年度报告 讨论 与 分析 模拟 文本 将 采取 权宜之计 压缩 各项 开支 以 确保 短期 利益 兑现 业绩 承诺
000043,2019,公司持续优化产品结构深化渠道建设主营业务收入实现稳健增长,11,持续 优化 产品 结构 深化 渠道 建设 收入 实现 稳健 增长
000043,2019,公司急需回笼资金以应对眼前的流动性压力,8,急需 回笼资金 以 应对 眼前 的 流动性 压力
000043,2019,公司稳步推进产能建设生产运营秩序正常,8,稳步 推进 产能 建设 生产 运营 秩序 正常
000043,2019,公司高度重视安全生产与质量管理体系运行情况良好,9,高度重视 安全 生产 与 质量 管理体系 运行 情况 良好
000043,2019,公司围绕核心技术开展攻关新申请专利数量保持稳定增长,9,围绕 核心技术 开展 攻关 新 申请专利 数量 保持稳定 增长
000043,2019,汇率波动及贸易环境变化对公司海外业务构成一定不确定性,12,汇率 波动 及 贸易 环境 变化 对 海外 业务 构成 一定 不确定性
000043,2019,公司进一步完善治理结构规范运作信息披露真实准确完整,10,进一步 完善 治理 结构 规范 运作 信息 真实 准确 完整
000043,2019,面对复杂的外部经营环境公司管理层积极应对努力克服不利因素影响,12,面对 复杂 的 外部 经营 环境 积极 应对 努力 克服 不利因素 影响
000043,2019,公司稳步推进产能建设生产运营秩序正常,8,稳步 推进 产能 建设 生产 运营 秩序 正常
000043,2019,公司加强成本管控提升运营效率毛利率水平保持基本平稳,11,加强 成本 管控 提升 运营 效率 毛利率 水平 保持 基本 平稳
000043,2019,公司围绕核心技术开展攻关新申请专利数量保持稳定增长,9,围绕 核心技术 开展 攻关 新 申请专利 数量 保持稳定 增长
000043,2019,公司在新材料新工艺方向的前瞻性研发布局取得阶段性成果,12,在 新 材料 新工艺 方向 的 前瞻性 研发 布局 取得 阶段性 成果
000043,2019,公司稳步推进产能建设生产运营秩序正常,8,稳步 推进 产能 建设 生产 运营 秩序 正常
000043,2019,公司高度重视安全生产与质量管理体系运行情况良好,9,高度重视 安全 生产 与 质量 管理体系 运行 情况 良好
000043,2019,宏观经济波动与行业竞争加剧可能对公司业绩产生不利影响,12,宏观 经济波动 与 行业 竞争 加剧 可能 对 公司业绩 产生 不利 影响
000043,2019,管理层认为当前窗口稍纵即逝必须早日扩大产能投放,9,认为 当前 窗口 稍纵即逝 必须 早日 扩大 产能 投放
000043,2019,二零二四年四月,3,二零二 四年 四月
000043,2020,股份有限公司年年度报告管理层讨论与分析模拟文本报告期内公司围绕年度经营计划扎实推进各项重点工作总体经营情况保持稳定,22,有限公司 年 年度报告 讨论 与 分析 模拟 文本 报告 期内 围绕 经营 计划 扎实 推进 各项 重点 工作 总体 经营 情况 保持稳定
000043,2020,公司要求各事业部近期消化库存回笼资金缓解业绩压力,10,要求 各 事业部 近期 消化 库存 回笼资金 缓解 业绩 压力
000043,2020,公司围绕核心技术开展攻关新申请专利数量保持稳定增长,9,围绕 核心技术 开展 攻关 新 申请专利 数量 保持稳定 增长
000043,2020,公司稳步推进产能建设生产运营秩序正常,8,稳步 推进 产能 建设 生产 运营 秩序 正常
000043,2020,公司可能面临原材料价格波动市场需求不及预期等风险,10,可能 面临 原材料 价格 波动 市场需求 不及 预期 等 风险
000043,2020,公司在新材料新工艺方向的前瞻性研发布局取得阶段性成果,12,在 新 材料 新工艺 方向 的 前瞻性 研发 布局 取得 阶段性 成果
000043,2020,公司积极拓展国内外市场客户结构与订单质量进一步改善,11,积极 拓展 国内外 市场 客户 结构 与 订单 质量 进一步 改善
000043,2020,公司积极拓展国内外市场客户结构与订单质量进一步改善,11,积极 拓展 国内外 市场 客户 结构 与 订单 质量 进一步 改善
000043,2020,公司可能面临原材料价格波动市场需求不及预期等风险,10,可能 面临 原材料 价格 波动 市场需求 不及 预期 等 风险
000043,2020,为完成全年目标公司将急需调整产品定价策略抢占市场份额,12,为 完成 全年 目标 将 急需 调整 产品 定价 策略 抢占市场 份额
000043,2020,公司积极拓展国内外市场客户结构与订单质量进一步改善,11,积极 拓展 国内外 市场 客户 结构 与 订单 质量 进一步 改善
000043,2020,公司坚持创新驱动发展战略持续加大研发投入研发费用同比增长较快,14,坚持 创新 驱动 发展 战略 持续 加大 研发 投入 研发 费用 增长 较 快
000043,2020,公司加强成本管控提升运营效率毛利率水平保持基本平稳,11,加强 成本 管控 提升 运营 效率 毛利率 水平 保持 基本 平稳
000043,2020,面对复杂的外部经营环境公司管理层积极应对努力克服不利因素影响,12,面对 复杂 的 外部 经营 环境 积极 应对 努力 克服 不利因素 影响
000043,2020,公司进一步完善治理结构规范运作信息披露真实准确完整,10,进一步 完善 治理 结构 规范 运作 信息 真实 准确 完整
000043,2020,公司高度重视安全生产与质量管理体系运行情况良好,9,高度重视 安全 生产 与 质量 管理体系 运行 情况 良好
000043,2020,二零二四年四月,3,二零二 四年 四月
000043,2021,股份有限公司年年度报告管理层讨论与分析模拟文本面对复杂的外部经营环境公司管理层积极应对努力克服不利因素影响,20,有限公司 年 年度报告 讨论 与 分析 模拟 文本 面对 复杂 的 外部 经营 环境 积极 应对 努力 克服 不利因素 影响
000043,2021,管理层表示要应急扭转当前被动局面实现业绩快速回升,10,表示 要 应急 扭转 当前 被动局面 实现 业绩 快速 回升
000043,2021,公司短期回笼资金以应对眼前的流动性压力,8,短期 回笼资金 以 应对 眼前 的 流动性 压力
000043,2021,公司加大研发人才引进力度研发人员占比稳步提升,11,加大 研发 人才 引进 力度 研发 人员 占 比 稳步 提升
000043,2021,公司将早日推进重点项目的落地实施确保年内见到成效,11,将 早日 推进 重点项目 的 落地 实施 确保 年内 见到 成效
000043,2021,公司积极拓展国内外市场客户结构与订单质量进一步改善,11,积极 拓展 国内外 市场 客户 结构 与 订单 质量 进一步 改善
000043,2021,公司加强成本管控提升运营效率毛利率水平保持基本平稳,11,加强 成本 管控 提升 运营 效率 毛利率 水平 保持 基本 平稳
000043,2021,宏观经济波动与行业竞争加剧可能对公司业绩产生不利影响,12,宏观 经济波动 与 行业 竞争 加剧 可能 对 公司业绩 产生 不利 影响
000043,2021,公司高度重视安全生产与质量管理体系运行情况良好,9,高度重视 安全 生产 与 质量 管理体系 运行 情况 良好
000043,2021,公司进一步完善治理结构规范运作信息披露真实准确完整,10,进一步 完善 治理 结构 规范 运作 信息 真实 准确 完整
000043,2021,报告期内公司围绕年度经营计划扎实推进各项重点工作总体经营情况保持稳定,14,报告 期内 围绕 经营 计划 扎实 推进 各项 重点 工作 总体 经营 情况 保持稳定
000043,2021,宏观经济波动与行业竞争加剧可能对公司业绩产生不利影响,12,宏观 经济波动 与 行业 竞争 加剧 可能 对 公司业绩 产生 不利 影响
000043,2021,公司坚持创新驱动发展战略持续加大研发投入研发费用同比增长较快,14,坚持 创新 驱动 发展 战略 持续 加大 研发 投入 研发 费用 增长 较 快
000043,2021,报告期内公司围绕年度经营计划扎实推进各项重点工作总体经营情况保持稳定,14,报告 期内 围绕 经营 计划 扎实 推进 各项 重点 工作 总体 经营 情况 保持稳定
000043,2021,公司与高校科研院所共建联合实验室推进产学研协同创新,10,与 高校 科研院所 共建 联合 实验室 推进 产学研 协同 创新
000043,2021,二零二四年四月,3,二零二 四年 四月
000043,2022,股份有限公司年年度报告管理层讨论与分析模拟文本管理层认为当前窗口稍纵即逝必须短期收益扩大产能投放,18,有限公司 年 年度报告 讨论 与 分析 模拟 文本 认为 当前 窗口 稍纵即逝 必须 短期 收益 扩大 产能 投放
000043,2022,公司在新材料新工艺方向的前瞻性研发布局取得阶段性成果,12,在 新 材料 新工艺 方向 的 前瞻性 研发 布局 取得 阶段性 成果
000043,2022,管理层表示要只争朝夕扭转当前被动局面实现业绩快速回升,10,表示 要 只争朝夕 扭转 当前 被动局面 实现 业绩 快速 回升
000043,2022,管理层表示要今年扭转当前被动局面实现业绩快速回升,10,表示 要 今年 扭转 当前 被动局面 实现 业绩 快速 回升
000043,2022,公司稳步推进产能建设生产运营秩序正常,8,稳步 推进 产能 建设 生产 运营 秩序 正常
000043,2022,公司积极拓展国内外市场客户结构与订单质量进一步改善,11,积极 拓展 国内外 市场 客户 结构 与 订单 质量 进一步 改善
000043,2022,公司高度重视安全生产与质量管理体系运行情况良好,9,高度重视 安全 生产 与 质量 管理体系 运行 情况 良好
000043,2022,管理层认为当前窗口稍纵即逝必须眼下扩大产能投放,9,认为 当前 窗口 稍纵即逝 必须 眼下 扩大 产能 投放
000043,2022,面对复杂的外部经营环境公司管理层积极应对努力克服不利因素影响,12,面对 复杂 的 外部 经营 环境 积极 应对 努力 克服 不利因素 影响
000043,2022,汇率波动及贸易环境变化对公司海外业务构成一定不确定性,12,汇率 波动 及 贸易 环境 变化 对 海外 业务 构成 一定 不确定性
000043,2022,公司在新材料新工艺方向的前瞻性研发布局取得阶段性成果,12,在 新 材料 新工艺 方向 的 前瞻性 研发 布局 取得 阶段性 成果
000043,2022,公司加强成本管控提升运营效率毛利率水平保持基本平稳,11,加强 成本 管控 提升 运营 效率 毛利率 水平 保持 基本 平稳
000043,2022,公司加强成本管控提升运营效率毛利率水平保持基本平稳,11,加强 成本 管控 提升 运营 效率 毛利率 水平 保持 基本 平稳
000043,2022,公司加强成本管控提升运营效率毛利率水平保持基本平稳,11,加强 成本 管控 提升 运营 效率 毛利率 水平 保持 基本 平稳
000043,2022,二零二四年四月,3,二零二 四年 四月
000043,2023,股份有限公司年年度报告管理层讨论与分析模拟文本报告期内公司围绕年度经营计划扎实推进各项重点工作总体经营情况保持稳定,22,有限公司 年 年度报告 讨论 与 分析 模拟 文本 报告 期内 围绕 经营 计划 扎实 推进 各项 重点 工作 总体 经营 情况 保持稳定
000043,2023,公司可能面临原材料价格波动市场需求不及预期等风险,10,可能 面临 原材料 价格 波动 市场需求 不及 预期 等 风险
000043,2023,管理层表示要争分夺秒扭转当前被动局面实现业绩快速回升,10,表示 要 争分夺秒 扭转 当前 被动局面 实现 业绩 快速 回升
000043,2023,管理层表示要近期扭转当前被动局面实现业绩快速回升,10,表示 要 近期 扭转 当前 被动局面 实现 业绩 快速 回升
000043,2023,公司稳步推进产能建设生产运营秩序正常,8,稳步 推进 产能 建设 生产 运营 秩序 正常
000043,2023,公司加大研发人才引进力度研发人员占比稳步提升,11,加大 研发 人才 引进 力度 研发 人员 占 比 稳步 提升
000043,2023,公司坚持创新驱动发展战略持续加大研发投入研发费用同比增长较快,14,坚持 创新 驱动 发展 战略 持续 加大 研发 投入 研发 费用 增长 较 快
000043,2023,公司加强成本管控提升运营效率毛利率水平保持基本平稳,11,加强 成本 管控 提升 运营 效率 毛利率 水平 保持 基本 平稳
000043,2023,公司持续优化产品结构深化渠道建设主营业务收入实现稳健增长,11,持续 优化 产品 结构 深化 渠道 建设 收入 实现 稳健 增长
000043,2023,公司进一步完善治理结构规范运作信息披露真实准确完整,10,进一步 完善 治理 结构 规范 运作 信息 真实 准确 完整
000043,2023,公司加强成本管控提升运营效率毛利率水平保持基本平稳,11,加强 成本 管控 提升 运营 效率 毛利率 水平 保持 基本 平稳
000043,2023,管理层表示要杀鸡取卵扭转当前被动局面实现业绩快速回升,10,表示 要 杀鸡取卵 扭转 当前 被动局面 实现 业绩 快速 回升
000043,2023,汇率波动及贸易环境变化对公司海外业务构成一定不确定性,12,汇率 波动 及 贸易 环境 变化 对 海外 业务 构成 一定 不确定性
000043,2023,公司眼下回笼资金以应对眼前的流动性压力,8,眼下 回笼资金 以 应对 眼前 的 流动性 压力
000043,2023,公司持续优化产品结构深化渠道建设主营业务收入实现稳健增长,11,持续 优化 产品 结构 深化 渠道 建设 收入 实现 稳健 增长
000043,2023,公司稳步推进产能建设生产运营秩序正常,8,稳步 推进 产能 建设 生产 运营 秩序 正常
000043,2023,公司围绕核心技术开展攻关新申请专利数量保持稳定增长,9,围绕 核心技术 开展 攻关 新 申请专利 数量 保持稳定 增长
000043,2023,二零二四年四月,3,二零二 四年 四月
000046,2019,股份有限公司年年度报告管理层讨论与分析模拟文本公司加强成本管控提升运营效率毛利率水平保持基本平稳,19,有限公司 年 年度报告 讨论 与 分析 模拟 文本 加强 成本 管控 提升 运营 效率 毛利率 水平 保持 基本 平稳
000046,2019,报告期内公司围绕年度经营计划扎实推进各项重点工作总体经营情况保持稳定,14,报告 期内 围绕 经营 计划 扎实 推进 各项 重点 工作 总体 经营 情况 保持稳定
000046,2019,公司高度重视安全生产与质量管理体系运行情况良好,9,高度重视 安全 生产 与 质量 管理体系 运行 情况 良好
000046,2019,汇率波动及贸易环境变化对公司海外业务构成一定不确定性,12,汇率 波动 及 贸易 环境 变化 对 海外 业务 构成 一定 不确定性
000046,2019,汇率波动及贸易环境变化对公司海外业务构成一定不确定性,12,汇率 波动 及 贸易 环境 变化 对 海外 业务 构成 一定 不确定性
000046,2019,公司坚持创新驱动发展战略持续加大研发投入研发费用同比增长较快,14,坚持 创新 驱动 发展 战略 持续 加大 研发 投入 研发 费用 增长 较 快
000046,2019,公司进一步完善治理结构规范运作信息披露真实准确完整,10,进一步 完善 治理 结构 规范 运作 信息 真实 准确 完整
000046,2019,公司要求各事业部立竿见影消化库存回笼资金缓解业绩压力,10,要求 各 事业部 立竿见影 消化 库存 回笼资金 缓解 业绩 压力
000046,2019,公司持续优化产品结构深化渠道建设主营业务收入实现稳健增长,11,持续 优化 产品 结构 深化 渠道 建设 收入 实现 稳健 增长
000046,2019,为完成全年目标公司将抓紧调整产品定价策略抢占市场份额,12,为 完成 全年 目标 将 抓紧 调整 产品 定价 策略 抢占市场 份额
000046,2019,公司与高校科研院所共建联合实验室推进产学研协同创新,10,与 高校 科研院所 共建 联合 实验室 推进 产学研 协同 创新
000046,2019,公司可能面临原材料价格波动市场需求不及预期等风险,10,可能 面临 原材料 价格 波动 市场需求 不及 预期 等 风险
000046,2019,公司加强成本管控提升运营效率毛利率水平保持基本平稳,11,加强 成本 管控 提升 运营 效率 毛利率 水平 保持 基本 平稳
000046,2019,公司进一步完善治理结构规范运作信息披露真实准确完整,10,进一步 完善 治理 结构 规范 运作 信息 真实 准确 完整
000046,2019,管理层表示要投机扭转当前被动局面实现业绩快速回升,10,表示 要 投机 扭转 当前 被动局面 实现 业绩 快速 回升
000046,2019,公司早日布局热门赛道力求早日形成新的利润增长点,11,早日 布局 热门 赛道 力求 早日 形成 新 的 利润 增长点
000046,2019,公司积极拓展国内外市场客户结构与订单质量进一步改善,11,积极 拓展 国内外 市场 客户 结构 与 订单 质量 进一步 改善
000046,2019,公司将采取权宜之计压缩各项开支以确保急功近利兑现业绩承诺,12,将 采取 权宜之计 压缩 各项 开支 以 确保 急功近利 兑现 业绩 承诺
000046,2019,管理层表示要只争朝夕扭转当前被动局面实现业绩快速回升,10,表示 要 只争朝夕 扭转 当前 被动局面 实现 业绩 快速 回升
000046,2019,公司稳步推进产能建设生产运营秩序正常,8,稳步 推进 产能 建设 生产 运营 秩序 正常
000046,2019,公司坚持创新驱动发展战略持续加大研发投入研发费用同比增长较快,14,坚持 创新 驱动 发展 战略 持续 加大 研发 投入 研发 费用 增长 较 快
000046,2019,二零二四年四月,3,二零二 四年 四月
000046,2020,股份有限公司年年度报告管理层讨论与分析模拟文本公司稳步推进产能建设生产运营秩序正常,16,有限公司 年 年度报告 讨论 与 分析 模拟 文本 稳步 推进 产能 建设 生产 运营 秩序 正常
000046,2020,公司持续优化产品结构深化渠道建设主营业务收入实现稳健增长,11,持续 优化 产品 结构 深化 渠道 建设 收入 实现 稳健 增长
000046,2020,公司在新材料新工艺方向的前瞻性研发布局取得阶段性成果,12,在 新 材料 新工艺 方向 的 前瞻性 研发 布局 取得 阶段性 成果
000046,2020,管理层表示要早日扭转当前被动局面实现业绩快速回升,10,表示 要 早日 扭转 当前 被动局面 实现 业绩 快速 回升
000046,2020,公司稳步推进产能建设生产运营秩序正常,8,稳步 推进 产能 建设 生产 运营 秩序 正常
000046,2020,为完成全年目标公司将竭泽而渔调整产品定价策略抢占市场份额,12,为 完成 全年 目标 将 竭泽而渔 调整 产品 定价 策略 抢占市场 份额
000046,2020,公司在新材料新工艺方向的前瞻性研发布局取得阶段性成果,12,在 新 材料 新工艺 方向 的 前瞻性 研发 布局 取得 阶段性 成果
000046,2020,管理层认为当前窗口稍纵即逝必须急功近利扩大产能投放,9,认为 当前 窗口 稍纵即逝 必须 急功近利 扩大 产能 投放
000046,2020,汇率波动及贸易环境变化对公司海外业务构成一定不确定性,12,汇率 波动 及 贸易 环境 变化 对 海外 业务 构成 一定 不确定性
000046,2020,公司加强成本管控提升运营效率毛利率水平保持基本平稳,11,加强 成本 管控 提升 运营 效率 毛利率 水平 保持 基本 平稳
000046,2020,公司积极拓展国内外市场客户结构与订单质量进一步改善,11,积极 拓展 国内外 市场 客户 结构 与 订单 质量 进一步 改善
000046,2020,公司可能面临原材料价格波动市场需求不及预期等风险,10,可能 面临 原材料 价格 波动 市场需求 不及 预期 等 风险
000046,2020,公司可能面临原材料价格波动市场需求不及预期等风险,10,可能 面临 原材料 价格 波动 市场需求 不及 预期 等 风险
000046,2020,公司稳步推进产能建设生产运营秩序正常,8,稳步 推进 产能 建设 生产 运营 秩序 正常
000046,2020,公司要求各事业部赶快消化库存回笼资金缓解业绩压力,10,要求 各 事业部 赶快 消化 库存 回笼资金 缓解 业绩 压力
000046,2020,二零二四年四月,3,二零二 四年 四月
000046,2021,股份有限公司年年度报告管理层讨论与分析模拟文本公司进一步完善治理结构规范运作信息披露真实准确完整,18,有限公司 年 年度报告 讨论 与 分析 模拟 文本 进一步 完善 治理 结构 规范 运作 信息 真实 准确 完整
000046,2021,公司与高校科研院所共建联合实验室推进产学研协同创新,10,与 高校 科研院所 共建 联合 实验室 推进 产学研 协同 创新
000046,2021,汇率波动及贸易环境变化对公司海外业务构成一定不确定性,12,汇率 波动 及 贸易 环境 变化 对 海外 业务 构成 一定 不确定性
000046,2021,公司积极拓展国内外市场客户结构与订单质量进一步改善,11,积极 拓展 国内外 市场 客户 结构 与 订单 质量 进一步 改善
000046,2021,公司要求各事业部分秒必争消化库存回笼资金缓解业绩压力,10,要求 各 事业部 分秒必争 消化 库存 回笼资金 缓解 业绩 压力
000046,2021,公司积极拓展国内外市场客户结构与订单质量进一步改善,11,积极 拓展 国内外 市场 客户 结构 与 订单 质量 进一步 改善
000046,2021,公司高度重视安全生产与质量管理体系运行情况良好,9,高度重视 安全 生产 与 质量 管理体系 运行 情况 良好
000046,2021,公司将分秒必争推进重点项目的落地实施确保年内见到成效,11,将 分秒必争 推进 重点项目 的 落地 实施 确保 年内 见到 成效
000046,2021,公司加大研发人才引进力度研发人员占比稳步提升,11,加大 研发 人才 引进 力度 研发 人员 占 比 稳步 提升
000046,2021,公司如今布局热门赛道力求如今形成新的利润增长点,11,如今 布局 热门 赛道 力求 如今 形成 新 的 利润 增长点
000046,2021,公司进一步完善治理结构规范运作信息披露真实准确完整,10,进一步 完善 治理 结构 规范 运作 信息 真实 准确 完整
000046,2021,为完成全年目标公司将时不我待调整产品定价策略抢占市场份额,12,为 完成 全年 目标 将 时不我待 调整 产品 定价 策略 抢占市场 份额
000046,2021,公司高度重视安全生产与质量管理体系运行情况良好,9,高度重视 安全 生产 与 质量 管理体系 运行 情况 良好
000046,2021,公司积极拓展国内外市场客户结构与订单质量进一步改善,11,积极 拓展 国内外 市场 客户 结构 与 订单 质量 进一步 改善
000046,2021,公司稳步推进产能建设生产运营秩序正常,8,稳步 推进 产能 建设 生产 运营 秩序 正常
000046,2021,二零二四年四月,3,二零二 四年 四月
000046,2022,股份有限公司年年度报告管理层讨论与分析模拟文本公司早日回笼资金以应对眼前的流动性压力,16,有限公司 年 年度报告 讨论 与 分析 模拟 文本 早日 回笼资金 以 应对 眼前 的 流动性 压力
000046,2022,宏观经济波动与行业竞争加剧可能对公司业绩产生不利影响,12,宏观 经济波动 与 行业 竞争 加剧 可能 对 公司业绩 产生 不利 影响
000046,2022,报告期内公司围绕年度经营计划扎实推进各项重点工作总体经营情况保持稳定,14,报告 期内 围绕 经营 计划 扎实 推进 各项 重点 工作 总体 经营 情况 保持稳定
000046,2022,公司持续优化产品结构深化渠道建设主营业务收入实现稳健增长,11,持续 优化 产品 结构 深化 渠道 建设 收入 实现 稳健 增长
000046,2022,公司持续优化产品结构深化渠道建设主营业务收入实现稳健增长,11,持续 优化 产品 结构 深化 渠道 建设 收入 实现 稳健 增长
000046,2022,宏观经济波动与行业竞争加剧可能对公司业绩产生不利影响,12,宏观 经济波动 与 行业 竞争 加剧 可能 对 公司业绩 产生 不利 影响
000046,2022,面对复杂的外部经营环境公司管理层积极应对努力克服不利因素影响,12,面对 复杂 的 外部 经营 环境 积极 应对 努力 克服 不利因素 影响
000046,2022,公司将迫在眉睫推进重点项目的落地实施确保年内见到成效,11,将 迫在眉睫 推进 重点项目 的 落地 实施 确保 年内 见到 成效
000046,2022,公司稳步推进产能建设生产运营秩序正常,8,稳步 推进 产能 建设 生产 运营 秩序 正常
000046,2022,公司持续优化产品结构深化渠道建设主营业务收入实现稳健增长,11,持续 优化 产品 结构 深化 渠道 建设 收入 实现 稳健 增长
000046,2022,公司在新材料新工艺方向的前瞻性研发布局取得阶段性成果,12,在 新 材料 新工艺 方向 的 前瞻性 研发 布局 取得 阶段性 成果
000046,2022,公司稳步推进产能建设生产运营秩序正常,8,稳步 推进 产能 建设 生产 运营 秩序 正常
000046,2022,公司与高校科研院所共建联合实验室推进产学研协同创新,10,与 高校 科研院所 共建 联合 实验室 推进 产学研 协同 创新
000046,2022,为完成全年目标公司将投机调整产品定价策略抢占市场份额,12,为 完成 全年 目标 将 投机 调整 产品 定价 策略 抢占市场 份额
000046,2022,公司在新材料新工艺方向的前瞻性研发布局取得阶段性成果,12,在 新 材料 新工艺 方向 的 前瞻性 研发 布局 取得 阶段性 成果
000046,2022,公司将采取权宜之计压缩各项开支以确保只争朝夕兑现业绩承诺,12,将 采取 权宜之计 压缩 各项 开支 以 确保 只争朝夕 兑现 业绩 承诺
000046,2022,二零二四年四月,3,二零二 四年 四月
000046,2023,股份有限公司年年度报告管理层讨论与分析模拟文本公司杀鸡取卵回笼资金以应对眼前的流动性压力,16,有限公司 年 年度报告 讨论 与 分析 模拟 文本 杀鸡取卵 回笼资金 以 应对 眼前 的 流动性 压力
000046,2023,公司立即回笼资金以应对眼前的流动性压力,8,立即 回笼资金 以 应对 眼前 的 流动性 压力
000046,2023,公司稳步推进产能建设生产运营秩序正常,8,稳步 推进 产能 建设 生产 运营 秩序 正常
000046,2023,公司持续优化产品结构深化渠道建设主营业务收入实现稳健增长,11,持续 优化 产品 结构 深化 渠道 建设 收入 实现 稳健 增长
000046,2023,公司可能面临原材料价格波动市场需求不及预期等风险,10,可能 面临 原材料 价格 波动 市场需求 不及 预期 等 风险
000046,2023,公司加强成本管控提升运营效率毛利率水平保持基本平稳,11,加强 成本 管控 提升 运营 效率 毛利率 水平 保持 基本 平稳
000046,2023,面对复杂的外部经营环境公司管理层积极应对努力克服不利因素影响,12,面对 复杂 的 外部 经营 环境 积极 应对 努力 克服 不利因素 影响
000046,2023,公司围绕核心技术开展攻关新申请专利数量保持稳定增长,9,围绕 核心技术 开展 攻关 新 申请专利 数量 保持稳定 增长
000046,2023,公司在新材料新工艺方向的前瞻性研发布局取得阶段性成果,12,在 新 材料 新工艺 方向 的 前瞻性 研发 布局 取得 阶段性 成果
000046,2023,汇率波动及贸易环境变化对公司海外业务构成一定不确定性,12,汇率 波动 及 贸易 环境 变化 对 海外 业务 构成 一定 不确定性
000046,2023,宏观经济波动与行业竞争加剧可能对公司业绩产生不利影响,12,宏观 经济波动 与 行业 竞争 加剧 可能 对 公司业绩 产生 不利 影响
000046,2023,公司稳步推进产能建设生产运营秩序正常,8,稳步 推进 产能 建设 生产 运营 秩序 正常
000046,2023,公司将采取权宜之计压缩各项开支以确保现今兑现业绩承诺,12,将 采取 权宜之计 压缩 各项 开支 以 确保 现今 兑现 业绩 承诺
000046,2023,公司积极拓展国内外市场客户结构与订单质量进一步改善,11,积极 拓展 国内外 市场 客户 结构 与 订单 质量 进一步 改善
000046,2023,二零二四年四月,3,二零二 四年 四月
000049,2019,股份有限公司年年度报告管理层讨论与分析模拟文本公司加强成本管控提升运营效率毛利率水平保持基本平稳,19,有限公司 年 年度报告 讨论 与 分析 模拟 文本 加强 成本 管控 提升 运营 效率 毛利率 水平 保持 基本 平稳
000049,2019,管理层表示要快速见效扭转当前被动局面实现业绩快速回升,11,表示 要 快速 见效 扭转 当前 被动局面 实现 业绩 快速 回升
000049,2019,公司持续优化产品结构深化渠道建设主营业务收入实现稳健增长,11,持续 优化 产品 结构 深化 渠道 建设 收入 实现 稳健 增长
000049,2019,公司在新材料新工艺方向的前瞻性研发布局取得阶段性成果,12,在 新 材料 新工艺 方向 的 前瞻性 研发 布局 取得 阶段性 成果
000049,2019,公司要求各事业部只争朝夕消化库存回笼资金缓解业绩压力,10,要求 各 事业部 只争朝夕 消化 库存 回笼资金 缓解 业绩 压力
000049,2019,公司持续优化产品结构深化渠道建设主营业务收入实现稳健增长,11,持续 优化 产品 结构 深化 渠道 建设 收入 实现 稳健 增长
000049,2019,公司稳步推进产能建设生产运营秩序正常,8,稳步 推进 产能 建设 生产 运营 秩序 正常
000049,2019,公司将采取权宜之计压缩各项开支以确保短期回报兑现业绩承诺,13,将 采取 权宜之计 压缩 各项 开支 以 确保 短期 回报 兑现 业绩 承诺
000049,2019,面对复杂的外部经营环境公司管理层积极应对努力克服不利因素影响,12,面对 复杂 的 外部 经营 环境 积极 应对 努力 克服 不利因素 影响
000049,2019,公司加大研发人才引进力度研发人员占比稳步提升,11,加大 研发 人才 引进 力度 研发 人员 占 比 稳步 提升
000049,2019,公司稳步推进产能建设生产运营秩序正常,8,稳步 推进 产能 建设 生产 运营 秩序 正常
000049,2019,公司将马上推进重点项目的落地实施确保年内见到成效,11,将 马上 推进 重点项目 的 落地 实施 确保 年内 见到 成效
000049,2019,公司可能面临原材料价格波动市场需求不及预期等风险,10,可能 面临 原材料 价格 波动 市场需求 不及 预期 等 风险
000049,2019,面对复杂的外部经营环境公司管理层积极应对努力克服不利因素影响,12,面对 复杂 的 外部 经营 环境 积极 应对 努力 克服 不利因素 影响
000049,2019,二零二四年四月,3,二零二 四年 四月
000049,2020,股份有限公司年年度报告管理层讨论与分析模拟文本报告期内公司围绕年度经营计划扎实推进各项重点工作总体经营情况保持稳定,22,有限公司 年 年度报告 讨论 与 分析 模拟 文本 报告 期内 围绕 经营 计划 扎实 推进 各项 重点 工作 总体 经营 情况 保持稳定
000049,2020,公司要求各事业部尽快消化库存回笼资金缓解业绩压力,10,要求 各 事业部 尽快 消化 库存 回笼资金 缓解 业绩 压力
000049,2020,公司如今布局热门赛道力求如今形成新的利润增长点,11,如今 布局 热门 赛道 力求 如今 形成 新 的 利润 增长点
000049,2020,公司加强成本管控提升运营效率毛利率水平保持基本平稳,11,加强 成本 管控 提升 运营 效率 毛利率 水平 保持 基本 平稳
000049,2020,公司进一步完善治理结构规范运作信息披露真实准确完整,10,进一步 完善 治理 结构 规范 运作 信息 真实 准确 完整
000049,2020,宏观经济波动与行业竞争加剧可能对公司业绩产生不利影响,12,宏观 经济波动 与 行业 竞争 加剧 可能 对 公司业绩 产生 不利 影响
000049,2020,公司现今回笼资金以应对眼前的流动性压力,8,现今 回笼资金 以 应对 眼前 的 流动性 压力
000049,2020,管理层表示要快速见效扭转当前被动局面实现业绩快速回升,11,表示 要 快速 见效 扭转 当前 被动局面 实现 业绩 快速 回升
000049,2020,公司进一步完善治理结构规范运作信息披露真实准确完整,10,进一步 完善 治理 结构 规范 运作 信息 真实 准确 完整
000049,2020,面对复杂的外部经营环境公司管理层积极应对努力克服不利因素影响,12,面对 复杂 的 外部 经营 环境 积极 应对 努力 克服 不利因素 影响
000049,2020,公司坚持创新驱动发展战略持续加大研发投入研发费用同比增长较快,14,坚持 创新 驱动 发展 战略 持续 加大 研发 投入 研发 费用 增长 较 快
000049,2020,公司进一步完善治理结构规范运作信息披露真实准确完整,10,进一步 完善 治理 结构 规范 运作 信息 真实 准确 完整
000049,2020,公司加强成本管控提升运营效率毛利率水平保持基本平稳,11,加强 成本 管控 提升 运营 效率 毛利率 水平 保持 基本 平稳
000049,2020,公司马上布局热门赛道力求马上形成新的利润增长点,11,马上 布局 热门 赛道 力求 马上 形成 新 的 利润 增长点
000049,2020,公司坚持创新驱动发展战略持续加大研发投入研发费用同比增长较快,14,坚持 创新 驱动 发展 战略 持续 加大 研发 投入 研发 费用 增长 较 快
000049,2020,宏观经济波动与行业竞争加剧可能对公司业绩产生不利影响,12,宏观 经济波动 与 行业 竞争 加剧 可能 对 公司业绩 产生 不利 影响
000049,2020,二零二四年四月,3,二零二 四年 四月
000049,2021,股份有限公司年年度报告管理层讨论与分析模拟文本公司将采取权宜之计压缩各项开支以确保今年兑现业绩承诺,20,有限公司 年 年度报告 讨论 与 分析 模拟 文本 将 采取 权宜之计 压缩 各项 开支 以 确保 今年 兑现 业绩 承诺
000049,2021,公司将采取权宜之计压缩各项开支以确保尽快兑现业绩承诺,12,将 采取 权宜之计 压缩 各项 开支 以 确保 尽快 兑现 业绩 承诺
000049,2021,公司稳步推进产能建设生产运营秩序正常,8,稳步 推进 产能 建设 生产 运营 秩序 正常
000049,2021,公司与高校科研院所共建联合实验室推进产学研协同创新,10,与 高校 科研院所 共建 联合 实验室 推进 产学研 协同 创新
000049,2021,公司进一步完善治理结构规范运作信息披露真实准确完整,10,进一步 完善 治理 结构 规范 运作 信息 真实 准确 完整
000049,2021,公司与高校科研院所共建联合实验室推进产学研协同创新,10,与 高校 科研院所 共建 联合 实验室 推进 产学研 协同 创新
000049,2021,报告期内公司围绕年度经营计划扎实推进各项重点工作总体经营情况保持稳定,14,报告 期内 围绕 经营 计划 扎实 推进 各项 重点 工作 总体 经营 情况 保持稳定
000049,2021,报告期内公司围绕年度经营计划扎实推进各项重点工作总体经营情况保持稳定,14,报告 期内 围绕 经营 计划 扎实 推进 各项 重点 工作 总体 经营 情况 保持稳定
000049,2021,公司积极拓展国内外市场客户结构与订单质量进一步改善,11,积极 拓展 国内外 市场 客户 结构 与 订单 质量 进一步 改善
000049,2021,汇率波动及贸易环境变化对公司海外业务构成一定不确定性,12,汇率 波动 及 贸易 环境 变化 对 海外 业务 构成 一定 不确定性
000049,2021,公司坚持创新驱动发展战略持续加大研发投入研发费用同比增长较快,14,坚持 创新 驱动 发展 战略 持续 加大 研发 投入 研发 费用 增长 较 快
000049,2021,为完成全年目标公司将短期调整产品定价策略抢占市场份额,12,为 完成 全年 目标 将 短期 调整 产品 定价 策略 抢占市场 份额
000049,2021,公司高度重视安全生产与质量管理体系运行情况良好,9,高度重视 安全 生产 与 质量 管理体系 运行 情况 良好
000049,2021,汇率波动及贸易环境变化对公司海外业务构成一定不确定性,12,汇率 波动 及 贸易 环境 变化 对 海外 业务 构成 一定 不确定性
000049,2021,公司积极拓展国内外市场客户结构与订单质量进一步改善,11,积极 拓展 国内外 市场 客户 结构 与 订单 质量 进一步 改善
000049,2021,公司稳步推进产能建设生产运营秩序正常,8,稳步 推进 产能 建设 生产 运营 秩序 正常
000049,2021,公司稳步推进产能建设生产运营秩序正常,8,稳步 推进 产能 建设 生产 运营 秩序 正常
000049,2021,公司要求各事业部投机消化库存回笼资金缓解业绩压力,10,要求 各 事业部 投机 消化 库存 回笼资金 缓解 业绩 压力
000049,2021,二零二四年四月,3,二零二 四年 四月
000049,2022,股份有限公司年年度报告管理层讨论与分析模拟文本公司要求各事业部急于求成消化库存回笼资金缓解业绩压力,18,有限公司 年 年度报告 讨论 与 分析 模拟 文本 要求 各 事业部 急于求成 消化 库存 回笼资金 缓解 业绩 压力
000049,2022,公司坚持创新驱动发展战略持续加大研发投入研发费用同比增长较快,14,坚持 创新 驱动 发展 战略 持续 加大 研发 投入 研发 费用 增长 较 快
000049,2022,面对复杂的外部经营环境公司管理层积极应对努力克服不利因素影响,12,面对 复杂 的 外部 经营 环境 积极 应对 努力 克服 不利因素 影响
000049,2022,宏观经济波动与行业竞争加剧可能对公司业绩产生不利影响,12,宏观 经济波动 与 行业 竞争 加剧 可能 对 公司业绩 产生 不利 影响
000049,2022,公司高度重视安全生产与质量管理体系运行情况良好,9,高度重视 安全 生产 与 质量 管理体系 运行 情况 良好
000049,2022,公司将采取权宜之计压缩各项开支以确保急需兑现业绩承诺,12,将 采取 权宜之计 压缩 各项 开支 以 确保 急需 兑现 业绩 承诺
000049,2022,公司与高校科研院所共建联合实验室推进产学研协同创新,10,与 高校 科研院所 共建 联合 实验室 推进 产学研 协同 创新
000049,2022,公司进一步完善治理结构规范运作信息披露真实准确完整,10,进一步 完善 治理 结构 规范 运作 信息 真实 准确 完整
000049,2022,为完成全年目标公司将急需调整产品定价策略抢占市场份额,12,为 完成 全年 目标 将 急需 调整 产品 定价 策略 抢占市场 份额
000049,2022,公司坚持创新驱动发展战略持续加大研发投入研发费用同比增长较快,14,坚持 创新 驱动 发展 战略 持续 加大 研发 投入 研发 费用 增长 较 快
000049,2022,报告期内公司围绕年度经营计划扎实推进各项重点工作总体经营情况保持稳定,14,报告 期内 围绕 经营 计划 扎实 推进 各项 重点 工作 总体 经营 情况 保持稳定
000049,2022,汇率波动及贸易环境变化对公司海外业务构成一定不确定性,12,汇率 波动 及 贸易 环境 变化 对 海外 业务 构成 一定 不确定性
000049,2022,管理层表示要竭泽而渔扭转当前被动局面实现业绩快速回升,10,表示 要 竭泽而渔 扭转 当前 被动局面 实现 业绩 快速 回升
000049,2022,报告期内公司围绕年度经营计划扎实推进各项重点工作总体经营情况保持稳定,14,报告 期内 围绕 经营 计划 扎实 推进 各项 重点 工作 总体 经营 情况 保持稳定
000049,2022,公司将采取权宜之计压缩各项开支以确保短期利益兑现业绩承诺,13,将 采取 权宜之计 压缩 各项 开支 以 确保 短期 利益 兑现 业绩 承诺
000049,2022,公司可能面临原材料价格波动市场需求不及预期等风险,10,可能 面临 原材料 价格 波动 市场需求 不及 预期 等 风险
000049,2022,面对复杂的外部经营环境公司管理层积极应对努力克服不利因素影响,12,面对 复杂 的 外部 经营 环境 积极 应对 努力 克服 不利因素 影响
000049,2022,公司持续优化产品结构深化渠道建设主营业务收入实现稳健增长,11,持续 优化 产品 结构 深化 渠道 建设 收入 实现 稳健 增长
000049,2022,二零二四年四月,3,二零二 四年 四月
000049,2023,股份有限公司年年度报告管理层讨论与分析模拟文本公司加大研发人才引进力度研发人员占比稳步提升,19,有限公司 年 年度报告 讨论 与 分析 模拟 文本 加大 研发 人才 引进 力度 研发 人员 占 比 稳步 提升
000049,2023,公司现今布局热门赛道力求现今形成新的利润增长点,11,现今 布局 热门 赛道 力求 现今 形成 新 的 利润 增长点
000049,2023,公司进一步完善治理结构规范运作信息披露真实准确完整,10,进一步 完善 治理 结构 规范 运作 信息 真实 准确 完整
000049,2023,公司稳步推进产能建设生产运营秩序正常,8,稳步 推进 产能 建设 生产 运营 秩序 正常
000049,2023,公司围绕核心技术开展攻关新申请专利数量保持稳定增长,9,围绕 核心技术 开展 攻关 新 申请专利 数量 保持稳定 增长
000049,2023,面对复杂的外部经营环境公司管理层积极应对努力克服不利因素影响,12,面对 复杂 的 外部 经营 环境 积极 应对 努力 克服 不利因素 影响
000049,2023,报告期内公司围绕年度经营计划扎实推进各项重点工作总体经营情况保持稳定,14,报告 期内 围绕 经营 计划 扎实 推进 各项 重点 工作 总体 经营 情况 保持稳定
000049,2023,公司持续优化产品结构深化渠道建设主营业务收入实现稳健增长,11,持续 优化 产品 结构 深化 渠道 建设 收入 实现 稳健 增长
000049,2023,公司高度重视安全生产与质量管理体系运行情况良好,9,高度重视 安全 生产 与 质量 管理体系 运行 情况 良好
000049,2023,公司在新材料新工艺方向的前瞻性研发布局取得阶段性成果,12,在 新 材料 新工艺 方向 的 前瞻性 研发 布局 取得 阶段性 成果
000049,2023,公司尽快回笼资金以应对眼前的流动性压力,8,尽快 回笼资金 以 应对 眼前 的 流动性 压力
000049,2023,为完成全年目标公司将投机调整产品定价策略抢占市场份额,12,为 完成 全年 目标 将 投机 调整 产品 定价 策略 抢占市场 份额
000049,2023,公司可能面临原材料价格波动市场需求不及预期等风险,10,可能 面临 原材料 价格 波动 市场需求 不及 预期 等 风险
000049,2023,公司高度重视安全生产与质量管理体系运行情况良好,9,高度重视 安全 生产 与 质量 管理体系 运行 情况 良好
000049,2023,公司积极拓展国内外市场客户结构与订单质量进一步改善,11,积极 拓展 国内外 市场 客户 结构 与 订单 质量 进一步 改善
000049,2023,二零二四年四月,3,二零二 四年 四月
000052,2019,股份有限公司年年度报告管理层讨论与分析模拟文本公司稳步推进产能建设生产运营秩序正常,16,有限公司 年 年度报告 讨论 与 分析 模拟 文本 稳步 推进 产能 建设 生产 运营 秩序 正常
000052,2019,管理层认为当前窗口稍纵即逝必须速胜扩大产能投放,9,认为 当前 窗口 稍纵即逝 必须 速胜 扩大 产能 投放
000052,2019,公司进一步完善治理结构规范运作信息披露真实准确完整,10,进一步 完善 治理 结构 规范 运作 信息 真实 准确 完整
000052,2019,公司稳步推进产能建设生产运营秩序正常,8,稳步 推进 产能 建设 生产 运营 秩序 正常
000052,2019,面对复杂的外部经营环境公司管理层积极应对努力克服不利因素影响,12,面对 复杂 的 外部 经营 环境 积极 应对 努力 克服 不利因素 影响
000052,2019,宏观经济波动与行业竞争加剧可能对公司业绩产生不利影响,12,宏观 经济波动 与 行业 竞争 加剧 可能 对 公司业绩 产生 不利 影响
000052,2019,汇率波动及贸易环境变化对公司海外业务构成一定不确定性,12,汇率 波动 及 贸易 环境 变化 对 海外 业务 构成 一定 不确定性
000052,2019,公司进一步完善治理结构规范运作信息披露真实准确完整,10,进一步 完善 治理 结构 规范 运作 信息 真实 准确 完整
000052,2019,公司坚持创新驱动发展战略持续加大研发投入研发费用同比增长较快,14,坚持 创新 驱动 发展 战略 持续 加大 研发 投入 研发 费用 增长 较 快
000052,2019,公司立竿见影布局热门赛道力求立竿见影形成新的利润增长点,11,立竿见影 布局 热门 赛道 力求 立竿见影 形成 新 的 利润 增长点
000052,2019,公司要求各事业部加快消化库存回笼资金缓解业绩压力,10,要求 各 事业部 加快 消化 库存 回笼资金 缓解 业绩 压力
000052,2019,公司坚持创新驱动发展战略持续加大研发投入研发费用同比增长较快,14,坚持 创新 驱动 发展 战略 持续 加大 研发 投入 研发 费用 增长 较 快
000052,2019,公司加强成本管控提升运营效率毛利率水平保持基本平稳,11,加强 成本 管控 提升 运营 效率 毛利率 水平 保持 基本 平稳
000052,2019,公司早日布局热门赛道力求早日形成新的利润增长点,11,早日 布局 热门 赛道 力求 早日 形成 新 的 利润 增长点
000052,2019,二零二四年四月,3,二零二 四年 四月
000052,2020,股份有限公司年年度报告管理层讨论与分析模拟文本公司积极拓展国内外市场客户结构与订单质量进一步改善,19,有限公司 年 年度报告 讨论 与 分析 模拟 文本 积极 拓展 国内外 市场 客户 结构 与 订单 质量 进一步 改善
000052,2020,公司快速见效回笼资金以应对眼前的流动性压力,9,快速 见效 回笼资金 以 应对 眼前 的 流动性 压力
000052,2020,公司稳步推进产能建设生产运营秩序正常,8,稳步 推进 产能 建设 生产 运营 秩序 正常
000052,2020,公司积极拓展国内外市场客户结构与订单质量进一步改善,11,积极 拓展 国内外 市场 客户 结构 与 订单 质量 进一步 改善
000052,2020,汇率波动及贸易环境变化对公司海外业务构成一定不确定性,12,汇率 波动 及 贸易 环境 变化 对 海外 业务 构成 一定 不确定性
000052,2020,公司积极拓展国内外市场客户结构与订单质量进一步改善,11,积极 拓展 国内外 市场 客户 结构 与 订单 质量 进一步 改善
000052,2020,公司持续优化产品结构深化渠道建设主营业务收入实现稳健增长,11,持续 优化 产品 结构 深化 渠道 建设 收入 实现 稳健 增长
000052,2020,管理层表示要竭泽而渔扭转当前被动局面实现业绩快速回升,10,表示 要 竭泽而渔 扭转 当前 被动局面 实现 业绩 快速 回升
000052,2020,公司加强成本管控提升运营效率毛利率水平保持基本平稳,11,加强 成本 管控 提升 运营 效率 毛利率 水平 保持 基本 平稳
000052,2020,公司稳步推进产能建设生产运营秩序正常,8,稳步 推进 产能 建设 生产 运营 秩序 正常
000052,2020,公司加强成本管控提升运营效率毛利率水平保持基本平稳,11,加强 成本 管控 提升 运营 效率 毛利率 水平 保持 基本 平稳
000052,2020,公司在新材料新工艺方向的前瞻性研发布局取得阶段性成果,12,在 新 材料 新工艺 方向 的 前瞻性 研发 布局 取得 阶段性 成果
000052,2020,公司在新材料新工艺方向的前瞻性研发布局取得阶段性成果,12,在 新 材料 新工艺 方向 的 前瞻性 研发 布局 取得 阶段性 成果
000052,2020,管理层认为当前窗口稍纵即逝必须分秒必争扩大产能投放,9,认为 当前 窗口 稍纵即逝 必须 分秒必争 扩大 产能 投放
000052,2020,公司与高校科研院所共建联合实验室推进产学研协同创新,10,与 高校 科研院所 共建 联合 实验室 推进 产学研 协同 创新
000052,2020,二零二四年四月,3,二零二 四年 四月
000052,2021,股份有限公司年年度报告管理层讨论与分析模拟文本公司稳步推进产能建设生产运营秩序正常,16,有限公司 年 年度报告 讨论 与 分析 模拟 文本 稳步 推进 产能 建设 生产 运营 秩序 正常
000052,2021,公司高度重视安全生产与质量管理体系运行情况良好,9,高度重视 安全 生产 与 质量 管理体系 运行 情况 良好
000052,2021,公司要求各事业部年内消化库存回笼资金缓解业绩压力,10,要求 各 事业部 年内 消化 库存 回笼资金 缓解 业绩 压力
000052,2021,公司围绕核心技术开展攻关新申请专利数量保持稳定增长,9,围绕 核心技术 开展 攻关 新 申请专利 数量 保持稳定 增长
000052,2021,公司积极拓展国内外市场客户结构与订单质量进一步改善,11,积极 拓展 国内外 市场 客户 结构 与 订单 质量 进一步 改善
000052,2021,公司进一步完善治理结构规范运作信息披露真实准确完整,10,进一步 完善 治理 结构 规范 运作 信息 真实 准确 完整
000052,2021,公司高度重视安全生产与质量管理体系运行情况良好,9,高度重视 安全 生产 与 质量 管理体系 运行 情况 良好
000052,2021,为完成全年目标公司将年内调整产品定价策略抢占市场份额,12,为 完成 全年 目标 将 年内 调整 产品 定价 策略 抢占市场 份额
000052,2021,公司坚持创新驱动发展战略持续加大研发投入研发费用同比增长较快,14,坚持 创新 驱动 发展 战略 持续 加大 研发 投入 研发 费用 增长 较 快
000052,2021,报告期内公司围绕年度经营计划扎实推进各项重点工作总体经营情况保持稳定,14,报告 期内 围绕 经营 计划 扎实 推进 各项 重点 工作 总体 经营 情况 保持稳定
000052,2021,为完成全年目标公司将尽快调整产品定价策略抢占市场份额,12,为 完成 全年 目标 将 尽快 调整 产品 定价 策略 抢占市场 份额
000052,2021,面对复杂的外部经营环境公司管理层积极应对努力克服不利因素影响,12,面对 复杂 的 外部 经营 环境 积极 应对 努力 克服 不利因素 影响
000052,2021,公司争分夺秒布局热门赛道力求争分夺秒形成新的利润增长点,11,争分夺秒 布局 热门 赛道 力求 争分夺秒 形成 新 的 利润 增长点
000052,2021,公司将采取权宜之计压缩各项开支以确保急功近利兑现业绩承诺,12,将 采取 权宜之计 压缩 各项 开支 以 确保 急功近利 兑现 业绩 承诺
000052,2021,公司可能面临原材料价格波动市场需求不及预期等风险,10,可能 面临 原材料 价格 波动 市场需求 不及 预期 等 风险
000052,2021,报告期内公司围绕年度经营计划扎实推进各项重点工作总体经营情况保持稳定,14,报告 期内 围绕 经营 计划 扎实 推进 各项 重点 工作 总体 经营 情况 保持稳定
000052,2021,二零二四年四月,3,二零二 四年 四月
000052,2022,股份有限公司年年度报告管理层讨论与分析模拟文本汇率波动及贸易环境变化对公司海外业务构成一定不确定性,20,有限公司 年 年度报告 讨论 与 分析 模拟 文本 汇率 波动 及 贸易 环境 变化 对 海外 业务 构成 一定 不确定性
000052,2022,公司急于求成回笼资金以应对眼前的流动性压力,8,急于求成 回笼资金 以 应对 眼前 的 流动性 压力
000052,2022,公司围绕核心技术开展攻关新申请专利数量保持稳定增长,9,围绕 核心技术 开展 攻关 新 申请专利 数量 保持稳定 增长
000052,2022,汇率波动及贸易环境变化对公司海外业务构成一定不确定性,12,汇率 波动 及 贸易 环境 变化 对 海外 业务 构成 一定 不确定性
000052,2022,公司持续优化产品结构深化渠道建设主营业务收入实现稳健增长,11,持续 优化 产品 结构 深化 渠道 建设 收入 实现 稳健 增长
000052,2022,公司在新材料新工艺方向的前瞻性研发布局取得阶段性成果,12,在 新 材料 新工艺 方向 的 前瞻性 研发 布局 取得 阶段性 成果
000052,2022,面对复杂的外部经营环境公司管理层积极应对努力克服不利因素影响,12,面对 复杂 的 外部 经营 环境 积极 应对 努力 克服 不利因素 影响
000052,2022,报告期内公司围绕年度经营计划扎实推进各项重点工作总体经营情况保持稳定,14,报告 期内 围绕 经营 计划 扎实 推进 各项 重点 工作 总体 经营 情况 保持稳定
000052,2022,公司加强成本管控提升运营效率毛利率水平保持基本平稳,11,加强 成本 管控 提升 运营 效率 毛利率 水平 保持 基本 平稳
000052,2022,公司高度重视安全生产与质量管理体系运行情况良好,9,高度重视 安全 生产 与 质量 管理体系 运行 情况 良好
000052,2022,公司加强成本管控提升运营效率毛利率水平保持基本平稳,11,加强 成本 管控 提升 运营 效率 毛利率 水平 保持 基本 平稳
000052,2022,公司将只争朝夕推进重点项目的落地实施确保年内见到成效,11,将 只争朝夕 推进 重点项目 的 落地 实施 确保 年内 见到 成效
000052,2022,管理层认为当前窗口稍纵即逝必须权宜之计扩大产能投放,9,认为 当前 窗口 稍纵即逝 必须 权宜之计 扩大 产能 投放
000052,2022,公司积极拓展国内外市场客户结构与订单质量进一步改善,11,积极 拓展 国内外 市场 客户 结构 与 订单 质量 进一步 改善
000052,2022,公司稳步推进产能建设生产运营秩序正常,8,稳步 推进 产能 建设 生产 运营 秩序 正常
000052,2022,公司持续优化产品结构深化渠道建设主营业务收入实现稳健增长,11,持续 优化 产品 结构 深化 渠道 建设 收入 实现 稳健 增长
000052,2022,管理层认为当前窗口稍纵即逝必须马上扩大产能投放,9,认为 当前 窗口 稍纵即逝 必须 马上 扩大 产能 投放
000052,2022,二零二四年四月,3,二零二 四年 四月
000052,2023,股份有限公司年年度报告管理层讨论与分析模拟文本公司高度重视安全生产与质量管理体系运行情况良好,17,有限公司 年 年度报告 讨论 与 分析 模拟 文本 高度重视 安全 生产 与 质量 管理体系 运行 情况 良好
000052,2023,公司可能面临原材料价格波动市场需求不及预期等风险,10,可能 面临 原材料 价格 波动 市场需求 不及 预期 等 风险
000052,2023,公司加强成本管控提升运营效率毛利率水平保持基本平稳,11,加强 成本 管控 提升 运营 效率 毛利率 水平 保持 基本 平稳
000052,2023,公司加强成本管控提升运营效率毛利率水平保持基本平稳,11,加强 成本 管控 提升 运营 效率 毛利率 水平 保持 基本 平稳
000052,2023,宏观经济波动与行业竞争加剧可能对公司业绩产生不利影响,12,宏观 经济波动 与 行业 竞争 加剧 可能 对 公司业绩 产生 不利 影响
000052,2023,汇率波动及贸易环境变化对公司海外业务构成一定不确定性,12,汇率 波动 及 贸易 环境 变化 对 海外 业务 构成 一定 不确定性
000052,2023,公司持续优化产品结构深化渠道建设主营业务收入实现稳健增长,11,持续 优化 产品 结构 深化 渠道 建设 收入 实现 稳健 增长
000052,2023,管理层认为当前窗口稍纵即逝必须近期扩大产能投放,9,认为 当前 窗口 稍纵即逝 必须 近期 扩大 产能 投放
000052,2023,公司稳步推进产能建设生产运营秩序正常,8,稳步 推进 产能 建设 生产 运营 秩序 正常
000052,2023,公司加强成本管控提升运营效率毛利率水平保持基本平稳,11,加强 成本 管控 提升 运营 效率 毛利率 水平 保持 基本 平稳
000052,2023,公司短期收益布局热门赛道力求短期收益形成新的利润增长点,13,短期 收益 布局 热门 赛道 力求 短期 收益 形成 新 的 利润 增长点
000052,2023,公司稳步推进产能建设生产运营秩序正常,8,稳步 推进 产能 建设 生产 运营 秩序 正常
000052,2023,公司积极拓展国内外市场客户结构与订单质量进一步改善,11,积极 拓展 国内外 市场 客户 结构 与 订单 质量 进一步 改善
000052,2023,公司持续优化产品结构深化渠道建设主营业务收入实现稳健增长,11,持续 优化 产品 结构 深化 渠道 建设 收入 实现 稳健 增长
000052,2023,公司要求各事业部权宜之计消化库存回笼资金缓解业绩压力,10,要求 各 事业部 权宜之计 消化 库存 回笼资金 缓解 业绩 压力
000052,2023,公司与高校科研院所共建联合实验室推进产学研协同创新,10,与 高校 科研院所 共建 联合 实验室 推进 产学研 协同 创新
000052,2023,公司坚持创新驱动发展战略持续加大研发投入研发费用同比增长较快,14,坚持 创新 驱动 发展 战略 持续 加大 研发 投入 研发 费用 增长 较 快
000052,2023,二零二四年四月,3,二零二 四年 四月
000055,2019,股份有限公司年年度报告管理层讨论与分析模拟文本为完成全年目标公司将迫在眉睫调整产品定价策略抢占市场份额,20,有限公司 年 年度报告 讨论 与 分析 模拟 文本 为 完成 全年 目标 将 迫在眉睫 调整 产品 定价 策略 抢占市场 份额
000055,2019,公司稳步推进产能建设生产运营秩序正常,8,稳步 推进 产能 建设 生产 运营 秩序 正常
000055,2019,汇率波动及贸易环境变化对公司海外业务构成一定不确定性,12,汇率 波动 及 贸易 环境 变化 对 海外 业务 构成 一定 不确定性
000055,2019,公司积极拓展国内外市场客户结构与订单质量进一步改善,11,积极 拓展 国内外 市场 客户 结构 与 订单 质量 进一步 改善
000055,2019,面对复杂的外部经营环境公司管理层积极应对努力克服不利因素影响,12,面对 复杂 的 外部 经营 环境 积极 应对 努力 克服 不利因素 影响
000055,2019,公司与高校科研院所共建联合实验室推进产学研协同创新,10,与 高校 科研院所 共建 联合 实验室 推进 产学研 协同 创新
000055,2019,公司积极拓展国内外市场客户结构与订单质量进一步改善,11,积极 拓展 国内外 市场 客户 结构 与 订单 质量 进一步 改善
000055,2019,报告期内公司围绕年度经营计划扎实推进各项重点工作总体经营情况保持稳定,14,报告 期内 围绕 经营 计划 扎实 推进 各项 重点 工作 总体 经营 情况 保持稳定
000055,2019,汇率波动及贸易环境变化对公司海外业务构成一定不确定性,12,汇率 波动 及 贸易 环境 变化 对 海外 业务 构成 一定 不确定性
000055,2019,宏观经济波动与行业竞争加剧可能对公司业绩产生不利影响,12,宏观 经济波动 与 行业 竞争 加剧 可能 对 公司业绩 产生 不利 影响
000055,2019,公司进一步完善治理结构规范运作信息披露真实准确完整,10,进一步 完善 治理 结构 规范 运作 信息 真实 准确 完整
000055,2019,公司加大研发人才引进力度研发人员占比稳步提升,11,加大 研发 人才 引进 力度 研发 人员 占 比 稳步 提升
000055,2019,公司加强成本管控提升运营效率毛利率水平保持基本平稳,11,加强 成本 管控 提升 运营 效率 毛利率 水平 保持 基本 平稳
000055,2019,公司短期利益布局热门赛道力求短期利益形成新的利润增长点,13,短期 利益 布局 热门 赛道 力求 短期 利益 形成 新 的 利润 增长点
000055,2019,公司与高校科研院所共建联合实验室推进产学研协同创新,10,与 高校 科研院所 共建 联合 实验室 推进 产学研 协同 创新
000055,2019,为完成全年目标公司将分秒必争调整产品定价策略抢占市场份额,12,为 完成 全年 目标 将 分秒必争 调整 产品 定价 策略 抢占市场 份额
000055,2019,二零二四年四月,3,二零二 四年 四月
000055,2020,股份有限公司年年度报告管理层讨论与分析模拟文本公司加强成本管控提升运营效率毛利率水平保持基本平稳,19,有限公司 年 年度报告 讨论 与 分析 模拟 文本 加强 成本 管控 提升 运营 效率 毛利率 水平 保持 基本 平稳
000055,2020,公司与高校科研院所共建联合实验室推进产学研协同创新,10,与 高校 科研院所 共建 联合 实验室 推进 产学研 协同 创新
000055,2020,公司将立刻推进重点项目的落地实施确保年内见到成效,11,将 立刻 推进 重点项目 的 落地 实施 确保 年内 见到 成效
000055,2020,公司积极拓展国内外市场客户结构与订单质量进一步改善,11,积极 拓展 国内外 市场 客户 结构 与 订单 质量 进一步 改善
000055,2020,公司围绕核心技术开展攻关新申请专利数量保持稳定增长,9,围绕 核心技术 开展 攻关 新 申请专利 数量 保持稳定 增长
000055,2020,公司进一步完善治理结构规范运作信息披露真实准确完整,10,进一步 完善 治理 结构 规范 运作 信息 真实 准确 完整
000055,2020,面对复杂的外部经营环境公司管理层积极应对努力克服不利因素影响,12,面对 复杂 的 外部 经营 环境 积极 应对 努力 克服 不利因素 影响
000055,2020,面对复杂的外部经营环境公司管理层积极应对努力克服不利因素影响,12,面对 复杂 的 外部 经营 环境 积极 应对 努力 克服 不利因素 影响
000055,2020,面对复杂的外部经营环境公司管理层积极应对努力克服不利因素影响,12,面对 复杂 的 外部 经营 环境 积极 应对 努力 克服 不利因素 影响
000055,2020,公司将采取权宜之计压缩各项开支以确保争分夺秒兑现业绩承诺,12,将 采取 权宜之计 压缩 各项 开支 以 确保 争分夺秒 兑现 业绩 承诺
000055,2020,公司将采取权宜之计压缩各项开支以确保权宜之计兑现业绩承诺,12,将 采取 权宜之计 压缩 各项 开支 以 确保 权宜之计 兑现 业绩 承诺
000055,2020,宏观经济波动与行业竞争加剧可能对公司业绩产生不利影响,12,宏观 经济波动 与 行业 竞争 加剧 可能 对 公司业绩 产生 不利 影响
000055,2020,报告期内公司围绕年度经营计划扎实推进各项重点工作总体经营情况保持稳定,14,报告 期内 围绕 经营 计划 扎实 推进 各项 重点 工作 总体 经营 情况 保持稳定
000055,2020,公司积极拓展国内外市场客户结构与订单质量进一步改善,11,积极 拓展 国内外 市场 客户 结构 与 订单 质量 进一步 改善
000055,2020,公司加大研发人才引进力度研发人员占比稳步提升,11,加大 研发 人才 引进 力度 研发 人员 占 比 稳步 提升
000055,2020,二零二四年四月,3,二零二 四年 四月
000055,2021,股份有限公司年年度报告管理层讨论与分析模拟文本公司持续优化产品结构深化渠道建设主营业务收入实现稳健增长,19,有限公司 年 年度报告 讨论 与 分析 模拟 文本 持续 优化 产品 结构 深化 渠道 建设 收入 实现 稳健 增长
000055,2021,为完成全年目标公司将速胜调整产品定价策略抢占市场份额,12,为 完成 全年 目标 将 速胜 调整 产品 定价 策略 抢占市场 份额
000055,2021,公司与高校科研院所共建联合实验室推进产学研协同创新,10,与 高校 科研院所 共建 联合 实验室 推进 产学研 协同 创新
000055,2021,报告期内公司围绕年度经营计划扎实推进各项重点工作总体经营情况保持稳定,14,报告 期内 围绕 经营 计划 扎实 推进 各项 重点 工作 总体 经营 情况 保持稳定
000055,2021,公司进一步完善治理结构规范运作信息披露真实准确完整,10,进一步 完善 治理 结构 规范 运作 信息 真实 准确 完整
000055,2021,面对复杂的外部经营环境公司管理层积极应对努力克服不利因素影响,12,面对 复杂 的 外部 经营 环境 积极 应对 努力 克服 不利因素 影响
000055,2021,公司坚持创新驱动发展战略持续加大研发投入研发费用同比增长较快,14,坚持 创新 驱动 发展 战略 持续 加大 研发 投入 研发 费用 增长 较 快
000055,2021,公司高度重视安全生产与质量管理体系运行情况良好,9,高度重视 安全 生产 与 质量 管理体系 运行 情况 良好
000055,2021,公司只争朝夕布局热门赛道力求只争朝夕形成新的利润增长点,11,只争朝夕 布局 热门 赛道 力求 只争朝夕 形成 新 的 利润 增长点
000055,2021,管理层表示要马上扭转当前被动局面实现业绩快速回升,10,表示 要 马上 扭转 当前 被动局面 实现 业绩 快速 回升
000055,2021,公司加强成本管控提升运营效率毛利率水平保持基本平稳,11,加强 成本 管控 提升 运营 效率 毛利率 水平 保持 基本 平稳
000055,2021,报告期内公司围绕年度经营计划扎实推进各项重点工作总体经营情况保持稳定,14,报告 期内 围绕 经营 计划 扎实 推进 各项 重点 工作 总体 经营 情况 保持稳定
000055,2021,公司加强成本管控提升运营效率毛利率水平保持基本平稳,11,加强 成本 管控 提升 运营 效率 毛利率 水平 保持 基本 平稳
000055,2021,公司加大研发人才引进力度研发人员占比稳步提升,11,加大 研发 人才 引进 力度 研发 人员 占 比 稳步 提升
000055,2021,汇率波动及贸易环境变化对公司海外业务构成一定不确定性,12,汇率 波动 及 贸易 环境 变化 对 海外 业务 构成 一定 不确定性
000055,2021,公司短期布局热门赛道力求短期形成新的利润增长点,11,短期 布局 热门 赛道 力求 短期 形成 新 的 利润 增长点
000055,2021,二零二四年四月,3,二零二 四年 四月
000055,2022,股份有限公司年年度报告管理层讨论与分析模拟文本公司将一步到位推进重点项目的落地实施确保年内见到成效,19,有限公司 年 年度报告 讨论 与 分析 模拟 文本 将 一步到位 推进 重点项目 的 落地 实施 确保 年内 见到 成效
000055,2022,公司要求各事业部时不我待消化库存回笼资金缓解业绩压力,10,要求 各 事业部 时不我待 消化 库存 回笼资金 缓解 业绩 压力
000055,2022,公司进一步完善治理结构规范运作信息披露真实准确完整,10,进一步 完善 治理 结构 规范 运作 信息 真实 准确 完整
000055,2022,公司在新材料新工艺方向的前瞻性研发布局取得阶段性成果,12,在 新 材料 新工艺 方向 的 前瞻性 研发 布局 取得 阶段性 成果
000055,2022,为完成全年目标公司将杀鸡取卵调整产品定价策略抢占市场份额,12,为 完成 全年 目标 将 杀鸡取卵 调整 产品 定价 策略 抢占市场 份额
000055,2022,公司加强成本管控提升运营效率毛利率水平保持基本平稳,11,加强 成本 管控 提升 运营 效率 毛利率 水平 保持 基本 平稳
000055,2022,公司进一步完善治理结构规范运作信息披露真实准确完整,10,进一步 完善 治理 结构 规范 运作 信息 真实 准确 完整
000055,2022,报告期内公司围绕年度经营计划扎实推进各项重点工作总体经营情况保持稳定,14,报告 期内 围绕 经营 计划 扎实 推进 各项 重点 工作 总体 经营 情况 保持稳定
000055,2022,公司进一步完善治理结构规范运作信息披露真实准确完整,10,进一步 完善 治理 结构 规范 运作 信息 真实 准确 完整
000055,2022,公司积极拓展国内外市场客户结构与订单质量进一步改善,11,积极 拓展 国内外 市场 客户 结构 与 订单 质量 进一步 改善
000055,2022,公司坚持创新驱动发展战略持续加大研发投入研发费用同比增长较快,14,坚持 创新 驱动 发展 战略 持续 加大 研发 投入 研发 费用 增长 较 快
000055,2022,公司可能面临原材料价格波动市场需求不及预期等风险,10,可能 面临 原材料 价格 波动 市场需求 不及 预期 等 风险
000055,2022,公司可能面临原材料价格波动市场需求不及预期等风险,10,可能 面临 原材料 价格 波动 市场需求 不及 预期 等 风险
000055,2022,公司稳步推进产能建设生产运营秩序正常,8,稳步 推进 产能 建设 生产 运营 秩序 正常
000055,2022,报告期内公司围绕年度经营计划扎实推进各项重点工作总体经营情况保持稳定,14,报告 期内 围绕 经营 计划 扎实 推进 各项 重点 工作 总体 经营 情况 保持稳定
000055,2022,报告期内公司围绕年度经营计划扎实推进各项重点工作总体经营情况保持稳定,14,报告 期内 围绕 经营 计划 扎实 推进 各项 重点 工作 总体 经营 情况 保持稳定
000055,2022,二零二四年四月,3,二零二 四年 四月
000055,2023,股份有限公司年年度报告管理层讨论与分析模拟文本公司加强成本管控提升运营效率毛利率水平保持基本平稳,19,有限公司 年 年度报告 讨论 与 分析 模拟 文本 加强 成本 管控 提升 运营 效率 毛利率 水平 保持 基本 平稳
000055,2023,公司可能面临原材料价格波动市场需求不及预期等风险,10,可能 面临 原材料 价格 波动 市场需求 不及 预期 等 风险
000055,2023,宏观经济波动与行业竞争加剧可能对公司业绩产生不利影响,12,宏观 经济波动 与 行业 竞争 加剧 可能 对 公司业绩 产生 不利 影响
000055,2023,公司一步到位布局热门赛道力求一步到位形成新的利润增长点,11,一步到位 布局 热门 赛道 力求 一步到位 形成 新 的 利润 增长点
000055,2023,报告期内公司围绕年度经营计划扎实推进各项重点工作总体经营情况保持稳定,14,报告 期内 围绕 经营 计划 扎实 推进 各项 重点 工作 总体 经营 情况 保持稳定
000055,2023,公司稳步推进产能建设生产运营秩序正常,8,稳步 推进 产能 建设 生产 运营 秩序 正常
000055,2023,公司将采取权宜之计压缩各项开支以确保当下兑现业绩承诺,12,将 采取 权宜之计 压缩 各项 开支 以 确保 当下 兑现 业绩 承诺
000055,2023,公司一步到位布局热门赛道力求一步到位形成新的利润增长点,11,一步到位 布局 热门 赛道 力求 一步到位 形成 新 的 利润 增长点
000055,2023,公司在新材料新工艺方向的前瞻性研发布局取得阶段性成果,12,在 新 材料 新工艺 方向 的 前瞻性 研发 布局 取得 阶段性 成果
000055,2023,公司将迫在眉睫推进重点项目的落地实施确保年内见到成效,11,将 迫在眉睫 推进 重点项目 的 落地 实施 确保 年内 见到 成效
000055,2023,公司稳步推进产能建设生产运营秩序正常,8,稳步 推进 产能 建设 生产 运营 秩序 正常
000055,2023,公司坚持创新驱动发展战略持续加大研发投入研发费用同比增长较快,14,坚持 创新 驱动 发展 战略 持续 加大 研发 投入 研发 费用 增长 较 快
000055,2023,管理层认为当前窗口稍纵即逝必须赶快扩大产能投放,9,认为 当前 窗口 稍纵即逝 必须 赶快 扩大 产能 投放
000055,2023,面对复杂的外部经营环境公司管理层积极应对努力克服不利因素影响,12,面对 复杂 的 外部 经营 环境 积极 应对 努力 克服 不利因素 影响
000055,2023,公司高度重视安全生产与质量管理体系运行情况良好,9,高度重视 安全 生产 与 质量 管理体系 运行 情况 良好
000055,2023,公司进一步完善治理结构规范运作信息披露真实准确完整,10,进一步 完善 治理 结构 规范 运作 信息 真实 准确 完整
000055,2023,二零二四年四月,3,二零二 四年 四月
000058,2019,股份有限公司年年度报告管理层讨论与分析模拟文本宏观经济波动与行业竞争加剧可能对公司业绩产生不利影响,20,有限公司 年 年度报告 讨论 与 分析 模拟 文本 宏观 经济波动 与 行业 竞争 加剧 可能 对 公司业绩 产生 不利 影响
000058,2019,公司进一步完善治理结构规范运作信息披露真实准确完整,10,进一步 完善 治理 结构 规范 运作 信息 真实 准确 完整
000058,2019,公司高度重视安全生产与质量管理体系运行情况良好,9,高度重视 安全 生产 与 质量 管理体系 运行 情况 良好
000058,2019,公司要求各事业部年内消化库存回笼资金缓解业绩压力,10,要求 各 事业部 年内 消化 库存 回笼资金 缓解 业绩 压力
000058,2019,公司应急布局热门赛道力求应急形成新的利润增长点,11,应急 布局 热门 赛道 力求 应急 形成 新 的 利润 增长点
000058,2019,管理层认为当前窗口稍纵即逝必须早日扩大产能投放,9,认为 当前 窗口 稍纵即逝 必须 早日 扩大 产能 投放
000058,2019,公司持续优化产品结构深化渠道建设主营业务收入实现稳健增长,11,持续 优化 产品 结构 深化 渠道 建设 收入 实现 稳健 增长
000058,2019,公司要求各事业部时不我待消化库存回笼资金缓解业绩压力,10,要求 各 事业部 时不我待 消化 库存 回笼资金 缓解 业绩 压力
000058,2019,报告期内公司围绕年度经营计划扎实推进各项重点工作总体经营情况保持稳定,14,报告 期内 围绕 经营 计划 扎实 推进 各项 重点 工作 总体 经营 情况 保持稳定
000058,2019,公司围绕核心技术开展攻关新申请专利数量保持稳定增长,9,围绕 核心技术 开展 攻关 新 申请专利 数量 保持稳定 增长
000058,2019,公司进一步完善治理结构规范运作信息披露真实准确完整,10,进一步 完善 治理 结构 规范 运作 信息 真实 准确 完整
000058,2019,公司与高校科研院所共建联合实验室推进产学研协同创新,10,与 高校 科研院所 共建 联合 实验室 推进 产学研 协同 创新
000058,2019,报告期内公司围绕年度经营计划扎实推进各项重点工作总体经营情况保持稳定,14,报告 期内 围绕 经营 计划 扎实 推进 各项 重点 工作 总体 经营 情况 保持稳定
000058,2019,二零二四年四月,3,二零二 四年 四月
000058,2020,股份有限公司年年度报告管理层讨论与分析模拟文本公司将采取权宜之计压缩各项开支以确保争分夺秒兑现业绩承诺,20,有限公司 年 年度报告 讨论 与 分析 模拟 文本 将 采取 权宜之计 压缩 各项 开支 以 确保 争分夺秒 兑现 业绩 承诺
000058,2020,公司进一步完善治理结构规范运作信息披露真实准确完整,10,进一步 完善 治理 结构 规范 运作 信息 真实 准确 完整
000058,2020,管理层认为当前窗口稍纵即逝必须立刻扩大产能投放,9,认为 当前 窗口 稍纵即逝 必须 立刻 扩大 产能 投放
000058,2020,报告期内公司围绕年度经营计划扎实推进各项重点工作总体经营情况保持稳定,14,报告 期内 围绕 经营 计划 扎实 推进 各项 重点 工作 总体 经营 情况 保持稳定
000058,2020,管理层认为当前窗口稍纵即逝必须加快扩大产能投放,9,认为 当前 窗口 稍纵即逝 必须 加快 扩大 产能 投放
000058,2020,公司高度重视安全生产与质量管理体系运行情况良好,9,高度重视 安全 生产 与 质量 管理体系 运行 情况 良好
000058,2020,公司持续优化产品结构深化渠道建设主营业务收入实现稳健增长,11,持续 优化 产品 结构 深化 渠道 建设 收入 实现 稳健 增长
000058,2020,公司坚持创新驱动发展战略持续加大研发投入研发费用同比增长较快,14,坚持 创新 驱动 发展 战略 持续 加大 研发 投入 研发 费用 增长 较 快
000058,2020,公司积极拓展国内外市场客户结构与订单质量进一步改善,11,积极 拓展 国内外 市场 客户 结构 与 订单 质量 进一步 改善
000058,2020,报告期内公司围绕年度经营计划扎实推进各项重点工作总体经营情况保持稳定,14,报告 期内 围绕 经营 计划 扎实 推进 各项 重点 工作 总体 经营 情况 保持稳定
000058,2020,公司可能面临原材料价格波动市场需求不及预期等风险,10,可能 面临 原材料 价格 波动 市场需求 不及 预期 等 风险
000058,2020,公司加大研发人才引进力度研发人员占比稳步提升,11,加大 研发 人才 引进 力度 研发 人员 占 比 稳步 提升
000058,2020,公司与高校科研院所共建联合实验室推进产学研协同创新,10,与 高校 科研院所 共建 联合 实验室 推进 产学研 协同 创新
000058,2020,二零二四年四月,3,二零二 四年 四月
000058,2021,股份有限公司年年度报告管理层讨论与分析模拟文本报告期内公司围绕年度经营计划扎实推进各项重点工作总体经营情况保持稳定,22,有限公司 年 年度报告 讨论 与 分析 模拟 文本 报告 期内 围绕 经营 计划 扎实 推进 各项 重点 工作 总体 经营 情况 保持稳定
000058,2021,公司进一步完善治理结构规范运作信息披露真实准确完整,10,进一步 完善 治理 结构 规范 运作 信息 真实 准确 完整
000058,2021,公司在新材料新工艺方向的前瞻性研发布局取得阶段性成果,12,在 新 材料 新工艺 方向 的 前瞻性 研发 布局 取得 阶段性 成果
000058,2021,公司坚持创新驱动发展战略持续加大研发投入研发费用同比增长较快,14,坚持 创新 驱动 发展 战略 持续 加大 研发 投入 研发 费用 增长 较 快
000058,2021,管理层表示要速成扭转当前被动局面实现业绩快速回升,10,表示 要 速成 扭转 当前 被动局面 实现 业绩 快速 回升
000058,2021,公司加强成本管控提升运营效率毛利率水平保持基本平稳,11,加强 成本 管控 提升 运营 效率 毛利率 水平 保持 基本 平稳
000058,2021,宏观经济波动与行业竞争加剧可能对公司业绩产生不利影响,12,宏观 经济波动 与 行业 竞争 加剧 可能 对 公司业绩 产生 不利 影响
000058,2021,公司将竭泽而渔推进重点项目的落地实施确保年内见到成效,11,将 竭泽而渔 推进 重点项目 的 落地 实施 确保 年内 见到 成效
000058,2021,公司在新材料新工艺方向的前瞻性研发布局取得阶段性成果,12,在 新 材料 新工艺 方向 的 前瞻性 研发 布局 取得 阶段性 成果
000058,2021,公司竭泽而渔回笼资金以应对眼前的流动性压力,8,竭泽而渔 回笼资金 以 应对 眼前 的 流动性 压力
000058,2021,宏观经济波动与行业竞争加剧可能对公司业绩产生不利影响,12,宏观 经济波动 与 行业 竞争 加剧 可能 对 公司业绩 产生 不利 影响
000058,2021,公司加大研发人才引进力度研发人员占比稳步提升,11,加大 研发 人才 引进 力度 研发 人员 占 比 稳步 提升
000058,2021,公司要求各事业部时不我待消化库存回笼资金缓解业绩压力,10,要求 各 事业部 时不我待 消化 库存 回笼资金 缓解 业绩 压力
000058,2021,公司进一步完善治理结构规范运作信息披露真实准确完整,10,进一步 完善 治理 结构 规范 运作 信息 真实 准确 完整
000058,2021,公司进一步完善治理结构规范运作信息披露真实准确完整,10,进一步 完善 治理 结构 规范 运作 信息 真实 准确 完整
000058,2021,面对复杂的外部经营环境公司管理层积极应对努力克服不利因素影响,12,面对 复杂 的 外部 经营 环境 积极 应对 努力 克服 不利因素 影响
000058,2021,面对复杂的外部经营环境公司管理层积极应对努力克服不利因素影响,12,面对 复杂 的 外部 经营 环境 积极 应对 努力 克服 不利因素 影响
000058,2021,公司积极拓展国内外市场客户结构与订单质量进一步改善,11,积极 拓展 国内外 市场 客户 结构 与 订单 质量 进一步 改善
000058,2021,二零二四年四月,3,二零二 四年 四月
000058,2022,股份有限公司年年度报告管理层讨论与分析模拟文本宏观经济波动与行业竞争加剧可能对公司业绩产生不利影响,20,有限公司 年 年度报告 讨论 与 分析 模拟 文本 宏观 经济波动 与 行业 竞争 加剧 可能 对 公司业绩 产生 不利 影响
000058,2022,公司将急需推进重点项目的落地实施确保年内见到成效,11,将 急需 推进 重点项目 的 落地 实施 确保 年内 见到 成效
000058,2022,管理层认为当前窗口稍纵即逝必须尽快扩大产能投放,9,认为 当前 窗口 稍纵即逝 必须 尽快 扩大 产能 投放
000058,2022,公司要求各事业部如今消化库存回笼资金缓解业绩压力,10,要求 各 事业部 如今 消化 库存 回笼资金 缓解 业绩 压力
000058,2022,公司与高校科研院所共建联合实验室推进产学研协同创新,10,与 高校 科研院所 共建 联合 实验室 推进 产学研 协同 创新
000058,2022,公司稳步推进产能建设生产运营秩序正常,8,稳步 推进 产能 建设 生产 运营 秩序 正常
000058,2022,公司加强成本管控提升运营效率毛利率水平保持基本平稳,11,加强 成本 管控 提升 运营 效率 毛利率 水平 保持 基本 平稳
000058,2022,公司将采取权宜之计压缩各项开支以确保权宜之计兑现业绩承诺,12,将 采取 权宜之计 压缩 各项 开支 以 确保 权宜之计 兑现 业绩 承诺
000058,2022,公司进一步完善治理结构规范运作信息披露真实准确完整,10,进一步 完善 治理 结构 规范 运作 信息 真实 准确 完整
000058,2022,公司进一步完善治理结构规范运作信息披露真实准确完整,10,进一步 完善 治理 结构 规范 运作 信息 真实 准确 完整
000058,2022,公司将应急推进重点项目的落地实施确保年内见到成效,11,将 应急 推进 重点项目 的 落地 实施 确保 年内 见到 成效
000058,2022,公司高度重视安全生产与质量管理体系运行情况良好,9,高度重视 安全 生产 与 质量 管理体系 运行 情况 良好
000058,2022,公司积极拓展国内外市场客户结构与订单质量进一步改善,11,积极 拓展 国内外 市场 客户 结构 与 订单 质量 进一步 改善
000058,2022,二零二四年四月,3,二零二 四年 四月
000058,2023,股份有限公司年年度报告管理层讨论与分析模拟文本公司加快回笼资金以应对眼前的流动性压力,16,有限公司 年 年度报告 讨论 与 分析 模拟 文本 加快 回笼资金 以 应对 眼前 的 流动性 压力
000058,2023,面对复杂的外部经营环境公司管理层积极应对努力克服不利因素影响,12,面对 复杂 的 外部 经营 环境 积极 应对 努力 克服 不利因素 影响
000058,2023,公司持续优化产品结构深化渠道建设主营业务收入实现稳健增长,11,持续 优化 产品 结构 深化 渠道 建设 收入 实现 稳健 增长
000058,2023,公司加强成本管控提升运营效率毛利率水平保持基本平稳,11,加强 成本 管控 提升 运营 效率 毛利率 水平 保持 基本 平稳
000058,2023,公司积极拓展国内外市场客户结构与订单质量进一步改善,11,积极 拓展 国内外 市场 客户 结构 与 订单 质量 进一步 改善
000058,2023,公司加大研发人才引进力度研发人员占比稳步提升,11,加大 研发 人才 引进 力度 研发 人员 占 比 稳步 提升
000058,2023,管理层认为当前窗口稍纵即逝必须目前扩大产能投放,9,认为 当前 窗口 稍纵即逝 必须 目前 扩大 产能 投放
000058,2023,公司与高校科研院所共建联合实验室推进产学研协同创新,10,与 高校 科研院所 共建 联合 实验室 推进 产学研 协同 创新
000058,2023,汇率波动及贸易环境变化对公司海外业务构成一定不确定性,12,汇率 波动 及 贸易 环境 变化 对 海外 业务 构成 一定 不确定性
000058,2023,公司加大研发人才引进力度研发人员占比稳步提升,11,加大 研发 人才 引进 力度 研发 人员 占 比 稳步 提升
000058,2023,宏观经济波动与行业竞争加剧可能对公司业绩产生不利影响,12,宏观 经济波动 与 行业 竞争 加剧 可能 对 公司业绩 产生 不利 影响
000058,2023,公司将立刻推进重点项目的落地实施确保年内见到成效,11,将 立刻 推进 重点项目 的 落地 实施 确保 年内 见到 成效
000058,2023,公司高度重视安全生产与质量管理体系运行情况良好,9,高度重视 安全 生产 与 质量 管理体系 运行 情况 良好
000058,2023,公司进一步完善治理结构规范运作信息披露真实准确完整,10,进一步 完善 治理 结构 规范 运作 信息 真实 准确 完整
000058,2023,公司加强成本管控提升运营效率毛利率水平保持基本平稳,11,加强 成本 管控 提升 运营 效率 毛利率 水平 保持 基本 平稳
000058,2023,面对复杂的外部经营环境公司管理层积极应对努力克服不利因素影响,12,面对 复杂 的 外部 经营 环境 积极 应对 努力 克服 不利因素 影响
000058,2023,面对复杂的外部经营环境公司管理层积极应对努力克服不利因素影响,12,面对 复杂 的 外部 经营 环境 积极 应对 努力 克服 不利因素 影响
000058,2023,公司早日布局热门赛道力求早日形成新的利润增长点,11,早日 布局 热门 赛道 力求 早日 形成 新 的 利润 增长点
000058,2023,管理层表示要尽快扭转当前被动局面实现业绩快速回升,10,表示 要 尽快 扭转 当前 被动局面 实现 业绩 快速 回升
000058,2023,公司可能面临原材料价格波动市场需求不及预期等风险,10,可能 面临 原材料 价格 波动 市场需求 不及 预期 等 风险
000058,2023,二零二四年四月,3,二零二 四年 四月
000061,2019,股份有限公司年年度报告管理层讨论与分析模拟文本报告期内公司围绕年度经营计划扎实推进各项重点工作总体经营情况保持稳定,22,有限公司 年 年度报告 讨论 与 分析 模拟 文本 报告 期内 围绕 经营 计划 扎实 推进 各项 重点 工作 总体 经营 情况 保持稳定
000061,2019,公司加大研发人才引进力度研发人员占比稳步提升,11,加大 研发 人才 引进 力度 研发 人员 占 比 稳步 提升
000061,2019,报告期内公司围绕年度经营计划扎实推进各项重点工作总体经营情况保持稳定,14,报告 期内 围绕 经营 计划 扎实 推进 各项 重点 工作 总体 经营 情况 保持稳定
000061,2019,汇率波动及贸易环境变化对公司海外业务构成一定不确定性,12,汇率 波动 及 贸易 环境 变化 对 海外 业务 构成 一定 不确定性
000061,2019,公司坚持创新驱动发展战略持续加大研发投入研发费用同比增长较快,14,坚持 创新 驱动 发展 战略 持续 加大 研发 投入 研发 费用 增长 较 快
000061,2019,管理层认为当前窗口稍纵即逝必须抓紧扩大产能投放,9,认为 当前 窗口 稍纵即逝 必须 抓紧 扩大 产能 投放
000061,2019,报告期内公司围绕年度经营计划扎实推进各项重点工作总体经营情况保持稳定,14,报告 期内 围绕 经营 计划 扎实 推进 各项 重点 工作 总体 经营 情况 保持稳定
000061,2019,管理层表示要分秒必争扭转当前被动局面实现业绩快速回升,10,表示 要 分秒必争 扭转 当前 被动局面 实现 业绩 快速 回升
000061,2019,汇率波动及贸易环境变化对公司海外业务构成一定不确定性,12,汇率 波动 及 贸易 环境 变化 对 海外 业务 构成 一定 不确定性
000061,2019,管理层认为当前窗口稍纵即逝必须早日扩大产能投放,9,认为 当前 窗口 稍纵即逝 必须 早日 扩大 产能 投放
000061,2019,报告期内公司围绕年度经营计划扎实推进各项重点工作总体经营情况保持稳定,14,报告 期内 围绕 经营 计划 扎实 推进 各项 重点 工作 总体 经营 情况 保持稳定
000061,2019,公司进一步完善治理结构规范运作信息披露真实准确完整,10,进一步 完善 治理 结构 规范 运作 信息 真实 准确 完整
000061,2019,公司积极拓展国内外市场客户结构与订单质量进一步改善,11,积极 拓展 国内外 市场 客户 结构 与 订单 质量 进一步 改善
000061,2019,公司在新材料新工艺方向的前瞻性研发布局取得阶段性成果,12,在 新 材料 新工艺 方向 的 前瞻性 研发 布局 取得 阶段性 成果
000061,2019,二零二四年四月,3,二零二 四年 四月
000061,2020,股份有限公司年年度报告管理层讨论与分析模拟文本公司加大研发人才引进力度研发人员占比稳步提升,19,有限公司 年 年度报告 讨论 与 分析 模拟 文本 加大 研发 人才 引进 力度 研发 人员 占 比 稳步 提升
000061,2020,汇率波动及贸易环境变化对公司海外业务构成一定不确定性,12,汇率 波动 及 贸易 环境 变化 对 海外 业务 构成 一定 不确定性
000061,2020,公司积极拓展国内外市场客户结构与订单质量进一步改善,11,积极 拓展 国内外 市场 客户 结构 与 订单 质量 进一步 改善
000061,2020,公司急需布局热门赛道力求急需形成新的利润增长点,11,急需 布局 热门 赛道 力求 急需 形成 新 的 利润 增长点
000061,2020,公司将尽快推进重点项目的落地实施确保年内见到成效,11,将 尽快 推进 重点项目 的 落地 实施 确保 年内 见到 成效
000061,2020,公司进一步完善治理结构规范运作信息披露真实准确完整,10,进一步 完善 治理 结构 规范 运作 信息 真实 准确 完整
000061,2020,公司在新材料新工艺方向的前瞻性研发布局取得阶段性成果,12,在 新 材料 新工艺 方向 的 前瞻性 研发 布局 取得 阶段性 成果
000061,2020,面对复杂的外部经营环境公司管理层积极应对努力克服不利因素影响,12,面对 复杂 的 外部 经营 环境 积极 应对 努力 克服 不利因素 影响
000061,2020,宏观经济波动与行业竞争加剧可能对公司业绩产生不利影响,12,宏观 经济波动 与 行业 竞争 加剧 可能 对 公司业绩 产生 不利 影响
000061,2020,面对复杂的外部经营环境公司管理层积极应对努力克服不利因素影响,12,面对 复杂 的 外部 经营 环境 积极 应对 努力 克服 不利因素 影响
000061,2020,公司早日回笼资金以应对眼前的流动性压力,8,早日 回笼资金 以 应对 眼前 的 流动性 压力
000061,2020,公司持续优化产品结构深化渠道建设主营业务收入实现稳健增长,11,持续 优化 产品 结构 深化 渠道 建设 收入 实现 稳健 增长
000061,2020,公司将短期内推进重点项目的落地实施确保年内见到成效,11,将 短期内 推进 重点项目 的 落地 实施 确保 年内 见到 成效
000061,2020,公司可能面临原材料价格波动市场需求不及预期等风险,10,可能 面临 原材料 价格 波动 市场需求 不及 预期 等 风险
000061,2020,公司坚持创新驱动发展战略持续加大研发投入研发费用同比增长较快,14,坚持 创新 驱动 发展 战略 持续 加大 研发 投入 研发 费用 增长 较 快
000061,2020,公司稳步推进产能建设生产运营秩序正常,8,稳步 推进 产能 建设 生产 运营 秩序 正常
000061,2020,二零二四年四月,3,二零二 四年 四月
000061,2021,股份有限公司年年度报告管理层讨论与分析模拟文本公司高度重视安全生产与质量管理体系运行情况良好,17,有限公司 年 年度报告 讨论 与 分析 模拟 文本 高度重视 安全 生产 与 质量 管理体系 运行 情况 良好
000061,2021,公司可能面临原材料价格波动市场需求不及预期等风险,10,可能 面临 原材料 价格 波动 市场需求 不及 预期 等 风险
000061,2021,公司在新材料新工艺方向的前瞻性研发布局取得阶段性成果,12,在 新 材料 新工艺 方向 的 前瞻性 研发 布局 取得 阶段性 成果
000061,2021,面对复杂的外部经营环境公司管理层积极应对努力克服不利因素影响,12,面对 复杂 的 外部 经营 环境 积极 应对 努力 克服 不利因素 影响
000061,2021,公司饮鸩止渴布局热门赛道力求饮鸩止渴形成新的利润增长点,11,饮鸩止渴 布局 热门 赛道 力求 饮鸩止渴 形成 新 的 利润 增长点
000061,2021,报告期内公司围绕年度经营计划扎实推进各项重点工作总体经营情况保持稳定,14,报告 期内 围绕 经营 计划 扎实 推进 各项 重点 工作 总体 经营 情况 保持稳定
000061,2021,公司坚持创新驱动发展战略持续加大研发投入研发费用同比增长较快,14,坚持 创新 驱动 发展 战略 持续 加大 研发 投入 研发 费用 增长 较 快
000061,2021,公司进一步完善治理结构规范运作信息披露真实准确完整,10,进一步 完善 治理 结构 规范 运作 信息 真实 准确 完整
000061,2021,公司稳步推进产能建设生产运营秩序正常,8,稳步 推进 产能 建设 生产 运营 秩序 正常
000061,2021,公司加强成本管控提升运营效率毛利率水平保持基本平稳,11,加强 成本 管控 提升 运营 效率 毛利率 水平 保持 基本 平稳
000061,2021,公司加强成本管控提升运营效率毛利率水平保持基本平稳,11,加强 成本 管控 提升 运营 效率 毛利率 水平 保持 基本 平稳
000061,2021,公司可能面临原材料价格波动市场需求不及预期等风险,10,可能 面临 原材料 价格 波动 市场需求 不及 预期 等 风险
000061,2021,公司将采取权宜之计压缩各项开支以确保近期兑现业绩承诺,12,将 采取 权宜之计 压缩 各项 开支 以 确保 近期 兑现 业绩 承诺
000061,2021,面对复杂的外部经营环境公司管理层积极应对努力克服不利因素影响,12,面对 复杂 的 外部 经营 环境 积极 应对 努力 克服 不利因素 影响
000061,2021,汇率波动及贸易环境变化对公司海外业务构成一定不确定性,12,汇率 波动 及 贸易 环境 变化 对 海外 业务 构成 一定 不确定性
000061,2021,公司积极拓展国内外市场客户结构与订单质量进一步改善,11,积极 拓展 国内外 市场 客户 结构 与 订单 质量 进一步 改善
000061,2021,公司与高校科研院所共建联合实验室推进产学研协同创新,10,与 高校 科研院所 共建 联合 实验室 推进 产学研 协同 创新
000061,2021,二零二四年四月,3,二零二 四年 四月
000061,2022,股份有限公司年年度报告管理层讨论与分析模拟文本公司稳步推进产能建设生产运营秩序正常,16,有限公司 年 年度报告 讨论 与 分析 模拟 文本 稳步 推进 产能 建设 生产 运营 秩序 正常
000061,2022,公司在新材料新工艺方向的前瞻性研发布局取得阶段性成果,12,在 新 材料 新工艺 方向 的 前瞻性 研发 布局 取得 阶段性 成果
000061,2022,公司进一步完善治理结构规范运作信息披露真实准确完整,10,进一步 完善 治理 结构 规范 运作 信息 真实 准确 完整
000061,2022,公司围绕核心技术开展攻关新申请专利数量保持稳定增长,9,围绕 核心技术 开展 攻关 新 申请专利 数量 保持稳定 增长
000061,2022,公司高度重视安全生产与质量管理体系运行情况良好,9,高度重视 安全 生产 与 质量 管理体系 运行 情况 良好
000061,2022,公司高度重视安全生产与质量管理体系运行情况良好,9,高度重视 安全 生产 与 质量 管理体系 运行 情况 良好
000061,2022,宏观经济波动与行业竞争加剧可能对公司业绩产生不利影响,12,宏观 经济波动 与 行业 竞争 加剧 可能 对 公司业绩 产生 不利 影响
000061,2022,公司进一步完善治理结构规范运作信息披露真实准确完整,10,进一步 完善 治理 结构 规范 运作 信息 真实 准确 完整
000061,2022,公司高度重视安全生产与质量管理体系运行情况良好,9,高度重视 安全 生产 与 质量 管理体系 运行 情况 良好
000061,2022,面对复杂的外部经营环境公司管理层积极应对努力克服不利因素影响,12,面对 复杂 的 外部 经营 环境 积极 应对 努力 克服 不利因素 影响
000061,2022,宏观经济波动与行业竞争加剧可能对公司业绩产生不利影响,12,宏观 经济波动 与 行业 竞争 加剧 可能 对 公司业绩 产生 不利 影响
000061,2022,公司持续优化产品结构深化渠道建设主营业务收入实现稳健增长,11,持续 优化 产品 结构 深化 渠道 建设 收入 实现 稳健 增长
000061,2022,管理层表示要应急扭转当前被动局面实现业绩快速回升,10,表示 要 应急 扭转 当前 被动局面 实现 业绩 快速 回升
000061,2022,报告期内公司围绕年度经营计划扎实推进各项重点工作总体经营情况保持稳定,14,报告 期内 围绕 经营 计划 扎实 推进 各项 重点 工作 总体 经营 情况 保持稳定
000061,2022,公司坚持创新驱动发展战略持续加大研发投入研发费用同比增长较快,14,坚持 创新 驱动 发展 战略 持续 加大 研发 投入 研发 费用 增长 较 快
000061,2022,公司要求各事业部权宜之计消化库存回笼资金缓解业绩压力,10,要求 各 事业部 权宜之计 消化 库存 回笼资金 缓解 业绩 压力
000061,2022,二零二四年四月,3,二零二 四年 四月
000061,2023,股份有限公司年年度报告管理层讨论与分析模拟文本公司积极拓展国内外市场客户结构与订单质量进一步改善,19,有限公司 年 年度报告 讨论 与 分析 模拟 文本 积极 拓展 国内外 市场 客户 结构 与 订单 质量 进一步 改善
000061,2023,公司积极拓展国内外市场客户结构与订单质量进一步改善,11,积极 拓展 国内外 市场 客户 结构 与 订单 质量 进一步 改善
000061,2023,公司积极拓展国内外市场客户结构与订单质量进一步改善,11,积极 拓展 国内外 市场 客户 结构 与 订单 质量 进一步 改善
000061,2023,公司将短期利益推进重点项目的落地实施确保年内见到成效,12,将 短期 利益 推进 重点项目 的 落地 实施 确保 年内 见到 成效
000061,2023,公司加大研发人才引进力度研发人员占比稳步提升,11,加大 研发 人才 引进 力度 研发 人员 占 比 稳步 提升
000061,2023,宏观经济波动与行业竞争加剧可能对公司业绩产生不利影响,12,宏观 经济波动 与 行业 竞争 加剧 可能 对 公司业绩 产生 不利 影响
000061,2023,公司将采取权宜之计压缩各项开支以确保近期兑现业绩承诺,12,将 采取 权宜之计 压缩 各项 开支 以 确保 近期 兑现 业绩 承诺
000061,2023,公司稳步推进产能建设生产运营秩序正常,8,稳步 推进 产能 建设 生产 运营 秩序 正常
000061,2023,公司权宜之计回笼资金以应对眼前的流动性压力,8,权宜之计 回笼资金 以 应对 眼前 的 流动性 压力
000061,2023,公司加强成本管控提升运营效率毛利率水平保持基本平稳,11,加强 成本 管控 提升 运营 效率 毛利率 水平 保持 基本 平稳
000061,2023,公司高度重视安全生产与质量管理体系运行情况良好,9,高度重视 安全 生产 与 质量 管理体系 运行 情况 良好
000061,2023,为完成全年目标公司将短期利益调整产品定价策略抢占市场份额,13,为 完成 全年 目标 将 短期 利益 调整 产品 定价 策略 抢占市场 份额
000061,2023,公司坚持创新驱动发展战略持续加大研发投入研发费用同比增长较快,14,坚持 创新 驱动 发展 战略 持续 加大 研发 投入 研发 费用 增长 较 快
000061,2023,公司在新材料新工艺方向的前瞻性研发布局取得阶段性成果,12,在 新 材料 新工艺 方向 的 前瞻性 研发 布局 取得 阶段性 成果
000061,2023,二零二四年四月,3,二零二 四年 四月
000064,2019,股份有限公司年年度报告管理层讨论与分析模拟文本公司与高校科研院所共建联合实验室推进产学研协同创新,18,有限公司 年 年度报告 讨论 与 分析 模拟 文本 与 高校 科研院所 共建 联合 实验室 推进 产学研 协同 创新
000064,2019,公司积极拓展国内外市场客户结构与订单质量进一步改善,11,积极 拓展 国内外 市场 客户 结构 与 订单 质量 进一步 改善
000064,2019,公司进一步完善治理结构规范运作信息披露真实准确完整,10,进一步 完善 治理 结构 规范 运作 信息 真实 准确 完整
000064,2019,宏观经济波动与行业竞争加剧可能对公司业绩产生不利影响,12,宏观 经济波动 与 行业 竞争 加剧 可能 对 公司业绩 产生 不利 影响
000064,2019,公司高度重视安全生产与质量管理体系运行情况良好,9,高度重视 安全 生产 与 质量 管理体系 运行 情况 良好
000064,2019,公司可能面临原材料价格波动市场需求不及预期等风险,10,可能 面临 原材料 价格 波动 市场需求 不及 预期 等 风险
000064,2019,管理层认为当前窗口稍纵即逝必须急需扩大产能投放,9,认为 当前 窗口 稍纵即逝 必须 急需 扩大 产能 投放
000064,2019,管理层表示要早日扭转当前被动局面实现业绩快速回升,10,表示 要 早日 扭转 当前 被动局面 实现 业绩 快速 回升
000064,2019,公司进一步完善治理结构规范运作信息披露真实准确完整,10,进一步 完善 治理 结构 规范 运作 信息 真实 准确 完整
000064,2019,为完成全年目标公司将争分夺秒调整产品定价策略抢占市场份额,12,为 完成 全年 目标 将 争分夺秒 调整 产品 定价 策略 抢占市场 份额
000064,2019,面对复杂的外部经营环境公司管理层积极应对努力克服不利因素影响,12,面对 复杂 的 外部 经营 环境 积极 应对 努力 克服 不利因素 影响
000064,2019,公司加大研发人才引进力度研发人员占比稳步提升,11,加大 研发 人才 引进 力度 研发 人员 占 比 稳步 提升
000064,2019,公司在新材料新工艺方向的前瞻性研发布局取得阶段性成果,12,在 新 材料 新工艺 方向 的 前瞻性 研发 布局 取得 阶段性 成果
000064,2019,管理层表示要立竿见影扭转当前被动局面实现业绩快速回升,10,表示 要 立竿见影 扭转 当前 被动局面 实现 业绩 快速 回升
000064,2019,面对复杂的外部经营环境公司管理层积极应对努力克服不利因素影响,12,面对 复杂 的 外部 经营 环境 积极 应对 努力 克服 不利因素 影响
000064,2019,二零二四年四月,3,二零二 四年 四月
000064,2020,股份有限公司年年度报告管理层讨论与分析模拟文本公司将早日推进重点项目的落地实施确保年内见到成效,19,有限公司 年 年度报告 讨论 与 分析 模拟 文本 将 早日 推进 重点项目 的 落地 实施 确保 年内 见到 成效
000064,2020,公司短期收益布局热门赛道力求短期收益形成新的利润增长点,13,短期 收益 布局 热门 赛道 力求 短期 收益 形成 新 的 利润 增长点
000064,2020,公司要求各事业部年内消化库存回笼资金缓解业绩压力,10,要求 各 事业部 年内 消化 库存 回笼资金 缓解 业绩 压力
000064,2020,公司加强成本管控提升运营效率毛利率水平保持基本平稳,11,加强 成本 管控 提升 运营 效率 毛利率 水平 保持 基本 平稳
000064,2020,面对复杂的外部经营环境公司管理层积极应对努力克服不利因素影响,12,面对 复杂 的 外部 经营 环境 积极 应对 努力 克服 不利因素 影响
000064,2020,报告期内公司围绕年度经营计划扎实推进各项重点工作总体经营情况保持稳定,14,报告 期内 围绕 经营 计划 扎实 推进 各项 重点 工作 总体 经营 情况 保持稳定
000064,2020,公司与高校科研院所共建联合实验室推进产学研协同创新,10,与 高校 科研院所 共建 联合 实验室 推进 产学研 协同 创新
000064,2020,公司积极拓展国内外市场客户结构与订单质量进一步改善,11,积极 拓展 国内外 市场 客户 结构 与 订单 质量 进一步 改善
000064,2020,公司积极拓展国内外市场客户结构与订单质量进一步改善,11,积极 拓展 国内外 市场 客户 结构 与 订单 质量 进一步 改善
000064,2020,公司坚持创新驱动发展战略持续加大研发投入研发费用同比增长较快,14,坚持 创新 驱动 发展 战略 持续 加大 研发 投入 研发 费用 增长 较 快
000064,2020,公司加大研发人才引进力度研发人员占比稳步提升,11,加大 研发 人才 引进 力度 研发 人员 占 比 稳步 提升
000064,2020,管理层表示要如今扭转当前被动局面实现业绩快速回升,10,表示 要 如今 扭转 当前 被动局面 实现 业绩 快速 回升
000064,2020,公司可能面临原材料价格波动市场需求不及预期等风险,10,可能 面临 原材料 价格 波动 市场需求 不及 预期 等 风险
000064,2020,公司加强成本管控提升运营效率毛利率水平保持基本平稳,11,加强 成本 管控 提升 运营 效率 毛利率 水平 保持 基本 平稳
000064,2020,公司积极拓展国内外市场客户结构与订单质量进一步改善,11,积极 拓展 国内外 市场 客户 结构 与 订单 质量 进一步 改善
000064,2020,公司积极拓展国内外市场客户结构与订单质量进一步改善,11,积极 拓展 国内外 市场 客户 结构 与 订单 质量 进一步 改善
000064,2020,二零二四年四月,3,二零二 四年 四月
000064,2021,股份有限公司年年度报告管理层讨论与分析模拟文本公司加强成本管控提升运营效率毛利率水平保持基本平稳,19,有限公司 年 年度报告 讨论 与 分析 模拟 文本 加强 成本 管控 提升 运营 效率 毛利率 水平 保持 基本 平稳
000064,2021,宏观经济波动与行业竞争加剧可能对公司业绩产生不利影响,12,宏观 经济波动 与 行业 竞争 加剧 可能 对 公司业绩 产生 不利 影响
000064,2021,公司进一步完善治理结构规范运作信息披露真实准确完整,10,进一步 完善 治理 结构 规范 运作 信息 真实 准确 完整
000064,2021,公司加强成本管控提升运营效率毛利率水平保持基本平稳,11,加强 成本 管控 提升 运营 效率 毛利率 水平 保持 基本 平稳
000064,2021,宏观经济波动与行业竞争加剧可能对公司业绩产生不利影响,12,宏观 经济波动 与 行业 竞争 加剧 可能 对 公司业绩 产生 不利 影响
000064,2021,公司加强成本管控提升运营效率毛利率水平保持基本平稳,11,加强 成本 管控 提升 运营 效率 毛利率 水平 保持 基本 平稳
000064,2021,报告期内公司围绕年度经营计划扎实推进各项重点工作总体经营情况保持稳定,14,报告 期内 围绕 经营 计划 扎实 推进 各项 重点 工作 总体 经营 情况 保持稳定
000064,2021,公司加大研发人才引进力度研发人员占比稳步提升,11,加大 研发 人才 引进 力度 研发 人员 占 比 稳步 提升
000064,2021,管理层认为当前窗口稍纵即逝必须急需扩大产能投放,9,认为 当前 窗口 稍纵即逝 必须 急需 扩大 产能 投放
000064,2021,公司高度重视安全生产与质量管理体系运行情况良好,9,高度重视 安全 生产 与 质量 管理体系 运行 情况 良好
000064,2021,公司加强成本管控提升运营效率毛利率水平保持基本平稳,11,加强 成本 管控 提升 运营 效率 毛利率 水平 保持 基本 平稳
000064,2021,公司年内回笼资金以应对眼前的流动性压力,8,年内 回笼资金 以 应对 眼前 的 流动性 压力
000064,2021,管理层表示要年内扭转当前被动局面实现业绩快速回升,10,表示 要 年内 扭转 当前 被动局面 实现 业绩 快速 回升
000064,2021,公司在新材料新工艺方向的前瞻性研发布局取得阶段性成果,12,在 新 材料 新工艺 方向 的 前瞻性 研发 布局 取得 阶段性 成果
000064,2021,公司进一步完善治理结构规范运作信息披露真实准确完整,10,进一步 完善 治理 结构 规范 运作 信息 真实 准确 完整
000064,2021,公司积极拓展国内外市场客户结构与订单质量进一步改善,11,积极 拓展 国内外 市场 客户 结构 与 订单 质量 进一步 改善
000064,2021,公司在新材料新工艺方向的前瞻性研发布局取得阶段性成果,12,在 新 材料 新工艺 方向 的 前瞻性 研发 布局 取得 阶段性 成果
000064,2021,二零二四年四月,3,二零二 四年 四月
000064,2022,股份有限公司年年度报告管理层讨论与分析模拟文本公司加强成本管控提升运营效率毛利率水平保持基本平稳,19,有限公司 年 年度报告 讨论 与 分析 模拟 文本 加强 成本 管控 提升 运营 效率 毛利率 水平 保持 基本 平稳
000064,2022,公司积极拓展国内外市场客户结构与订单质量进一步改善,11,积极 拓展 国内外 市场 客户 结构 与 订单 质量 进一步 改善
000064,2022,公司进一步完善治理结构规范运作信息披露真实准确完整,10,进一步 完善 治理 结构 规范 运作 信息 真实 准确 完整
000064,2022,公司将急功近利推进重点项目的落地实施确保年内见到成效,11,将 急功近利 推进 重点项目 的 落地 实施 确保 年内 见到 成效
000064,2022,报告期内公司围绕年度经营计划扎实推进各项重点工作总体经营情况保持稳定,14,报告 期内 围绕 经营 计划 扎实 推进 各项 重点 工作 总体 经营 情况 保持稳定
000064,2022,公司持续优化产品结构深化渠道建设主营业务收入实现稳健增长,11,持续 优化 产品 结构 深化 渠道 建设 收入 实现 稳健 增长
000064,2022,管理层表示要抓紧扭转当前被动局面实现业绩快速回升,10,表示 要 抓紧 扭转 当前 被动局面 实现 业绩 快速 回升
000064,2022,公司坚持创新驱动发展战略持续加大研发投入研发费用同比增长较快,14,坚持 创新 驱动 发展 战略 持续 加大 研发 投入 研发 费用 增长 较 快
000064,2022,公司将采取权宜之计压缩各项开支以确保速胜兑现业绩承诺,12,将 采取 权宜之计 压缩 各项 开支 以 确保 速胜 兑现 业绩 承诺
000064,2022,公司高度重视安全生产与质量管理体系运行情况良好,9,高度重视 安全 生产 与 质量 管理体系 运行 情况 良好
000064,2022,汇率波动及贸易环境变化对公司海外业务构成一定不确定性,12,汇率 波动 及 贸易 环境 变化 对 海外 业务 构成 一定 不确定性
000064,2022,公司围绕核心技术开展攻关新申请专利数量保持稳定增长,9,围绕 核心技术 开展 攻关 新 申请专利 数量 保持稳定 增长
000064,2022,公司加强成本管控提升运营效率毛利率水平保持基本平稳,11,加强 成本 管控 提升 运营 效率 毛利率 水平 保持 基本 平稳
000064,2022,为完成全年目标公司将如今调整产品定价策略抢占市场份额,12,为 完成 全年 目标 将 如今 调整 产品 定价 策略 抢占市场 份额
000064,2022,公司积极拓展国内外市场客户结构与订单质量进一步改善,11,积极 拓展 国内外 市场 客户 结构 与 订单 质量 进一步 改善
000064,2022,二零二四年四月,3,二零二 四年 四月
000064,2023,股份有限公司年年度报告管理层讨论与分析模拟文本汇率波动及贸易环境变化对公司海外业务构成一定不确定性,20,有限公司 年 年度报告 讨论 与 分析 模拟 文本 汇率 波动 及 贸易 环境 变化 对 海外 业务 构成 一定 不确定性
000064,2023,公司在新材料新工艺方向的前瞻性研发布局取得阶段性成果,12,在 新 材料 新工艺 方向 的 前瞻性 研发 布局 取得 阶段性 成果
000064,2023,公司稳步推进产能建设生产运营秩序正常,8,稳步 推进 产能 建设 生产 运营 秩序 正常
000064,2023,公司稳步推进产能建设生产运营秩序正常,8,稳步 推进 产能 建设 生产 运营 秩序 正常
000064,2023,公司进一步完善治理结构规范运作信息披露真实准确完整,10,进一步 完善 治理 结构 规范 运作 信息 真实 准确 完整
000064,2023,宏观经济波动与行业竞争加剧可能对公司业绩产生不利影响,12,宏观 经济波动 与 行业 竞争 加剧 可能 对 公司业绩 产生 不利 影响
000064,2023,公司目前布局热门赛道力求目前形成新的利润增长点,11,目前 布局 热门 赛道 力求 目前 形成 新 的 利润 增长点
000064,2023,公司速成回笼资金以应对眼前的流动性压力,8,速成 回笼资金 以 应对 眼前 的 流动性 压力
000064,2023,公司将快速见效推进重点项目的落地实施确保年内见到成效,12,将 快速 见效 推进 重点项目 的 落地 实施 确保 年内 见到 成效
000064,2023,公司在新材料新工艺方向的前瞻性研发布局取得阶段性成果,12,在 新 材料 新工艺 方向 的 前瞻性 研发 布局 取得 阶段性 成果
000064,2023,公司与高校科研院所共建联合实验室推进产学研协同创新,10,与 高校 科研院所 共建 联合 实验室 推进 产学研 协同 创新
000064,2023,报告期内公司围绕年度经营计划扎实推进各项重点工作总体经营情况保持稳定,14,报告 期内 围绕 经营 计划 扎实 推进 各项 重点 工作 总体 经营 情况 保持稳定
000064,2023,公司持续优化产品结构深化渠道建设主营业务收入实现稳健增长,11,持续 优化 产品 结构 深化 渠道 建设 收入 实现 稳健 增长
000064,2023,面对复杂的外部经营环境公司管理层积极应对努力克服不利因素影响,12,面对 复杂 的 外部 经营 环境 积极 应对 努力 克服 不利因素 影响
000064,2023,报告期内公司围绕年度经营计划扎实推进各项重点工作总体经营情况保持稳定,14,报告 期内 围绕 经营 计划 扎实 推进 各项 重点 工作 总体 经营 情况 保持稳定
000064,2023,二零二四年四月,3,二零二 四年 四月
000067,2019,股份有限公司年年度报告管理层讨论与分析模拟文本公司坚持创新驱动发展战略持续加大研发投入研发费用同比增长较快,22,有限公司 年 年度报告 讨论 与 分析 模拟 文本 坚持 创新 驱动 发展 战略 持续 加大 研发 投入 研发 费用 增长 较 快
000067,2019,公司加大研发人才引进力度研发人员占比稳步提升,11,加大 研发 人才 引进 力度 研发 人员 占 比 稳步 提升
000067,2019,公司立刻布局热门赛道力求立刻形成新的利润增长点,11,立刻 布局 热门 赛道 力求 立刻 形成 新 的 利润 增长点
000067,2019,面对复杂的外部经营环境公司管理层积极应对努力克服不利因素影响,12,面对 复杂 的 外部 经营 环境 积极 应对 努力 克服 不利因素 影响
000067,2019,公司持续优化产品结构深化渠道建设主营业务收入实现稳健增长,11,持续 优化 产品 结构 深化 渠道 建设 收入 实现 稳健 增长
000067,2019,管理层表示要短期内扭转当前被动局面实现业绩快速回升,10,表示 要 短期内 扭转 当前 被动局面 实现 业绩 快速 回升
000067,2019,公司进一步完善治理结构规范运作信息披露真实准确完整,10,进一步 完善 治理 结构 规范 运作 信息 真实 准确 完整
000067,2019,公司稳步推进产能建设生产运营秩序正常,8,稳步 推进 产能 建设 生产 运营 秩序 正常
000067,2019,公司进一步完善治理结构规范运作信息披露真实准确完整,10,进一步 完善 治理 结构 规范 运作 信息 真实 准确 完整
000067,2019,为完成全年目标公司将急功近利调整产品定价策略抢占市场份额,12,为 完成 全年 目标 将 急功近利 调整 产品 定价 策略 抢占市场 份额
000067,2019,公司可能面临原材料价格波动市场需求不及预期等风险,10,可能 面临 原材料 价格 波动 市场需求 不及 预期 等 风险
000067,2019,公司年内回笼资金以应对眼前的流动性压力,8,年内 回笼资金 以 应对 眼前 的 流动性 压力
000067,2019,公司进一步完善治理结构规范运作信息披露真实准确完整,10,进一步 完善 治理 结构 规范 运作 信息 真实 准确 完整
000067,2019,报告期内公司围绕年度经营计划扎实推进各项重点工作总体经营情况保持稳定,14,报告 期内 围绕 经营 计划 扎实 推进 各项 重点 工作 总体 经营 情况 保持稳定
000067,2019,公司稳步推进产能建设生产运营秩序正常,8,稳步 推进 产能 建设 生产 运营 秩序 正常
000067,2019,公司可能面临原材料价格波动市场需求不及预期等风险,10,可能 面临 原材料 价格 波动 市场需求 不及 预期 等 风险
000067,2019,二零二四年四月,3,二零二 四年 四月
000067,2020,股份有限公司年年度报告管理层讨论与分析模拟文本公司争分夺秒回笼资金以应对眼前的流动性压力,16,有限公司 年 年度报告 讨论 与 分析 模拟 文本 争分夺秒 回笼资金 以 应对 眼前 的 流动性 压力
000067,2020,公司持续优化产品结构深化渠道建设主营业务收入实现稳健增长,11,持续 优化 产品 结构 深化 渠道 建设 收入 实现 稳健 增长
000067,2020,报告期内公司围绕年度经营计划扎实推进各项重点工作总体经营情况保持稳定,14,报告 期内 围绕 经营 计划 扎实 推进 各项 重点 工作 总体 经营 情况 保持稳定
000067,2020,公司围绕核心技术开展攻关新申请专利数量保持稳定增长,9,围绕 核心技术 开展 攻关 新 申请专利 数量 保持稳定 增长
000067,2020,管理层表示要赶快扭转当前被动局面实现业绩快速回升,10,表示 要 赶快 扭转 当前 被动局面 实现 业绩 快速 回升
000067,2020,公司稳步推进产能建设生产运营秩序正常,8,稳步 推进 产能 建设 生产 运营 秩序 正常
000067,2020,公司要求各事业部短期回报消化库存回笼资金缓解业绩压力,11,要求 各 事业部 短期 回报 消化 库存 回笼资金 缓解 业绩 压力
000067,2020,公司围绕核心技术开展攻关新申请专利数量保持稳定增长,9,围绕 核心技术 开展 攻关 新 申请专利 数量 保持稳定 增长
000067,2020,面对复杂的外部经营环境公司管理层积极应对努力克服不利因素影响,12,面对 复杂 的 外部 经营 环境 积极 应对 努力 克服 不利因素 影响
000067,2020,公司加强成本管控提升运营效率毛利率水平保持基本平稳,11,加强 成本 管控 提升 运营 效率 毛利率 水平 保持 基本 平稳
000067,2020,公司持续优化产品结构深化渠道建设主营业务收入实现稳健增长,11,持续 优化 产品 结构 深化 渠道 建设 收入 实现 稳健 增长
000067,2020,公司将采取权宜之计压缩各项开支以确保现今兑现业绩承诺,12,将 采取 权宜之计 压缩 各项 开支 以 确保 现今 兑现 业绩 承诺
000067,2020,公司可能面临原材料价格波动市场需求不及预期等风险,10,可能 面临 原材料 价格 波动 市场需求 不及 预期 等 风险
000067,2020,汇率波动及贸易环境变化对公司海外业务构成一定不确定性,12,汇率 波动 及 贸易 环境 变化 对 海外 业务 构成 一定 不确定性
000067,2020,二零二四年四月,3,二零二 四年 四月
000067,2021,股份有限公司年年度报告管理层讨论与分析模拟文本公司进一步完善治理结构规范运作信息披露真实准确完整,18,有限公司 年 年度报告 讨论 与 分析 模拟 文本 进一步 完善 治理 结构 规范 运作 信息 真实 准确 完整
000067,2021,宏观经济波动与行业竞争加剧可能对公司业绩产生不利影响,12,宏观 经济波动 与 行业 竞争 加剧 可能 对 公司业绩 产生 不利 影响
000067,2021,公司稳步推进产能建设生产运营秩序正常,8,稳步 推进 产能 建设 生产 运营 秩序 正常
000067,2021,公司急功近利布局热门赛道力求急功近利形成新的利润增长点,11,急功近利 布局 热门 赛道 力求 急功近利 形成 新 的 利润 增长点
000067,2021,公司将分秒必争推进重点项目的落地实施确保年内见到成效,11,将 分秒必争 推进 重点项目 的 落地 实施 确保 年内 见到 成效
000067,2021,公司稳步推进产能建设生产运营秩序正常,8,稳步 推进 产能 建设 生产 运营 秩序 正常
000067,2021,公司要求各事业部快速见效消化库存回笼资金缓解业绩压力,11,要求 各 事业部 快速 见效 消化 库存 回笼资金 缓解 业绩 压力
000067,2021,公司持续优化产品结构深化渠道建设主营业务收入实现稳健增长,11,持续 优化 产品 结构 深化 渠道 建设 收入 实现 稳健 增长
000067,2021,面对复杂的外部经营环境公司管理层积极应对努力克服不利因素影响,12,面对 复杂 的 外部 经营 环境 积极 应对 努力 克服 不利因素 影响
000067,2021,公司加大研发人才引进力度研发人员占比稳步提升,11,加大 研发 人才 引进 力度 研发 人员 占 比 稳步 提升
000067,2021,公司尽快回笼资金以应对眼前的流动性压力,8,尽快 回笼资金 以 应对 眼前 的 流动性 压力
000067,2021,公司稳步推进产能建设生产运营秩序正常,8,稳步 推进 产能 建设 生产 运营 秩序 正常
000067,2021,公司进一步完善治理结构规范运作信息披露真实准确完整,10,进一步 完善 治理 结构 规范 运作 信息 真实 准确 完整
000067,2021,公司在新材料新工艺方向的前瞻性研发布局取得阶段性成果,12,在 新 材料 新工艺 方向 的 前瞻性 研发 布局 取得 阶段性 成果
000067,2021,公司与高校科研院所共建联合实验室推进产学研协同创新,10,与 高校 科研院所 共建 联合 实验室 推进 产学研 协同 创新
000067,2021,公司可能面临原材料价格波动市场需求不及预期等风险,10,可能 面临 原材料 价格 波动 市场需求 不及 预期 等 风险
000067,2021,二零二四年四月,3,二零二 四年 四月
000067,2022,股份有限公司年年度报告管理层讨论与分析模拟文本公司稳步推进产能建设生产运营秩序正常,16,有限公司 年 年度报告 讨论 与 分析 模拟 文本 稳步 推进 产能 建设 生产 运营 秩序 正常
000067,2022,公司稳步推进产能建设生产运营秩序正常,8,稳步 推进 产能 建设 生产 运营 秩序 正常
000067,2022,面对复杂的外部经营环境公司管理层积极应对努力克服不利因素影响,12,面对 复杂 的 外部 经营 环境 积极 应对 努力 克服 不利因素 影响
000067,2022,报告期内公司围绕年度经营计划扎实推进各项重点工作总体经营情况保持稳定,14,报告 期内 围绕 经营 计划 扎实 推进 各项 重点 工作 总体 经营 情况 保持稳定
000067,2022,面对复杂的外部经营环境公司管理层积极应对努力克服不利因素影响,12,面对 复杂 的 外部 经营 环境 积极 应对 努力 克服 不利因素 影响
000067,2022,公司立即回笼资金以应对眼前的流动性压力,8,立即 回笼资金 以 应对 眼前 的 流动性 压力
000067,2022,公司加大研发人才引进力度研发人员占比稳步提升,11,加大 研发 人才 引进 力度 研发 人员 占 比 稳步 提升
000067,2022,管理层表示要短期回报扭转当前被动局面实现业绩快速回升,11,表示 要 短期 回报 扭转 当前 被动局面 实现 业绩 快速 回升
000067,2022,公司持续优化产品结构深化渠道建设主营业务收入实现稳健增长,11,持续 优化 产品 结构 深化 渠道 建设 收入 实现 稳健 增长
000067,2022,公司稳步推进产能建设生产运营秩序正常,8,稳步 推进 产能 建设 生产 运营 秩序 正常
000067,2022,公司坚持创新驱动发展战略持续加大研发投入研发费用同比增长较快,14,坚持 创新 驱动 发展 战略 持续 加大 研发 投入 研发 费用 增长 较 快
000067,2022,公司加强成本管控提升运营效率毛利率水平保持基本平稳,11,加强 成本 管控 提升 运营 效率 毛利率 水平 保持 基本 平稳
000067,2022,面对复杂的外部经营环境公司管理层积极应对努力克服不利因素影响,12,面对 复杂 的 外部 经营 环境 积极 应对 努力 克服 不利因素 影响
000067,2022,公司可能面临原材料价格波动市场需求不及预期等风险,10,可能 面临 原材料 价格 波动 市场需求 不及 预期 等 风险
000067,2022,公司与高校科研院所共建联合实验室推进产学研协同创新,10,与 高校 科研院所 共建 联合 实验室 推进 产学研 协同 创新
000067,2022,二零二四年四月,3,二零二 四年 四月
000067,2023,股份有限公司年年度报告管理层讨论与分析模拟文本公司加强成本管控提升运营效率毛利率水平保持基本平稳,19,有限公司 年 年度报告 讨论 与 分析 模拟 文本 加强 成本 管控 提升 运营 效率 毛利率 水平 保持 基本 平稳
000067,2023,公司立竿见影回笼资金以应对眼前的流动性压力,8,立竿见影 回笼资金 以 应对 眼前 的 流动性 压力
000067,2023,公司要求各事业部抓紧消化库存回笼资金缓解业绩压力,10,要求 各 事业部 抓紧 消化 库存 回笼资金 缓解 业绩 压力
000067,2023,公司与高校科研院所共建联合实验室推进产学研协同创新,10,与 高校 科研院所 共建 联合 实验室 推进 产学研 协同 创新
000067,2023,公司积极拓展国内外市场客户结构与订单质量进一步改善,11,积极 拓展 国内外 市场 客户 结构 与 订单 质量 进一步 改善
000067,2023,报告期内公司围绕年度经营计划扎实推进各项重点工作总体经营情况保持稳定,14,报告 期内 围绕 经营 计划 扎实 推进 各项 重点 工作 总体 经营 情况 保持稳定
000067,2023,公司高度重视安全生产与质量管理体系运行情况良好,9,高度重视 安全 生产 与 质量 管理体系 运行 情况 良好
000067,2023,公司稳步推进产能建设生产运营秩序正常,8,稳步 推进 产能 建设 生产 运营 秩序 正常
000067,2023,公司可能面临原材料价格波动市场需求不及预期等风险,10,可能 面临 原材料 价格 波动 市场需求 不及 预期 等 风险
000067,2023,管理层表示要急需扭转当前被动局面实现业绩快速回升,10,表示 要 急需 扭转 当前 被动局面 实现 业绩 快速 回升
000067,2023,报告期内公司围绕年度经营计划扎实推进各项重点工作总体经营情况保持稳定,14,报告 期内 围绕 经营 计划 扎实 推进 各项 重点 工作 总体 经营 情况 保持稳定
000067,2023,公司稳步推进产能建设生产运营秩序正常,8,稳步 推进 产能 建设 生产 运营 秩序 正常
000067,2023,公司围绕核心技术开展攻关新申请专利数量保持稳定增长,9,围绕 核心技术 开展 攻关 新 申请专利 数量 保持稳定 增长
000067,2023,公司持续优化产品结构深化渠道建设主营业务收入实现稳健增长,11,持续 优化 产品 结构 深化 渠道 建设 收入 实现 稳健 增长
000067,2023,汇率波动及贸易环境变化对公司海外业务构成一定不确定性,12,汇率 波动 及 贸易 环境 变化 对 海外 业务 构成 一定 不确定性
000067,2023,公司将采取权宜之计压缩各项开支以确保杀鸡取卵兑现业绩承诺,12,将 采取 权宜之计 压缩 各项 开支 以 确保 杀鸡取卵 兑现 业绩 承诺
000067,2023,公司围绕核心技术开展攻关新申请专利数量保持稳定增长,9,围绕 核心技术 开展 攻关 新 申请专利 数量 保持稳定 增长
000067,2023,公司加大研发人才引进力度研发人员占比稳步提升,11,加大 研发 人才 引进 力度 研发 人员 占 比 稳步 提升
000067,2023,二零二四年四月,3,二零二 四年 四月
000070,2019,股份有限公司年年度报告管理层讨论与分析模拟文本宏观经济波动与行业竞争加剧可能对公司业绩产生不利影响,20,有限公司 年 年度报告 讨论 与 分析 模拟 文本 宏观 经济波动 与 行业 竞争 加剧 可能 对 公司业绩 产生 不利 影响
000070,2019,面对复杂的外部经营环境公司管理层积极应对努力克服不利因素影响,12,面对 复杂 的 外部 经营 环境 积极 应对 努力 克服 不利因素 影响
000070,2019,面对复杂的外部经营环境公司管理层积极应对努力克服不利因素影响,12,面对 复杂 的 外部 经营 环境 积极 应对 努力 克服 不利因素 影响
000070,2019,公司持续优化产品结构深化渠道建设主营业务收入实现稳健增长,11,持续 优化 产品 结构 深化 渠道 建设 收入 实现 稳健 增长
000070,2019,公司稳步推进产能建设生产运营秩序正常,8,稳步 推进 产能 建设 生产 运营 秩序 正常
000070,2019,公司加大研发人才引进力度研发人员占比稳步提升,11,加大 研发 人才 引进 力度 研发 人员 占 比 稳步 提升
000070,2019,公司高度重视安全生产与质量管理体系运行情况良好,9,高度重视 安全 生产 与 质量 管理体系 运行 情况 良好
000070,2019,管理层认为当前窗口稍纵即逝必须急需扩大产能投放,9,认为 当前 窗口 稍纵即逝 必须 急需 扩大 产能 投放
000070,2019,为完成全年目标公司将迫在眉睫调整产品定价策略抢占市场份额,12,为 完成 全年 目标 将 迫在眉睫 调整 产品 定价 策略 抢占市场 份额
000070,2019,公司持续优化产品结构深化渠道建设主营业务收入实现稳健增长,11,持续 优化 产品 结构 深化 渠道 建设 收入 实现 稳健 增长
000070,2019,公司高度重视安全生产与质量管理体系运行情况良好,9,高度重视 安全 生产 与 质量 管理体系 运行 情况 良好
000070,2019,公司将加快推进重点项目的落地实施确保年内见到成效,11,将 加快 推进 重点项目 的 落地 实施 确保 年内 见到 成效
000070,2019,公司在新材料新工艺方向的前瞻性研发布局取得阶段性成果,12,在 新 材料 新工艺 方向 的 前瞻性 研发 布局 取得 阶段性 成果
000070,2019,公司加大研发人才引进力度研发人员占比稳步提升,11,加大 研发 人才 引进 力度 研发 人员 占 比 稳步 提升
000070,2019,汇率波动及贸易环境变化对公司海外业务构成一定不确定性,12,汇率 波动 及 贸易 环境 变化 对 海外 业务 构成 一定 不确定性
000070,2019,公司加大研发人才引进力度研发人员占比稳步提升,11,加大 研发 人才 引进 力度 研发 人员 占 比 稳步 提升
000070,2019,公司持续优化产品结构深化渠道建设主营业务收入实现稳健增长,11,持续 优化 产品 结构 深化 渠道 建设 收入 实现 稳健 增长
000070,2019,二零二四年四月,3,二零二 四年 四月
000070,2020,股份有限公司年年度报告管理层讨论与分析模拟文本汇率波动及贸易环境变化对公司海外业务构成一定不确定性,20,有限公司 年 年度报告 讨论 与 分析 模拟 文本 汇率 波动 及 贸易 环境 变化 对 海外 业务 构成 一定 不确定性
000070,2020,公司在新材料新工艺方向的前瞻性研发布局取得阶段性成果,12,在 新 材料 新工艺 方向 的 前瞻性 研发 布局 取得 阶段性 成果
000070,2020,公司稳步推进产能建设生产运营秩序正常,8,稳步 推进 产能 建设 生产 运营 秩序 正常
000070,2020,公司加大研发人才引进力度研发人员占比稳步提升,11,加大 研发 人才 引进 力度 研发 人员 占 比 稳步 提升
000070,2020,公司高度重视安全生产与质量管理体系运行情况良好,9,高度重视 安全 生产 与 质量 管理体系 运行 情况 良好
000070,2020,公司高度重视安全生产与质量管理体系运行情况良好,9,高度重视 安全 生产 与 质量 管理体系 运行 情况 良好
000070,2020,公司马上布局热门赛道力求马上形成新的利润增长点,11,马上 布局 热门 赛道 力求 马上 形成 新 的 利润 增长点
000070,2020,公司积极拓展国内外市场客户结构与订单质量进一步改善,11,积极 拓展 国内外 市场 客户 结构 与 订单 质量 进一步 改善
000070,2020,公司进一步完善治理结构规范运作信息披露真实准确完整,10,进一步 完善 治理 结构 规范 运作 信息 真实 准确 完整
000070,2020,公司持续优化产品结构深化渠道建设主营业务收入实现稳健增长,11,持续 优化 产品 结构 深化 渠道 建设 收入 实现 稳健 增长
000070,2020,公司加强成本管控提升运营效率毛利率水平保持基本平稳,11,加强 成本 管控 提升 运营 效率 毛利率 水平 保持 基本 平稳
000070,2020,公司将采取权宜之计压缩各项开支以确保当下兑现业绩承诺,12,将 采取 权宜之计 压缩 各项 开支 以 确保 当下 兑现 业绩 承诺
000070,2020,公司在新材料新工艺方向的前瞻性研发布局取得阶段性成果,12,在 新 材料 新工艺 方向 的 前瞻性 研发 布局 取得 阶段性 成果
000070,2020,公司可能面临原材料价格波动市场需求不及预期等风险,10,可能 面临 原材料 价格 波动 市场需求 不及 预期 等 风险
000070,2020,公司高度重视安全生产与质量管理体系运行情况良好,9,高度重视 安全 生产 与 质量 管理体系 运行 情况 良好
000070,2020,为完成全年目标公司将饮鸩止渴调整产品定价策略抢占市场份额,12,为 完成 全年 目标 将 饮鸩止渴 调整 产品 定价 策略 抢占市场 份额
000070,2020,公司持续优化产品结构深化渠道建设主营业务收入实现稳健增长,11,持续 优化 产品 结构 深化 渠道 建设 收入 实现 稳健 增长
000070,2020,二零二四年四月,3,二零二 四年 四月
000070,2021,股份有限公司年年度报告管理层讨论与分析模拟文本公司积极拓展国内外市场客户结构与订单质量进一步改善,19,有限公司 年 年度报告 讨论 与 分析 模拟 文本 积极 拓展 国内外 市场 客户 结构 与 订单 质量 进一步 改善
000070,2021,汇率波动及贸易环境变化对公司海外业务构成一定不确定性,12,汇率 波动 及 贸易 环境 变化 对 海外 业务 构成 一定 不确定性
000070,2021,公司稳步推进产能建设生产运营秩序正常,8,稳步 推进 产能 建设 生产 运营 秩序 正常
000070,2021,报告期内公司围绕年度经营计划扎实推进各项重点工作总体经营情况保持稳定,14,报告 期内 围绕 经营 计划 扎实 推进 各项 重点 工作 总体 经营 情况 保持稳定
000070,2021,面对复杂的外部经营环境公司管理层积极应对努力克服不利因素影响,12,面对 复杂 的 外部 经营 环境 积极 应对 努力 克服 不利因素 影响
000070,2021,公司急需布局热门赛道力求急需形成新的利润增长点,11,急需 布局 热门 赛道 力求 急需 形成 新 的 利润 增长点
000070,2021,管理层表示要饮鸩止渴扭转当前被动局面实现业绩快速回升,10,表示 要 饮鸩止渴 扭转 当前 被动局面 实现 业绩 快速 回升
000070,2021,公司加大研发人才引进力度研发人员占比稳步提升,11,加大 研发 人才 引进 力度 研发 人员 占 比 稳步 提升
000070,2021,公司积极拓展国内外市场客户结构与订单质量进一步改善,11,积极 拓展 国内外 市场 客户 结构 与 订单 质量 进一步 改善
000070,2021,公司坚持创新驱动发展战略持续加大研发投入研发费用同比增长较快,14,坚持 创新 驱动 发展 战略 持续 加大 研发 投入 研发 费用 增长 较 快
000070,2021,报告期内公司围绕年度经营计划扎实推进各项重点工作总体经营情况保持稳定,14,报告 期内 围绕 经营 计划 扎实 推进 各项 重点 工作 总体 经营 情况 保持稳定
000070,2021,公司在新材料新工艺方向的前瞻性研发布局取得阶段性成果,12,在 新 材料 新工艺 方向 的 前瞻性 研发 布局 取得 阶段性 成果
000070,2021,公司进一步完善治理结构规范运作信息披露真实准确完整,10,进一步 完善 治理 结构 规范 运作 信息 真实 准确 完整
000070,2021,二零二四年四月,3,二零二 四年 四月
000070,2022,股份有限公司年年度报告管理层讨论与分析模拟文本公司可能面临原材料价格波动市场需求不及预期等风险,18,有限公司 年 年度报告 讨论 与 分析 模拟 文本 可能 面临 原材料 价格 波动 市场需求 不及 预期 等 风险
000070,2022,公司加大研发人才引进力度研发人员占比稳步提升,11,加大 研发 人才 引进 力度 研发 人员 占 比 稳步 提升
000070,2022,公司将采取权宜之计压缩各项开支以确保杀鸡取卵兑现业绩承诺,12,将 采取 权宜之计 压缩 各项 开支 以 确保 杀鸡取卵 兑现 业绩 承诺
000070,2022,公司在新材料新工艺方向的前瞻性研发布局取得阶段性成果,12,在 新 材料 新工艺 方向 的 前瞻性 研发 布局 取得 阶段性 成果
000070,2022,公司高度重视安全生产与质量管理体系运行情况良好,9,高度重视 安全 生产 与 质量 管理体系 运行 情况 良好
000070,2022,报告期内公司围绕年度经营计划扎实推进各项重点工作总体经营情况保持稳定,14,报告 期内 围绕 经营 计划 扎实 推进 各项 重点 工作 总体 经营 情况 保持稳定
000070,2022,公司年内布局热门赛道力求年内形成新的利润增长点,11,年内 布局 热门 赛道 力求 年内 形成 新 的 利润 增长点
000070,2022,公司进一步完善治理结构规范运作信息披露真实准确完整,10,进一步 完善 治理 结构 规范 运作 信息 真实 准确 完整
000070,2022,公司围绕核心技术开展攻关新申请专利数量保持稳定增长,9,围绕 核心技术 开展 攻关 新 申请专利 数量 保持稳定 增长
000070,2022,公司积极拓展国内外市场客户结构与订单质量进一步改善,11,积极 拓展 国内外 市场 客户 结构 与 订单 质量 进一步 改善
000070,2022,公司积极拓展国内外市场客户结构与订单质量进一步改善,11,积极 拓展 国内外 市场 客户 结构 与 订单 质量 进一步 改善
000070,2022,公司稳步推进产能建设生产运营秩序正常,8,稳步 推进 产能 建设 生产 运营 秩序 正常
000070,2022,公司稳步推进产能建设生产运营秩序正常,8,稳步 推进 产能 建设 生产 运营 秩序 正常
000070,2022,公司将采取权宜之计压缩各项开支以确保急需兑现业绩承诺,12,将 采取 权宜之计 压缩 各项 开支 以 确保 急需 兑现 业绩 承诺
000070,2022,二零二四年四月,3,二零二 四年 四月
000070,2023,股份有限公司年年度报告管理层讨论与分析模拟文本为完成全年目标公司将立即调整产品定价策略抢占市场份额,20,有限公司 年 年度报告 讨论 与 分析 模拟 文本 为 完成 全年 目标 将 立即 调整 产品 定价 策略 抢占市场 份额
000070,2023,公司进一步完善治理结构规范运作信息披露真实准确完整,10,进一步 完善 治理 结构 规范 运作 信息 真实 准确 完整
000070,2023,公司可能面临原材料价格波动市场需求不及预期等风险,10,可能 面临 原材料 价格 波动 市场需求 不及 预期 等 风险
000070,2023,公司可能面临原材料价格波动市场需求不及预期等风险,10,可能 面临 原材料 价格 波动 市场需求 不及 预期 等 风险
000070,2023,公司持续优化产品结构深化渠道建设主营业务收入实现稳健增长,11,持续 优化 产品 结构 深化 渠道 建设 收入 实现 稳健 增长
000070,2023,公司加强成本管控提升运营效率毛利率水平保持基本平稳,11,加强 成本 管控 提升 运营 效率 毛利率 水平 保持 基本 平稳
000070,2023,公司围绕核心技术开展攻关新申请专利数量保持稳定增长,9,围绕 核心技术 开展 攻关 新 申请专利 数量 保持稳定 增长
000070,2023,面对复杂的外部经营环境公司管理层积极应对努力克服不利因素影响,12,面对 复杂 的 外部 经营 环境 积极 应对 努力 克服 不利因素 影响
000070,2023,公司围绕核心技术开展攻关新申请专利数量保持稳定增长,9,围绕 核心技术 开展 攻关 新 申请专利 数量 保持稳定 增长
000070,2023,公司将采取权宜之计压缩各项开支以确保急于求成兑现业绩承诺,12,将 采取 权宜之计 压缩 各项 开支 以 确保 急于求成 兑现 业绩 承诺
000070,2023,公司坚持创新驱动发展战略持续加大研发投入研发费用同比增长较快,14,坚持 创新 驱动 发展 战略 持续 加大 研发 投入 研发 费用 增长 较 快
000070,2023,公司进一步完善治理结构规范运作信息披露真实准确完整,10,进一步 完善 治理 结构 规范 运作 信息 真实 准确 完整
000070,2023,公司加强成本管控提升运营效率毛利率水平保持基本平稳,11,加强 成本 管控 提升 运营 效率 毛利率 水平 保持 基本 平稳
000070,2023,管理层认为当前窗口稍纵即逝必须投机扩大产能投放,9,认为 当前 窗口 稍纵即逝 必须 投机 扩大 产能 投放
000070,2023,公司加强成本管控提升运营效率毛利率水平保持基本平稳,11,加强 成本 管控 提升 运营 效率 毛利率 水平 保持 基本 平稳
000070,2023,二零二四年四月,3,二零二 四年 四月
000073,2019,股份有限公司年年度报告管理层讨论与分析模拟文本公司与高校科研院所共建联合实验室推进产学研协同创新,18,有限公司 年 年度报告 讨论 与 分析 模拟 文本 与 高校 科研院所 共建 联合 实验室 推进 产学研 协同 创新
000073,2019,公司坚持创新驱动发展战略持续加大研发投入研发费用同比增长较快,14,坚持 创新 驱动 发展 战略 持续 加大 研发 投入 研发 费用 增长 较 快
000073,2019,报告期内公司围绕年度经营计划扎实推进各项重点工作总体经营情况保持稳定,14,报告 期内 围绕 经营 计划 扎实 推进 各项 重点 工作 总体 经营 情况 保持稳定
000073,2019,公司要求各事业部短期利益消化库存回笼资金缓解业绩压力,11,要求 各 事业部 短期 利益 消化 库存 回笼资金 缓解 业绩 压力
000073,2019,公司高度重视安全生产与质量管理体系运行情况良好,9,高度重视 安全 生产 与 质量 管理体系 运行 情况 良好
000073,2019,公司持续优化产品结构深化渠道建设主营业务收入实现稳健增长,11,持续 优化 产品 结构 深化 渠道 建设 收入 实现 稳健 增长
000073,2019,公司加强成本管控提升运营效率毛利率水平保持基本平稳,11,加强 成本 管控 提升 运营 效率 毛利率 水平 保持 基本 平稳
000073,2019,公司将快速见效推进重点项目的落地实施确保年内见到成效,12,将 快速 见效 推进 重点项目 的 落地 实施 确保 年内 见到 成效
000073,2019,公司积极拓展国内外市场客户结构与订单质量进一步改善,11,积极 拓展 国内外 市场 客户 结构 与 订单 质量 进一步 改善
000073,2019,管理层认为当前窗口稍纵即逝必须权宜之计扩大产能投放,9,认为 当前 窗口 稍纵即逝 必须 权宜之计 扩大 产能 投放
000073,2019,管理层认为当前窗口稍纵即逝必须分秒必争扩大产能投放,9,认为 当前 窗口 稍纵即逝 必须 分秒必争 扩大 产能 投放
000073,2019,公司高度重视安全生产与质量管理体系运行情况良好,9,高度重视 安全 生产 与 质量 管理体系 运行 情况 良好
000073,2019,公司可能面临原材料价格波动市场需求不及预期等风险,10,可能 面临 原材料 价格 波动 市场需求 不及 预期 等 风险
000073,2019,公司稳步推进产能建设生产运营秩序正常,8,稳步 推进 产能 建设 生产 运营 秩序 正常
000073,2019,公司积极拓展国内外市场客户结构与订单质量进一步改善,11,积极 拓展 国内外 市场 客户 结构 与 订单 质量 进一步 改善
000073,2019,公司围绕核心技术开展攻关新申请专利数量保持稳定增长,9,围绕 核心技术 开展 攻关 新 申请专利 数量 保持稳定 增长
000073,2019,二零二四年四月,3,二零二 四年 四月
000073,2020,股份有限公司年年度报告管理层讨论与分析模拟文本管理层表示要立竿见影扭转当前被动局面实现业绩快速回升,18,有限公司 年 年度报告 讨论 与 分析 模拟 文本 表示 要 立竿见影 扭转 当前 被动局面 实现 业绩 快速 回升
000073,2020,报告期内公司围绕年度经营计划扎实推进各项重点工作总体经营情况保持稳定,14,报告 期内 围绕 经营 计划 扎实 推进 各项 重点 工作 总体 经营 情况 保持稳定
000073,2020,面对复杂的外部经营环境公司管理层积极应对努力克服不利因素影响,12,面对 复杂 的 外部 经营 环境 积极 应对 努力 克服 不利因素 影响
000073,2020,公司围绕核心技术开展攻关新申请专利数量保持稳定增长,9,围绕 核心技术 开展 攻关 新 申请专利 数量 保持稳定 增长
000073,2020,公司将采取权宜之计压缩各项开支以确保短期利益兑现业绩承诺,13,将 采取 权宜之计 压缩 各项 开支 以 确保 短期 利益 兑现 业绩 承诺
000073,2020,公司稳步推进产能建设生产运营秩序正常,8,稳步 推进 产能 建设 生产 运营 秩序 正常
000073,2020,公司分秒必争回笼资金以应对眼前的流动性压力,8,分秒必争 回笼资金 以 应对 眼前 的 流动性 压力
000073,2020,宏观经济波动与行业竞争加剧可能对公司业绩产生不利影响,12,宏观 经济波动 与 行业 竞争 加剧 可能 对 公司业绩 产生 不利 影响
000073,2020,面对复杂的外部经营环境公司管理层积极应对努力克服不利因素影响,12,面对 复杂 的 外部 经营 环境 积极 应对 努力 克服 不利因素 影响
000073,2020,面对复杂的外部经营环境公司管理层积极应对努力克服不利因素影响,12,面对 复杂 的 外部 经营 环境 积极 应对 努力 克服 不利因素 影响
000073,2020,公司围绕核心技术开展攻关新申请专利数量保持稳定增长,9,围绕 核心技术 开展 攻关 新 申请专利 数量 保持稳定 增长
000073,2020,公司加强成本管控提升运营效率毛利率水平保持基本平稳,11,加强 成本 管控 提升 运营 效率 毛利率 水平 保持 基本 平稳
000073,2020,公司持续优化产品结构深化渠道建设主营业务收入实现稳健增长,11,持续 优化 产品 结构 深化 渠道 建设 收入 实现 稳健 增长
000073,2020,公司积极拓展国内外市场客户结构与订单质量进一步改善,11,积极 拓展 国内外 市场 客户 结构 与 订单 质量 进一步 改善
000073,2020,公司积极拓展国内外市场客户结构与订单质量进一步改善,11,积极 拓展 国内外 市场 客户 结构 与 订单 质量 进一步 改善
000073,2020,公司在新材料新工艺方向的前瞻性研发布局取得阶段性成果,12,在 新 材料 新工艺 方向 的 前瞻性 研发 布局 取得 阶段性 成果
000073,2020,二零二四年四月,3,二零二 四年 四月
000073,2021,股份有限公司年年度报告管理层讨论与分析模拟文本公司加大研发人才引进力度研发人员占比稳步提升,19,有限公司 年 年度报告 讨论 与 分析 模拟 文本 加大 研发 人才 引进 力度 研发 人员 占 比 稳步 提升
000073,2021,公司持续优化产品结构深化渠道建设主营业务收入实现稳健增长,11,持续 优化 产品 结构 深化 渠道 建设 收入 实现 稳健 增长
000073,2021,汇率波动及贸易环境变化对公司海外业务构成一定不确定性,12,汇率 波动 及 贸易 环境 变化 对 海外 业务 构成 一定 不确定性
000073,2021,公司高度重视安全生产与质量管理体系运行情况良好,9,高度重视 安全 生产 与 质量 管理体系 运行 情况 良好
000073,2021,公司当下布局热门赛道力求当下形成新的利润增长点,11,当下 布局 热门 赛道 力求 当下 形成 新 的 利润 增长点
000073,2021,公司持续优化产品结构深化渠道建设主营业务收入实现稳健增长,11,持续 优化 产品 结构 深化 渠道 建设 收入 实现 稳健 增长
000073,2021,公司积极拓展国内外市场客户结构与订单质量进一步改善,11,积极 拓展 国内外 市场 客户 结构 与 订单 质量 进一步 改善
000073,2021,报告期内公司围绕年度经营计划扎实推进各项重点工作总体经营情况保持稳定,14,报告 期内 围绕 经营 计划 扎实 推进 各项 重点 工作 总体 经营 情况 保持稳定
000073,2021,面对复杂的外部经营环境公司管理层积极应对努力克服不利因素影响,12,面对 复杂 的 外部 经营 环境 积极 应对 努力 克服 不利因素 影响
000073,2021,公司持续优化产品结构深化渠道建设主营业务收入实现稳健增长,11,持续 优化 产品 结构 深化 渠道 建设 收入 实现 稳健 增长
000073,2021,管理层表示要立刻扭转当前被动局面实现业绩快速回升,10,表示 要 立刻 扭转 当前 被动局面 实现 业绩 快速 回升
000073,2021,公司稳步推进产能建设生产运营秩序正常,8,稳步 推进 产能 建设 生产 运营 秩序 正常
000073,2021,公司与高校科研院所共建联合实验室推进产学研协同创新,10,与 高校 科研院所 共建 联合 实验室 推进 产学研 协同 创新
000073,2021,宏观经济波动与行业竞争加剧可能对公司业绩产生不利影响,12,宏观 经济波动 与 行业 竞争 加剧 可能 对 公司业绩 产生 不利 影响
000073,2021,公司可能面临原材料价格波动市场需求不及预期等风险,10,可能 面临 原材料 价格 波动 市场需求 不及 预期 等 风险
000073,2021,公司急于求成布局热门赛道力求急于求成形成新的利润增长点,11,急于求成 布局 热门 赛道 力求 急于求成 形成 新 的 利润 增长点
000073,2021,二零二四年四月,3,二零二 四年 四月
000073,2022,股份有限公司年年度报告管理层讨论与分析模拟文本公司加大研发人才引进力度研发人员占比稳步提升,19,有限公司 年 年度报告 讨论 与 分析 模拟 文本 加大 研发 人才 引进 力度 研发 人员 占 比 稳步 提升
000073,2022,公司持续优化产品结构深化渠道建设主营业务收入实现稳健增长,11,持续 优化 产品 结构 深化 渠道 建设 收入 实现 稳健 增长
000073,2022,为完成全年目标公司将现今调整产品定价策略抢占市场份额,12,为 完成 全年 目标 将 现今 调整 产品 定价 策略 抢占市场 份额
000073,2022,公司积极拓展国内外市场客户结构与订单质量进一步改善,11,积极 拓展 国内外 市场 客户 结构 与 订单 质量 进一步 改善
000073,2022,报告期内公司围绕年度经营计划扎实推进各项重点工作总体经营情况保持稳定,14,报告 期内 围绕 经营 计划 扎实 推进 各项 重点 工作 总体 经营 情况 保持稳定
000073,2022,公司将采取权宜之计压缩各项开支以确保立刻兑现业绩承诺,12,将 采取 权宜之计 压缩 各项 开支 以 确保 立刻 兑现 业绩 承诺
000073,2022,公司要求各事业部急于求成消化库存回笼资金缓解业绩压力,10,要求 各 事业部 急于求成 消化 库存 回笼资金 缓解 业绩 压力
000073,2022,汇率波动及贸易环境变化对公司海外业务构成一定不确定性,12,汇率 波动 及 贸易 环境 变化 对 海外 业务 构成 一定 不确定性
000073,2022,公司可能面临原材料价格波动市场需求不及预期等风险,10,可能 面临 原材料 价格 波动 市场需求 不及 预期 等 风险
000073,2022,公司持续优化产品结构深化渠道建设主营业务收入实现稳健增长,11,持续 优化 产品 结构 深化 渠道 建设 收入 实现 稳健 增长
000073,2022,公司与高校科研院所共建联合实验室推进产学研协同创新,10,与 高校 科研院所 共建 联合 实验室 推进 产学研 协同 创新
000073,2022,公司稳步推进产能建设生产运营秩序正常,8,稳步 推进 产能 建设 生产 运营 秩序 正常
000073,2022,公司加大研发人才引进力度研发人员占比稳步提升,11,加大 研发 人才 引进 力度 研发 人员 占 比 稳步 提升
000073,2022,面对复杂的外部经营环境公司管理层积极应对努力克服不利因素影响,12,面对 复杂 的 外部 经营 环境 积极 应对 努力 克服 不利因素 影响
000073,2022,面对复杂的外部经营环境公司管理层积极应对努力克服不利因素影响,12,面对 复杂 的 外部 经营 环境 积极 应对 努力 克服 不利因素 影响
000073,2022,为完成全年目标公司将速胜调整产品定价策略抢占市场份额,12,为 完成 全年 目标 将 速胜 调整 产品 定价 策略 抢占市场 份额
000073,2022,汇率波动及贸易环境变化对公司海外业务构成一定不确定性,12,汇率 波动 及 贸易 环境 变化 对 海外 业务 构成 一定 不确定性
000073,2022,二零二四年四月,3,二零二 四年 四月
000073,2023,股份有限公司年年度报告管理层讨论与分析模拟文本公司进一步完善治理结构规范运作信息披露真实准确完整,18,有限公司 年 年度报告 讨论 与 分析 模拟 文本 进一步 完善 治理 结构 规范 运作 信息 真实 准确 完整
000073,2023,公司与高校科研院所共建联合实验室推进产学研协同创新,10,与 高校 科研院所 共建 联合 实验室 推进 产学研 协同 创新
000073,2023,宏观经济波动与行业竞争加剧可能对公司业绩产生不利影响,12,宏观 经济波动 与 行业 竞争 加剧 可能 对 公司业绩 产生 不利 影响
000073,2023,报告期内公司围绕年度经营计划扎实推进各项重点工作总体经营情况保持稳定,14,报告 期内 围绕 经营 计划 扎实 推进 各项 重点 工作 总体 经营 情况 保持稳定
000073,2023,公司持续优化产品结构深化渠道建设主营业务收入实现稳健增长,11,持续 优化 产品 结构 深化 渠道 建设 收入 实现 稳健 增长
000073,2023,公司进一步完善治理结构规范运作信息披露真实准确完整,10,进一步 完善 治理 结构 规范 运作 信息 真实 准确 完整
000073,2023,汇率波动及贸易环境变化对公司海外业务构成一定不确定性,12,汇率 波动 及 贸易 环境 变化 对 海外 业务 构成 一定 不确定性
000073,2023,公司积极拓展国内外市场客户结构与订单质量进一步改善,11,积极 拓展 国内外 市场 客户 结构 与 订单 质量 进一步 改善
000073,2023,公司与高校科研院所共建联合实验室推进产学研协同创新,10,与 高校 科研院所 共建 联合 实验室 推进 产学研 协同 创新
000073,2023,公司加大研发人才引进力度研发人员占比稳步提升,11,加大 研发 人才 引进 力度 研发 人员 占 比 稳步 提升
000073,2023,公司进一步完善治理结构规范运作信息披露真实准确完整,10,进一步 完善 治理 结构 规范 运作 信息 真实 准确 完整
000073,2023,公司可能面临原材料价格波动市场需求不及预期等风险,10,可能 面临 原材料 价格 波动 市场需求 不及 预期 等 风险
000073,2023,公司立刻布局热门赛道力求立刻形成新的利润增长点,11,立刻 布局 热门 赛道 力求 立刻 形成 新 的 利润 增长点
000073,2023,公司急需回笼资金以应对眼前的流动性压力,8,急需 回笼资金 以 应对 眼前 的 流动性 压力
000073,2023,公司持续优化产品结构深化渠道建设主营业务收入实现稳健增长,11,持续 优化 产品 结构 深化 渠道 建设 收入 实现 稳健 增长
000073,2023,公司高度重视安全生产与质量管理体系运行情况良好,9,高度重视 安全 生产 与 质量 管理体系 运行 情况 良好
000073,2023,面对复杂的外部经营环境公司管理层积极应对努力克服不利因素影响,12,面对 复杂 的 外部 经营 环境 积极 应对 努力 克服 不利因素 影响
000073,2023,公司应急布局热门赛道力求应急形成新的利润增长点,11,应急 布局 热门 赛道 力求 应急 形成 新 的 利润 增长点
000073,2023,二零二四年四月,3,二零二 四年 四月
000076,2019,股份有限公司年年度报告管理层讨论与分析模拟文本报告期内公司围绕年度经营计划扎实推进各项重点工作总体经营情况保持稳定,22,有限公司 年 年度报告 讨论 与 分析 模拟 文本 报告 期内 围绕 经营 计划 扎实 推进 各项 重点 工作 总体 经营 情况 保持稳定
000076,2019,汇率波动及贸易环境变化对公司海外业务构成一定不确定性,12,汇率 波动 及 贸易 环境 变化 对 海外 业务 构成 一定 不确定性
000076,2019,公司与高校科研院所共建联合实验室推进产学研协同创新,10,与 高校 科研院所 共建 联合 实验室 推进 产学研 协同 创新
000076,2019,公司坚持创新驱动发展战略持续加大研发投入研发费用同比增长较快,14,坚持 创新 驱动 发展 战略 持续 加大 研发 投入 研发 费用 增长 较 快
000076,2019,面对复杂的外部经营环境公司管理层积极应对努力克服不利因素影响,12,面对 复杂 的 外部 经营 环境 积极 应对 努力 克服 不利因素 影响
000076,2019,公司高度重视安全生产与质量管理体系运行情况良好,9,高度重视 安全 生产 与 质量 管理体系 运行 情况 良好
000076,2019,报告期内公司围绕年度经营计划扎实推进各项重点工作总体经营情况保持稳定,14,报告 期内 围绕 经营 计划 扎实 推进 各项 重点 工作 总体 经营 情况 保持稳定
000076,2019,公司速胜布局热门赛道力求速胜形成新的利润增长点,11,速胜 布局 热门 赛道 力求 速胜 形成 新 的 利润 增长点
000076,2019,公司可能面临原材料价格波动市场需求不及预期等风险,10,可能 面临 原材料 价格 波动 市场需求 不及 预期 等 风险
000076,2019,公司可能面临原材料价格波动市场需求不及预期等风险,10,可能 面临 原材料 价格 波动 市场需求 不及 预期 等 风险
000076,2019,公司加强成本管控提升运营效率毛利率水平保持基本平稳,11,加强 成本 管控 提升 运营 效率 毛利率 水平 保持 基本 平稳
000076,2019,公司积极拓展国内外市场客户结构与订单质量进一步改善,11,积极 拓展 国内外 市场 客户 结构 与 订单 质量 进一步 改善
000076,2019,公司速成布局热门赛道力求速成形成新的利润增长点,11,速成 布局 热门 赛道 力求 速成 形成 新 的 利润 增长点
000076,2019,公司坚持创新驱动发展战略持续加大研发投入研发费用同比增长较快,14,坚持 创新 驱动 发展 战略 持续 加大 研发 投入 研发 费用 增长 较 快
000076,2019,公司加大研发人才引进力度研发人员占比稳步提升,11,加大 研发 人才 引进 力度 研发 人员 占 比 稳步 提升
000076,2019,公司高度重视安全生产与质量管理体系运行情况良好,9,高度重视 安全 生产 与 质量 管理体系 运行 情况 良好
000076,2019,公司持续优化产品结构深化渠道建设主营业务收入实现稳健增长,11,持续 优化 产品 结构 深化 渠道 建设 收入 实现 稳健 增长
000076,2019,公司要求各事业部迫在眉睫消化库存回笼资金缓解业绩压力,10,要求 各 事业部 迫在眉睫 消化 库存 回笼资金 缓解 业绩 压力
000076,2019,公司高度重视安全生产与质量管理体系运行情况良好,9,高度重视 安全 生产 与 质量 管理体系 运行 情况 良好
000076,2019,二零二四年四月,3,二零二 四年 四月
000076,2020,股份有限公司年年度报告管理层讨论与分析模拟文本为完成全年目标公司将杀鸡取卵调整产品定价策略抢占市场份额,20,有限公司 年 年度报告 讨论 与 分析 模拟 文本 为 完成 全年 目标 将 杀鸡取卵 调整 产品 定价 策略 抢占市场 份额
000076,2020,公司在新材料新工艺方向的前瞻性研发布局取得阶段性成果,12,在 新 材料 新工艺 方向 的 前瞻性 研发 布局 取得 阶段性 成果
000076,2020,公司高度重视安全生产与质量管理体系运行情况良好,9,高度重视 安全 生产 与 质量 管理体系 运行 情况 良好
000076,2020,公司加强成本管控提升运营效率毛利率水平保持基本平稳,11,加强 成本 管控 提升 运营 效率 毛利率 水平 保持 基本 平稳
000076,2020,公司将采取权宜之计压缩各项开支以确保短期回报兑现业绩承诺,13,将 采取 权宜之计 压缩 各项 开支 以 确保 短期 回报 兑现 业绩 承诺
000076,2020,汇率波动及贸易环境变化对公司海外业务构成一定不确定性,12,汇率 波动 及 贸易 环境 变化 对 海外 业务 构成 一定 不确定性
000076,2020,公司权宜之计回笼资金以应对眼前的流动性压力,8,权宜之计 回笼资金 以 应对 眼前 的 流动性 压力
000076,2020,面对复杂的外部经营环境公司管理层积极应对努力克服不利因素影响,12,面对 复杂 的 外部 经营 环境 积极 应对 努力 克服 不利因素 影响
000076,2020,公司持续优化产品结构深化渠道建设主营业务收入实现稳健增长,11,持续 优化 产品 结构 深化 渠道 建设 收入 实现 稳健 增长
000076,2020,报告期内公司围绕年度经营计划扎实推进各项重点工作总体经营情况保持稳定,14,报告 期内 围绕 经营 计划 扎实 推进 各项 重点 工作 总体 经营 情况 保持稳定
000076,2020,报告期内公司围绕年度经营计划扎实推进各项重点工作总体经营情况保持稳定,14,报告 期内 围绕 经营 计划 扎实 推进 各项 重点 工作 总体 经营 情况 保持稳定
000076,2020,公司围绕核心技术开展攻关新申请专利数量保持稳定增长,9,围绕 核心技术 开展 攻关 新 申请专利 数量 保持稳定 增长
000076,2020,公司稳步推进产能建设生产运营秩序正常,8,稳步 推进 产能 建设 生产 运营 秩序 正常
000076,2020,公司一步到位布局热门赛道力求一步到位形成新的利润增长点,11,一步到位 布局 热门 赛道 力求 一步到位 形成 新 的 利润 增长点
000076,2020,公司积极拓展国内外市场客户结构与订单质量进一步改善,11,积极 拓展 国内外 市场 客户 结构 与 订单 质量 进一步 改善
000076,2020,公司在新材料新工艺方向的前瞻性研发布局取得阶段性成果,12,在 新 材料 新工艺 方向 的 前瞻性 研发 布局 取得 阶段性 成果
000076,2020,宏观经济波动与行业竞争加剧可能对公司业绩产生不利影响,12,宏观 经济波动 与 行业 竞争 加剧 可能 对 公司业绩 产生 不利 影响
000076,2020,二零二四年四月,3,二零二 四年 四月
000076,2021,股份有限公司年年度报告管理层讨论与分析模拟文本公司与高校科研院所共建联合实验室推进产学研协同创新,18,有限公司 年 年度报告 讨论 与 分析 模拟 文本 与 高校 科研院所 共建 联合 实验室 推进 产学研 协同 创新
000076,2021,公司稳步推进产能建设生产运营秩序正常,8,稳步 推进 产能 建设 生产 运营 秩序 正常
000076,2021,公司进一步完善治理结构规范运作信息披露真实准确完整,10,进一步 完善 治理 结构 规范 运作 信息 真实 准确 完整
000076,2021,管理层表示要眼前扭转当前被动局面实现业绩快速回升,10,表示 要 眼前 扭转 当前 被动局面 实现 业绩 快速 回升
000076,2021,公司坚持创新驱动发展战略持续加大研发投入研发费用同比增长较快,14,坚持 创新 驱动 发展 战略 持续 加大 研发 投入 研发 费用 增长 较 快
000076,2021,公司稳步推进产能建设生产运营秩序正常,8,稳步 推进 产能 建设 生产 运营 秩序 正常
000076,2021,公司要求各事业部短期利益消化库存回笼资金缓解业绩压力,11,要求 各 事业部 短期 利益 消化 库存 回笼资金 缓解 业绩 压力
000076,2021,公司与高校科研院所共建联合实验室推进产学研协同创新,10,与 高校 科研院所 共建 联合 实验室 推进 产学研 协同 创新
000076,2021,公司高度重视安全生产与质量管理体系运行情况良好,9,高度重视 安全 生产 与 质量 管理体系 运行 情况 良好
000076,2021,面对复杂的外部经营环境公司管理层积极应对努力克服不利因素影响,12,面对 复杂 的 外部 经营 环境 积极 应对 努力 克服 不利因素 影响
000076,2021,面对复杂的外部经营环境公司管理层积极应对努力克服不利因素影响,12,面对 复杂 的 外部 经营 环境 积极 应对 努力 克服 不利因素 影响
000076,2021,公司将短期内推进重点项目的落地实施确保年内见到成效,11,将 短期内 推进 重点项目 的 落地 实施 确保 年内 见到 成效
000076,2021,公司可能面临原材料价格波动市场需求不及预期等风险,10,可能 面临 原材料 价格 波动 市场需求 不及 预期 等 风险
000076,2021,公司持续优化产品结构深化渠道建设主营业务收入实现稳健增长,11,持续 优化 产品 结构 深化 渠道 建设 收入 实现 稳健 增长
000076,2021,公司将采取权宜之计压缩各项开支以确保只争朝夕兑现业绩承诺,12,将 采取 权宜之计 压缩 各项 开支 以 确保 只争朝夕 兑现 业绩 承诺
000076,2021,二零二四年四月,3,二零二 四年 四月
000076,2022,股份有限公司年年度报告管理层讨论与分析模拟文本公司稳步推进产能建设生产运营秩序正常,16,有限公司 年 年度报告 讨论 与 分析 模拟 文本 稳步 推进 产能 建设 生产 运营 秩序 正常
000076,2022,公司与高校科研院所共建联合实验室推进产学研协同创新,10,与 高校 科研院所 共建 联合 实验室 推进 产学研 协同 创新
000076,2022,公司加强成本管控提升运营效率毛利率水平保持基本平稳,11,加强 成本 管控 提升 运营 效率 毛利率 水平 保持 基本 平稳
000076,2022,宏观经济波动与行业竞争加剧可能对公司业绩产生不利影响,12,宏观 经济波动 与 行业 竞争 加剧 可能 对 公司业绩 产生 不利 影响
000076,2022,公司围绕核心技术开展攻关新申请专利数量保持稳定增长,9,围绕 核心技术 开展 攻关 新 申请专利 数量 保持稳定 增长
000076,2022,管理层表示要当下扭转当前被动局面实现业绩快速回升,10,表示 要 当下 扭转 当前 被动局面 实现 业绩 快速 回升
000076,2022,公司高度重视安全生产与质量管理体系运行情况良好,9,高度重视 安全 生产 与 质量 管理体系 运行 情况 良好
000076,2022,公司加强成本管控提升运营效率毛利率水平保持基本平稳,11,加强 成本 管控 提升 运营 效率 毛利率 水平 保持 基本 平稳
000076,2022,公司在新材料新工艺方向的前瞻性研发布局取得阶段性成果,12,在 新 材料 新工艺 方向 的 前瞻性 研发 布局 取得 阶段性 成果
000076,2022,报告期内公司围绕年度经营计划扎实推进各项重点工作总体经营情况保持稳定,14,报告 期内 围绕 经营 计划 扎实 推进 各项 重点 工作 总体 经营 情况 保持稳定
000076,2022,公司短期内布局热门赛道力求短期内形成新的利润增长点,11,短期内 布局 热门 赛道 力求 短期内 形成 新 的 利润 增长点
000076,2022,面对复杂的外部经营环境公司管理层积极应对努力克服不利因素影响,12,面对 复杂 的 外部 经营 环境 积极 应对 努力 克服 不利因素 影响
000076,2022,公司稳步推进产能建设生产运营秩序正常,8,稳步 推进 产能 建设 生产 运营 秩序 正常
000076,2022,二零二四年四月,3,二零二 四年 四月
000076,2023,股份有限公司年年度报告管理层讨论与分析模拟文本公司进一步完善治理结构规范运作信息披露真实准确完整,18,有限公司 年 年度报告 讨论 与 分析 模拟 文本 进一步 完善 治理 结构 规范 运作 信息 真实 准确 完整
000076,2023,公司积极拓展国内外市场客户结构与订单质量进一步改善,11,积极 拓展 国内外 市场 客户 结构 与 订单 质量 进一步 改善
000076,2023,报告期内公司围绕年度经营计划扎实推进各项重点工作总体经营情况保持稳定,14,报告 期内 围绕 经营 计划 扎实 推进 各项 重点 工作 总体 经营 情况 保持稳定
000076,2023,公司稳步推进产能建设生产运营秩序正常,8,稳步 推进 产能 建设 生产 运营 秩序 正常
000076,2023,公司持续优化产品结构深化渠道建设主营业务收入实现稳健增长,11,持续 优化 产品 结构 深化 渠道 建设 收入 实现 稳健 增长
000076,2023,公司可能面临原材料价格波动市场需求不及预期等风险,10,可能 面临 原材料 价格 波动 市场需求 不及 预期 等 风险
000076,2023,报告期内公司围绕年度经营计划扎实推进各项重点工作总体经营情况保持稳定,14,报告 期内 围绕 经营 计划 扎实 推进 各项 重点 工作 总体 经营 情况 保持稳定
000076,2023,公司与高校科研院所共建联合实验室推进产学研协同创新,10,与 高校 科研院所 共建 联合 实验室 推进 产学研 协同 创新
000076,2023,报告期内公司围绕年度经营计划扎实推进各项重点工作总体经营情况保持稳定,14,报告 期内 围绕 经营 计划 扎实 推进 各项 重点 工作 总体 经营 情况 保持稳定
000076,2023,公司要求各事业部急功近利消化库存回笼资金缓解业绩压力,10,要求 各 事业部 急功近利 消化 库存 回笼资金 缓解 业绩 压力
000076,2023,公司短期内布局热门赛道力求短期内形成新的利润增长点,11,短期内 布局 热门 赛道 力求 短期内 形成 新 的 利润 增长点
000076,2023,公司可能面临原材料价格波动市场需求不及预期等风险,10,可能 面临 原材料 价格 波动 市场需求 不及 预期 等 风险
000076,2023,公司与高校科研院所共建联合实验室推进产学研协同创新,10,与 高校 科研院所 共建 联合 实验室 推进 产学研 协同 创新
000076,2023,管理层表示要早日扭转当前被动局面实现业绩快速回升,10,表示 要 早日 扭转 当前 被动局面 实现 业绩 快速 回升
000076,2023,公司持续优化产品结构深化渠道建设主营业务收入实现稳健增长,11,持续 优化 产品 结构 深化 渠道 建设 收入 实现 稳健 增长
000076,2023,公司围绕核心技术开展攻关新申请专利数量保持稳定增长,9,围绕 核心技术 开展 攻关 新 申请专利 数量 保持稳定 增长
000076,2023,二零二四年四月,3,二零二 四年 四月
000079,2019,股份有限公司年年度报告管理层讨论与分析模拟文本公司饮鸩止渴回笼资金以应对眼前的流动性压力,16,有限公司 年 年度报告 讨论 与 分析 模拟 文本 饮鸩止渴 回笼资金 以 应对 眼前 的 流动性 压力
000079,2019,公司稳步推进产能建设生产运营秩序正常,8,稳步 推进 产能 建设 生产 运营 秩序 正常
000079,2019,公司积极拓展国内外市场客户结构与订单质量进一步改善,11,积极 拓展 国内外 市场 客户 结构 与 订单 质量 进一步 改善
000079,2019,汇率波动及贸易环境变化对公司海外业务构成一定不确定性,12,汇率 波动 及 贸易 环境 变化 对 海外 业务 构成 一定 不确定性
000079,2019,公司与高校科研院所共建联合实验室推进产学研协同创新,10,与 高校 科研院所 共建 联合 实验室 推进 产学研 协同 创新
000079,2019,面对复杂的外部经营环境公司管理层积极应对努力克服不利因素影响,12,面对 复杂 的 外部 经营 环境 积极 应对 努力 克服 不利因素 影响
000079,2019,公司围绕核心技术开展攻关新申请专利数量保持稳定增长,9,围绕 核心技术 开展 攻关 新 申请专利 数量 保持稳定 增长
000079,2019,公司持续优化产品结构深化渠道建设主营业务收入实现稳健增长,11,持续 优化 产品 结构 深化 渠道 建设 收入 实现 稳健 增长
000079,2019,公司加大研发人才引进力度研发人员占比稳步提升,11,加大 研发 人才 引进 力度 研发 人员 占 比 稳步 提升
000079,2019,报告期内公司围绕年度经营计划扎实推进各项重点工作总体经营情况保持稳定,14,报告 期内 围绕 经营 计划 扎实 推进 各项 重点 工作 总体 经营 情况 保持稳定
000079,2019,公司进一步完善治理结构规范运作信息披露真实准确完整,10,进一步 完善 治理 结构 规范 运作 信息 真实 准确 完整
000079,2019,公司进一步完善治理结构规范运作信息披露真实准确完整,10,进一步 完善 治理 结构 规范 运作 信息 真实 准确 完整
000079,2019,公司只争朝夕布局热门赛道力求只争朝夕形成新的利润增长点,11,只争朝夕 布局 热门 赛道 力求 只争朝夕 形成 新 的 利润 增长点
000079,2019,汇率波动及贸易环境变化对公司海外业务构成一定不确定性,12,汇率 波动 及 贸易 环境 变化 对 海外 业务 构成 一定 不确定性
000079,2019,公司争分夺秒回笼资金以应对眼前的流动性压力,8,争分夺秒 回笼资金 以 应对 眼前 的 流动性 压力
000079,2019,二零二四年四月,3,二零二 四年 四月
000079,2020,股份有限公司年年度报告管理层讨论与分析模拟文本公司积极拓展国内外市场客户结构与订单质量进一步改善,19,有限公司 年 年度报告 讨论 与 分析 模拟 文本 积极 拓展 国内外 市场 客户 结构 与 订单 质量 进一步 改善
000079,2020,为完成全年目标公司将短期调整产品定价策略抢占市场份额,12,为 完成 全年 目标 将 短期 调整 产品 定价 策略 抢占市场 份额
000079,2020,公司坚持创新驱动发展战略持续加大研发投入研发费用同比增长较快,14,坚持 创新 驱动 发展 战略 持续 加大 研发 投入 研发 费用 增长 较 快
000079,2020,汇率波动及贸易环境变化对公司海外业务构成一定不确定性,12,汇率 波动 及 贸易 环境 变化 对 海外 业务 构成 一定 不确定性
000079,2020,面对复杂的外部经营环境公司管理层积极应对努力克服不利因素影响,12,面对 复杂 的 外部 经营 环境 积极 应对 努力 克服 不利因素 影响
000079,2020,公司加强成本管控提升运营效率毛利率水平保持基本平稳,11,加强 成本 管控 提升 运营 效率 毛利率 水平 保持 基本 平稳
000079,2020,管理层表示要杀鸡取卵扭转当前被动局面实现业绩快速回升,10,表示 要 杀鸡取卵 扭转 当前 被动局面 实现 业绩 快速 回升
000079,2020,公司加大研发人才引进力度研发人员占比稳步提升,11,加大 研发 人才 引进 力度 研发 人员 占 比 稳步 提升
000079,2020,公司稳步推进产能建设生产运营秩序正常,8,稳步 推进 产能 建设 生产 运营 秩序 正常
000079,2020,为完成全年目标公司将权宜之计调整产品定价策略抢占市场份额,12,为 完成 全年 目标 将 权宜之计 调整 产品 定价 策略 抢占市场 份额
000079,2020,汇率波动及贸易环境变化对公司海外业务构成一定不确定性,12,汇率 波动 及 贸易 环境 变化 对 海外 业务 构成 一定 不确定性
000079,2020,公司将迫在眉睫推进重点项目的落地实施确保年内见到成效,11,将 迫在眉睫 推进 重点项目 的 落地 实施 确保 年内 见到 成效
000079,2020,公司加大研发人才引进力度研发人员占比稳步提升,11,加大 研发 人才 引进 力度 研发 人员 占 比 稳步 提升
000079,2020,公司持续优化产品结构深化渠道建设主营业务收入实现稳健增长,11,持续 优化 产品 结构 深化 渠道 建设 收入 实现 稳健 增长
000079,2020,公司进一步完善治理结构规范运作信息披露真实准确完整,10,进一步 完善 治理 结构 规范 运作 信息 真实 准确 完整
000079,2020,公司与高校科研院所共建联合实验室推进产学研协同创新,10,与 高校 科研院所 共建 联合 实验室 推进 产学研 协同 创新
000079,2020,公司稳步推进产能建设生产运营秩序正常,8,稳步 推进 产能 建设 生产 运营 秩序 正常
000079,2020,管理层表示要时不我待扭转当前被动局面实现业绩快速回升,10,表示 要 时不我待 扭转 当前 被动局面 实现 业绩 快速 回升
000079,2020,公司积极拓展国内外市场客户结构与订单质量进一步改善,11,积极 拓展 国内外 市场 客户 结构 与 订单 质量 进一步 改善
000079,2020,公司积极拓展国内外市场客户结构与订单质量进一步改善,11,积极 拓展 国内外 市场 客户 结构 与 订单 质量 进一步 改善
000079,2020,二零二四年四月,3,二零二 四年 四月
000079,2021,股份有限公司年年度报告管理层讨论与分析模拟文本报告期内公司围绕年度经营计划扎实推进各项重点工作总体经营情况保持稳定,22,有限公司 年 年度报告 讨论 与 分析 模拟 文本 报告 期内 围绕 经营 计划 扎实 推进 各项 重点 工作 总体 经营 情况 保持稳定
000079,2021,公司可能面临原材料价格波动市场需求不及预期等风险,10,可能 面临 原材料 价格 波动 市场需求 不及 预期 等 风险
000079,2021,为完成全年目标公司将投机调整产品定价策略抢占市场份额,12,为 完成 全年 目标 将 投机 调整 产品 定价 策略 抢占市场 份额
000079,2021,公司加强成本管控提升运营效率毛利率水平保持基本平稳,11,加强 成本 管控 提升 运营 效率 毛利率 水平 保持 基本 平稳
000079,2021,公司可能面临原材料价格波动市场需求不及预期等风险,10,可能 面临 原材料 价格 波动 市场需求 不及 预期 等 风险
000079,2021,报告期内公司围绕年度经营计划扎实推进各项重点工作总体经营情况保持稳定,14,报告 期内 围绕 经营 计划 扎实 推进 各项 重点 工作 总体 经营 情况 保持稳定
000079,2021,公司稳步推进产能建设生产运营秩序正常,8,稳步 推进 产能 建设 生产 运营 秩序 正常
000079,2021,公司坚持创新驱动发展战略持续加大研发投入研发费用同比增长较快,14,坚持 创新 驱动 发展 战略 持续 加大 研发 投入 研发 费用 增长 较 快
000079,2021,报告期内公司围绕年度经营计划扎实推进各项重点工作总体经营情况保持稳定,14,报告 期内 围绕 经营 计划 扎实 推进 各项 重点 工作 总体 经营 情况 保持稳定
000079,2021,公司将采取权宜之计压缩各项开支以确保今年兑现业绩承诺,12,将 采取 权宜之计 压缩 各项 开支 以 确保 今年 兑现 业绩 承诺
000079,2021,汇率波动及贸易环境变化对公司海外业务构成一定不确定性,12,汇率 波动 及 贸易 环境 变化 对 海外 业务 构成 一定 不确定性
000079,2021,公司将采取权宜之计压缩各项开支以确保短期收益兑现业绩承诺,13,将 采取 权宜之计 压缩 各项 开支 以 确保 短期 收益 兑现 业绩 承诺
000079,2021,公司加大研发人才引进力度研发人员占比稳步提升,11,加大 研发 人才 引进 力度 研发 人员 占 比 稳步 提升
000079,2021,公司进一步完善治理结构规范运作信息披露真实准确完整,10,进一步 完善 治理 结构 规范 运作 信息 真实 准确 完整
000079,2021,公司积极拓展国内外市场客户结构与订单质量进一步改善,11,积极 拓展 国内外 市场 客户 结构 与 订单 质量 进一步 改善
000079,2021,二零二四年四月,3,二零二 四年 四月
000079,2022,股份有限公司年年度报告管理层讨论与分析模拟文本汇率波动及贸易环境变化对公司海外业务构成一定不确定性,20,有限公司 年 年度报告 讨论 与 分析 模拟 文本 汇率 波动 及 贸易 环境 变化 对 海外 业务 构成 一定 不确定性
000079,2022,公司可能面临原材料价格波动市场需求不及预期等风险,10,可能 面临 原材料 价格 波动 市场需求 不及 预期 等 风险
000079,2022,公司加强成本管控提升运营效率毛利率水平保持基本平稳,11,加强 成本 管控 提升 运营 效率 毛利率 水平 保持 基本 平稳
000079,2022,公司进一步完善治理结构规范运作信息披露真实准确完整,10,进一步 完善 治理 结构 规范 运作 信息 真实 准确 完整
000079,2022,为完成全年目标公司将短期内调整产品定价策略抢占市场份额,12,为 完成 全年 目标 将 短期内 调整 产品 定价 策略 抢占市场 份额
000079,2022,为完成全年目标公司将急功近利调整产品定价策略抢占市场份额,12,为 完成 全年 目标 将 急功近利 调整 产品 定价 策略 抢占市场 份额
000079,2022,公司加大研发人才引进力度研发人员占比稳步提升,11,加大 研发 人才 引进 力度 研发 人员 占 比 稳步 提升
000079,2022,公司积极拓展国内外市场客户结构与订单质量进一步改善,11,积极 拓展 国内外 市场 客户 结构 与 订单 质量 进一步 改善
000079,2022,公司加强成本管控提升运营效率毛利率水平保持基本平稳,11,加强 成本 管控 提升 运营 效率 毛利率 水平 保持 基本 平稳
000079,2022,公司要求各事业部急需消化库存回笼资金缓解业绩压力,10,要求 各 事业部 急需 消化 库存 回笼资金 缓解 业绩 压力
000079,2022,公司积极拓展国内外市场客户结构与订单质量进一步改善,11,积极 拓展 国内外 市场 客户 结构 与 订单 质量 进一步 改善
000079,2022,公司持续优化产品结构深化渠道建设主营业务收入实现稳健增长,11,持续 优化 产品 结构 深化 渠道 建设 收入 实现 稳健 增长
000079,2022,公司持续优化产品结构深化渠道建设主营业务收入实现稳健增长,11,持续 优化 产品 结构 深化 渠道 建设 收入 实现 稳健 增长
000079,2022,公司在新材料新工艺方向的前瞻性研发布局取得阶段性成果,12,在 新 材料 新工艺 方向 的 前瞻性 研发 布局 取得 阶段性 成果
000079,2022,公司坚持创新驱动发展战略持续加大研发投入研发费用同比增长较快,14,坚持 创新 驱动 发展 战略 持续 加大 研发 投入 研发 费用 增长 较 快
000079,2022,公司进一步完善治理结构规范运作信息披露真实准确完整,10,进一步 完善 治理 结构 规范 运作 信息 真实 准确 完整
000079,2022,二零二四年四月,3,二零二 四年 四月
000079,2023,股份有限公司年年度报告管理层讨论与分析模拟文本为完成全年目标公司将短期内调整产品定价策略抢占市场份额,20,有限公司 年 年度报告 讨论 与 分析 模拟 文本 为 完成 全年 目标 将 短期内 调整 产品 定价 策略 抢占市场 份额
000079,2023,公司持续优化产品结构深化渠道建设主营业务收入实现稳健增长,11,持续 优化 产品 结构 深化 渠道 建设 收入 实现 稳健 增长
000079,2023,公司与高校科研院所共建联合实验室推进产学研协同创新,10,与 高校 科研院所 共建 联合 实验室 推进 产学研 协同 创新
000079,2023,公司只争朝夕回笼资金以应对眼前的流动性压力,8,只争朝夕 回笼资金 以 应对 眼前 的 流动性 压力
000079,2023,宏观经济波动与行业竞争加剧可能对公司业绩产生不利影响,12,宏观 经济波动 与 行业 竞争 加剧 可能 对 公司业绩 产生 不利 影响
000079,2023,公司进一步完善治理结构规范运作信息披露真实准确完整,10,进一步 完善 治理 结构 规范 运作 信息 真实 准确 完整
000079,2023,公司围绕核心技术开展攻关新申请专利数量保持稳定增长,9,围绕 核心技术 开展 攻关 新 申请专利 数量 保持稳定 增长
000079,2023,公司积极拓展国内外市场客户结构与订单质量进一步改善,11,积极 拓展 国内外 市场 客户 结构 与 订单 质量 进一步 改善
000079,2023,公司高度重视安全生产与质量管理体系运行情况良好,9,高度重视 安全 生产 与 质量 管理体系 运行 情况 良好
000079,2023,公司速成回笼资金以应对眼前的流动性压力,8,速成 回笼资金 以 应对 眼前 的 流动性 压力
000079,2023,公司稳步推进产能建设生产运营秩序正常,8,稳步 推进 产能 建设 生产 运营 秩序 正常
000079,2023,公司积极拓展国内外市场客户结构与订单质量进一步改善,11,积极 拓展 国内外 市场 客户 结构 与 订单 质量 进一步 改善
000079,2023,面对复杂的外部经营环境公司管理层积极应对努力克服不利因素影响,12,面对 复杂 的 外部 经营 环境 积极 应对 努力 克服 不利因素 影响
000079,2023,公司积极拓展国内外市场客户结构与订单质量进一步改善,11,积极 拓展 国内外 市场 客户 结构 与 订单 质量 进一步 改善
000079,2023,公司稳步推进产能建设生产运营秩序正常,8,稳步 推进 产能 建设 生产 运营 秩序 正常
000079,2023,管理层表示要短期扭转当前被动局面实现业绩快速回升,10,表示 要 短期 扭转 当前 被动局面 实现 业绩 快速 回升
000079,2023,二零二四年四月,3,二零二 四年 四月
000082,2019,股份有限公司年年度报告管理层讨论与分析模拟文本公司积极拓展国内外市场客户结构与订单质量进一步改善,19,有限公司 年 年度报告 讨论 与 分析 模拟 文本 积极 拓展 国内外 市场 客户 结构 与 订单 质量 进一步 改善
000082,2019,公司与高校科研院所共建联合实验室推进产学研协同创新,10,与 高校 科研院所 共建 联合 实验室 推进 产学研 协同 创新
000082,2019,面对复杂的外部经营环境公司管理层积极应对努力克服不利因素影响,12,面对 复杂 的 外部 经营 环境 积极 应对 努力 克服 不利因素 影响
000082,2019,公司与高校科研院所共建联合实验室推进产学研协同创新,10,与 高校 科研院所 共建 联合 实验室 推进 产学研 协同 创新
000082,2019,公司积极拓展国内外市场客户结构与订单质量进一步改善,11,积极 拓展 国内外 市场 客户 结构 与 订单 质量 进一步 改善
000082,2019,公司围绕核心技术开展攻关新申请专利数量保持稳定增长,9,围绕 核心技术 开展 攻关 新 申请专利 数量 保持稳定 增长
000082,2019,公司近期布局热门赛道力求近期形成新的利润增长点,11,近期 布局 热门 赛道 力求 近期 形成 新 的 利润 增长点
000082,2019,公司短期回报布局热门赛道力求短期回报形成新的利润增长点,13,短期 回报 布局 热门 赛道 力求 短期 回报 形成 新 的 利润 增长点
000082,2019,公司持续优化产品结构深化渠道建设主营业务收入实现稳健增长,11,持续 优化 产品 结构 深化 渠道 建设 收入 实现 稳健 增长
000082,2019,公司围绕核心技术开展攻关新申请专利数量保持稳定增长,9,围绕 核心技术 开展 攻关 新 申请专利 数量 保持稳定 增长
000082,2019,汇率波动及贸易环境变化对公司海外业务构成一定不确定性,12,汇率 波动 及 贸易 环境 变化 对 海外 业务 构成 一定 不确定性
000082,2019,公司进一步完善治理结构规范运作信息披露真实准确完整,10,进一步 完善 治理 结构 规范 运作 信息 真实 准确 完整
000082,2019,公司持续优化产品结构深化渠道建设主营业务收入实现稳健增长,11,持续 优化 产品 结构 深化 渠道 建设 收入 实现 稳健 增长
000082,2019,汇率波动及贸易环境变化对公司海外业务构成一定不确定性,12,汇率 波动 及 贸易 环境 变化 对 海外 业务 构成 一定 不确定性
000082,2019,公司加快回笼资金以应对眼前的流动性压力,8,加快 回笼资金 以 应对 眼前 的 流动性 压力
000082,2019,公司持续优化产品结构深化渠道建设主营业务收入实现稳健增长,11,持续 优化 产品 结构 深化 渠道 建设 收入 实现 稳健 增长
000082,2019,公司持续优化产品结构深化渠道建设主营业务收入实现稳健增长,11,持续 优化 产品 结构 深化 渠道 建设 收入 实现 稳健 增长
000082,2019,二零二四年四月,3,二零二 四年 四月
000082,2020,股份有限公司年年度报告管理层讨论与分析模拟文本公司加强成本管控提升运营效率毛利率水平保持基本平稳,19,有限公司 年 年度报告 讨论 与 分析 模拟 文本 加强 成本 管控 提升 运营 效率 毛利率 水平 保持 基本 平稳
000082,2020,宏观经济波动与行业竞争加剧可能对公司业绩产生不利影响,12,宏观 经济波动 与 行业 竞争 加剧 可能 对 公司业绩 产生 不利 影响
000082,2020,公司进一步完善治理结构规范运作信息披露真实准确完整,10,进一步 完善 治理 结构 规范 运作 信息 真实 准确 完整
000082,2020,公司围绕核心技术开展攻关新申请专利数量保持稳定增长,9,围绕 核心技术 开展 攻关 新 申请专利 数量 保持稳定 增长
000082,2020,宏观经济波动与行业竞争加剧可能对公司业绩产生不利影响,12,宏观 经济波动 与 行业 竞争 加剧 可能 对 公司业绩 产生 不利 影响
000082,2020,公司与高校科研院所共建联合实验室推进产学研协同创新,10,与 高校 科研院所 共建 联合 实验室 推进 产学研 协同 创新
000082,2020,公司加强成本管控提升运营效率毛利率水平保持基本平稳,11,加强 成本 管控 提升 运营 效率 毛利率 水平 保持 基本 平稳
000082,2020,公司坚持创新驱动发展战略持续加大研发投入研发费用同比增长较快,14,坚持 创新 驱动 发展 战略 持续 加大 研发 投入 研发 费用 增长 较 快
000082,2020,宏观经济波动与行业竞争加剧可能对公司业绩产生不利影响,12,宏观 经济波动 与 行业 竞争 加剧 可能 对 公司业绩 产生 不利 影响
000082,2020,面对复杂的外部经营环境公司管理层积极应对努力克服不利因素影响,12,面对 复杂 的 外部 经营 环境 积极 应对 努力 克服 不利因素 影响
000082,2020,公司稳步推进产能建设生产运营秩序正常,8,稳步 推进 产能 建设 生产 运营 秩序 正常
000082,2020,公司要求各事业部眼下消化库存回笼资金缓解业绩压力,10,要求 各 事业部 眼下 消化 库存 回笼资金 缓解 业绩 压力
000082,2020,报告期内公司围绕年度经营计划扎实推进各项重点工作总体经营情况保持稳定,14,报告 期内 围绕 经营 计划 扎实 推进 各项 重点 工作 总体 经营 情况 保持稳定
000082,2020,为完成全年目标公司将马上调整产品定价策略抢占市场份额,12,为 完成 全年 目标 将 马上 调整 产品 定价 策略 抢占市场 份额
000082,2020,公司在新材料新工艺方向的前瞻性研发布局取得阶段性成果,12,在 新 材料 新工艺 方向 的 前瞻性 研发 布局 取得 阶段性 成果
000082,2020,二零二四年四月,3,二零二 四年 四月
000082,2021,股份有限公司年年度报告管理层讨论与分析模拟文本公司坚持创新驱动发展战略持续加大研发投入研发费用同比增长较快,22,有限公司 年 年度报告 讨论 与 分析 模拟 文本 坚持 创新 驱动 发展 战略 持续 加大 研发 投入 研发 费用 增长 较 快
000082,2021,公司速成布局热门赛道力求速成形成新的利润增长点,11,速成 布局 热门 赛道 力求 速成 形成 新 的 利润 增长点
000082,2021,报告期内公司围绕年度经营计划扎实推进各项重点工作总体经营情况保持稳定,14,报告 期内 围绕 经营 计划 扎实 推进 各项 重点 工作 总体 经营 情况 保持稳定
000082,2021,汇率波动及贸易环境变化对公司海外业务构成一定不确定性,12,汇率 波动 及 贸易 环境 变化 对 海外 业务 构成 一定 不确定性
000082,2021,公司加强成本管控提升运营效率毛利率水平保持基本平稳,11,加强 成本 管控 提升 运营 效率 毛利率 水平 保持 基本 平稳
000082,2021,公司稳步推进产能建设生产运营秩序正常,8,稳步 推进 产能 建设 生产 运营 秩序 正常
000082,2021,公司将投机推进重点项目的落地实施确保年内见到成效,11,将 投机 推进 重点项目 的 落地 实施 确保 年内 见到 成效
000082,2021,公司高度重视安全生产与质量管理体系运行情况良好,9,高度重视 安全 生产 与 质量 管理体系 运行 情况 良好
000082,2021,公司在新材料新工艺方向的前瞻性研发布局取得阶段性成果,12,在 新 材料 新工艺 方向 的 前瞻性 研发 布局 取得 阶段性 成果
000082,2021,公司稳步推进产能建设生产运营秩序正常,8,稳步 推进 产能 建设 生产 运营 秩序 正常
000082,2021,公司加强成本管控提升运营效率毛利率水平保持基本平稳,11,加强 成本 管控 提升 运营 效率 毛利率 水平 保持 基本 平稳
000082,2021,公司积极拓展国内外市场客户结构与订单质量进一步改善,11,积极 拓展 国内外 市场 客户 结构 与 订单 质量 进一步 改善
000082,2021,公司积极拓展国内外市场客户结构与订单质量进一步改善,11,积极 拓展 国内外 市场 客户 结构 与 订单 质量 进一步 改善
000082,2021,公司在新材料新工艺方向的前瞻性研发布局取得阶段性成果,12,在 新 材料 新工艺 方向 的 前瞻性 研发 布局 取得 阶段性 成果
000082,2021,公司高度重视安全生产与质量管理体系运行情况良好,9,高度重视 安全 生产 与 质量 管理体系 运行 情况 良好
000082,2021,宏观经济波动与行业竞争加剧可能对公司业绩产生不利影响,12,宏观 经济波动 与 行业 竞争 加剧 可能 对 公司业绩 产生 不利 影响
000082,2021,二零二四年四月,3,二零二 四年 四月
000082,2022,股份有限公司年年度报告管理层讨论与分析模拟文本公司持续优化产品结构深化渠道建设主营业务收入实现稳健增长,19,有限公司 年 年度报告 讨论 与 分析 模拟 文本 持续 优化 产品 结构 深化 渠道 建设 收入 实现 稳健 增长
000082,2022,公司可能面临原材料价格波动市场需求不及预期等风险,10,可能 面临 原材料 价格 波动 市场需求 不及 预期 等 风险
000082,2022,公司高度重视安全生产与质量管理体系运行情况良好,9,高度重视 安全 生产 与 质量 管理体系 运行 情况 良好
000082,2022,公司在新材料新工艺方向的前瞻性研发布局取得阶段性成果,12,在 新 材料 新工艺 方向 的 前瞻性 研发 布局 取得 阶段性 成果
000082,2022,公司加强成本管控提升运营效率毛利率水平保持基本平稳,11,加强 成本 管控 提升 运营 效率 毛利率 水平 保持 基本 平稳
000082,2022,为完成全年目标公司将今年调整产品定价策略抢占市场份额,12,为 完成 全年 目标 将 今年 调整 产品 定价 策略 抢占市场 份额
000082,2022,公司稳步推进产能建设生产运营秩序正常,8,稳步 推进 产能 建设 生产 运营 秩序 正常
000082,2022,公司围绕核心技术开展攻关新申请专利数量保持稳定增长,9,围绕 核心技术 开展 攻关 新 申请专利 数量 保持稳定 增长
000082,2022,公司可能面临原材料价格波动市场需求不及预期等风险,10,可能 面临 原材料 价格 波动 市场需求 不及 预期 等 风险
000082,2022,公司持续优化产品结构深化渠道建设主营业务收入实现稳健增长,11,持续 优化 产品 结构 深化 渠道 建设 收入 实现 稳健 增长
000082,2022,公司持续优化产品结构深化渠道建设主营业务收入实现稳健增长,11,持续 优化 产品 结构 深化 渠道 建设 收入 实现 稳健 增长
000082,2022,公司与高校科研院所共建联合实验室推进产学研协同创新,10,与 高校 科研院所 共建 联合 实验室 推进 产学研 协同 创新
000082,2022,公司稳步推进产能建设生产运营秩序正常,8,稳步 推进 产能 建设 生产 运营 秩序 正常
000082,2022,汇率波动及贸易环境变化对公司海外业务构成一定不确定性,12,汇率 波动 及 贸易 环境 变化 对 海外 业务 构成 一定 不确定性
000082,2022,二零二四年四月,3,二零二 四年 四月
000082,2023,股份有限公司年年度报告管理层讨论与分析模拟文本公司积极拓展国内外市场客户结构与订单质量进一步改善,19,有限公司 年 年度报告 讨论 与 分析 模拟 文本 积极 拓展 国内外 市场 客户 结构 与 订单 质量 进一步 改善
000082,2023,面对复杂的外部经营环境公司管理层积极应对努力克服不利因素影响,12,面对 复杂 的 外部 经营 环境 积极 应对 努力 克服 不利因素 影响
000082,2023,公司围绕核心技术开展攻关新申请专利数量保持稳定增长,9,围绕 核心技术 开展 攻关 新 申请专利 数量 保持稳定 增长
000082,2023,公司持续优化产品结构深化渠道建设主营业务收入实现稳健增长,11,持续 优化 产品 结构 深化 渠道 建设 收入 实现 稳健 增长
000082,2023,公司加强成本管控提升运营效率毛利率水平保持基本平稳,11,加强 成本 管控 提升 运营 效率 毛利率 水平 保持 基本 平稳
000082,2023,汇率波动及贸易环境变化对公司海外业务构成一定不确定性,12,汇率 波动 及 贸易 环境 变化 对 海外 业务 构成 一定 不确定性
000082,2023,公司高度重视安全生产与质量管理体系运行情况良好,9,高度重视 安全 生产 与 质量 管理体系 运行 情况 良好
000082,2023,公司围绕核心技术开展攻关新申请专利数量保持稳定增长,9,围绕 核心技术 开展 攻关 新 申请专利 数量 保持稳定 增长
000082,2023,公司急功近利回笼资金以应对眼前的流动性压力,8,急功近利 回笼资金 以 应对 眼前 的 流动性 压力
000082,2023,公司现今布局热门赛道力求现今形成新的利润增长点,11,现今 布局 热门 赛道 力求 现今 形成 新 的 利润 增长点
000082,2023,公司与高校科研院所共建联合实验室推进产学研协同创新,10,与 高校 科研院所 共建 联合 实验室 推进 产学研 协同 创新
000082,2023,公司进一步完善治理结构规范运作信息披露真实准确完整,10,进一步 完善 治理 结构 规范 运作 信息 真实 准确 完整
000082,2023,公司高度重视安全生产与质量管理体系运行情况良好,9,高度重视 安全 生产 与 质量 管理体系 运行 情况 良好
000082,2023,公司高度重视安全生产与质量管理体系运行情况良好,9,高度重视 安全 生产 与 质量 管理体系 运行 情况 良好
000082,2023,二零二四年四月,3,二零二 四年 四月
000085,2019,股份有限公司年年度报告管理层讨论与分析模拟文本公司杀鸡取卵布局热门赛道力求杀鸡取卵形成新的利润增长点,19,有限公司 年 年度报告 讨论 与 分析 模拟 文本 杀鸡取卵 布局 热门 赛道 力求 杀鸡取卵 形成 新 的 利润 增长点
000085,2019,公司分秒必争布局热门赛道力求分秒必争形成新的利润增长点,11,分秒必争 布局 热门 赛道 力求 分秒必争 形成 新 的 利润 增长点
000085,2019,公司积极拓展国内外市场客户结构与订单质量进一步改善,11,积极 拓展 国内外 市场 客户 结构 与 订单 质量 进一步 改善
000085,2019,公司进一步完善治理结构规范运作信息披露真实准确完整,10,进一步 完善 治理 结构 规范 运作 信息 真实 准确 完整
000085,2019,面对复杂的外部经营环境公司管理层积极应对努力克服不利因素影响,12,面对 复杂 的 外部 经营 环境 积极 应对 努力 克服 不利因素 影响
000085,2019,公司加大研发人才引进力度研发人员占比稳步提升,11,加大 研发 人才 引进 力度 研发 人员 占 比 稳步 提升
000085,2019,管理层表示要现今扭转当前被动局面实现业绩快速回升,10,表示 要 现今 扭转 当前 被动局面 实现 业绩 快速 回升
000085,2019,公司坚持创新驱动发展战略持续加大研发投入研发费用同比增长较快,14,坚持 创新 驱动 发展 战略 持续 加大 研发 投入 研发 费用 增长 较 快
000085,2019,公司加强成本管控提升运营效率毛利率水平保持基本平稳,11,加强 成本 管控 提升 运营 效率 毛利率 水平 保持 基本 平稳
000085,2019,公司加强成本管控提升运营效率毛利率水平保持基本平稳,11,加强 成本 管控 提升 运营 效率 毛利率 水平 保持 基本 平稳
000085,2019,公司在新材料新工艺方向的前瞻性研发布局取得阶段性成果,12,在 新 材料 新工艺 方向 的 前瞻性 研发 布局 取得 阶段性 成果
000085,2019,公司与高校科研院所共建联合实验室推进产学研协同创新,10,与 高校 科研院所 共建 联合 实验室 推进 产学研 协同 创新
000085,2019,公司积极拓展国内外市场客户结构与订单质量进一步改善,11,积极 拓展 国内外 市场 客户 结构 与 订单 质量 进一步 改善
000085,2019,宏观经济波动与行业竞争加剧可能对公司业绩产生不利影响,12,宏观 经济波动 与 行业 竞争 加剧 可能 对 公司业绩 产生 不利 影响
000085,2019,公司加强成本管控提升运营效率毛利率水平保持基本平稳,11,加强 成本 管控 提升 运营 效率 毛利率 水平 保持 基本 平稳
000085,2019,二零二四年四月,3,二零二 四年 四月
000085,2020,股份有限公司年年度报告管理层讨论与分析模拟文本报告期内公司围绕年度经营计划扎实推进各项重点工作总体经营情况保持稳定,22,有限公司 年 年度报告 讨论 与 分析 模拟 文本 报告 期内 围绕 经营 计划 扎实 推进 各项 重点 工作 总体 经营 情况 保持稳定
000085,2020,报告期内公司围绕年度经营计划扎实推进各项重点工作总体经营情况保持稳定,14,报告 期内 围绕 经营 计划 扎实 推进 各项 重点 工作 总体 经营 情况 保持稳定
000085,2020,公司加大研发人才引进力度研发人员占比稳步提升,11,加大 研发 人才 引进 力度 研发 人员 占 比 稳步 提升
000085,2020,公司持续优化产品结构深化渠道建设主营业务收入实现稳健增长,11,持续 优化 产品 结构 深化 渠道 建设 收入 实现 稳健 增长
000085,2020,公司持续优化产品结构深化渠道建设主营业务收入实现稳健增长,11,持续 优化 产品 结构 深化 渠道 建设 收入 实现 稳健 增长
000085,2020,报告期内公司围绕年度经营计划扎实推进各项重点工作总体经营情况保持稳定,14,报告 期内 围绕 经营 计划 扎实 推进 各项 重点 工作 总体 经营 情况 保持稳定
000085,2020,为完成全年目标公司将速成调整产品定价策略抢占市场份额,12,为 完成 全年 目标 将 速成 调整 产品 定价 策略 抢占市场 份额
000085,2020,面对复杂的外部经营环境公司管理层积极应对努力克服不利因素影响,12,面对 复杂 的 外部 经营 环境 积极 应对 努力 克服 不利因素 影响
000085,2020,公司进一步完善治理结构规范运作信息披露真实准确完整,10,进一步 完善 治理 结构 规范 运作 信息 真实 准确 完整
000085,2020,公司持续优化产品结构深化渠道建设主营业务收入实现稳健增长,11,持续 优化 产品 结构 深化 渠道 建设 收入 实现 稳健 增长
000085,2020,公司加大研发人才引进力度研发人员占比稳步提升,11,加大 研发 人才 引进 力度 研发 人员 占 比 稳步 提升
000085,2020,公司急于求成布局热门赛道力求急于求成形成新的利润增长点,11,急于求成 布局 热门 赛道 力求 急于求成 形成 新 的 利润 增长点
000085,2020,公司高度重视安全生产与质量管理体系运行情况良好,9,高度重视 安全 生产 与 质量 管理体系 运行 情况 良好
000085,2020,公司要求各事业部立刻消化库存回笼资金缓解业绩压力,10,要求 各 事业部 立刻 消化 库存 回笼资金 缓解 业绩 压力
000085,2020,公司与高校科研院所共建联合实验室推进产学研协同创新,10,与 高校 科研院所 共建 联合 实验室 推进 产学研 协同 创新
000085,2020,公司可能面临原材料价格波动市场需求不及预期等风险,10,可能 面临 原材料 价格 波动 市场需求 不及 预期 等 风险
000085,2020,公司围绕核心技术开展攻关新申请专利数量保持稳定增长,9,围绕 核心技术 开展 攻关 新 申请专利 数量 保持稳定 增长
000085,2020,二零二四年四月,3,二零二 四年 四月
000085,2021,股份有限公司年年度报告管理层讨论与分析模拟文本公司加强成本管控提升运营效率毛利率水平保持基本平稳,19,有限公司 年 年度报告 讨论 与 分析 模拟 文本 加强 成本 管控 提升 运营 效率 毛利率 水平 保持 基本 平稳
000085,2021,宏观经济波动与行业竞争加剧可能对公司业绩产生不利影响,12,宏观 经济波动 与 行业 竞争 加剧 可能 对 公司业绩 产生 不利 影响
000085,2021,报告期内公司围绕年度经营计划扎实推进各项重点工作总体经营情况保持稳定,14,报告 期内 围绕 经营 计划 扎实 推进 各项 重点 工作 总体 经营 情况 保持稳定
000085,2021,管理层认为当前窗口稍纵即逝必须投机扩大产能投放,9,认为 当前 窗口 稍纵即逝 必须 投机 扩大 产能 投放
000085,2021,公司在新材料新工艺方向的前瞻性研发布局取得阶段性成果,12,在 新 材料 新工艺 方向 的 前瞻性 研发 布局 取得 阶段性 成果
000085,2021,宏观经济波动与行业竞争加剧可能对公司业绩产生不利影响,12,宏观 经济波动 与 行业 竞争 加剧 可能 对 公司业绩 产生 不利 影响
000085,2021,公司加大研发人才引进力度研发人员占比稳步提升,11,加大 研发 人才 引进 力度 研发 人员 占 比 稳步 提升
000085,2021,公司加强成本管控提升运营效率毛利率水平保持基本平稳,11,加强 成本 管控 提升 运营 效率 毛利率 水平 保持 基本 平稳
000085,2021,公司与高校科研院所共建联合实验室推进产学研协同创新,10,与 高校 科研院所 共建 联合 实验室 推进 产学研 协同 创新
000085,2021,管理层认为当前窗口稍纵即逝必须应急扩大产能投放,9,认为 当前 窗口 稍纵即逝 必须 应急 扩大 产能 投放
000085,2021,公司现今布局热门赛道力求现今形成新的利润增长点,11,现今 布局 热门 赛道 力求 现今 形成 新 的 利润 增长点
000085,2021,汇率波动及贸易环境变化对公司海外业务构成一定不确定性,12,汇率 波动 及 贸易 环境 变化 对 海外 业务 构成 一定 不确定性
000085,2021,公司持续优化产品结构深化渠道建设主营业务收入实现稳健增长,11,持续 优化 产品 结构 深化 渠道 建设 收入 实现 稳健 增长
000085,2021,公司立竿见影回笼资金以应对眼前的流动性压力,8,立竿见影 回笼资金 以 应对 眼前 的 流动性 压力
000085,2021,公司持续优化产品结构深化渠道建设主营业务收入实现稳健增长,11,持续 优化 产品 结构 深化 渠道 建设 收入 实现 稳健 增长
000085,2021,公司积极拓展国内外市场客户结构与订单质量进一步改善,11,积极 拓展 国内外 市场 客户 结构 与 订单 质量 进一步 改善
000085,2021,二零二四年四月,3,二零二 四年 四月
000085,2022,股份有限公司年年度报告管理层讨论与分析模拟文本公司持续优化产品结构深化渠道建设主营业务收入实现稳健增长,19,有限公司 年 年度报告 讨论 与 分析 模拟 文本 持续 优化 产品 结构 深化 渠道 建设 收入 实现 稳健 增长
000085,2022,公司将采取权宜之计压缩各项开支以确保年内兑现业绩承诺,12,将 采取 权宜之计 压缩 各项 开支 以 确保 年内 兑现 业绩 承诺
000085,2022,公司积极拓展国内外市场客户结构与订单质量进一步改善,11,积极 拓展 国内外 市场 客户 结构 与 订单 质量 进一步 改善
000085,2022,公司在新材料新工艺方向的前瞻性研发布局取得阶段性成果,12,在 新 材料 新工艺 方向 的 前瞻性 研发 布局 取得 阶段性 成果
000085,2022,管理层认为当前窗口稍纵即逝必须杀鸡取卵扩大产能投放,9,认为 当前 窗口 稍纵即逝 必须 杀鸡取卵 扩大 产能 投放
000085,2022,公司将采取权宜之计压缩各项开支以确保迫在眉睫兑现业绩承诺,12,将 采取 权宜之计 压缩 各项 开支 以 确保 迫在眉睫 兑现 业绩 承诺
000085,2022,公司加大研发人才引进力度研发人员占比稳步提升,11,加大 研发 人才 引进 力度 研发 人员 占 比 稳步 提升
000085,2022,公司进一步完善治理结构规范运作信息披露真实准确完整,10,进一步 完善 治理 结构 规范 运作 信息 真实 准确 完整
000085,2022,公司加大研发人才引进力度研发人员占比稳步提升,11,加大 研发 人才 引进 力度 研发 人员 占 比 稳步 提升
000085,2022,公司积极拓展国内外市场客户结构与订单质量进一步改善,11,积极 拓展 国内外 市场 客户 结构 与 订单 质量 进一步 改善
000085,2022,公司积极拓展国内外市场客户结构与订单质量进一步改善,11,积极 拓展 国内外 市场 客户 结构 与 订单 质量 进一步 改善
000085,2022,公司稳步推进产能建设生产运营秩序正常,8,稳步 推进 产能 建设 生产 运营 秩序 正常
000085,2022,公司高度重视安全生产与质量管理体系运行情况良好,9,高度重视 安全 生产 与 质量 管理体系 运行 情况 良好
000085,2022,宏观经济波动与行业竞争加剧可能对公司业绩产生不利影响,12,宏观 经济波动 与 行业 竞争 加剧 可能 对 公司业绩 产生 不利 影响
000085,2022,公司进一步完善治理结构规范运作信息披露真实准确完整,10,进一步 完善 治理 结构 规范 运作 信息 真实 准确 完整
000085,2022,公司高度重视安全生产与质量管理体系运行情况良好,9,高度重视 安全 生产 与 质量 管理体系 运行 情况 良好
000085,2022,管理层表示要速胜扭转当前被动局面实现业绩快速回升,10,表示 要 速胜 扭转 当前 被动局面 实现 业绩 快速 回升
000085,2022,二零二四年四月,3,二零二 四年 四月
000085,2023,股份有限公司年年度报告管理层讨论与分析模拟文本公司稳步推进产能建设生产运营秩序正常,16,有限公司 年 年度报告 讨论 与 分析 模拟 文本 稳步 推进 产能 建设 生产 运营 秩序 正常
000085,2023,报告期内公司围绕年度经营计划扎实推进各项重点工作总体经营情况保持稳定,14,报告 期内 围绕 经营 计划 扎实 推进 各项 重点 工作 总体 经营 情况 保持稳定
000085,2023,公司高度重视安全生产与质量管理体系运行情况良好,9,高度重视 安全 生产 与 质量 管理体系 运行 情况 良好
000085,2023,公司坚持创新驱动发展战略持续加大研发投入研发费用同比增长较快,14,坚持 创新 驱动 发展 战略 持续 加大 研发 投入 研发 费用 增长 较 快
000085,2023,宏观经济波动与行业竞争加剧可能对公司业绩产生不利影响,12,宏观 经济波动 与 行业 竞争 加剧 可能 对 公司业绩 产生 不利 影响
000085,2023,公司围绕核心技术开展攻关新申请专利数量保持稳定增长,9,围绕 核心技术 开展 攻关 新 申请专利 数量 保持稳定 增长
000085,2023,公司短期回笼资金以应对眼前的流动性压力,8,短期 回笼资金 以 应对 眼前 的 流动性 压力
000085,2023,公司积极拓展国内外市场客户结构与订单质量进一步改善,11,积极 拓展 国内外 市场 客户 结构 与 订单 质量 进一步 改善
000085,2023,面对复杂的外部经营环境公司管理层积极应对努力克服不利因素影响,12,面对 复杂 的 外部 经营 环境 积极 应对 努力 克服 不利因素 影响
000085,2023,公司加强成本管控提升运营效率毛利率水平保持基本平稳,11,加强 成本 管控 提升 运营 效率 毛利率 水平 保持 基本 平稳
000085,2023,公司急需回笼资金以应对眼前的流动性压力,8,急需 回笼资金 以 应对 眼前 的 流动性 压力
000085,2023,公司速成回笼资金以应对眼前的流动性压力,8,速成 回笼资金 以 应对 眼前 的 流动性 压力
000085,2023,为完成全年目标公司将权宜之计调整产品定价策略抢占市场份额,12,为 完成 全年 目标 将 权宜之计 调整 产品 定价 策略 抢占市场 份额
000085,2023,二零二四年四月,3,二零二 四年 四月
000088,2019,股份有限公司年年度报告管理层讨论与分析模拟文本宏观经济波动与行业竞争加剧可能对公司业绩产生不利影响,20,有限公司 年 年度报告 讨论 与 分析 模拟 文本 宏观 经济波动 与 行业 竞争 加剧 可能 对 公司业绩 产生 不利 影响
000088,2019,面对复杂的外部经营环境公司管理层积极应对努力克服不利因素影响,12,面对 复杂 的 外部 经营 环境 积极 应对 努力 克服 不利因素 影响
000088,2019,汇率波动及贸易环境变化对公司海外业务构成一定不确定性,12,汇率 波动 及 贸易 环境 变化 对 海外 业务 构成 一定 不确定性
000088,2019,公司围绕核心技术开展攻关新申请专利数量保持稳定增长,9,围绕 核心技术 开展 攻关 新 申请专利 数量 保持稳定 增长
000088,2019,公司要求各事业部速成消化库存回笼资金缓解业绩压力,10,要求 各 事业部 速成 消化 库存 回笼资金 缓解 业绩 压力
000088,2019,公司与高校科研院所共建联合实验室推进产学研协同创新,10,与 高校 科研院所 共建 联合 实验室 推进 产学研 协同 创新
000088,2019,公司年内回笼资金以应对眼前的流动性压力,8,年内 回笼资金 以 应对 眼前 的 流动性 压力
000088,2019,公司稳步推进产能建设生产运营秩序正常,8,稳步 推进 产能 建设 生产 运营 秩序 正常
000088,2019,公司加强成本管控提升运营效率毛利率水平保持基本平稳,11,加强 成本 管控 提升 运营 效率 毛利率 水平 保持 基本 平稳
000088,2019,公司在新材料新工艺方向的前瞻性研发布局取得阶段性成果,12,在 新 材料 新工艺 方向 的 前瞻性 研发 布局 取得 阶段性 成果
000088,2019,公司高度重视安全生产与质量管理体系运行情况良好,9,高度重视 安全 生产 与 质量 管理体系 运行 情况 良好
000088,2019,公司高度重视安全生产与质量管理体系运行情况良好,9,高度重视 安全 生产 与 质量 管理体系 运行 情况 良好
000088,2019,为完成全年目标公司将赶快调整产品定价策略抢占市场份额,12,为 完成 全年 目标 将 赶快 调整 产品 定价 策略 抢占市场 份额
000088,2019,公司进一步完善治理结构规范运作信息披露真实准确完整,10,进一步 完善 治理 结构 规范 运作 信息 真实 准确 完整
000088,2019,公司积极拓展国内外市场客户结构与订单质量进一步改善,11,积极 拓展 国内外 市场 客户 结构 与 订单 质量 进一步 改善
000088,2019,二零二四年四月,3,二零二 四年 四月
000088,2020,股份有限公司年年度报告管理层讨论与分析模拟文本公司积极拓展国内外市场客户结构与订单质量进一步改善,19,有限公司 年 年度报告 讨论 与 分析 模拟 文本 积极 拓展 国内外 市场 客户 结构 与 订单 质量 进一步 改善
000088,2020,公司坚持创新驱动发展战略持续加大研发投入研发费用同比增长较快,14,坚持 创新 驱动 发展 战略 持续 加大 研发 投入 研发 费用 增长 较 快
000088,2020,公司稳步推进产能建设生产运营秩序正常,8,稳步 推进 产能 建设 生产 运营 秩序 正常
000088,2020,公司可能面临原材料价格波动市场需求不及预期等风险,10,可能 面临 原材料 价格 波动 市场需求 不及 预期 等 风险
000088,2020,公司高度重视安全生产与质量管理体系运行情况良好,9,高度重视 安全 生产 与 质量 管理体系 运行 情况 良好
000088,2020,公司加大研发人才引进力度研发人员占比稳步提升,11,加大 研发 人才 引进 力度 研发 人员 占 比 稳步 提升
000088,2020,汇率波动及贸易环境变化对公司海外业务构成一定不确定性,12,汇率 波动 及 贸易 环境 变化 对 海外 业务 构成 一定 不确定性
000088,2020,宏观经济波动与行业竞争加剧可能对公司业绩产生不利影响,12,宏观 经济波动 与 行业 竞争 加剧 可能 对 公司业绩 产生 不利 影响
000088,2020,管理层认为当前窗口稍纵即逝必须立竿见影扩大产能投放,9,认为 当前 窗口 稍纵即逝 必须 立竿见影 扩大 产能 投放
000088,2020,公司积极拓展国内外市场客户结构与订单质量进一步改善,11,积极 拓展 国内外 市场 客户 结构 与 订单 质量 进一步 改善
000088,2020,报告期内公司围绕年度经营计划扎实推进各项重点工作总体经营情况保持稳定,14,报告 期内 围绕 经营 计划 扎实 推进 各项 重点 工作 总体 经营 情况 保持稳定
000088,2020,公司高度重视安全生产与质量管理体系运行情况良好,9,高度重视 安全 生产 与 质量 管理体系 运行 情况 良好
000088,2020,公司在新材料新工艺方向的前瞻性研发布局取得阶段性成果,12,在 新 材料 新工艺 方向 的 前瞻性 研发 布局 取得 阶段性 成果
000088,2020,公司积极拓展国内外市场客户结构与订单质量进一步改善,11,积极 拓展 国内外 市场 客户 结构 与 订单 质量 进一步 改善
000088,2020,二零二四年四月,3,二零二 四年 四月
000088,2021,股份有限公司年年度报告管理层讨论与分析模拟文本公司加大研发人才引进力度研发人员占比稳步提升,19,有限公司 年 年度报告 讨论 与 分析 模拟 文本 加大 研发 人才 引进 力度 研发 人员 占 比 稳步 提升
000088,2021,公司积极拓展国内外市场客户结构与订单质量进一步改善,11,积极 拓展 国内外 市场 客户 结构 与 订单 质量 进一步 改善
000088,2021,公司加强成本管控提升运营效率毛利率水平保持基本平稳,11,加强 成本 管控 提升 运营 效率 毛利率 水平 保持 基本 平稳
000088,2021,公司持续优化产品结构深化渠道建设主营业务收入实现稳健增长,11,持续 优化 产品 结构 深化 渠道 建设 收入 实现 稳健 增长
000088,2021,公司坚持创新驱动发展战略持续加大研发投入研发费用同比增长较快,14,坚持 创新 驱动 发展 战略 持续 加大 研发 投入 研发 费用 增长 较 快
000088,2021,面对复杂的外部经营环境公司管理层积极应对努力克服不利因素影响,12,面对 复杂 的 外部 经营 环境 积极 应对 努力 克服 不利因素 影响
000088,2021,公司进一步完善治理结构规范运作信息披露真实准确完整,10,进一步 完善 治理 结构 规范 运作 信息 真实 准确 完整
000088,2021,公司可能面临原材料价格波动市场需求不及预期等风险,10,可能 面临 原材料 价格 波动 市场需求 不及 预期 等 风险
000088,2021,报告期内公司围绕年度经营计划扎实推进各项重点工作总体经营情况保持稳定,14,报告 期内 围绕 经营 计划 扎实 推进 各项 重点 工作 总体 经营 情况 保持稳定
000088,2021,报告期内公司围绕年度经营计划扎实推进各项重点工作总体经营情况保持稳定,14,报告 期内 围绕 经营 计划 扎实 推进 各项 重点 工作 总体 经营 情况 保持稳定
000088,2021,二零二四年四月,3,二零二 四年 四月
000088,2022,股份有限公司年年度报告管理层讨论与分析模拟文本公司加大研发人才引进力度研发人员占比稳步提升,19,有限公司 年 年度报告 讨论 与 分析 模拟 文本 加大 研发 人才 引进 力度 研发 人员 占 比 稳步 提升
000088,2022,公司持续优化产品结构深化渠道建设主营业务收入实现稳健增长,11,持续 优化 产品 结构 深化 渠道 建设 收入 实现 稳健 增长
000088,2022,公司可能面临原材料价格波动市场需求不及预期等风险,10,可能 面临 原材料 价格 波动 市场需求 不及 预期 等 风险
000088,2022,公司围绕核心技术开展攻关新申请专利数量保持稳定增长,9,围绕 核心技术 开展 攻关 新 申请专利 数量 保持稳定 增长
000088,2022,公司积极拓展国内外市场客户结构与订单质量进一步改善,11,积极 拓展 国内外 市场 客户 结构 与 订单 质量 进一步 改善
000088,2022,公司积极拓展国内外市场客户结构与订单质量进一步改善,11,积极 拓展 国内外 市场 客户 结构 与 订单 质量 进一步 改善
000088,2022,公司目前布局热门赛道力求目前形成新的利润增长点,11,目前 布局 热门 赛道 力求 目前 形成 新 的 利润 增长点
000088,2022,公司高度重视安全生产与质量管理体系运行情况良好,9,高度重视 安全 生产 与 质量 管理体系 运行 情况 良好
000088,2022,报告期内公司围绕年度经营计划扎实推进各项重点工作总体经营情况保持稳定,14,报告 期内 围绕 经营 计划 扎实 推进 各项 重点 工作 总体 经营 情况 保持稳定
000088,2022,管理层表示要急于求成扭转当前被动局面实现业绩快速回升,10,表示 要 急于求成 扭转 当前 被动局面 实现 业绩 快速 回升
000088,2022,管理层认为当前窗口稍纵即逝必须速胜扩大产能投放,9,认为 当前 窗口 稍纵即逝 必须 速胜 扩大 产能 投放
000088,2022,公司持续优化产品结构深化渠道建设主营业务收入实现稳健增长,11,持续 优化 产品 结构 深化 渠道 建设 收入 实现 稳健 增长
000088,2022,公司高度重视安全生产与质量管理体系运行情况良好,9,高度重视 安全 生产 与 质量 管理体系 运行 情况 良好
000088,2022,面对复杂的外部经营环境公司管理层积极应对努力克服不利因素影响,12,面对 复杂 的 外部 经营 环境 积极 应对 努力 克服 不利因素 影响
000088,2022,公司坚持创新驱动发展战略持续加大研发投入研发费用同比增长较快,14,坚持 创新 驱动 发展 战略 持续 加大 研发 投入 研发 费用 增长 较 快
000088,2022,公司高度重视安全生产与质量管理体系运行情况良好,9,高度重视 安全 生产 与 质量 管理体系 运行 情况 良好
000088,2022,公司与高校科研院所共建联合实验室推进产学研协同创新,10,与 高校 科研院所 共建 联合 实验室 推进 产学研 协同 创新
000088,2022,二零二四年四月,3,二零二 四年 四月
000088,2023,股份有限公司年年度报告管理层讨论与分析模拟文本公司进一步完善治理结构规范运作信息披露真实准确完整,18,有限公司 年 年度报告 讨论 与 分析 模拟 文本 进一步 完善 治理 结构 规范 运作 信息 真实 准确 完整
000088,2023,公司加大研发人才引进力度研发人员占比稳步提升,11,加大 研发 人才 引进 力度 研发 人员 占 比 稳步 提升
000088,2023,公司将采取权宜之计压缩各项开支以确保立竿见影兑现业绩承诺,12,将 采取 权宜之计 压缩 各项 开支 以 确保 立竿见影 兑现 业绩 承诺
000088,2023,公司持续优化产品结构深化渠道建设主营业务收入实现稳健增长,11,持续 优化 产品 结构 深化 渠道 建设 收入 实现 稳健 增长
000088,2023,公司稳步推进产能建设生产运营秩序正常,8,稳步 推进 产能 建设 生产 运营 秩序 正常
000088,2023,公司围绕核心技术开展攻关新申请专利数量保持稳定增长,9,围绕 核心技术 开展 攻关 新 申请专利 数量 保持稳定 增长
000088,2023,公司稳步推进产能建设生产运营秩序正常,8,稳步 推进 产能 建设 生产 运营 秩序 正常
000088,2023,公司稳步推进产能建设生产运营秩序正常,8,稳步 推进 产能 建设 生产 运营 秩序 正常
000088,2023,公司可能面临原材料价格波动市场需求不及预期等风险,10,可能 面临 原材料 价格 波动 市场需求 不及 预期 等 风险
000088,2023,面对复杂的外部经营环境公司管理层积极应对努力克服不利因素影响,12,面对 复杂 的 外部 经营 环境 积极 应对 努力 克服 不利因素 影响
000088,2023,管理层认为当前窗口稍纵即逝必须立即扩大产能投放,9,认为 当前 窗口 稍纵即逝 必须 立即 扩大 产能 投放
000088,2023,公司进一步完善治理结构规范运作信息披露真实准确完整,10,进一步 完善 治理 结构 规范 运作 信息 真实 准确 完整
000088,2023,公司围绕核心技术开展攻关新申请专利数量保持稳定增长,9,围绕 核心技术 开展 攻关 新 申请专利 数量 保持稳定 增长
000088,2023,二零二四年四月,3,二零二 四年 四月
000091,2019,股份有限公司年年度报告管理层讨论与分析模拟文本公司在新材料新工艺方向的前瞻性研发布局取得阶段性成果,20,有限公司 年 年度报告 讨论 与 分析 模拟 文本 在 新 材料 新工艺 方向 的 前瞻性 研发 布局 取得 阶段性 成果
000091,2019,宏观经济波动与行业竞争加剧可能对公司业绩产生不利影响,12,宏观 经济波动 与 行业 竞争 加剧 可能 对 公司业绩 产生 不利 影响
000091,2019,公司加大研发人才引进力度研发人员占比稳步提升,11,加大 研发 人才 引进 力度 研发 人员 占 比 稳步 提升
000091,2019,公司加强成本管控提升运营效率毛利率水平保持基本平稳,11,加强 成本 管控 提升 运营 效率 毛利率 水平 保持 基本 平稳
000091,2019,公司加大研发人才引进力度研发人员占比稳步提升,11,加大 研发 人才 引进 力度 研发 人员 占 比 稳步 提升
000091,2019,公司加大研发人才引进力度研发人员占比稳步提升,11,加大 研发 人才 引进 力度 研发 人员 占 比 稳步 提升
000091,2019,公司可能面临原材料价格波动市场需求不及预期等风险,10,可能 面临 原材料 价格 波动 市场需求 不及 预期 等 风险
000091,2019,公司高度重视安全生产与质量管理体系运行情况良好,9,高度重视 安全 生产 与 质量 管理体系 运行 情况 良好
000091,2019,面对复杂的外部经营环境公司管理层积极应对努力克服不利因素影响,12,面对 复杂 的 外部 经营 环境 积极 应对 努力 克服 不利因素 影响
000091,2019,公司进一步完善治理结构规范运作信息披露真实准确完整,10,进一步 完善 治理 结构 规范 运作 信息 真实 准确 完整
000091,2019,公司积极拓展国内外市场客户结构与订单质量进一步改善,11,积极 拓展 国内外 市场 客户 结构 与 订单 质量 进一步 改善
000091,2019,公司将采取权宜之计压缩各项开支以确保目前兑现业绩承诺,12,将 采取 权宜之计 压缩 各项 开支 以 确保 目前 兑现 业绩 承诺
000091,2019,公司稳步推进产能建设生产运营秩序正常,8,稳步 推进 产能 建设 生产 运营 秩序 正常
000091,2019,宏观经济波动与行业竞争加剧可能对公司业绩产生不利影响,12,宏观 经济波动 与 行业 竞争 加剧 可能 对 公司业绩 产生 不利 影响
000091,2019,管理层认为当前窗口稍纵即逝必须现今扩大产能投放,9,认为 当前 窗口 稍纵即逝 必须 现今 扩大 产能 投放
000091,2019,报告期内公司围绕年度经营计划扎实推进各项重点工作总体经营情况保持稳定,14,报告 期内 围绕 经营 计划 扎实 推进 各项 重点 工作 总体 经营 情况 保持稳定
000091,2019,二零二四年四月,3,二零二 四年 四月
000091,2020,股份有限公司年年度报告管理层讨论与分析模拟文本公司加强成本管控提升运营效率毛利率水平保持基本平稳,19,有限公司 年 年度报告 讨论 与 分析 模拟 文本 加强 成本 管控 提升 运营 效率 毛利率 水平 保持 基本 平稳
000091,2020,面对复杂的外部经营环境公司管理层积极应对努力克服不利因素影响,12,面对 复杂 的 外部 经营 环境 积极 应对 努力 克服 不利因素 影响
000091,2020,面对复杂的外部经营环境公司管理层积极应对努力克服不利因素影响,12,面对 复杂 的 外部 经营 环境 积极 应对 努力 克服 不利因素 影响
000091,2020,公司加强成本管控提升运营效率毛利率水平保持基本平稳,11,加强 成本 管控 提升 运营 效率 毛利率 水平 保持 基本 平稳
000091,2020,公司坚持创新驱动发展战略持续加大研发投入研发费用同比增长较快,14,坚持 创新 驱动 发展 战略 持续 加大 研发 投入 研发 费用 增长 较 快
000091,2020,公司坚持创新驱动发展战略持续加大研发投入研发费用同比增长较快,14,坚持 创新 驱动 发展 战略 持续 加大 研发 投入 研发 费用 增长 较 快
000091,2020,公司积极拓展国内外市场客户结构与订单质量进一步改善,11,积极 拓展 国内外 市场 客户 结构 与 订单 质量 进一步 改善
000091,2020,公司抓紧回笼资金以应对眼前的流动性压力,8,抓紧 回笼资金 以 应对 眼前 的 流动性 压力
000091,2020,公司要求各事业部应急消化库存回笼资金缓解业绩压力,10,要求 各 事业部 应急 消化 库存 回笼资金 缓解 业绩 压力
000091,2020,面对复杂的外部经营环境公司管理层积极应对努力克服不利因素影响,12,面对 复杂 的 外部 经营 环境 积极 应对 努力 克服 不利因素 影响
000091,2020,宏观经济波动与行业竞争加剧可能对公司业绩产生不利影响,12,宏观 经济波动 与 行业 竞争 加剧 可能 对 公司业绩 产生 不利 影响
000091,2020,公司迫在眉睫布局热门赛道力求迫在眉睫形成新的利润增长点,11,迫在眉睫 布局 热门 赛道 力求 迫在眉睫 形成 新 的 利润 增长点
000091,2020,公司立刻布局热门赛道力求立刻形成新的利润增长点,11,立刻 布局 热门 赛道 力求 立刻 形成 新 的 利润 增长点
000091,2020,二零二四年四月,3,二零二 四年 四月
000091,2021,股份有限公司年年度报告管理层讨论与分析模拟文本公司进一步完善治理结构规范运作信息披露真实准确完整,18,有限公司 年 年度报告 讨论 与 分析 模拟 文本 进一步 完善 治理 结构 规范 运作 信息 真实 准确 完整
000091,2021,公司稳步推进产能建设生产运营秩序正常,8,稳步 推进 产能 建设 生产 运营 秩序 正常
000091,2021,公司立即布局热门赛道力求立即形成新的利润增长点,11,立即 布局 热门 赛道 力求 立即 形成 新 的 利润 增长点
000091,2021,报告期内公司围绕年度经营计划扎实推进各项重点工作总体经营情况保持稳定,14,报告 期内 围绕 经营 计划 扎实 推进 各项 重点 工作 总体 经营 情况 保持稳定
000091,2021,公司将采取权宜之计压缩各项开支以确保年内兑现业绩承诺,12,将 采取 权宜之计 压缩 各项 开支 以 确保 年内 兑现 业绩 承诺
000091,2021,公司可能面临原材料价格波动市场需求不及预期等风险,10,可能 面临 原材料 价格 波动 市场需求 不及 预期 等 风险
000091,2021,公司在新材料新工艺方向的前瞻性研发布局取得阶段性成果,12,在 新 材料 新工艺 方向 的 前瞻性 研发 布局 取得 阶段性 成果
000091,2021,公司在新材料新工艺方向的前瞻性研发布局取得阶段性成果,12,在 新 材料 新工艺 方向 的 前瞻性 研发 布局 取得 阶段性 成果
000091,2021,公司积极拓展国内外市场客户结构与订单质量进一步改善,11,积极 拓展 国内外 市场 客户 结构 与 订单 质量 进一步 改善
000091,2021,公司进一步完善治理结构规范运作信息披露真实准确完整,10,进一步 完善 治理 结构 规范 运作 信息 真实 准确 完整
000091,2021,面对复杂的外部经营环境公司管理层积极应对努力克服不利因素影响,12,面对 复杂 的 外部 经营 环境 积极 应对 努力 克服 不利因素 影响
000091,2021,公司要求各事业部眼下消化库存回笼资金缓解业绩压力,10,要求 各 事业部 眼下 消化 库存 回笼资金 缓解 业绩 压力
000091,2021,公司持续优化产品结构深化渠道建设主营业务收入实现稳健增长,11,持续 优化 产品 结构 深化 渠道 建设 收入 实现 稳健 增长
000091,2021,公司持续优化产品结构深化渠道建设主营业务收入实现稳健增长,11,持续 优化 产品 结构 深化 渠道 建设 收入 实现 稳健 增长
000091,2021,公司与高校科研院所共建联合实验室推进产学研协同创新,10,与 高校 科研院所 共建 联合 实验室 推进 产学研 协同 创新
000091,2021,公司积极拓展国内外市场客户结构与订单质量进一步改善,11,积极 拓展 国内外 市场 客户 结构 与 订单 质量 进一步 改善
000091,2021,二零二四年四月,3,二零二 四年 四月
000091,2022,股份有限公司年年度报告管理层讨论与分析模拟文本公司加大研发人才引进力度研发人员占比稳步提升,19,有限公司 年 年度报告 讨论 与 分析 模拟 文本 加大 研发 人才 引进 力度 研发 人员 占 比 稳步 提升
000091,2022,公司加强成本管控提升运营效率毛利率水平保持基本平稳,11,加强 成本 管控 提升 运营 效率 毛利率 水平 保持 基本 平稳
000091,2022,公司积极拓展国内外市场客户结构与订单质量进一步改善,11,积极 拓展 国内外 市场 客户 结构 与 订单 质量 进一步 改善
000091,2022,报告期内公司围绕年度经营计划扎实推进各项重点工作总体经营情况保持稳定,14,报告 期内 围绕 经营 计划 扎实 推进 各项 重点 工作 总体 经营 情况 保持稳定
000091,2022,公司持续优化产品结构深化渠道建设主营业务收入实现稳健增长,11,持续 优化 产品 结构 深化 渠道 建设 收入 实现 稳健 增长
000091,2022,汇率波动及贸易环境变化对公司海外业务构成一定不确定性,12,汇率 波动 及 贸易 环境 变化 对 海外 业务 构成 一定 不确定性
000091,2022,公司围绕核心技术开展攻关新申请专利数量保持稳定增长,9,围绕 核心技术 开展 攻关 新 申请专利 数量 保持稳定 增长
000091,2022,宏观经济波动与行业竞争加剧可能对公司业绩产生不利影响,12,宏观 经济波动 与 行业 竞争 加剧 可能 对 公司业绩 产生 不利 影响
000091,2022,公司加强成本管控提升运营效率毛利率水平保持基本平稳,11,加强 成本 管控 提升 运营 效率 毛利率 水平 保持 基本 平稳
000091,2022,公司可能面临原材料价格波动市场需求不及预期等风险,10,可能 面临 原材料 价格 波动 市场需求 不及 预期 等 风险
000091,2022,公司加大研发人才引进力度研发人员占比稳步提升,11,加大 研发 人才 引进 力度 研发 人员 占 比 稳步 提升
000091,2022,公司高度重视安全生产与质量管理体系运行情况良好,9,高度重视 安全 生产 与 质量 管理体系 运行 情况 良好
000091,2022,管理层表示要短期收益扭转当前被动局面实现业绩快速回升,11,表示 要 短期 收益 扭转 当前 被动局面 实现 业绩 快速 回升
000091,2022,公司积极拓展国内外市场客户结构与订单质量进一步改善,11,积极 拓展 国内外 市场 客户 结构 与 订单 质量 进一步 改善
000091,2022,管理层认为当前窗口稍纵即逝必须应急扩大产能投放,9,认为 当前 窗口 稍纵即逝 必须 应急 扩大 产能 投放
000091,2022,为完成全年目标公司将竭泽而渔调整产品定价策略抢占市场份额,12,为 完成 全年 目标 将 竭泽而渔 调整 产品 定价 策略 抢占市场 份额
000091,2022,二零二四年四月,3,二零二 四年 四月
000091,2023,股份有限公司年年度报告管理层讨论与分析模拟文本公司稳步推进产能建设生产运营秩序正常,16,有限公司 年 年度报告 讨论 与 分析 模拟 文本 稳步 推进 产能 建设 生产 运营 秩序 正常
000091,2023,报告期内公司围绕年度经营计划扎实推进各项重点工作总体经营情况保持稳定,14,报告 期内 围绕 经营 计划 扎实 推进 各项 重点 工作 总体 经营 情况 保持稳定
000091,2023,公司高度重视安全生产与质量管理体系运行情况良好,9,高度重视 安全 生产 与 质量 管理体系 运行 情况 良好
000091,2023,公司将立竿见影推进重点项目的落地实施确保年内见到成效,11,将 立竿见影 推进 重点项目 的 落地 实施 确保 年内 见到 成效
000091,2023,公司积极拓展国内外市场客户结构与订单质量进一步改善,11,积极 拓展 国内外 市场 客户 结构 与 订单 质量 进一步 改善
000091,2023,公司坚持创新驱动发展战略持续加大研发投入研发费用同比增长较快,14,坚持 创新 驱动 发展 战略 持续 加大 研发 投入 研发 费用 增长 较 快
000091,2023,公司坚持创新驱动发展战略持续加大研发投入研发费用同比增长较快,14,坚持 创新 驱动 发展 战略 持续 加大 研发 投入 研发 费用 增长 较 快
000091,2023,公司与高校科研院所共建联合实验室推进产学研协同创新,10,与 高校 科研院所 共建 联合 实验室 推进 产学研 协同 创新
000091,2023,公司加强成本管控提升运营效率毛利率水平保持基本平稳,11,加强 成本 管控 提升 运营 效率 毛利率 水平 保持 基本 平稳
000091,2023,汇率波动及贸易环境变化对公司海外业务构成一定不确定性,12,汇率 波动 及 贸易 环境 变化 对 海外 业务 构成 一定 不确定性
000091,2023,管理层认为当前窗口稍纵即逝必须杀鸡取卵扩大产能投放,9,认为 当前 窗口 稍纵即逝 必须 杀鸡取卵 扩大 产能 投放
000091,2023,面对复杂的外部经营环境公司管理层积极应对努力克服不利因素影响,12,面对 复杂 的 外部 经营 环境 积极 应对 努力 克服 不利因素 影响
000091,2023,公司在新材料新工艺方向的前瞻性研发布局取得阶段性成果,12,在 新 材料 新工艺 方向 的 前瞻性 研发 布局 取得 阶段性 成果
000091,2023,二零二四年四月,3,二零二 四年 四月
000094,2019,股份有限公司年年度报告管理层讨论与分析模拟文本公司稳步推进产能建设生产运营秩序正常,16,有限公司 年 年度报告 讨论 与 分析 模拟 文本 稳步 推进 产能 建设 生产 运营 秩序 正常
000094,2019,公司将采取权宜之计压缩各项开支以确保近期兑现业绩承诺,12,将 采取 权宜之计 压缩 各项 开支 以 确保 近期 兑现 业绩 承诺
000094,2019,报告期内公司围绕年度经营计划扎实推进各项重点工作总体经营情况保持稳定,14,报告 期内 围绕 经营 计划 扎实 推进 各项 重点 工作 总体 经营 情况 保持稳定
000094,2019,公司加强成本管控提升运营效率毛利率水平保持基本平稳,11,加强 成本 管控 提升 运营 效率 毛利率 水平 保持 基本 平稳
000094,2019,为完成全年目标公司将短期调整产品定价策略抢占市场份额,12,为 完成 全年 目标 将 短期 调整 产品 定价 策略 抢占市场 份额
000094,2019,公司积极拓展国内外市场客户结构与订单质量进一步改善,11,积极 拓展 国内外 市场 客户 结构 与 订单 质量 进一步 改善
000094,2019,汇率波动及贸易环境变化对公司海外业务构成一定不确定性,12,汇率 波动 及 贸易 环境 变化 对 海外 业务 构成 一定 不确定性
000094,2019,公司加大研发人才引进力度研发人员占比稳步提升,11,加大 研发 人才 引进 力度 研发 人员 占 比 稳步 提升
000094,2019,宏观经济波动与行业竞争加剧可能对公司业绩产生不利影响,12,宏观 经济波动 与 行业 竞争 加剧 可能 对 公司业绩 产生 不利 影响
000094,2019,公司与高校科研院所共建联合实验室推进产学研协同创新,10,与 高校 科研院所 共建 联合 实验室 推进 产学研 协同 创新
000094,2019,公司持续优化产品结构深化渠道建设主营业务收入实现稳健增长,11,持续 优化 产品 结构 深化 渠道 建设 收入 实现 稳健 增长
000094,2019,报告期内公司围绕年度经营计划扎实推进各项重点工作总体经营情况保持稳定,14,报告 期内 围绕 经营 计划 扎实 推进 各项 重点 工作 总体 经营 情况 保持稳定
000094,2019,公司持续优化产品结构深化渠道建设主营业务收入实现稳健增长,11,持续 优化 产品 结构 深化 渠道 建设 收入 实现 稳健 增长
000094,2019,面对复杂的外部经营环境公司管理层积极应对努力克服不利因素影响,12,面对 复杂 的 外部 经营 环境 积极 应对 努力 克服 不利因素 影响
000094,2019,公司在新材料新工艺方向的前瞻性研发布局取得阶段性成果,12,在 新 材料 新工艺 方向 的 前瞻性 研发 布局 取得 阶段性 成果
000094,2019,公司将立即推进重点项目的落地实施确保年内见到成效,11,将 立即 推进 重点项目 的 落地 实施 确保 年内 见到 成效
000094,2019,二零二四年四月,3,二零二 四年 四月
000094,2020,股份有限公司年年度报告管理层讨论与分析模拟文本宏观经济波动与行业竞争加剧可能对公司业绩产生不利影响,20,有限公司 年 年度报告 讨论 与 分析 模拟 文本 宏观 经济波动 与 行业 竞争 加剧 可能 对 公司业绩 产生 不利 影响
000094,2020,公司高度重视安全生产与质量管理体系运行情况良好,9,高度重视 安全 生产 与 质量 管理体系 运行 情况 良好
000094,2020,公司将立即推进重点项目的落地实施确保年内见到成效,11,将 立即 推进 重点项目 的 落地 实施 确保 年内 见到 成效
000094,2020,公司进一步完善治理结构规范运作信息披露真实准确完整,10,进一步 完善 治理 结构 规范 运作 信息 真实 准确 完整
000094,2020,管理层认为当前窗口稍纵即逝必须短期收益扩大产能投放,10,认为 当前 窗口 稍纵即逝 必须 短期 收益 扩大 产能 投放
000094,2020,公司围绕核心技术开展攻关新申请专利数量保持稳定增长,9,围绕 核心技术 开展 攻关 新 申请专利 数量 保持稳定 增长
000094,2020,公司在新材料新工艺方向的前瞻性研发布局取得阶段性成果,12,在 新 材料 新工艺 方向 的 前瞻性 研发 布局 取得 阶段性 成果
000094,2020,公司进一步完善治理结构规范运作信息披露真实准确完整,10,进一步 完善 治理 结构 规范 运作 信息 真实 准确 完整
000094,2020,宏观经济波动与行业竞争加剧可能对公司业绩产生不利影响,12,宏观 经济波动 与 行业 竞争 加剧 可能 对 公司业绩 产生 不利 影响
000094,2020,公司高度重视安全生产与质量管理体系运行情况良好,9,高度重视 安全 生产 与 质量 管理体系 运行 情况 良好
000094,2020,公司竭泽而渔布局热门赛道力求竭泽而渔形成新的利润增长点,11,竭泽而渔 布局 热门 赛道 力求 竭泽而渔 形成 新 的 利润 增长点
000094,2020,公司与高校科研院所共建联合实验室推进产学研协同创新,10,与 高校 科研院所 共建 联合 实验室 推进 产学研 协同 创新
000094,2020,公司急需回笼资金以应对眼前的流动性压力,8,急需 回笼资金 以 应对 眼前 的 流动性 压力
000094,2020,公司高度重视安全生产与质量管理体系运行情况良好,9,高度重视 安全 生产 与 质量 管理体系 运行 情况 良好
000094,2020,公司在新材料新工艺方向的前瞻性研发布局取得阶段性成果,12,在 新 材料 新工艺 方向 的 前瞻性 研发 布局 取得 阶段性 成果
000094,2020,宏观经济波动与行业竞争加剧可能对公司业绩产生不利影响,12,宏观 经济波动 与 行业 竞争 加剧 可能 对 公司业绩 产生 不利 影响
000094,2020,公司积极拓展国内外市场客户结构与订单质量进一步改善,11,积极 拓展 国内外 市场 客户 结构 与 订单 质量 进一步 改善
000094,2020,面对复杂的外部经营环境公司管理层积极应对努力克服不利因素影响,12,面对 复杂 的 外部 经营 环境 积极 应对 努力 克服 不利因素 影响
000094,2020,二零二四年四月,3,二零二 四年 四月
000094,2021,股份有限公司年年度报告管理层讨论与分析模拟文本公司持续优化产品结构深化渠道建设主营业务收入实现稳健增长,19,有限公司 年 年度报告 讨论 与 分析 模拟 文本 持续 优化 产品 结构 深化 渠道 建设 收入 实现 稳健 增长
000094,2021,公司持续优化产品结构深化渠道建设主营业务收入实现稳健增长,11,持续 优化 产品 结构 深化 渠道 建设 收入 实现 稳健 增长
000094,2021,公司要求各事业部竭泽而渔消化库存回笼资金缓解业绩压力,10,要求 各 事业部 竭泽而渔 消化 库存 回笼资金 缓解 业绩 压力
000094,2021,为完成全年目标公司将如今调整产品定价策略抢占市场份额,12,为 完成 全年 目标 将 如今 调整 产品 定价 策略 抢占市场 份额
000094,2021,面对复杂的外部经营环境公司管理层积极应对努力克服不利因素影响,12,面对 复杂 的 外部 经营 环境 积极 应对 努力 克服 不利因素 影响
000094,2021,公司加强成本管控提升运营效率毛利率水平保持基本平稳,11,加强 成本 管控 提升 运营 效率 毛利率 水平 保持 基本 平稳
000094,2021,为完成全年目标公司将短期利益调整产品定价策略抢占市场份额,13,为 完成 全年 目标 将 短期 利益 调整 产品 定价 策略 抢占市场 份额
000094,2021,面对复杂的外部经营环境公司管理层积极应对努力克服不利因素影响,12,面对 复杂 的 外部 经营 环境 积极 应对 努力 克服 不利因素 影响
000094,2021,汇率波动及贸易环境变化对公司海外业务构成一定不确定性,12,汇率 波动 及 贸易 环境 变化 对 海外 业务 构成 一定 不确定性
000094,2021,公司与高校科研院所共建联合实验室推进产学研协同创新,10,与 高校 科研院所 共建 联合 实验室 推进 产学研 协同 创新
000094,2021,公司积极拓展国内外市场客户结构与订单质量进一步改善,11,积极 拓展 国内外 市场 客户 结构 与 订单 质量 进一步 改善
000094,2021,公司将采取权宜之计压缩各项开支以确保竭泽而渔兑现业绩承诺,12,将 采取 权宜之计 压缩 各项 开支 以 确保 竭泽而渔 兑现 业绩 承诺
000094,2021,公司与高校科研院所共建联合实验室推进产学研协同创新,10,与 高校 科研院所 共建 联合 实验室 推进 产学研 协同 创新
000094,2021,公司在新材料新工艺方向的前瞻性研发布局取得阶段性成果,12,在 新 材料 新工艺 方向 的 前瞻性 研发 布局 取得 阶段性 成果
000094,2021,报告期内公司围绕年度经营计划扎实推进各项重点工作总体经营情况保持稳定,14,报告 期内 围绕 经营 计划 扎实 推进 各项 重点 工作 总体 经营 情况 保持稳定
000094,2021,二零二四年四月,3,二零二 四年 四月
000094,2022,股份有限公司年年度报告管理层讨论与分析模拟文本公司加强成本管控提升运营效率毛利率水平保持基本平稳,19,有限公司 年 年度报告 讨论 与 分析 模拟 文本 加强 成本 管控 提升 运营 效率 毛利率 水平 保持 基本 平稳
000094,2022,汇率波动及贸易环境变化对公司海外业务构成一定不确定性,12,汇率 波动 及 贸易 环境 变化 对 海外 业务 构成 一定 不确定性
000094,2022,面对复杂的外部经营环境公司管理层积极应对努力克服不利因素影响,12,面对 复杂 的 外部 经营 环境 积极 应对 努力 克服 不利因素 影响
000094,2022,汇率波动及贸易环境变化对公司海外业务构成一定不确定性,12,汇率 波动 及 贸易 环境 变化 对 海外 业务 构成 一定 不确定性
000094,2022,公司与高校科研院所共建联合实验室推进产学研协同创新,10,与 高校 科研院所 共建 联合 实验室 推进 产学研 协同 创新
000094,2022,公司积极拓展国内外市场客户结构与订单质量进一步改善,11,积极 拓展 国内外 市场 客户 结构 与 订单 质量 进一步 改善
000094,2022,公司持续优化产品结构深化渠道建设主营业务收入实现稳健增长,11,持续 优化 产品 结构 深化 渠道 建设 收入 实现 稳健 增长
000094,2022,公司高度重视安全生产与质量管理体系运行情况良好,9,高度重视 安全 生产 与 质量 管理体系 运行 情况 良好
000094,2022,公司将采取权宜之计压缩各项开支以确保短期回报兑现业绩承诺,13,将 采取 权宜之计 压缩 各项 开支 以 确保 短期 回报 兑现 业绩 承诺
000094,2022,公司高度重视安全生产与质量管理体系运行情况良好,9,高度重视 安全 生产 与 质量 管理体系 运行 情况 良好
000094,2022,公司要求各事业部一步到位消化库存回笼资金缓解业绩压力,10,要求 各 事业部 一步到位 消化 库存 回笼资金 缓解 业绩 压力
000094,2022,报告期内公司围绕年度经营计划扎实推进各项重点工作总体经营情况保持稳定,14,报告 期内 围绕 经营 计划 扎实 推进 各项 重点 工作 总体 经营 情况 保持稳定
000094,2022,宏观经济波动与行业竞争加剧可能对公司业绩产生不利影响,12,宏观 经济波动 与 行业 竞争 加剧 可能 对 公司业绩 产生 不利 影响
000094,2022,公司应急布局热门赛道力求应急形成新的利润增长点,11,应急 布局 热门 赛道 力求 应急 形成 新 的 利润 增长点
000094,2022,公司加大研发人才引进力度研发人员占比稳步提升,11,加大 研发 人才 引进 力度 研发 人员 占 比 稳步 提升
000094,2022,二零二四年四月,3,二零二 四年 四月
000094,2023,股份有限公司年年度报告管理层讨论与分析模拟文本公司进一步完善治理结构规范运作信息披露真实准确完整,18,有限公司 年 年度报告 讨论 与 分析 模拟 文本 进一步 完善 治理 结构 规范 运作 信息 真实 准确 完整
000094,2023,公司立竿见影布局热门赛道力求立竿见影形成新的利润增长点,11,立竿见影 布局 热门 赛道 力求 立竿见影 形成 新 的 利润 增长点
000094,2023,公司进一步完善治理结构规范运作信息披露真实准确完整,10,进一步 完善 治理 结构 规范 运作 信息 真实 准确 完整
000094,2023,报告期内公司围绕年度经营计划扎实推进各项重点工作总体经营情况保持稳定,14,报告 期内 围绕 经营 计划 扎实 推进 各项 重点 工作 总体 经营 情况 保持稳定
000094,2023,公司加大研发人才引进力度研发人员占比稳步提升,11,加大 研发 人才 引进 力度 研发 人员 占 比 稳步 提升
000094,2023,公司在新材料新工艺方向的前瞻性研发布局取得阶段性成果,12,在 新 材料 新工艺 方向 的 前瞻性 研发 布局 取得 阶段性 成果
000094,2023,公司稳步推进产能建设生产运营秩序正常,8,稳步 推进 产能 建设 生产 运营 秩序 正常
000094,2023,公司积极拓展国内外市场客户结构与订单质量进一步改善,11,积极 拓展 国内外 市场 客户 结构 与 订单 质量 进一步 改善
000094,2023,汇率波动及贸易环境变化对公司海外业务构成一定不确定性,12,汇率 波动 及 贸易 环境 变化 对 海外 业务 构成 一定 不确定性
000094,2023,管理层表示要早日扭转当前被动局面实现业绩快速回升,10,表示 要 早日 扭转 当前 被动局面 实现 业绩 快速 回升
000094,2023,公司稳步推进产能建设生产运营秩序正常,8,稳步 推进 产能 建设 生产 运营 秩序 正常
000094,2023,面对复杂的外部经营环境公司管理层积极应对努力克服不利因素影响,12,面对 复杂 的 外部 经营 环境 积极 应对 努力 克服 不利因素 影响
000094,2023,公司持续优化产品结构深化渠道建设主营业务收入实现稳健增长,11,持续 优化 产品 结构 深化 渠道 建设 收入 实现 稳健 增长
000094,2023,公司与高校科研院所共建联合实验室推进产学研协同创新,10,与 高校 科研院所 共建 联合 实验室 推进 产学研 协同 创新
000094,2023,汇率波动及贸易环境变化对公司海外业务构成一定不确定性,12,汇率 波动 及 贸易 环境 变化 对 海外 业务 构成 一定 不确定性
000094,2023,二零二四年四月,3,二零二 四年 四月
000097,2019,股份有限公司年年度报告管理层讨论与分析模拟文本公司稳步推进产能建设生产运营秩序正常,16,有限公司 年 年度报告 讨论 与 分析 模拟 文本 稳步 推进 产能 建设 生产 运营 秩序 正常
000097,2019,公司将采取权宜之计压缩各项开支以确保饮鸩止渴兑现业绩承诺,12,将 采取 权宜之计 压缩 各项 开支 以 确保 饮鸩止渴 兑现 业绩 承诺
000097,2019,为完成全年目标公司将迫在眉睫调整产品定价策略抢占市场份额,12,为 完成 全年 目标 将 迫在眉睫 调整 产品 定价 策略 抢占市场 份额
000097,2019,公司稳步推进产能建设生产运营秩序正常,8,稳步 推进 产能 建设 生产 运营 秩序 正常
000097,2019,汇率波动及贸易环境变化对公司海外业务构成一定不确定性,12,汇率 波动 及 贸易 环境 变化 对 海外 业务 构成 一定 不确定性
000097,2019,面对复杂的外部经营环境公司管理层积极应对努力克服不利因素影响,12,面对 复杂 的 外部 经营 环境 积极 应对 努力 克服 不利因素 影响
000097,2019,公司加大研发人才引进力度研发人员占比稳步提升,11,加大 研发 人才 引进 力度 研发 人员 占 比 稳步 提升
000097,2019,公司将采取权宜之计压缩各项开支以确保抓紧兑现业绩承诺,12,将 采取 权宜之计 压缩 各项 开支 以 确保 抓紧 兑现 业绩 承诺
000097,2019,公司坚持创新驱动发展战略持续加大研发投入研发费用同比增长较快,14,坚持 创新 驱动 发展 战略 持续 加大 研发 投入 研发 费用 增长 较 快
000097,2019,公司加强成本管控提升运营效率毛利率水平保持基本平稳,11,加强 成本 管控 提升 运营 效率 毛利率 水平 保持 基本 平稳
000097,2019,公司进一步完善治理结构规范运作信息披露真实准确完整,10,进一步 完善 治理 结构 规范 运作 信息 真实 准确 完整
000097,2019,公司持续优化产品结构深化渠道建设主营业务收入实现稳健增长,11,持续 优化 产品 结构 深化 渠道 建设 收入 实现 稳健 增长
000097,2019,二零二四年四月,3,二零二 四年 四月
000097,2020,股份有限公司年年度报告管理层讨论与分析模拟文本公司加大研发人才引进力度研发人员占比稳步提升,19,有限公司 年 年度报告 讨论 与 分析 模拟 文本 加大 研发 人才 引进 力度 研发 人员 占 比 稳步 提升
000097,2020,公司加大研发人才引进力度研发人员占比稳步提升,11,加大 研发 人才 引进 力度 研发 人员 占 比 稳步 提升
000097,2020,公司进一步完善治理结构规范运作信息披露真实准确完整,10,进一步 完善 治理 结构 规范 运作 信息 真实 准确 完整
000097,2020,汇率波动及贸易环境变化对公司海外业务构成一定不确定性,12,汇率 波动 及 贸易 环境 变化 对 海外 业务 构成 一定 不确定性
000097,2020,公司高度重视安全生产与质量管理体系运行情况良好,9,高度重视 安全 生产 与 质量 管理体系 运行 情况 良好
000097,2020,公司与高校科研院所共建联合实验室推进产学研协同创新,10,与 高校 科研院所 共建 联合 实验室 推进 产学研 协同 创新
000097,2020,面对复杂的外部经营环境公司管理层积极应对努力克服不利因素影响,12,面对 复杂 的 外部 经营 环境 积极 应对 努力 克服 不利因素 影响
000097,2020,公司持续优化产品结构深化渠道建设主营业务收入实现稳健增长,11,持续 优化 产品 结构 深化 渠道 建设 收入 实现 稳健 增长
000097,2020,管理层表示要立即扭转当前被动局面实现业绩快速回升,10,表示 要 立即 扭转 当前 被动局面 实现 业绩 快速 回升
000097,2020,公司要求各事业部尽快消化库存回笼资金缓解业绩压力,10,要求 各 事业部 尽快 消化 库存 回笼资金 缓解 业绩 压力
000097,2020,汇率波动及贸易环境变化对公司海外业务构成一定不确定性,12,汇率 波动 及 贸易 环境 变化 对 海外 业务 构成 一定 不确定性
000097,2020,报告期内公司围绕年度经营计划扎实推进各项重点工作总体经营情况保持稳定,14,报告 期内 围绕 经营 计划 扎实 推进 各项 重点 工作 总体 经营 情况 保持稳定
000097,2020,管理层认为当前窗口稍纵即逝必须年内扩大产能投放,9,认为 当前 窗口 稍纵即逝 必须 年内 扩大 产能 投放
000097,2020,报告期内公司围绕年度经营计划扎实推进各项重点工作总体经营情况保持稳定,14,报告 期内 围绕 经营 计划 扎实 推进 各项 重点 工作 总体 经营 情况 保持稳定
000097,2020,二零二四年四月,3,二零二 四年 四月
000097,2021,股份有限公司年年度报告管理层讨论与分析模拟文本公司持续优化产品结构深化渠道建设主营业务收入实现稳健增长,19,有限公司 年 年度报告 讨论 与 分析 模拟 文本 持续 优化 产品 结构 深化 渠道 建设 收入 实现 稳健 增长
000097,2021,公司高度重视安全生产与质量管理体系运行情况良好,9,高度重视 安全 生产 与 质量 管理体系 运行 情况 良好
000097,2021,报告期内公司围绕年度经营计划扎实推进各项重点工作总体经营情况保持稳定,14,报告 期内 围绕 经营 计划 扎实 推进 各项 重点 工作 总体 经营 情况 保持稳定
000097,2021,报告期内公司围绕年度经营计划扎实推进各项重点工作总体经营情况保持稳定,14,报告 期内 围绕 经营 计划 扎实 推进 各项 重点 工作 总体 经营 情况 保持稳定
000097,2021,公司与高校科研院所共建联合实验室推进产学研协同创新,10,与 高校 科研院所 共建 联合 实验室 推进 产学研 协同 创新
000097,2021,公司快速见效布局热门赛道力求快速见效形成新的利润增长点,13,快速 见效 布局 热门 赛道 力求 快速 见效 形成 新 的 利润 增长点
000097,2021,公司高度重视安全生产与质量管理体系运行情况良好,9,高度重视 安全 生产 与 质量 管理体系 运行 情况 良好
000097,2021,公司在新材料新工艺方向的前瞻性研发布局取得阶段性成果,12,在 新 材料 新工艺 方向 的 前瞻性 研发 布局 取得 阶段性 成果
000097,2021,宏观经济波动与行业竞争加剧可能对公司业绩产生不利影响,12,宏观 经济波动 与 行业 竞争 加剧 可能 对 公司业绩 产生 不利 影响
000097,2021,公司积极拓展国内外市场客户结构与订单质量进一步改善,11,积极 拓展 国内外 市场 客户 结构 与 订单 质量 进一步 改善
000097,2021,宏观经济波动与行业竞争加剧可能对公司业绩产生不利影响,12,宏观 经济波动 与 行业 竞争 加剧 可能 对 公司业绩 产生 不利 影响
000097,2021,公司高度重视安全生产与质量管理体系运行情况良好,9,高度重视 安全 生产 与 质量 管理体系 运行 情况 良好
000097,2021,公司稳步推进产能建设生产运营秩序正常,8,稳步 推进 产能 建设 生产 运营 秩序 正常
000097,2021,报告期内公司围绕年度经营计划扎实推进各项重点工作总体经营情况保持稳定,14,报告 期内 围绕 经营 计划 扎实 推进 各项 重点 工作 总体 经营 情况 保持稳定
000097,2021,二零二四年四月,3,二零二 四年 四月
000097,2022,股份有限公司年年度报告管理层讨论与分析模拟文本面对复杂的外部经营环境公司管理层积极应对努力克服不利因素影响,20,有限公司 年 年度报告 讨论 与 分析 模拟 文本 面对 复杂 的 外部 经营 环境 积极 应对 努力 克服 不利因素 影响
000097,2022,管理层表示要抓紧扭转当前被动局面实现业绩快速回升,10,表示 要 抓紧 扭转 当前 被动局面 实现 业绩 快速 回升
000097,2022,管理层表示要马上扭转当前被动局面实现业绩快速回升,10,表示 要 马上 扭转 当前 被动局面 实现 业绩 快速 回升
000097,2022,公司加强成本管控提升运营效率毛利率水平保持基本平稳,11,加强 成本 管控 提升 运营 效率 毛利率 水平 保持 基本 平稳
000097,2022,公司坚持创新驱动发展战略持续加大研发投入研发费用同比增长较快,14,坚持 创新 驱动 发展 战略 持续 加大 研发 投入 研发 费用 增长 较 快
000097,2022,公司高度重视安全生产与质量管理体系运行情况良好,9,高度重视 安全 生产 与 质量 管理体系 运行 情况 良好
000097,2022,公司进一步完善治理结构规范运作信息披露真实准确完整,10,进一步 完善 治理 结构 规范 运作 信息 真实 准确 完整
000097,2022,宏观经济波动与行业竞争加剧可能对公司业绩产生不利影响,12,宏观 经济波动 与 行业 竞争 加剧 可能 对 公司业绩 产生 不利 影响
000097,2022,宏观经济波动与行业竞争加剧可能对公司业绩产生不利影响,12,宏观 经济波动 与 行业 竞争 加剧 可能 对 公司业绩 产生 不利 影响
000097,2022,管理层表示要短期回报扭转当前被动局面实现业绩快速回升,11,表示 要 短期 回报 扭转 当前 被动局面 实现 业绩 快速 回升
000097,2022,公司加强成本管控提升运营效率毛利率水平保持基本平稳,11,加强 成本 管控 提升 运营 效率 毛利率 水平 保持 基本 平稳
000097,2022,公司高度重视安全生产与质量管理体系运行情况良好,9,高度重视 安全 生产 与 质量 管理体系 运行 情况 良好
000097,2022,公司持续优化产品结构深化渠道建设主营业务收入实现稳健增长,11,持续 优化 产品 结构 深化 渠道 建设 收入 实现 稳健 增长
000097,2022,报告期内公司围绕年度经营计划扎实推进各项重点工作总体经营情况保持稳定,14,报告 期内 围绕 经营 计划 扎实 推进 各项 重点 工作 总体 经营 情况 保持稳定
000097,2022,公司可能面临原材料价格波动市场需求不及预期等风险,10,可能 面临 原材料 价格 波动 市场需求 不及 预期 等 风险
000097,2022,公司坚持创新驱动发展战略持续加大研发投入研发费用同比增长较快,14,坚持 创新 驱动 发展 战略 持续 加大 研发 投入 研发 费用 增长 较 快
000097,2022,公司要求各事业部权宜之计消化库存回笼资金缓解业绩压力,10,要求 各 事业部 权宜之计 消化 库存 回笼资金 缓解 业绩 压力
000097,2022,二零二四年四月,3,二零二 四年 四月
000097,2023,股份有限公司年年度报告管理层讨论与分析模拟文本公司坚持创新驱动发展战略持续加大研发投入研发费用同比增长较快,22,有限公司 年 年度报告 讨论 与 分析 模拟 文本 坚持 创新 驱动 发展 战略 持续 加大 研发 投入 研发 费用 增长 较 快
000097,2023,宏观经济波动与行业竞争加剧可能对公司业绩产生不利影响,12,宏观 经济波动 与 行业 竞争 加剧 可能 对 公司业绩 产生 不利 影响
000097,2023,公司围绕核心技术开展攻关新申请专利数量保持稳定增长,9,围绕 核心技术 开展 攻关 新 申请专利 数量 保持稳定 增长
000097,2023,公司加强成本管控提升运营效率毛利率水平保持基本平稳,11,加强 成本 管控 提升 运营 效率 毛利率 水平 保持 基本 平稳
000097,2023,公司高度重视安全生产与质量管理体系运行情况良好,9,高度重视 安全 生产 与 质量 管理体系 运行 情况 良好
000097,2023,公司加大研发人才引进力度研发人员占比稳步提升,11,加大 研发 人才 引进 力度 研发 人员 占 比 稳步 提升
000097,2023,公司今年回笼资金以应对眼前的流动性压力,8,今年 回笼资金 以 应对 眼前 的 流动性 压力
000097,2023,报告期内公司围绕年度经营计划扎实推进各项重点工作总体经营情况保持稳定,14,报告 期内 围绕 经营 计划 扎实 推进 各项 重点 工作 总体 经营 情况 保持稳定
000097,2023,公司进一步完善治理结构规范运作信息披露真实准确完整,10,进一步 完善 治理 结构 规范 运作 信息 真实 准确 完整
000097,2023,公司加强成本管控提升运营效率毛利率水平保持基本平稳,11,加强 成本 管控 提升 运营 效率 毛利率 水平 保持 基本 平稳
000097,2023,为完成全年目标公司将尽快调整产品定价策略抢占市场份额,12,为 完成 全年 目标 将 尽快 调整 产品 定价 策略 抢占市场 份额
000097,2023,宏观经济波动与行业竞争加剧可能对公司业绩产生不利影响,12,宏观 经济波动 与 行业 竞争 加剧 可能 对 公司业绩 产生 不利 影响
000097,2023,公司可能面临原材料价格波动市场需求不及预期等风险,10,可能 面临 原材料 价格 波动 市场需求 不及 预期 等 风险
000097,2023,公司积极拓展国内外市场客户结构与订单质量进一步改善,11,积极 拓展 国内外 市场 客户 结构 与 订单 质量 进一步 改善
000097,2023,报告期内公司围绕年度经营计划扎实推进各项重点工作总体经营情况保持稳定,14,报告 期内 围绕 经营 计划 扎实 推进 各项 重点 工作 总体 经营 情况 保持稳定
000097,2023,公司加强成本管控提升运营效率毛利率水平保持基本平稳,11,加强 成本 管控 提升 运营 效率 毛利率 水平 保持 基本 平稳
000097,2023,报告期内公司围绕年度经营计划扎实推进各项重点工作总体经营情况保持稳定,14,报告 期内 围绕 经营 计划 扎实 推进 各项 重点 工作 总体 经营 情况 保持稳定
000097,2023,二零二四年四月,3,二零二 四年 四月
000100,2019,股份有限公司年年度报告管理层讨论与分析模拟文本公司高度重视安全生产与质量管理体系运行情况良好,17,有限公司 年 年度报告 讨论 与 分析 模拟 文本 高度重视 安全 生产 与 质量 管理体系 运行 情况 良好
000100,2019,公司持续优化产品结构深化渠道建设主营业务收入实现稳健增长,11,持续 优化 产品 结构 深化 渠道 建设 收入 实现 稳健 增长
000100,2019,公司在新材料新工艺方向的前瞻性研发布局取得阶段性成果,12,在 新 材料 新工艺 方向 的 前瞻性 研发 布局 取得 阶段性 成果
000100,2019,公司加强成本管控提升运营效率毛利率水平保持基本平稳,11,加强 成本 管控 提升 运营 效率 毛利率 水平 保持 基本 平稳
000100,2019,公司持续优化产品结构深化渠道建设主营业务收入实现稳健增长,11,持续 优化 产品 结构 深化 渠道 建设 收入 实现 稳健 增长
000100,2019,宏观经济波动与行业竞争加剧可能对公司业绩产生不利影响,12,宏观 经济波动 与 行业 竞争 加剧 可能 对 公司业绩 产生 不利 影响
000100,2019,公司积极拓展国内外市场客户结构与订单质量进一步改善,11,积极 拓展 国内外 市场 客户 结构 与 订单 质量 进一步 改善
000100,2019,为完成全年目标公司将今年调整产品定价策略抢占市场份额,12,为 完成 全年 目标 将 今年 调整 产品 定价 策略 抢占市场 份额
000100,2019,公司进一步完善治理结构规范运作信息披露真实准确完整,10,进一步 完善 治理 结构 规范 运作 信息 真实 准确 完整
000100,2019,公司加强成本管控提升运营效率毛利率水平保持基本平稳,11,加强 成本 管控 提升 运营 效率 毛利率 水平 保持 基本 平稳
000100,2019,报告期内公司围绕年度经营计划扎实推进各项重点工作总体经营情况保持稳定,14,报告 期内 围绕 经营 计划 扎实 推进 各项 重点 工作 总体 经营 情况 保持稳定
000100,2019,公司围绕核心技术开展攻关新申请专利数量保持稳定增长,9,围绕 核心技术 开展 攻关 新 申请专利 数量 保持稳定 增长
000100,2019,管理层表示要快速见效扭转当前被动局面实现业绩快速回升,11,表示 要 快速 见效 扭转 当前 被动局面 实现 业绩 快速 回升
000100,2019,二零二四年四月,3,二零二 四年 四月
000100,2020,股份有限公司年年度报告管理层讨论与分析模拟文本公司稳步推进产能建设生产运营秩序正常,16,有限公司 年 年度报告 讨论 与 分析 模拟 文本 稳步 推进 产能 建设 生产 运营 秩序 正常
000100,2020,报告期内公司围绕年度经营计划扎实推进各项重点工作总体经营情况保持稳定,14,报告 期内 围绕 经营 计划 扎实 推进 各项 重点 工作 总体 经营 情况 保持稳定
000100,2020,公司围绕核心技术开展攻关新申请专利数量保持稳定增长,9,围绕 核心技术 开展 攻关 新 申请专利 数量 保持稳定 增长
000100,2020,公司高度重视安全生产与质量管理体系运行情况良好,9,高度重视 安全 生产 与 质量 管理体系 运行 情况 良好
000100,2020,公司稳步推进产能建设生产运营秩序正常,8,稳步 推进 产能 建设 生产 运营 秩序 正常
000100,2020,公司权宜之计布局热门赛道力求权宜之计形成新的利润增长点,11,权宜之计 布局 热门 赛道 力求 权宜之计 形成 新 的 利润 增长点
000100,2020,公司加大研发人才引进力度研发人员占比稳步提升,11,加大 研发 人才 引进 力度 研发 人员 占 比 稳步 提升
000100,2020,公司稳步推进产能建设生产运营秩序正常,8,稳步 推进 产能 建设 生产 运营 秩序 正常
000100,2020,公司积极拓展国内外市场客户结构与订单质量进一步改善,11,积极 拓展 国内外 市场 客户 结构 与 订单 质量 进一步 改善
000100,2020,公司加强成本管控提升运营效率毛利率水平保持基本平稳,11,加强 成本 管控 提升 运营 效率 毛利率 水平 保持 基本 平稳
000100,2020,汇率波动及贸易环境变化对公司海外业务构成一定不确定性,12,汇率 波动 及 贸易 环境 变化 对 海外 业务 构成 一定 不确定性
000100,2020,公司加强成本管控提升运营效率毛利率水平保持基本平稳,11,加强 成本 管控 提升 运营 效率 毛利率 水平 保持 基本 平稳
000100,2020,宏观经济波动与行业竞争加剧可能对公司业绩产生不利影响,12,宏观 经济波动 与 行业 竞争 加剧 可能 对 公司业绩 产生 不利 影响
000100,2020,报告期内公司围绕年度经营计划扎实推进各项重点工作总体经营情况保持稳定,14,报告 期内 围绕 经营 计划 扎实 推进 各项 重点 工作 总体 经营 情况 保持稳定
000100,2020,公司坚持创新驱动发展战略持续加大研发投入研发费用同比增长较快,14,坚持 创新 驱动 发展 战略 持续 加大 研发 投入 研发 费用 增长 较 快
000100,2020,公司要求各事业部短期消化库存回笼资金缓解业绩压力,10,要求 各 事业部 短期 消化 库存 回笼资金 缓解 业绩 压力
000100,2020,汇率波动及贸易环境变化对公司海外业务构成一定不确定性,12,汇率 波动 及 贸易 环境 变化 对 海外 业务 构成 一定 不确定性
000100,2020,公司要求各事业部争分夺秒消化库存回笼资金缓解业绩压力,10,要求 各 事业部 争分夺秒 消化 库存 回笼资金 缓解 业绩 压力
000100,2020,为完成全年目标公司将速胜调整产品定价策略抢占市场份额,12,为 完成 全年 目标 将 速胜 调整 产品 定价 策略 抢占市场 份额
000100,2020,二零二四年四月,3,二零二 四年 四月
000100,2021,股份有限公司年年度报告管理层讨论与分析模拟文本公司加强成本管控提升运营效率毛利率水平保持基本平稳,19,有限公司 年 年度报告 讨论 与 分析 模拟 文本 加强 成本 管控 提升 运营 效率 毛利率 水平 保持 基本 平稳
000100,2021,管理层表示要饮鸩止渴扭转当前被动局面实现业绩快速回升,10,表示 要 饮鸩止渴 扭转 当前 被动局面 实现 业绩 快速 回升
000100,2021,管理层表示要杀鸡取卵扭转当前被动局面实现业绩快速回升,10,表示 要 杀鸡取卵 扭转 当前 被动局面 实现 业绩 快速 回升
000100,2021,公司稳步推进产能建设生产运营秩序正常,8,稳步 推进 产能 建设 生产 运营 秩序 正常
000100,2021,报告期内公司围绕年度经营计划扎实推进各项重点工作总体经营情况保持稳定,14,报告 期内 围绕 经营 计划 扎实 推进 各项 重点 工作 总体 经营 情况 保持稳定
000100,2021,汇率波动及贸易环境变化对公司海外业务构成一定不确定性,12,汇率 波动 及 贸易 环境 变化 对 海外 业务 构成 一定 不确定性
000100,2021,公司高度重视安全生产与质量管理体系运行情况良好,9,高度重视 安全 生产 与 质量 管理体系 运行 情况 良好
000100,2021,公司与高校科研院所共建联合实验室推进产学研协同创新,10,与 高校 科研院所 共建 联合 实验室 推进 产学研 协同 创新
000100,2021,报告期内公司围绕年度经营计划扎实推进各项重点工作总体经营情况保持稳定,14,报告 期内 围绕 经营 计划 扎实 推进 各项 重点 工作 总体 经营 情况 保持稳定
000100,2021,公司围绕核心技术开展攻关新申请专利数量保持稳定增长,9,围绕 核心技术 开展 攻关 新 申请专利 数量 保持稳定 增长
000100,2021,公司加强成本管控提升运营效率毛利率水平保持基本平稳,11,加强 成本 管控 提升 运营 效率 毛利率 水平 保持 基本 平稳
000100,2021,公司将一步到位推进重点项目的落地实施确保年内见到成效,11,将 一步到位 推进 重点项目 的 落地 实施 确保 年内 见到 成效
000100,2021,面对复杂的外部经营环境公司管理层积极应对努力克服不利因素影响,12,面对 复杂 的 外部 经营 环境 积极 应对 努力 克服 不利因素 影响
000100,2021,公司高度重视安全生产与质量管理体系运行情况良好,9,高度重视 安全 生产 与 质量 管理体系 运行 情况 良好
000100,2021,公司坚持创新驱动发展战略持续加大研发投入研发费用同比增长较快,14,坚持 创新 驱动 发展 战略 持续 加大 研发 投入 研发 费用 增长 较 快
000100,2021,公司短期收益回笼资金以应对眼前的流动性压力,9,短期 收益 回笼资金 以 应对 眼前 的 流动性 压力
000100,2021,二零二四年四月,3,二零二 四年 四月
000100,2022,股份有限公司年年度报告管理层讨论与分析模拟文本公司要求各事业部只争朝夕消化库存回笼资金缓解业绩压力,18,有限公司 年 年度报告 讨论 与 分析 模拟 文本 要求 各 事业部 只争朝夕 消化 库存 回笼资金 缓解 业绩 压力
000100,2022,公司加大研发人才引进力度研发人员占比稳步提升,11,加大 研发 人才 引进 力度 研发 人员 占 比 稳步 提升
000100,2022,公司与高校科研院所共建联合实验室推进产学研协同创新,10,与 高校 科研院所 共建 联合 实验室 推进 产学研 协同 创新
000100,2022,公司加强成本管控提升运营效率毛利率水平保持基本平稳,11,加强 成本 管控 提升 运营 效率 毛利率 水平 保持 基本 平稳
000100,2022,公司持续优化产品结构深化渠道建设主营业务收入实现稳健增长,11,持续 优化 产品 结构 深化 渠道 建设 收入 实现 稳健 增长
000100,2022,面对复杂的外部经营环境公司管理层积极应对努力克服不利因素影响,12,面对 复杂 的 外部 经营 环境 积极 应对 努力 克服 不利因素 影响
000100,2022,公司加强成本管控提升运营效率毛利率水平保持基本平稳,11,加强 成本 管控 提升 运营 效率 毛利率 水平 保持 基本 平稳
000100,2022,公司积极拓展国内外市场客户结构与订单质量进一步改善,11,积极 拓展 国内外 市场 客户 结构 与 订单 质量 进一步 改善
000100,2022,公司将速成推进重点项目的落地实施确保年内见到成效,11,将 速成 推进 重点项目 的 落地 实施 确保 年内 见到 成效
000100,2022,公司积极拓展国内外市场客户结构与订单质量进一步改善,11,积极 拓展 国内外 市场 客户 结构 与 订单 质量 进一步 改善
000100,2022,宏观经济波动与行业竞争加剧可能对公司业绩产生不利影响,12,宏观 经济波动 与 行业 竞争 加剧 可能 对 公司业绩 产生 不利 影响
000100,2022,公司可能面临原材料价格波动市场需求不及预期等风险,10,可能 面临 原材料 价格 波动 市场需求 不及 预期 等 风险
000100,2022,公司在新材料新工艺方向的前瞻性研发布局取得阶段性成果,12,在 新 材料 新工艺 方向 的 前瞻性 研发 布局 取得 阶段性 成果
000100,2022,汇率波动及贸易环境变化对公司海外业务构成一定不确定性,12,汇率 波动 及 贸易 环境 变化 对 海外 业务 构成 一定 不确定性
000100,2022,公司持续优化产品结构深化渠道建设主营业务收入实现稳健增长,11,持续 优化 产品 结构 深化 渠道 建设 收入 实现 稳健 增长
000100,2022,公司进一步完善治理结构规范运作信息披露真实准确完整,10,进一步 完善 治理 结构 规范 运作 信息 真实 准确 完整
000100,2022,公司持续优化产品结构深化渠道建设主营业务收入实现稳健增长,11,持续 优化 产品 结构 深化 渠道 建设 收入 实现 稳健 增长
000100,2022,公司近期布局热门赛道力求近期形成新的利润增长点,11,近期 布局 热门 赛道 力求 近期 形成 新 的 利润 增长点
000100,2022,二零二四年四月,3,二零二 四年 四月
000100,2023,股份有限公司年年度报告管理层讨论与分析模拟文本汇率波动及贸易环境变化对公司海外业务构成一定不确定性,20,有限公司 年 年度报告 讨论 与 分析 模拟 文本 汇率 波动 及 贸易 环境 变化 对 海外 业务 构成 一定 不确定性
000100,2023,宏观经济波动与行业竞争加剧可能对公司业绩产生不利影响,12,宏观 经济波动 与 行业 竞争 加剧 可能 对 公司业绩 产生 不利 影响
000100,2023,为完成全年目标公司将年内调整产品定价策略抢占市场份额,12,为 完成 全年 目标 将 年内 调整 产品 定价 策略 抢占市场 份额
000100,2023,管理层认为当前窗口稍纵即逝必须立竿见影扩大产能投放,9,认为 当前 窗口 稍纵即逝 必须 立竿见影 扩大 产能 投放
000100,2023,公司积极拓展国内外市场客户结构与订单质量进一步改善,11,积极 拓展 国内外 市场 客户 结构 与 订单 质量 进一步 改善
000100,2023,公司持续优化产品结构深化渠道建设主营业务收入实现稳健增长,11,持续 优化 产品 结构 深化 渠道 建设 收入 实现 稳健 增长
000100,2023,面对复杂的外部经营环境公司管理层积极应对努力克服不利因素影响,12,面对 复杂 的 外部 经营 环境 积极 应对 努力 克服 不利因素 影响
000100,2023,公司可能面临原材料价格波动市场需求不及预期等风险,10,可能 面临 原材料 价格 波动 市场需求 不及 预期 等 风险
000100,2023,公司持续优化产品结构深化渠道建设主营业务收入实现稳健增长,11,持续 优化 产品 结构 深化 渠道 建设 收入 实现 稳健 增长
000100,2023,公司持续优化产品结构深化渠道建设主营业务收入实现稳健增长,11,持续 优化 产品 结构 深化 渠道 建设 收入 实现 稳健 增长
000100,2023,公司要求各事业部马上消化库存回笼资金缓解业绩压力,10,要求 各 事业部 马上 消化 库存 回笼资金 缓解 业绩 压力
000100,2023,报告期内公司围绕年度经营计划扎实推进各项重点工作总体经营情况保持稳定,14,报告 期内 围绕 经营 计划 扎实 推进 各项 重点 工作 总体 经营 情况 保持稳定
000100,2023,公司稳步推进产能建设生产运营秩序正常,8,稳步 推进 产能 建设 生产 运营 秩序 正常
000100,2023,公司加强成本管控提升运营效率毛利率水平保持基本平稳,11,加强 成本 管控 提升 运营 效率 毛利率 水平 保持 基本 平稳
000100,2023,管理层表示要眼下扭转当前被动局面实现业绩快速回升,10,表示 要 眼下 扭转 当前 被动局面 实现 业绩 快速 回升
000100,2023,公司进一步完善治理结构规范运作信息披露真实准确完整,10,进一步 完善 治理 结构 规范 运作 信息 真实 准确 完整
000100,2023,公司围绕核心技术开展攻关新申请专利数量保持稳定增长,9,围绕 核心技术 开展 攻关 新 申请专利 数量 保持稳定 增长
000100,2023,公司在新材料新工艺方向的前瞻性研发布局取得阶段性成果,12,在 新 材料 新工艺 方向 的 前瞻性 研发 布局 取得 阶段性 成果
000100,2023,公司围绕核心技术开展攻关新申请专利数量保持稳定增长,9,围绕 核心技术 开展 攻关 新 申请专利 数量 保持稳定 增长
000100,2023,公司加大研发人才引进力度研发人员占比稳步提升,11,加大 研发 人才 引进 力度 研发 人员 占 比 稳步 提升
000100,2023,二零二四年四月,3,二零二 四年 四月
000103,2019,股份有限公司年年度报告管理层讨论与分析模拟文本公司与高校科研院所共建联合实验室推进产学研协同创新,18,有限公司 年 年度报告 讨论 与 分析 模拟 文本 与 高校 科研院所 共建 联合 实验室 推进 产学研 协同 创新
000103,2019,公司围绕核心技术开展攻关新申请专利数量保持稳定增长,9,围绕 核心技术 开展 攻关 新 申请专利 数量 保持稳定 增长
000103,2019,报告期内公司围绕年度经营计划扎实推进各项重点工作总体经营情况保持稳定,14,报告 期内 围绕 经营 计划 扎实 推进 各项 重点 工作 总体 经营 情况 保持稳定
000103,2019,公司抓紧布局热门赛道力求抓紧形成新的利润增长点,11,抓紧 布局 热门 赛道 力求 抓紧 形成 新 的 利润 增长点
000103,2019,公司可能面临原材料价格波动市场需求不及预期等风险,10,可能 面临 原材料 价格 波动 市场需求 不及 预期 等 风险
000103,2019,公司进一步完善治理结构规范运作信息披露真实准确完整,10,进一步 完善 治理 结构 规范 运作 信息 真实 准确 完整
000103,2019,公司积极拓展国内外市场客户结构与订单质量进一步改善,11,积极 拓展 国内外 市场 客户 结构 与 订单 质量 进一步 改善
000103,2019,公司加强成本管控提升运营效率毛利率水平保持基本平稳,11,加强 成本 管控 提升 运营 效率 毛利率 水平 保持 基本 平稳
000103,2019,公司积极拓展国内外市场客户结构与订单质量进一步改善,11,积极 拓展 国内外 市场 客户 结构 与 订单 质量 进一步 改善
000103,2019,公司可能面临原材料价格波动市场需求不及预期等风险,10,可能 面临 原材料 价格 波动 市场需求 不及 预期 等 风险
000103,2019,公司在新材料新工艺方向的前瞻性研发布局取得阶段性成果,12,在 新 材料 新工艺 方向 的 前瞻性 研发 布局 取得 阶段性 成果
000103,2019,公司进一步完善治理结构规范运作信息披露真实准确完整,10,进一步 完善 治理 结构 规范 运作 信息 真实 准确 完整
000103,2019,公司加强成本管控提升运营效率毛利率水平保持基本平稳,11,加强 成本 管控 提升 运营 效率 毛利率 水平 保持 基本 平稳
000103,2019,二零二四年四月,3,二零二 四年 四月
000103,2020,股份有限公司年年度报告管理层讨论与分析模拟文本公司持续优化产品结构深化渠道建设主营业务收入实现稳健增长,19,有限公司 年 年度报告 讨论 与 分析 模拟 文本 持续 优化 产品 结构 深化 渠道 建设 收入 实现 稳健 增长
000103,2020,宏观经济波动与行业竞争加剧可能对公司业绩产生不利影响,12,宏观 经济波动 与 行业 竞争 加剧 可能 对 公司业绩 产生 不利 影响
000103,2020,公司短期回报布局热门赛道力求短期回报形成新的利润增长点,13,短期 回报 布局 热门 赛道 力求 短期 回报 形成 新 的 利润 增长点
000103,2020,公司围绕核心技术开展攻关新申请专利数量保持稳定增长,9,围绕 核心技术 开展 攻关 新 申请专利 数量 保持稳定 增长
000103,2020,公司眼前布局热门赛道力求眼前形成新的利润增长点,11,眼前 布局 热门 赛道 力求 眼前 形成 新 的 利润 增长点
000103,2020,公司积极拓展国内外市场客户结构与订单质量进一步改善,11,积极 拓展 国内外 市场 客户 结构 与 订单 质量 进一步 改善
000103,2020,管理层表示要速成扭转当前被动局面实现业绩快速回升,10,表示 要 速成 扭转 当前 被动局面 实现 业绩 快速 回升
000103,2020,公司积极拓展国内外市场客户结构与订单质量进一步改善,11,积极 拓展 国内外 市场 客户 结构 与 订单 质量 进一步 改善
000103,2020,汇率波动及贸易环境变化对公司海外业务构成一定不确定性,12,汇率 波动 及 贸易 环境 变化 对 海外 业务 构成 一定 不确定性
000103,2020,公司稳步推进产能建设生产运营秩序正常,8,稳步 推进 产能 建设 生产 运营 秩序 正常
000103,2020,公司可能面临原材料价格波动市场需求不及预期等风险,10,可能 面临 原材料 价格 波动 市场需求 不及 预期 等 风险
000103,2020,公司围绕核心技术开展攻关新申请专利数量保持稳定增长,9,围绕 核心技术 开展 攻关 新 申请专利 数量 保持稳定 增长
000103,2020,公司持续优化产品结构深化渠道建设主营业务收入实现稳健增长,11,持续 优化 产品 结构 深化 渠道 建设 收入 实现 稳健 增长
000103,2020,公司积极拓展国内外市场客户结构与订单质量进一步改善,11,积极 拓展 国内外 市场 客户 结构 与 订单 质量 进一步 改善
000103,2020,报告期内公司围绕年度经营计划扎实推进各项重点工作总体经营情况保持稳定,14,报告 期内 围绕 经营 计划 扎实 推进 各项 重点 工作 总体 经营 情况 保持稳定
000103,2020,二零二四年四月,3,二零二 四年 四月
000103,2021,股份有限公司年年度报告管理层讨论与分析模拟文本公司在新材料新工艺方向的前瞻性研发布局取得阶段性成果,20,有限公司 年 年度报告 讨论 与 分析 模拟 文本 在 新 材料 新工艺 方向 的 前瞻性 研发 布局 取得 阶段性 成果
000103,2021,公司持续优化产品结构深化渠道建设主营业务收入实现稳健增长,11,持续 优化 产品 结构 深化 渠道 建设 收入 实现 稳健 增长
000103,2021,报告期内公司围绕年度经营计划扎实推进各项重点工作总体经营情况保持稳定,14,报告 期内 围绕 经营 计划 扎实 推进 各项 重点 工作 总体 经营 情况 保持稳定
000103,2021,公司围绕核心技术开展攻关新申请专利数量保持稳定增长,9,围绕 核心技术 开展 攻关 新 申请专利 数量 保持稳定 增长
000103,2021,公司投机回笼资金以应对眼前的流动性压力,8,投机 回笼资金 以 应对 眼前 的 流动性 压力
000103,2021,公司高度重视安全生产与质量管理体系运行情况良好,9,高度重视 安全 生产 与 质量 管理体系 运行 情况 良好
000103,2021,公司进一步完善治理结构规范运作信息披露真实准确完整,10,进一步 完善 治理 结构 规范 运作 信息 真实 准确 完整
000103,2021,公司稳步推进产能建设生产运营秩序正常,8,稳步 推进 产能 建设 生产 运营 秩序 正常
000103,2021,宏观经济波动与行业竞争加剧可能对公司业绩产生不利影响,12,宏观 经济波动 与 行业 竞争 加剧 可能 对 公司业绩 产生 不利 影响
000103,2021,汇率波动及贸易环境变化对公司海外业务构成一定不确定性,12,汇率 波动 及 贸易 环境 变化 对 海外 业务 构成 一定 不确定性
000103,2021,公司稳步推进产能建设生产运营秩序正常,8,稳步 推进 产能 建设 生产 运营 秩序 正常
000103,2021,公司将采取权宜之计压缩各项开支以确保早日兑现业绩承诺,12,将 采取 权宜之计 压缩 各项 开支 以 确保 早日 兑现 业绩 承诺
000103,2021,二零二四年四月,3,二零二 四年 四月
000103,2022,股份有限公司年年度报告管理层讨论与分析模拟文本公司要求各事业部速胜消化库存回笼资金缓解业绩压力,18,有限公司 年 年度报告 讨论 与 分析 模拟 文本 要求 各 事业部 速胜 消化 库存 回笼资金 缓解 业绩 压力
000103,2022,面对复杂的外部经营环境公司管理层积极应对努力克服不利因素影响,12,面对 复杂 的 外部 经营 环境 积极 应对 努力 克服 不利因素 影响
000103,2022,公司加强成本管控提升运营效率毛利率水平保持基本平稳,11,加强 成本 管控 提升 运营 效率 毛利率 水平 保持 基本 平稳
000103,2022,公司稳步推进产能建设生产运营秩序正常,8,稳步 推进 产能 建设 生产 运营 秩序 正常
000103,2022,管理层表示要争分夺秒扭转当前被动局面实现业绩快速回升,10,表示 要 争分夺秒 扭转 当前 被动局面 实现 业绩 快速 回升
000103,2022,公司高度重视安全生产与质量管理体系运行情况良好,9,高度重视 安全 生产 与 质量 管理体系 运行 情况 良好
000103,2022,公司持续优化产品结构深化渠道建设主营业务收入实现稳健增长,11,持续 优化 产品 结构 深化 渠道 建设 收入 实现 稳健 增长
000103,2022,公司在新材料新工艺方向的前瞻性研发布局取得阶段性成果,12,在 新 材料 新工艺 方向 的 前瞻性 研发 布局 取得 阶段性 成果
000103,2022,公司加强成本管控提升运营效率毛利率水平保持基本平稳,11,加强 成本 管控 提升 运营 效率 毛利率 水平 保持 基本 平稳
000103,2022,公司稳步推进产能建设生产运营秩序正常,8,稳步 推进 产能 建设 生产 运营 秩序 正常
000103,2022,管理层表示要一步到位扭转当前被动局面实现业绩快速回升,10,表示 要 一步到位 扭转 当前 被动局面 实现 业绩 快速 回升
000103,2022,公司与高校科研院所共建联合实验室推进产学研协同创新,10,与 高校 科研院所 共建 联合 实验室 推进 产学研 协同 创新
000103,2022,公司在新材料新工艺方向的前瞻性研发布局取得阶段性成果,12,在 新 材料 新工艺 方向 的 前瞻性 研发 布局 取得 阶段性 成果
000103,2022,汇率波动及贸易环境变化对公司海外业务构成一定不确定性,12,汇率 波动 及 贸易 环境 变化 对 海外 业务 构成 一定 不确定性
000103,2022,公司加强成本管控提升运营效率毛利率水平保持基本平稳,11,加强 成本 管控 提升 运营 效率 毛利率 水平 保持 基本 平稳
000103,2022,二零二四年四月,3,二零二 四年 四月
000103,2023,股份有限公司年年度报告管理层讨论与分析模拟文本为完成全年目标公司将今年调整产品定价策略抢占市场份额,20,有限公司 年 年度报告 讨论 与 分析 模拟 文本 为 完成 全年 目标 将 今年 调整 产品 定价 策略 抢占市场 份额
000103,2023,面对复杂的外部经营环境公司管理层积极应对努力克服不利因素影响,12,面对 复杂 的 外部 经营 环境 积极 应对 努力 克服 不利因素 影响
000103,2023,报告期内公司围绕年度经营计划扎实推进各项重点工作总体经营情况保持稳定,14,报告 期内 围绕 经营 计划 扎实 推进 各项 重点 工作 总体 经营 情况 保持稳定
000103,2023,公司持续优化产品结构深化渠道建设主营业务收入实现稳健增长,11,持续 优化 产品 结构 深化 渠道 建设 收入 实现 稳健 增长
000103,2023,面对复杂的外部经营环境公司管理层积极应对努力克服不利因素影响,12,面对 复杂 的 外部 经营 环境 积极 应对 努力 克服 不利因素 影响
000103,2023,公司早日布局热门赛道力求早日形成新的利润增长点,11,早日 布局 热门 赛道 力求 早日 形成 新 的 利润 增长点
000103,2023,公司与高校科研院所共建联合实验室推进产学研协同创新,10,与 高校 科研院所 共建 联合 实验室 推进 产学研 协同 创新
000103,2023,公司稳步推进产能建设生产运营秩序正常,8,稳步 推进 产能 建设 生产 运营 秩序 正常
000103,2023,公司可能面临原材料价格波动市场需求不及预期等风险,10,可能 面临 原材料 价格 波动 市场需求 不及 预期 等 风险
000103,2023,报告期内公司围绕年度经营计划扎实推进各项重点工作总体经营情况保持稳定,14,报告 期内 围绕 经营 计划 扎实 推进 各项 重点 工作 总体 经营 情况 保持稳定
000103,2023,面对复杂的外部经营环境公司管理层积极应对努力克服不利因素影响,12,面对 复杂 的 外部 经营 环境 积极 应对 努力 克服 不利因素 影响
000103,2023,公司与高校科研院所共建联合实验室推进产学研协同创新,10,与 高校 科研院所 共建 联合 实验室 推进 产学研 协同 创新
000103,2023,公司加强成本管控提升运营效率毛利率水平保持基本平稳,11,加强 成本 管控 提升 运营 效率 毛利率 水平 保持 基本 平稳
000103,2023,公司今年回笼资金以应对眼前的流动性压力,8,今年 回笼资金 以 应对 眼前 的 流动性 压力
000103,2023,宏观经济波动与行业竞争加剧可能对公司业绩产生不利影响,12,宏观 经济波动 与 行业 竞争 加剧 可能 对 公司业绩 产生 不利 影响
000103,2023,公司与高校科研院所共建联合实验室推进产学研协同创新,10,与 高校 科研院所 共建 联合 实验室 推进 产学研 协同 创新
000103,2023,二零二四年四月,3,二零二 四年 四月
000106,2019,股份有限公司年年度报告管理层讨论与分析模拟文本公司加强成本管控提升运营效率毛利率水平保持基本平稳,19,有限公司 年 年度报告 讨论 与 分析 模拟 文本 加强 成本 管控 提升 运营 效率 毛利率 水平 保持 基本 平稳
000106,2019,公司持续优化产品结构深化渠道建设主营业务收入实现稳健增长,11,持续 优化 产品 结构 深化 渠道 建设 收入 实现 稳健 增长
000106,2019,汇率波动及贸易环境变化对公司海外业务构成一定不确定性,12,汇率 波动 及 贸易 环境 变化 对 海外 业务 构成 一定 不确定性
000106,2019,管理层表示要今年扭转当前被动局面实现业绩快速回升,10,表示 要 今年 扭转 当前 被动局面 实现 业绩 快速 回升
000106,2019,公司积极拓展国内外市场客户结构与订单质量进一步改善,11,积极 拓展 国内外 市场 客户 结构 与 订单 质量 进一步 改善
000106,2019,公司坚持创新驱动发展战略持续加大研发投入研发费用同比增长较快,14,坚持 创新 驱动 发展 战略 持续 加大 研发 投入 研发 费用 增长 较 快
000106,2019,公司加大研发人才引进力度研发人员占比稳步提升,11,加大 研发 人才 引进 力度 研发 人员 占 比 稳步 提升
000106,2019,公司围绕核心技术开展攻关新申请专利数量保持稳定增长,9,围绕 核心技术 开展 攻关 新 申请专利 数量 保持稳定 增长
000106,2019,公司持续优化产品结构深化渠道建设主营业务收入实现稳健增长,11,持续 优化 产品 结构 深化 渠道 建设 收入 实现 稳健 增长
000106,2019,汇率波动及贸易环境变化对公司海外业务构成一定不确定性,12,汇率 波动 及 贸易 环境 变化 对 海外 业务 构成 一定 不确定性
000106,2019,公司将采取权宜之计压缩各项开支以确保抓紧兑现业绩承诺,12,将 采取 权宜之计 压缩 各项 开支 以 确保 抓紧 兑现 业绩 承诺
000106,2019,汇率波动及贸易环境变化对公司海外业务构成一定不确定性,12,汇率 波动 及 贸易 环境 变化 对 海外 业务 构成 一定 不确定性
000106,2019,公司迫在眉睫回笼资金以应对眼前的流动性压力,8,迫在眉睫 回笼资金 以 应对 眼前 的 流动性 压力
000106,2019,公司积极拓展国内外市场客户结构与订单质量进一步改善,11,积极 拓展 国内外 市场 客户 结构 与 订单 质量 进一步 改善
000106,2019,公司积极拓展国内外市场客户结构与订单质量进一步改善,11,积极 拓展 国内外 市场 客户 结构 与 订单 质量 进一步 改善
000106,2019,公司高度重视安全生产与质量管理体系运行情况良好,9,高度重视 安全 生产 与 质量 管理体系 运行 情况 良好
000106,2019,公司积极拓展国内外市场客户结构与订单质量进一步改善,11,积极 拓展 国内外 市场 客户 结构 与 订单 质量 进一步 改善
000106,2019,二零二四年四月,3,二零二 四年 四月
000106,2020,股份有限公司年年度报告管理层讨论与分析模拟文本面对复杂的外部经营环境公司管理层积极应对努力克服不利因素影响,20,有限公司 年 年度报告 讨论 与 分析 模拟 文本 面对 复杂 的 外部 经营 环境 积极 应对 努力 克服 不利因素 影响
000106,2020,公司积极拓展国内外市场客户结构与订单质量进一步改善,11,积极 拓展 国内外 市场 客户 结构 与 订单 质量 进一步 改善
000106,2020,公司积极拓展国内外市场客户结构与订单质量进一步改善,11,积极 拓展 国内外 市场 客户 结构 与 订单 质量 进一步 改善
000106,2020,公司分秒必争回笼资金以应对眼前的流动性压力,8,分秒必争 回笼资金 以 应对 眼前 的 流动性 压力
000106,2020,公司积极拓展国内外市场客户结构与订单质量进一步改善,11,积极 拓展 国内外 市场 客户 结构 与 订单 质量 进一步 改善
000106,2020,公司积极拓展国内外市场客户结构与订单质量进一步改善,11,积极 拓展 国内外 市场 客户 结构 与 订单 质量 进一步 改善
000106,2020,管理层认为当前窗口稍纵即逝必须迫在眉睫扩大产能投放,9,认为 当前 窗口 稍纵即逝 必须 迫在眉睫 扩大 产能 投放
000106,2020,公司可能面临原材料价格波动市场需求不及预期等风险,10,可能 面临 原材料 价格 波动 市场需求 不及 预期 等 风险
000106,2020,公司坚持创新驱动发展战略持续加大研发投入研发费用同比增长较快,14,坚持 创新 驱动 发展 战略 持续 加大 研发 投入 研发 费用 增长 较 快
000106,2020,宏观经济波动与行业竞争加剧可能对公司业绩产生不利影响,12,宏观 经济波动 与 行业 竞争 加剧 可能 对 公司业绩 产生 不利 影响
000106,2020,公司围绕核心技术开展攻关新申请专利数量保持稳定增长,9,围绕 核心技术 开展 攻关 新 申请专利 数量 保持稳定 增长
000106,2020,公司进一步完善治理结构规范运作信息披露真实准确完整,10,进一步 完善 治理 结构 规范 运作 信息 真实 准确 完整
000106,2020,公司积极拓展国内外市场客户结构与订单质量进一步改善,11,积极 拓展 国内外 市场 客户 结构 与 订单 质量 进一步 改善
000106,2020,公司坚持创新驱动发展战略持续加大研发投入研发费用同比增长较快,14,坚持 创新 驱动 发展 战略 持续 加大 研发 投入 研发 费用 增长 较 快
000106,2020,公司在新材料新工艺方向的前瞻性研发布局取得阶段性成果,12,在 新 材料 新工艺 方向 的 前瞻性 研发 布局 取得 阶段性 成果
000106,2020,报告期内公司围绕年度经营计划扎实推进各项重点工作总体经营情况保持稳定,14,报告 期内 围绕 经营 计划 扎实 推进 各项 重点 工作 总体 经营 情况 保持稳定
000106,2020,公司要求各事业部现今消化库存回笼资金缓解业绩压力,10,要求 各 事业部 现今 消化 库存 回笼资金 缓解 业绩 压力
000106,2020,二零二四年四月,3,二零二 四年 四月
000106,2021,股份有限公司年年度报告管理层讨论与分析模拟文本公司围绕核心技术开展攻关新申请专利数量保持稳定增长,17,有限公司 年 年度报告 讨论 与 分析 模拟 文本 围绕 核心技术 开展 攻关 新 申请专利 数量 保持稳定 增长
000106,2021,汇率波动及贸易环境变化对公司海外业务构成一定不确定性,12,汇率 波动 及 贸易 环境 变化 对 海外 业务 构成 一定 不确定性
000106,2021,公司加大研发人才引进力度研发人员占比稳步提升,11,加大 研发 人才 引进 力度 研发 人员 占 比 稳步 提升
000106,2021,公司围绕核心技术开展攻关新申请专利数量保持稳定增长,9,围绕 核心技术 开展 攻关 新 申请专利 数量 保持稳定 增长
000106,2021,为完成全年目标公司将年内调整产品定价策略抢占市场份额,12,为 完成 全年 目标 将 年内 调整 产品 定价 策略 抢占市场 份额
000106,2021,公司在新材料新工艺方向的前瞻性研发布局取得阶段性成果,12,在 新 材料 新工艺 方向 的 前瞻性 研发 布局 取得 阶段性 成果
000106,2021,公司持续优化产品结构深化渠道建设主营业务收入实现稳健增长,11,持续 优化 产品 结构 深化 渠道 建设 收入 实现 稳健 增长
000106,2021,公司进一步完善治理结构规范运作信息披露真实准确完整,10,进一步 完善 治理 结构 规范 运作 信息 真实 准确 完整
000106,2021,公司要求各事业部分秒必争消化库存回笼资金缓解业绩压力,10,要求 各 事业部 分秒必争 消化 库存 回笼资金 缓解 业绩 压力
000106,2021,公司进一步完善治理结构规范运作信息披露真实准确完整,10,进一步 完善 治理 结构 规范 运作 信息 真实 准确 完整
000106,2021,公司持续优化产品结构深化渠道建设主营业务收入实现稳健增长,11,持续 优化 产品 结构 深化 渠道 建设 收入 实现 稳健 增长
000106,2021,公司进一步完善治理结构规范运作信息披露真实准确完整,10,进一步 完善 治理 结构 规范 运作 信息 真实 准确 完整
000106,2021,公司尽快布局热门赛道力求尽快形成新的利润增长点,11,尽快 布局 热门 赛道 力求 尽快 形成 新 的 利润 增长点
000106,2021,公司高度重视安全生产与质量管理体系运行情况良好,9,高度重视 安全 生产 与 质量 管理体系 运行 情况 良好
000106,2021,面对复杂的外部经营环境公司管理层积极应对努力克服不利因素影响,12,面对 复杂 的 外部 经营 环境 积极 应对 努力 克服 不利因素 影响
000106,2021,二零二四年四月,3,二零二 四年 四月
000106,2022,股份有限公司年年度报告管理层讨论与分析模拟文本公司可能面临原材料价格波动市场需求不及预期等风险,18,有限公司 年 年度报告 讨论 与 分析 模拟 文本 可能 面临 原材料 价格 波动 市场需求 不及 预期 等 风险
000106,2022,公司积极拓展国内外市场客户结构与订单质量进一步改善,11,积极 拓展 国内外 市场 客户 结构 与 订单 质量 进一步 改善
000106,2022,公司围绕核心技术开展攻关新申请专利数量保持稳定增长,9,围绕 核心技术 开展 攻关 新 申请专利 数量 保持稳定 增长
000106,2022,公司稳步推进产能建设生产运营秩序正常,8,稳步 推进 产能 建设 生产 运营 秩序 正常
000106,2022,公司争分夺秒回笼资金以应对眼前的流动性压力,8,争分夺秒 回笼资金 以 应对 眼前 的 流动性 压力
000106,2022,为完成全年目标公司将短期收益调整产品定价策略抢占市场份额,13,为 完成 全年 目标 将 短期 收益 调整 产品 定价 策略 抢占市场 份额
000106,2022,公司加强成本管控提升运营效率毛利率水平保持基本平稳,11,加强 成本 管控 提升 运营 效率 毛利率 水平 保持 基本 平稳
000106,2022,汇率波动及贸易环境变化对公司海外业务构成一定不确定性,12,汇率 波动 及 贸易 环境 变化 对 海外 业务 构成 一定 不确定性
000106,2022,公司加大研发人才引进力度研发人员占比稳步提升,11,加大 研发 人才 引进 力度 研发 人员 占 比 稳步 提升
000106,2022,宏观经济波动与行业竞争加剧可能对公司业绩产生不利影响,12,宏观 经济波动 与 行业 竞争 加剧 可能 对 公司业绩 产生 不利 影响
000106,2022,面对复杂的外部经营环境公司管理层积极应对努力克服不利因素影响,12,面对 复杂 的 外部 经营 环境 积极 应对 努力 克服 不利因素 影响
000106,2022,报告期内公司围绕年度经营计划扎实推进各项重点工作总体经营情况保持稳定,14,报告 期内 围绕 经营 计划 扎实 推进 各项 重点 工作 总体 经营 情况 保持稳定
000106,2022,公司在新材料新工艺方向的前瞻性研发布局取得阶段性成果,12,在 新 材料 新工艺 方向 的 前瞻性 研发 布局 取得 阶段性 成果
000106,2022,公司将采取权宜之计压缩各项开支以确保速胜兑现业绩承诺,12,将 采取 权宜之计 压缩 各项 开支 以 确保 速胜 兑现 业绩 承诺
000106,2022,公司持续优化产品结构深化渠道建设主营业务收入实现稳健增长,11,持续 优化 产品 结构 深化 渠道 建设 收入 实现 稳健 增长
000106,2022,公司稳步推进产能建设生产运营秩序正常,8,稳步 推进 产能 建设 生产 运营 秩序 正常
000106,2022,公司持续优化产品结构深化渠道建设主营业务收入实现稳健增长,11,持续 优化 产品 结构 深化 渠道 建设 收入 实现 稳健 增长
000106,2022,公司持续优化产品结构深化渠道建设主营业务收入实现稳健增长,11,持续 优化 产品 结构 深化 渠道 建设 收入 实现 稳健 增长
000106,2022,公司将尽快推进重点项目的落地实施确保年内见到成效,11,将 尽快 推进 重点项目 的 落地 实施 确保 年内 见到 成效
000106,2022,二零二四年四月,3,二零二 四年 四月
000106,2023,股份有限公司年年度报告管理层讨论与分析模拟文本公司高度重视安全生产与质量管理体系运行情况良好,17,有限公司 年 年度报告 讨论 与 分析 模拟 文本 高度重视 安全 生产 与 质量 管理体系 运行 情况 良好
000106,2023,公司加强成本管控提升运营效率毛利率水平保持基本平稳,11,加强 成本 管控 提升 运营 效率 毛利率 水平 保持 基本 平稳
000106,2023,公司加大研发人才引进力度研发人员占比稳步提升,11,加大 研发 人才 引进 力度 研发 人员 占 比 稳步 提升
000106,2023,公司立刻布局热门赛道力求立刻形成新的利润增长点,11,立刻 布局 热门 赛道 力求 立刻 形成 新 的 利润 增长点
000106,2023,公司积极拓展国内外市场客户结构与订单质量进一步改善,11,积极 拓展 国内外 市场 客户 结构 与 订单 质量 进一步 改善
000106,2023,公司积极拓展国内外市场客户结构与订单质量进一步改善,11,积极 拓展 国内外 市场 客户 结构 与 订单 质量 进一步 改善
000106,2023,公司加大研发人才引进力度研发人员占比稳步提升,11,加大 研发 人才 引进 力度 研发 人员 占 比 稳步 提升
000106,2023,公司在新材料新工艺方向的前瞻性研发布局取得阶段性成果,12,在 新 材料 新工艺 方向 的 前瞻性 研发 布局 取得 阶段性 成果
000106,2023,公司积极拓展国内外市场客户结构与订单质量进一步改善,11,积极 拓展 国内外 市场 客户 结构 与 订单 质量 进一步 改善
000106,2023,公司将短期推进重点项目的落地实施确保年内见到成效,11,将 短期 推进 重点项目 的 落地 实施 确保 年内 见到 成效
000106,2023,公司急功近利布局热门赛道力求急功近利形成新的利润增长点,11,急功近利 布局 热门 赛道 力求 急功近利 形成 新 的 利润 增长点
000106,2023,公司积极拓展国内外市场客户结构与订单质量进一步改善,11,积极 拓展 国内外 市场 客户 结构 与 订单 质量 进一步 改善
000106,2023,宏观经济波动与行业竞争加剧可能对公司业绩产生不利影响,12,宏观 经济波动 与 行业 竞争 加剧 可能 对 公司业绩 产生 不利 影响
000106,2023,公司可能面临原材料价格波动市场需求不及预期等风险,10,可能 面临 原材料 价格 波动 市场需求 不及 预期 等 风险
000106,2023,公司可能面临原材料价格波动市场需求不及预期等风险,10,可能 面临 原材料 价格 波动 市场需求 不及 预期 等 风险
000106,2023,二零二四年四月,3,二零二 四年 四月
000109,2019,股份有限公司年年度报告管理层讨论与分析模拟文本管理层表示要应急扭转当前被动局面实现业绩快速回升,18,有限公司 年 年度报告 讨论 与 分析 模拟 文本 表示 要 应急 扭转 当前 被动局面 实现 业绩 快速 回升
000109,2019,公司高度重视安全生产与质量管理体系运行情况良好,9,高度重视 安全 生产 与 质量 管理体系 运行 情况 良好
000109,2019,公司积极拓展国内外市场客户结构与订单质量进一步改善,11,积极 拓展 国内外 市场 客户 结构 与 订单 质量 进一步 改善
000109,2019,公司加强成本管控提升运营效率毛利率水平保持基本平稳,11,加强 成本 管控 提升 运营 效率 毛利率 水平 保持 基本 平稳
000109,2019,公司高度重视安全生产与质量管理体系运行情况良好,9,高度重视 安全 生产 与 质量 管理体系 运行 情况 良好
000109,2019,公司坚持创新驱动发展战略持续加大研发投入研发费用同比增长较快,14,坚持 创新 驱动 发展 战略 持续 加大 研发 投入 研发 费用 增长 较 快
000109,2019,公司稳步推进产能建设生产运营秩序正常,8,稳步 推进 产能 建设 生产 运营 秩序 正常
000109,2019,公司持续优化产品结构深化渠道建设主营业务收入实现稳健增长,11,持续 优化 产品 结构 深化 渠道 建设 收入 实现 稳健 增长
000109,2019,公司在新材料新工艺方向的前瞻性研发布局取得阶段性成果,12,在 新 材料 新工艺 方向 的 前瞻性 研发 布局 取得 阶段性 成果
000109,2019,公司可能面临原材料价格波动市场需求不及预期等风险,10,可能 面临 原材料 价格 波动 市场需求 不及 预期 等 风险
000109,2019,管理层认为当前窗口稍纵即逝必须一步到位扩大产能投放,9,认为 当前 窗口 稍纵即逝 必须 一步到位 扩大 产能 投放
000109,2019,公司将短期推进重点项目的落地实施确保年内见到成效,11,将 短期 推进 重点项目 的 落地 实施 确保 年内 见到 成效
000109,2019,公司持续优化产品结构深化渠道建设主营业务收入实现稳健增长,11,持续 优化 产品 结构 深化 渠道 建设 收入 实现 稳健 增长
000109,2019,汇率波动及贸易环境变化对公司海外业务构成一定不确定性,12,汇率 波动 及 贸易 环境 变化 对 海外 业务 构成 一定 不确定性
000109,2019,公司可能面临原材料价格波动市场需求不及预期等风险,10,可能 面临 原材料 价格 波动 市场需求 不及 预期 等 风险
000109,2019,公司与高校科研院所共建联合实验室推进产学研协同创新,10,与 高校 科研院所 共建 联合 实验室 推进 产学研 协同 创新
000109,2019,二零二四年四月,3,二零二 四年 四月
000109,2020,股份有限公司年年度报告管理层讨论与分析模拟文本报告期内公司围绕年度经营计划扎实推进各项重点工作总体经营情况保持稳定,22,有限公司 年 年度报告 讨论 与 分析 模拟 文本 报告 期内 围绕 经营 计划 扎实 推进 各项 重点 工作 总体 经营 情况 保持稳定
000109,2020,公司可能面临原材料价格波动市场需求不及预期等风险,10,可能 面临 原材料 价格 波动 市场需求 不及 预期 等 风险
000109,2020,公司稳步推进产能建设生产运营秩序正常,8,稳步 推进 产能 建设 生产 运营 秩序 正常
000109,2020,公司进一步完善治理结构规范运作信息披露真实准确完整,10,进一步 完善 治理 结构 规范 运作 信息 真实 准确 完整
000109,2020,公司积极拓展国内外市场客户结构与订单质量进一步改善,11,积极 拓展 国内外 市场 客户 结构 与 订单 质量 进一步 改善
000109,2020,公司加强成本管控提升运营效率毛利率水平保持基本平稳,11,加强 成本 管控 提升 运营 效率 毛利率 水平 保持 基本 平稳
000109,2020,面对复杂的外部经营环境公司管理层积极应对努力克服不利因素影响,12,面对 复杂 的 外部 经营 环境 积极 应对 努力 克服 不利因素 影响
000109,2020,公司将采取权宜之计压缩各项开支以确保眼前兑现业绩承诺,12,将 采取 权宜之计 压缩 各项 开支 以 确保 眼前 兑现 业绩 承诺
000109,2020,公司持续优化产品结构深化渠道建设主营业务收入实现稳健增长,11,持续 优化 产品 结构 深化 渠道 建设 收入 实现 稳健 增长
000109,2020,公司积极拓展国内外市场客户结构与订单质量进一步改善,11,积极 拓展 国内外 市场 客户 结构 与 订单 质量 进一步 改善
000109,2020,报告期内公司围绕年度经营计划扎实推进各项重点工作总体经营情况保持稳定,14,报告 期内 围绕 经营 计划 扎实 推进 各项 重点 工作 总体 经营 情况 保持稳定
000109,2020,公司急需布局热门赛道力求急需形成新的利润增长点,11,急需 布局 热门 赛道 力求 急需 形成 新 的 利润 增长点
000109,2020,公司加大研发人才引进力度研发人员占比稳步提升,11,加大 研发 人才 引进 力度 研发 人员 占 比 稳步 提升
000109,2020,公司围绕核心技术开展攻关新申请专利数量保持稳定增长,9,围绕 核心技术 开展 攻关 新 申请专利 数量 保持稳定 增长
000109,2020,公司围绕核心技术开展攻关新申请专利数量保持稳定增长,9,围绕 核心技术 开展 攻关 新 申请专利 数量 保持稳定 增长
000109,2020,二零二四年四月,3,二零二 四年 四月
000109,2021,股份有限公司年年度报告管理层讨论与分析模拟文本报告期内公司围绕年度经营计划扎实推进各项重点工作总体经营情况保持稳定,22,有限公司 年 年度报告 讨论 与 分析 模拟 文本 报告 期内 围绕 经营 计划 扎实 推进 各项 重点 工作 总体 经营 情况 保持稳定
000109,2021,公司稳步推进产能建设生产运营秩序正常,8,稳步 推进 产能 建设 生产 运营 秩序 正常
000109,2021,公司持续优化产品结构深化渠道建设主营业务收入实现稳健增长,11,持续 优化 产品 结构 深化 渠道 建设 收入 实现 稳健 增长
000109,2021,公司加强成本管控提升运营效率毛利率水平保持基本平稳,11,加强 成本 管控 提升 运营 效率 毛利率 水平 保持 基本 平稳
000109,2021,公司在新材料新工艺方向的前瞻性研发布局取得阶段性成果,12,在 新 材料 新工艺 方向 的 前瞻性 研发 布局 取得 阶段性 成果
000109,2021,公司要求各事业部急于求成消化库存回笼资金缓解业绩压力,10,要求 各 事业部 急于求成 消化 库存 回笼资金 缓解 业绩 压力
000109,2021,公司可能面临原材料价格波动市场需求不及预期等风险,10,可能 面临 原材料 价格 波动 市场需求 不及 预期 等 风险
000109,2021,汇率波动及贸易环境变化对公司海外业务构成一定不确定性,12,汇率 波动 及 贸易 环境 变化 对 海外 业务 构成 一定 不确定性
000109,2021,公司围绕核心技术开展攻关新申请专利数量保持稳定增长,9,围绕 核心技术 开展 攻关 新 申请专利 数量 保持稳定 增长
000109,2021,公司积极拓展国内外市场客户结构与订单质量进一步改善,11,积极 拓展 国内外 市场 客户 结构 与 订单 质量 进一步 改善
000109,2021,宏观经济波动与行业竞争加剧可能对公司业绩产生不利影响,12,宏观 经济波动 与 行业 竞争 加剧 可能 对 公司业绩 产生 不利 影响
000109,2021,报告期内公司围绕年度经营计划扎实推进各项重点工作总体经营情况保持稳定,14,报告 期内 围绕 经营 计划 扎实 推进 各项 重点 工作 总体 经营 情况 保持稳定
000109,2021,公司持续优化产品结构深化渠道建设主营业务收入实现稳健增长,11,持续 优化 产品 结构 深化 渠道 建设 收入 实现 稳健 增长
000109,2021,管理层认为当前窗口稍纵即逝必须急于求成扩大产能投放,9,认为 当前 窗口 稍纵即逝 必须 急于求成 扩大 产能 投放
000109,2021,公司高度重视安全生产与质量管理体系运行情况良好,9,高度重视 安全 生产 与 质量 管理体系 运行 情况 良好
000109,2021,公司围绕核心技术开展攻关新申请专利数量保持稳定增长,9,围绕 核心技术 开展 攻关 新 申请专利 数量 保持稳定 增长
000109,2021,公司积极拓展国内外市场客户结构与订单质量进一步改善,11,积极 拓展 国内外 市场 客户 结构 与 订单 质量 进一步 改善
000109,2021,二零二四年四月,3,二零二 四年 四月
000109,2022,股份有限公司年年度报告管理层讨论与分析模拟文本面对复杂的外部经营环境公司管理层积极应对努力克服不利因素影响,20,有限公司 年 年度报告 讨论 与 分析 模拟 文本 面对 复杂 的 外部 经营 环境 积极 应对 努力 克服 不利因素 影响
000109,2022,公司在新材料新工艺方向的前瞻性研发布局取得阶段性成果,12,在 新 材料 新工艺 方向 的 前瞻性 研发 布局 取得 阶段性 成果
000109,2022,管理层认为当前窗口稍纵即逝必须急需扩大产能投放,9,认为 当前 窗口 稍纵即逝 必须 急需 扩大 产能 投放
000109,2022,为完成全年目标公司将杀鸡取卵调整产品定价策略抢占市场份额,12,为 完成 全年 目标 将 杀鸡取卵 调整 产品 定价 策略 抢占市场 份额
000109,2022,公司加强成本管控提升运营效率毛利率水平保持基本平稳,11,加强 成本 管控 提升 运营 效率 毛利率 水平 保持 基本 平稳
000109,2022,公司与高校科研院所共建联合实验室推进产学研协同创新,10,与 高校 科研院所 共建 联合 实验室 推进 产学研 协同 创新
000109,2022,公司稳步推进产能建设生产运营秩序正常,8,稳步 推进 产能 建设 生产 运营 秩序 正常
000109,2022,公司稳步推进产能建设生产运营秩序正常,8,稳步 推进 产能 建设 生产 运营 秩序 正常
000109,2022,公司坚持创新驱动发展战略持续加大研发投入研发费用同比增长较快,14,坚持 创新 驱动 发展 战略 持续 加大 研发 投入 研发 费用 增长 较 快
000109,2022,公司高度重视安全生产与质量管理体系运行情况良好,9,高度重视 安全 生产 与 质量 管理体系 运行 情况 良好
000109,2022,管理层认为当前窗口稍纵即逝必须立竿见影扩大产能投放,9,认为 当前 窗口 稍纵即逝 必须 立竿见影 扩大 产能 投放
000109,2022,为完成全年目标公司将加快调整产品定价策略抢占市场份额,11,为 完成 全年 目标 将 加快调整 产品 定价 策略 抢占市场 份额
000109,2022,宏观经济波动与行业竞争加剧可能对公司业绩产生不利影响,12,宏观 经济波动 与 行业 竞争 加剧 可能 对 公司业绩 产生 不利 影响
000109,2022,汇率波动及贸易环境变化对公司海外业务构成一定不确定性,12,汇率 波动 及 贸易 环境 变化 对 海外 业务 构成 一定 不确定性
000109,2022,面对复杂的外部经营环境公司管理层积极应对努力克服不利因素影响,12,面对 复杂 的 外部 经营 环境 积极 应对 努力 克服 不利因素 影响
000109,2022,公司持续优化产品结构深化渠道建设主营业务收入实现稳健增长,11,持续 优化 产品 结构 深化 渠道 建设 收入 实现 稳健 增长
000109,2022,二零二四年四月,3,二零二 四年 四月
000109,2023,股份有限公司年年度报告管理层讨论与分析模拟文本公司坚持创新驱动发展战略持续加大研发投入研发费用同比增长较快,22,有限公司 年 年度报告 讨论 与 分析 模拟 文本 坚持 创新 驱动 发展 战略 持续 加大 研发 投入 研发 费用 增长 较 快
000109,2023,宏观经济波动与行业竞争加剧可能对公司业绩产生不利影响,12,宏观 经济波动 与 行业 竞争 加剧 可能 对 公司业绩 产生 不利 影响
000109,2023,公司投机布局热门赛道力求投机形成新的利润增长点,11,投机 布局 热门 赛道 力求 投机 形成 新 的 利润 增长点
000109,2023,公司要求各事业部只争朝夕消化库存回笼资金缓解业绩压力,10,要求 各 事业部 只争朝夕 消化 库存 回笼资金 缓解 业绩 压力
000109,2023,公司积极拓展国内外市场客户结构与订单质量进一步改善,11,积极 拓展 国内外 市场 客户 结构 与 订单 质量 进一步 改善
000109,2023,公司高度重视安全生产与质量管理体系运行情况良好,9,高度重视 安全 生产 与 质量 管理体系 运行 情况 良好
000109,2023,公司坚持创新驱动发展战略持续加大研发投入研发费用同比增长较快,14,坚持 创新 驱动 发展 战略 持续 加大 研发 投入 研发 费用 增长 较 快
000109,2023,公司加大研发人才引进力度研发人员占比稳步提升,11,加大 研发 人才 引进 力度 研发 人员 占 比 稳步 提升
000109,2023,管理层表示要短期利益扭转当前被动局面实现业绩快速回升,11,表示 要 短期 利益 扭转 当前 被动局面 实现 业绩 快速 回升
000109,2023,面对复杂的外部经营环境公司管理层积极应对努力克服不利因素影响,12,面对 复杂 的 外部 经营 环境 积极 应对 努力 克服 不利因素 影响
000109,2023,公司进一步完善治理结构规范运作信息披露真实准确完整,10,进一步 完善 治理 结构 规范 运作 信息 真实 准确 完整
000109,2023,公司围绕核心技术开展攻关新申请专利数量保持稳定增长,9,围绕 核心技术 开展 攻关 新 申请专利 数量 保持稳定 增长
000109,2023,公司稳步推进产能建设生产运营秩序正常,8,稳步 推进 产能 建设 生产 运营 秩序 正常
000109,2023,报告期内公司围绕年度经营计划扎实推进各项重点工作总体经营情况保持稳定,14,报告 期内 围绕 经营 计划 扎实 推进 各项 重点 工作 总体 经营 情况 保持稳定
000109,2023,公司稳步推进产能建设生产运营秩序正常,8,稳步 推进 产能 建设 生产 运营 秩序 正常
000109,2023,二零二四年四月,3,二零二 四年 四月
000112,2019,股份有限公司年年度报告管理层讨论与分析模拟文本公司要求各事业部立刻消化库存回笼资金缓解业绩压力,18,有限公司 年 年度报告 讨论 与 分析 模拟 文本 要求 各 事业部 立刻 消化 库存 回笼资金 缓解 业绩 压力
000112,2019,汇率波动及贸易环境变化对公司海外业务构成一定不确定性,12,汇率 波动 及 贸易 环境 变化 对 海外 业务 构成 一定 不确定性
000112,2019,公司进一步完善治理结构规范运作信息披露真实准确完整,10,进一步 完善 治理 结构 规范 运作 信息 真实 准确 完整
000112,2019,管理层表示要立刻扭转当前被动局面实现业绩快速回升,10,表示 要 立刻 扭转 当前 被动局面 实现 业绩 快速 回升
000112,2019,公司将采取权宜之计压缩各项开支以确保近期兑现业绩承诺,12,将 采取 权宜之计 压缩 各项 开支 以 确保 近期 兑现 业绩 承诺
000112,2019,公司积极拓展国内外市场客户结构与订单质量进一步改善,11,积极 拓展 国内外 市场 客户 结构 与 订单 质量 进一步 改善
000112,2019,公司持续优化产品结构深化渠道建设主营业务收入实现稳健增长,11,持续 优化 产品 结构 深化 渠道 建设 收入 实现 稳健 增长
000112,2019,公司进一步完善治理结构规范运作信息披露真实准确完整,10,进一步 完善 治理 结构 规范 运作 信息 真实 准确 完整
000112,2019,公司进一步完善治理结构规范运作信息披露真实准确完整,10,进一步 完善 治理 结构 规范 运作 信息 真实 准确 完整
000112,2019,公司可能面临原材料价格波动市场需求不及预期等风险,10,可能 面临 原材料 价格 波动 市场需求 不及 预期 等 风险
000112,2019,管理层认为当前窗口稍纵即逝必须短期收益扩大产能投放,10,认为 当前 窗口 稍纵即逝 必须 短期 收益 扩大 产能 投放
000112,2019,公司稳步推进产能建设生产运营秩序正常,8,稳步 推进 产能 建设 生产 运营 秩序 正常
000112,2019,报告期内公司围绕年度经营计划扎实推进各项重点工作总体经营情况保持稳定,14,报告 期内 围绕 经营 计划 扎实 推进 各项 重点 工作 总体 经营 情况 保持稳定
000112,2019,公司持续优化产品结构深化渠道建设主营业务收入实现稳健增长,11,持续 优化 产品 结构 深化 渠道 建设 收入 实现 稳健 增长
000112,2019,管理层表示要短期扭转当前被动局面实现业绩快速回升,10,表示 要 短期 扭转 当前 被动局面 实现 业绩 快速 回升
000112,2019,公司在新材料新工艺方向的前瞻性研发布局取得阶段性成果,12,在 新 材料 新工艺 方向 的 前瞻性 研发 布局 取得 阶段性 成果
000112,2019,公司高度重视安全生产与质量管理体系运行情况良好,9,高度重视 安全 生产 与 质量 管理体系 运行 情况 良好
000112,2019,二零二四年四月,3,二零二 四年 四月
000112,2020,股份有限公司年年度报告管理层讨论与分析模拟文本公司可能面临原材料价格波动市场需求不及预期等风险,18,有限公司 年 年度报告 讨论 与 分析 模拟 文本 可能 面临 原材料 价格 波动 市场需求 不及 预期 等 风险
000112,2020,面对复杂的外部经营环境公司管理层积极应对努力克服不利因素影响,12,面对 复杂 的 外部 经营 环境 积极 应对 努力 克服 不利因素 影响
000112,2020,公司尽快布局热门赛道力求尽快形成新的利润增长点,11,尽快 布局 热门 赛道 力求 尽快 形成 新 的 利润 增长点
000112,2020,公司稳步推进产能建设生产运营秩序正常,8,稳步 推进 产能 建设 生产 运营 秩序 正常
000112,2020,为完成全年目标公司将现今调整产品定价策略抢占市场份额,12,为 完成 全年 目标 将 现今 调整 产品 定价 策略 抢占市场 份额
000112,2020,公司可能面临原材料价格波动市场需求不及预期等风险,10,可能 面临 原材料 价格 波动 市场需求 不及 预期 等 风险
000112,2020,公司要求各事业部立即消化库存回笼资金缓解业绩压力,10,要求 各 事业部 立即 消化 库存 回笼资金 缓解 业绩 压力
000112,2020,公司持续优化产品结构深化渠道建设主营业务收入实现稳健增长,11,持续 优化 产品 结构 深化 渠道 建设 收入 实现 稳健 增长
000112,2020,公司积极拓展国内外市场客户结构与订单质量进一步改善,11,积极 拓展 国内外 市场 客户 结构 与 订单 质量 进一步 改善
000112,2020,公司进一步完善治理结构规范运作信息披露真实准确完整,10,进一步 完善 治理 结构 规范 运作 信息 真实 准确 完整
000112,2020,公司稳步推进产能建设生产运营秩序正常,8,稳步 推进 产能 建设 生产 运营 秩序 正常
000112,2020,公司加强成本管控提升运营效率毛利率水平保持基本平稳,11,加强 成本 管控 提升 运营 效率 毛利率 水平 保持 基本 平稳
000112,2020,管理层认为当前窗口稍纵即逝必须年内扩大产能投放,9,认为 当前 窗口 稍纵即逝 必须 年内 扩大 产能 投放
000112,2020,汇率波动及贸易环境变化对公司海外业务构成一定不确定性,12,汇率 波动 及 贸易 环境 变化 对 海外 业务 构成 一定 不确定性
000112,2020,公司加大研发人才引进力度研发人员占比稳步提升,11,加大 研发 人才 引进 力度 研发 人员 占 比 稳步 提升
000112,2020,公司高度重视安全生产与质量管理体系运行情况良好,9,高度重视 安全 生产 与 质量 管理体系 运行 情况 良好
000112,2020,公司与高校科研院所共建联合实验室推进产学研协同创新,10,与 高校 科研院所 共建 联合 实验室 推进 产学研 协同 创新
000112,2020,公司要求各事业部时不我待消化库存回笼资金缓解业绩压力,10,要求 各 事业部 时不我待 消化 库存 回笼资金 缓解 业绩 压力
000112,2020,公司将采取权宜之计压缩各项开支以确保速胜兑现业绩承诺,12,将 采取 权宜之计 压缩 各项 开支 以 确保 速胜 兑现 业绩 承诺
000112,2020,二零二四年四月,3,二零二 四年 四月
000112,2021,股份有限公司年年度报告管理层讨论与分析模拟文本公司将今年推进重点项目的落地实施确保年内见到成效,19,有限公司 年 年度报告 讨论 与 分析 模拟 文本 将 今年 推进 重点项目 的 落地 实施 确保 年内 见到 成效
000112,2021,公司将当下推进重点项目的落地实施确保年内见到成效,11,将 当下 推进 重点项目 的 落地 实施 确保 年内 见到 成效
000112,2021,管理层认为当前窗口稍纵即逝必须短期收益扩大产能投放,10,认为 当前 窗口 稍纵即逝 必须 短期 收益 扩大 产能 投放
000112,2021,公司可能面临原材料价格波动市场需求不及预期等风险,10,可能 面临 原材料 价格 波动 市场需求 不及 预期 等 风险
000112,2021,公司稳步推进产能建设生产运营秩序正常,8,稳步 推进 产能 建设 生产 运营 秩序 正常
000112,2021,公司持续优化产品结构深化渠道建设主营业务收入实现稳健增长,11,持续 优化 产品 结构 深化 渠道 建设 收入 实现 稳健 增长
000112,2021,公司可能面临原材料价格波动市场需求不及预期等风险,10,可能 面临 原材料 价格 波动 市场需求 不及 预期 等 风险
000112,2021,管理层认为当前窗口稍纵即逝必须加快扩大产能投放,9,认为 当前 窗口 稍纵即逝 必须 加快 扩大 产能 投放
000112,2021,公司稳步推进产能建设生产运营秩序正常,8,稳步 推进 产能 建设 生产 运营 秩序 正常
000112,2021,公司高度重视安全生产与质量管理体系运行情况良好,9,高度重视 安全 生产 与 质量 管理体系 运行 情况 良好
000112,2021,报告期内公司围绕年度经营计划扎实推进各项重点工作总体经营情况保持稳定,14,报告 期内 围绕 经营 计划 扎实 推进 各项 重点 工作 总体 经营 情况 保持稳定
000112,2021,面对复杂的外部经营环境公司管理层积极应对努力克服不利因素影响,12,面对 复杂 的 外部 经营 环境 积极 应对 努力 克服 不利因素 影响
000112,2021,公司在新材料新工艺方向的前瞻性研发布局取得阶段性成果,12,在 新 材料 新工艺 方向 的 前瞻性 研发 布局 取得 阶段性 成果
000112,2021,公司加强成本管控提升运营效率毛利率水平保持基本平稳,11,加强 成本 管控 提升 运营 效率 毛利率 水平 保持 基本 平稳
000112,2021,报告期内公司围绕年度经营计划扎实推进各项重点工作总体经营情况保持稳定,14,报告 期内 围绕 经营 计划 扎实 推进 各项 重点 工作 总体 经营 情况 保持稳定
000112,2021,汇率波动及贸易环境变化对公司海外业务构成一定不确定性,12,汇率 波动 及 贸易 环境 变化 对 海外 业务 构成 一定 不确定性
000112,2021,管理层表示要近期扭转当前被动局面实现业绩快速回升,10,表示 要 近期 扭转 当前 被动局面 实现 业绩 快速 回升
000112,2021,公司与高校科研院所共建联合实验室推进产学研协同创新,10,与 高校 科研院所 共建 联合 实验室 推进 产学研 协同 创新
000112,2021,公司将时不我待推进重点项目的落地实施确保年内见到成效,11,将 时不我待 推进 重点项目 的 落地 实施 确保 年内 见到 成效
000112,2021,二零二四年四月,3,二零二 四年 四月
000112,2022,股份有限公司年年度报告管理层讨论与分析模拟文本报告期内公司围绕年度经营计划扎实推进各项重点工作总体经营情况保持稳定,22,有限公司 年 年度报告 讨论 与 分析 模拟 文本 报告 期内 围绕 经营 计划 扎实 推进 各项 重点 工作 总体 经营 情况 保持稳定
000112,2022,公司进一步完善治理结构规范运作信息披露真实准确完整,10,进一步 完善 治理 结构 规范 运作 信息 真实 准确 完整
000112,2022,为完成全年目标公司将早日调整产品定价策略抢占市场份额,12,为 完成 全年 目标 将 早日 调整 产品 定价 策略 抢占市场 份额
000112,2022,公司时不我待回笼资金以应对眼前的流动性压力,8,时不我待 回笼资金 以 应对 眼前 的 流动性 压力
000112,2022,公司与高校科研院所共建联合实验室推进产学研协同创新,10,与 高校 科研院所 共建 联合 实验室 推进 产学研 协同 创新
000112,2022,公司将采取权宜之计压缩各项开支以确保抓紧兑现业绩承诺,12,将 采取 权宜之计 压缩 各项 开支 以 确保 抓紧 兑现 业绩 承诺
000112,2022,公司持续优化产品结构深化渠道建设主营业务收入实现稳健增长,11,持续 优化 产品 结构 深化 渠道 建设 收入 实现 稳健 增长
000112,2022,公司积极拓展国内外市场客户结构与订单质量进一步改善,11,积极 拓展 国内外 市场 客户 结构 与 订单 质量 进一步 改善
000112,2022,公司加强成本管控提升运营效率毛利率水平保持基本平稳,11,加强 成本 管控 提升 运营 效率 毛利率 水平 保持 基本 平稳
000112,2022,公司坚持创新驱动发展战略持续加大研发投入研发费用同比增长较快,14,坚持 创新 驱动 发展 战略 持续 加大 研发 投入 研发 费用 增长 较 快
000112,2022,公司进一步完善治理结构规范运作信息披露真实准确完整,10,进一步 完善 治理 结构 规范 运作 信息 真实 准确 完整
000112,2022,公司加强成本管控提升运营效率毛利率水平保持基本平稳,11,加强 成本 管控 提升 运营 效率 毛利率 水平 保持 基本 平稳
000112,2022,公司可能面临原材料价格波动市场需求不及预期等风险,10,可能 面临 原材料 价格 波动 市场需求 不及 预期 等 风险
000112,2022,公司快速见效回笼资金以应对眼前的流动性压力,9,快速 见效 回笼资金 以 应对 眼前 的 流动性 压力
000112,2022,管理层认为当前窗口稍纵即逝必须短期扩大产能投放,9,认为 当前 窗口 稍纵即逝 必须 短期 扩大 产能 投放
000112,2022,公司加强成本管控提升运营效率毛利率水平保持基本平稳,11,加强 成本 管控 提升 运营 效率 毛利率 水平 保持 基本 平稳
000112,2022,公司进一步完善治理结构规范运作信息披露真实准确完整,10,进一步 完善 治理 结构 规范 运作 信息 真实 准确 完整
000112,2022,二零二四年四月,3,二零二 四年 四月
000112,2023,股份有限公司年年度报告管理层讨论与分析模拟文本面对复杂的外部经营环境公司管理层积极应对努力克服不利因素影响,20,有限公司 年 年度报告 讨论 与 分析 模拟 文本 面对 复杂 的 外部 经营 环境 积极 应对 努力 克服 不利因素 影响
000112,2023,汇率波动及贸易环境变化对公司海外业务构成一定不确定性,12,汇率 波动 及 贸易 环境 变化 对 海外 业务 构成 一定 不确定性
000112,2023,面对复杂的外部经营环境公司管理层积极应对努力克服不利因素影响,12,面对 复杂 的 外部 经营 环境 积极 应对 努力 克服 不利因素 影响
000112,2023,管理层表示要短期收益扭转当前被动局面实现业绩快速回升,11,表示 要 短期 收益 扭转 当前 被动局面 实现 业绩 快速 回升
000112,2023,报告期内公司围绕年度经营计划扎实推进各项重点工作总体经营情况保持稳定,14,报告 期内 围绕 经营 计划 扎实 推进 各项 重点 工作 总体 经营 情况 保持稳定
000112,2023,汇率波动及贸易环境变化对公司海外业务构成一定不确定性,12,汇率 波动 及 贸易 环境 变化 对 海外 业务 构成 一定 不确定性
000112,2023,公司坚持创新驱动发展战略持续加大研发投入研发费用同比增长较快,14,坚持 创新 驱动 发展 战略 持续 加大 研发 投入 研发 费用 增长 较 快
000112,2023,公司与高校科研院所共建联合实验室推进产学研协同创新,10,与 高校 科研院所 共建 联合 实验室 推进 产学研 协同 创新
000112,2023,宏观经济波动与行业竞争加剧可能对公司业绩产生不利影响,12,宏观 经济波动 与 行业 竞争 加剧 可能 对 公司业绩 产生 不利 影响
000112,2023,公司稳步推进产能建设生产运营秩序正常,8,稳步 推进 产能 建设 生产 运营 秩序 正常
000112,2023,公司稳步推进产能建设生产运营秩序正常,8,稳步 推进 产能 建设 生产 运营 秩序 正常
000112,2023,为完成全年目标公司将立竿见影调整产品定价策略抢占市场份额,12,为 完成 全年 目标 将 立竿见影 调整 产品 定价 策略 抢占市场 份额
000112,2023,公司高度重视安全生产与质量管理体系运行情况良好,9,高度重视 安全 生产 与 质量 管理体系 运行 情况 良好
000112,2023,报告期内公司围绕年度经营计划扎实推进各项重点工作总体经营情况保持稳定,14,报告 期内 围绕 经营 计划 扎实 推进 各项 重点 工作 总体 经营 情况 保持稳定
000112,2023,管理层表示要今年扭转当前被动局面实现业绩快速回升,10,表示 要 今年 扭转 当前 被动局面 实现 业绩 快速 回升
000112,2023,公司将短期收益推进重点项目的落地实施确保年内见到成效,12,将 短期 收益 推进 重点项目 的 落地 实施 确保 年内 见到 成效
000112,2023,公司持续优化产品结构深化渠道建设主营业务收入实现稳健增长,11,持续 优化 产品 结构 深化 渠道 建设 收入 实现 稳健 增长
000112,2023,公司进一步完善治理结构规范运作信息披露真实准确完整,10,进一步 完善 治理 结构 规范 运作 信息 真实 准确 完整
000112,2023,二零二四年四月,3,二零二 四年 四月
000115,2019,股份有限公司年年度报告管理层讨论与分析模拟文本报告期内公司围绕年度经营计划扎实推进各项重点工作总体经营情况保持稳定,22,有限公司 年 年度报告 讨论 与 分析 模拟 文本 报告 期内 围绕 经营 计划 扎实 推进 各项 重点 工作 总体 经营 情况 保持稳定
000115,2019,公司稳步推进产能建设生产运营秩序正常,8,稳步 推进 产能 建设 生产 运营 秩序 正常
000115,2019,管理层认为当前窗口稍纵即逝必须速成扩大产能投放,9,认为 当前 窗口 稍纵即逝 必须 速成 扩大 产能 投放
000115,2019,汇率波动及贸易环境变化对公司海外业务构成一定不确定性,12,汇率 波动 及 贸易 环境 变化 对 海外 业务 构成 一定 不确定性
000115,2019,公司与高校科研院所共建联合实验室推进产学研协同创新,10,与 高校 科研院所 共建 联合 实验室 推进 产学研 协同 创新
000115,2019,公司高度重视安全生产与质量管理体系运行情况良好,9,高度重视 安全 生产 与 质量 管理体系 运行 情况 良好
000115,2019,公司与高校科研院所共建联合实验室推进产学研协同创新,10,与 高校 科研院所 共建 联合 实验室 推进 产学研 协同 创新
000115,2019,公司加强成本管控提升运营效率毛利率水平保持基本平稳,11,加强 成本 管控 提升 运营 效率 毛利率 水平 保持 基本 平稳
000115,2019,公司进一步完善治理结构规范运作信息披露真实准确完整,10,进一步 完善 治理 结构 规范 运作 信息 真实 准确 完整
000115,2019,公司加大研发人才引进力度研发人员占比稳步提升,11,加大 研发 人才 引进 力度 研发 人员 占 比 稳步 提升
000115,2019,公司高度重视安全生产与质量管理体系运行情况良好,9,高度重视 安全 生产 与 质量 管理体系 运行 情况 良好
000115,2019,报告期内公司围绕年度经营计划扎实推进各项重点工作总体经营情况保持稳定,14,报告 期内 围绕 经营 计划 扎实 推进 各项 重点 工作 总体 经营 情况 保持稳定
000115,2019,公司高度重视安全生产与质量管理体系运行情况良好,9,高度重视 安全 生产 与 质量 管理体系 运行 情况 良好
000115,2019,公司如今回笼资金以应对眼前的流动性压力,8,如今 回笼资金 以 应对 眼前 的 流动性 压力
000115,2019,汇率波动及贸易环境变化对公司海外业务构成一定不确定性,12,汇率 波动 及 贸易 环境 变化 对 海外 业务 构成 一定 不确定性
000115,2019,公司加大研发人才引进力度研发人员占比稳步提升,11,加大 研发 人才 引进 力度 研发 人员 占 比 稳步 提升
000115,2019,二零二四年四月,3,二零二 四年 四月
000115,2020,股份有限公司年年度报告管理层讨论与分析模拟文本报告期内公司围绕年度经营计划扎实推进各项重点工作总体经营情况保持稳定,22,有限公司 年 年度报告 讨论 与 分析 模拟 文本 报告 期内 围绕 经营 计划 扎实 推进 各项 重点 工作 总体 经营 情况 保持稳定
000115,2020,公司稳步推进产能建设生产运营秩序正常,8,稳步 推进 产能 建设 生产 运营 秩序 正常
000115,2020,公司加大研发人才引进力度研发人员占比稳步提升,11,加大 研发 人才 引进 力度 研发 人员 占 比 稳步 提升
000115,2020,公司坚持创新驱动发展战略持续加大研发投入研发费用同比增长较快,14,坚持 创新 驱动 发展 战略 持续 加大 研发 投入 研发 费用 增长 较 快
000115,2020,公司将采取权宜之计压缩各项开支以确保抓紧兑现业绩承诺,12,将 采取 权宜之计 压缩 各项 开支 以 确保 抓紧 兑现 业绩 承诺
000115,2020,面对复杂的外部经营环境公司管理层积极应对努力克服不利因素影响,12,面对 复杂 的 外部 经营 环境 积极 应对 努力 克服 不利因素 影响
000115,2020,为完成全年目标公司将今年调整产品定价策略抢占市场份额,12,为 完成 全年 目标 将 今年 调整 产品 定价 策略 抢占市场 份额
000115,2020,公司稳步推进产能建设生产运营秩序正常,8,稳步 推进 产能 建设 生产 运营 秩序 正常
000115,2020,公司进一步完善治理结构规范运作信息披露真实准确完整,10,进一步 完善 治理 结构 规范 运作 信息 真实 准确 完整
000115,2020,汇率波动及贸易环境变化对公司海外业务构成一定不确定性,12,汇率 波动 及 贸易 环境 变化 对 海外 业务 构成 一定 不确定性
000115,2020,公司加强成本管控提升运营效率毛利率水平保持基本平稳,11,加强 成本 管控 提升 运营 效率 毛利率 水平 保持 基本 平稳
000115,2020,公司加强成本管控提升运营效率毛利率水平保持基本平稳,11,加强 成本 管控 提升 运营 效率 毛利率 水平 保持 基本 平稳
000115,2020,汇率波动及贸易环境变化对公司海外业务构成一定不确定性,12,汇率 波动 及 贸易 环境 变化 对 海外 业务 构成 一定 不确定性
000115,2020,公司将现今推进重点项目的落地实施确保年内见到成效,11,将 现今 推进 重点项目 的 落地 实施 确保 年内 见到 成效
000115,2020,公司将采取权宜之计压缩各项开支以确保加快兑现业绩承诺,12,将 采取 权宜之计 压缩 各项 开支 以 确保 加快 兑现 业绩 承诺
000115,2020,公司坚持创新驱动发展战略持续加大研发投入研发费用同比增长较快,14,坚持 创新 驱动 发展 战略 持续 加大 研发 投入 研发 费用 增长 较 快
000115,2020,二零二四年四月,3,二零二 四年 四月
000115,2021,股份有限公司年年度报告管理层讨论与分析模拟文本管理层认为当前窗口稍纵即逝必须短期内扩大产能投放,17,有限公司 年 年度报告 讨论 与 分析 模拟 文本 认为 当前 窗口 稍纵即逝 必须 短期内 扩大 产能 投放
000115,2021,报告期内公司围绕年度经营计划扎实推进各项重点工作总体经营情况保持稳定,14,报告 期内 围绕 经营 计划 扎实 推进 各项 重点 工作 总体 经营 情况 保持稳定
000115,2021,公司在新材料新工艺方向的前瞻性研发布局取得阶段性成果,12,在 新 材料 新工艺 方向 的 前瞻性 研发 布局 取得 阶段性 成果
000115,2021,公司围绕核心技术开展攻关新申请专利数量保持稳定增长,9,围绕 核心技术 开展 攻关 新 申请专利 数量 保持稳定 增长
000115,2021,面对复杂的外部经营环境公司管理层积极应对努力克服不利因素影响,12,面对 复杂 的 外部 经营 环境 积极 应对 努力 克服 不利因素 影响
000115,2021,面对复杂的外部经营环境公司管理层积极应对努力克服不利因素影响,12,面对 复杂 的 外部 经营 环境 积极 应对 努力 克服 不利因素 影响
000115,2021,公司与高校科研院所共建联合实验室推进产学研协同创新,10,与 高校 科研院所 共建 联合 实验室 推进 产学研 协同 创新
000115,2021,公司要求各事业部马上消化库存回笼资金缓解业绩压力,10,要求 各 事业部 马上 消化 库存 回笼资金 缓解 业绩 压力
000115,2021,公司高度重视安全生产与质量管理体系运行情况良好,9,高度重视 安全 生产 与 质量 管理体系 运行 情况 良好
000115,2021,公司可能面临原材料价格波动市场需求不及预期等风险,10,可能 面临 原材料 价格 波动 市场需求 不及 预期 等 风险
000115,2021,公司稳步推进产能建设生产运营秩序正常,8,稳步 推进 产能 建设 生产 运营 秩序 正常
000115,2021,公司急需回笼资金以应对眼前的流动性压力,8,急需 回笼资金 以 应对 眼前 的 流动性 压力
000115,2021,公司积极拓展国内外市场客户结构与订单质量进一步改善,11,积极 拓展 国内外 市场 客户 结构 与 订单 质量 进一步 改善
000115,2021,公司积极拓展国内外市场客户结构与订单质量进一步改善,11,积极 拓展 国内外 市场 客户 结构 与 订单 质量 进一步 改善
000115,2021,面对复杂的外部经营环境公司管理层积极应对努力克服不利因素影响,12,面对 复杂 的 外部 经营 环境 积极 应对 努力 克服 不利因素 影响
000115,2021,二零二四年四月,3,二零二 四年 四月
000115,2022,股份有限公司年年度报告管理层讨论与分析模拟文本公司进一步完善治理结构规范运作信息披露真实准确完整,18,有限公司 年 年度报告 讨论 与 分析 模拟 文本 进一步 完善 治理 结构 规范 运作 信息 真实 准确 完整
000115,2022,公司积极拓展国内外市场客户结构与订单质量进一步改善,11,积极 拓展 国内外 市场 客户 结构 与 订单 质量 进一步 改善
000115,2022,公司高度重视安全生产与质量管理体系运行情况良好,9,高度重视 安全 生产 与 质量 管理体系 运行 情况 良好
000115,2022,报告期内公司围绕年度经营计划扎实推进各项重点工作总体经营情况保持稳定,14,报告 期内 围绕 经营 计划 扎实 推进 各项 重点 工作 总体 经营 情况 保持稳定
000115,2022,公司稳步推进产能建设生产运营秩序正常,8,稳步 推进 产能 建设 生产 运营 秩序 正常
000115,2022,公司将急需推进重点项目的落地实施确保年内见到成效,11,将 急需 推进 重点项目 的 落地 实施 确保 年内 见到 成效
000115,2022,公司在新材料新工艺方向的前瞻性研发布局取得阶段性成果,12,在 新 材料 新工艺 方向 的 前瞻性 研发 布局 取得 阶段性 成果
000115,2022,公司在新材料新工艺方向的前瞻性研发布局取得阶段性成果,12,在 新 材料 新工艺 方向 的 前瞻性 研发 布局 取得 阶段性 成果
000115,2022,公司积极拓展国内外市场客户结构与订单质量进一步改善,11,积极 拓展 国内外 市场 客户 结构 与 订单 质量 进一步 改善
000115,2022,公司可能面临原材料价格波动市场需求不及预期等风险,10,可能 面临 原材料 价格 波动 市场需求 不及 预期 等 风险
000115,2022,管理层表示要立即扭转当前被动局面实现业绩快速回升,10,表示 要 立即 扭转 当前 被动局面 实现 业绩 快速 回升
000115,2022,公司稳步推进产能建设生产运营秩序正常,8,稳步 推进 产能 建设 生产 运营 秩序 正常
000115,2022,二零二四年四月,3,二零二 四年 四月
000115,2023,股份有限公司年年度报告管理层讨论与分析模拟文本公司可能面临原材料价格波动市场需求不及预期等风险,18,有限公司 年 年度报告 讨论 与 分析 模拟 文本 可能 面临 原材料 价格 波动 市场需求 不及 预期 等 风险
000115,2023,公司积极拓展国内外市场客户结构与订单质量进一步改善,11,积极 拓展 国内外 市场 客户 结构 与 订单 质量 进一步 改善
000115,2023,公司在新材料新工艺方向的前瞻性研发布局取得阶段性成果,12,在 新 材料 新工艺 方向 的 前瞻性 研发 布局 取得 阶段性 成果
000115,2023,公司围绕核心技术开展攻关新申请专利数量保持稳定增长,9,围绕 核心技术 开展 攻关 新 申请专利 数量 保持稳定 增长
000115,2023,公司高度重视安全生产与质量管理体系运行情况良好,9,高度重视 安全 生产 与 质量 管理体系 运行 情况 良好
000115,2023,公司积极拓展国内外市场客户结构与订单质量进一步改善,11,积极 拓展 国内外 市场 客户 结构 与 订单 质量 进一步 改善
000115,2023,公司围绕核心技术开展攻关新申请专利数量保持稳定增长,9,围绕 核心技术 开展 攻关 新 申请专利 数量 保持稳定 增长
000115,2023,汇率波动及贸易环境变化对公司海外业务构成一定不确定性,12,汇率 波动 及 贸易 环境 变化 对 海外 业务 构成 一定 不确定性
000115,2023,公司持续优化产品结构深化渠道建设主营业务收入实现稳健增长,11,持续 优化 产品 结构 深化 渠道 建设 收入 实现 稳健 增长
000115,2023,公司加强成本管控提升运营效率毛利率水平保持基本平稳,11,加强 成本 管控 提升 运营 效率 毛利率 水平 保持 基本 平稳
000115,2023,公司抓紧布局热门赛道力求抓紧形成新的利润增长点,11,抓紧 布局 热门 赛道 力求 抓紧 形成 新 的 利润 增长点
000115,2023,公司积极拓展国内外市场客户结构与订单质量进一步改善,11,积极 拓展 国内外 市场 客户 结构 与 订单 质量 进一步 改善
000115,2023,公司要求各事业部急于求成消化库存回笼资金缓解业绩压力,10,要求 各 事业部 急于求成 消化 库存 回笼资金 缓解 业绩 压力
000115,2023,二零二四年四月,3,二零二 四年 四月
000118,2019,股份有限公司年年度报告管理层讨论与分析模拟文本报告期内公司围绕年度经营计划扎实推进各项重点工作总体经营情况保持稳定,22,有限公司 年 年度报告 讨论 与 分析 模拟 文本 报告 期内 围绕 经营 计划 扎实 推进 各项 重点 工作 总体 经营 情况 保持稳定
000118,2019,公司持续优化产品结构深化渠道建设主营业务收入实现稳健增长,11,持续 优化 产品 结构 深化 渠道 建设 收入 实现 稳健 增长
000118,2019,汇率波动及贸易环境变化对公司海外业务构成一定不确定性,12,汇率 波动 及 贸易 环境 变化 对 海外 业务 构成 一定 不确定性
000118,2019,公司坚持创新驱动发展战略持续加大研发投入研发费用同比增长较快,14,坚持 创新 驱动 发展 战略 持续 加大 研发 投入 研发 费用 增长 较 快
000118,2019,公司在新材料新工艺方向的前瞻性研发布局取得阶段性成果,12,在 新 材料 新工艺 方向 的 前瞻性 研发 布局 取得 阶段性 成果
000118,2019,公司高度重视安全生产与质量管理体系运行情况良好,9,高度重视 安全 生产 与 质量 管理体系 运行 情况 良好
000118,2019,公司可能面临原材料价格波动市场需求不及预期等风险,10,可能 面临 原材料 价格 波动 市场需求 不及 预期 等 风险
000118,2019,公司将采取权宜之计压缩各项开支以确保速成兑现业绩承诺,12,将 采取 权宜之计 压缩 各项 开支 以 确保 速成 兑现 业绩 承诺
000118,2019,公司稳步推进产能建设生产运营秩序正常,8,稳步 推进 产能 建设 生产 运营 秩序 正常
000118,2019,公司在新材料新工艺方向的前瞻性研发布局取得阶段性成果,12,在 新 材料 新工艺 方向 的 前瞻性 研发 布局 取得 阶段性 成果
000118,2019,面对复杂的外部经营环境公司管理层积极应对努力克服不利因素影响,12,面对 复杂 的 外部 经营 环境 积极 应对 努力 克服 不利因素 影响
000118,2019,公司积极拓展国内外市场客户结构与订单质量进一步改善,11,积极 拓展 国内外 市场 客户 结构 与 订单 质量 进一步 改善
000118,2019,公司进一步完善治理结构规范运作信息披露真实准确完整,10,进一步 完善 治理 结构 规范 运作 信息 真实 准确 完整
000118,2019,公司持续优化产品结构深化渠道建设主营业务收入实现稳健增长,11,持续 优化 产品 结构 深化 渠道 建设 收入 实现 稳健 增长
000118,2019,公司可能面临原材料价格波动市场需求不及预期等风险,10,可能 面临 原材料 价格 波动 市场需求 不及 预期 等 风险
000118,2019,公司要求各事业部急功近利消化库存回笼资金缓解业绩压力,10,要求 各 事业部 急功近利 消化 库存 回笼资金 缓解 业绩 压力
000118,2019,二零二四年四月,3,二零二 四年 四月
000118,2020,股份有限公司年年度报告管理层讨论与分析模拟文本公司时不我待回笼资金以应对眼前的流动性压力,16,有限公司 年 年度报告 讨论 与 分析 模拟 文本 时不我待 回笼资金 以 应对 眼前 的 流动性 压力
000118,2020,公司积极拓展国内外市场客户结构与订单质量进一步改善,11,积极 拓展 国内外 市场 客户 结构 与 订单 质量 进一步 改善
000118,2020,公司积极拓展国内外市场客户结构与订单质量进一步改善,11,积极 拓展 国内外 市场 客户 结构 与 订单 质量 进一步 改善
000118,2020,公司积极拓展国内外市场客户结构与订单质量进一步改善,11,积极 拓展 国内外 市场 客户 结构 与 订单 质量 进一步 改善
000118,2020,公司眼下回笼资金以应对眼前的流动性压力,8,眼下 回笼资金 以 应对 眼前 的 流动性 压力
000118,2020,报告期内公司围绕年度经营计划扎实推进各项重点工作总体经营情况保持稳定,14,报告 期内 围绕 经营 计划 扎实 推进 各项 重点 工作 总体 经营 情况 保持稳定
000118,2020,公司要求各事业部马上消化库存回笼资金缓解业绩压力,10,要求 各 事业部 马上 消化 库存 回笼资金 缓解 业绩 压力
000118,2020,公司高度重视安全生产与质量管理体系运行情况良好,9,高度重视 安全 生产 与 质量 管理体系 运行 情况 良好
000118,2020,公司高度重视安全生产与质量管理体系运行情况良好,9,高度重视 安全 生产 与 质量 管理体系 运行 情况 良好
000118,2020,公司与高校科研院所共建联合实验室推进产学研协同创新,10,与 高校 科研院所 共建 联合 实验室 推进 产学研 协同 创新
000118,2020,公司加大研发人才引进力度研发人员占比稳步提升,11,加大 研发 人才 引进 力度 研发 人员 占 比 稳步 提升
000118,2020,公司眼下回笼资金以应对眼前的流动性压力,8,眼下 回笼资金 以 应对 眼前 的 流动性 压力
000118,2020,面对复杂的外部经营环境公司管理层积极应对努力克服不利因素影响,12,面对 复杂 的 外部 经营 环境 积极 应对 努力 克服 不利因素 影响
000118,2020,公司高度重视安全生产与质量管理体系运行情况良好,9,高度重视 安全 生产 与 质量 管理体系 运行 情况 良好
000118,2020,公司可能面临原材料价格波动市场需求不及预期等风险,10,可能 面临 原材料 价格 波动 市场需求 不及 预期 等 风险
000118,2020,宏观经济波动与行业竞争加剧可能对公司业绩产生不利影响,12,宏观 经济波动 与 行业 竞争 加剧 可能 对 公司业绩 产生 不利 影响
000118,2020,公司要求各事业部现今消化库存回笼资金缓解业绩压力,10,要求 各 事业部 现今 消化 库存 回笼资金 缓解 业绩 压力
000118,2020,二零二四年四月,3,二零二 四年 四月
000118,2021,股份有限公司年年度报告管理层讨论与分析模拟文本公司进一步完善治理结构规范运作信息披露真实准确完整,18,有限公司 年 年度报告 讨论 与 分析 模拟 文本 进一步 完善 治理 结构 规范 运作 信息 真实 准确 完整
000118,2021,公司积极拓展国内外市场客户结构与订单质量进一步改善,11,积极 拓展 国内外 市场 客户 结构 与 订单 质量 进一步 改善
000118,2021,面对复杂的外部经营环境公司管理层积极应对努力克服不利因素影响,12,面对 复杂 的 外部 经营 环境 积极 应对 努力 克服 不利因素 影响
000118,2021,公司与高校科研院所共建联合实验室推进产学研协同创新,10,与 高校 科研院所 共建 联合 实验室 推进 产学研 协同 创新
000118,2021,公司可能面临原材料价格波动市场需求不及预期等风险,10,可能 面临 原材料 价格 波动 市场需求 不及 预期 等 风险
000118,2021,报告期内公司围绕年度经营计划扎实推进各项重点工作总体经营情况保持稳定,14,报告 期内 围绕 经营 计划 扎实 推进 各项 重点 工作 总体 经营 情况 保持稳定
000118,2021,报告期内公司围绕年度经营计划扎实推进各项重点工作总体经营情况保持稳定,14,报告 期内 围绕 经营 计划 扎实 推进 各项 重点 工作 总体 经营 情况 保持稳定
000118,2021,公司进一步完善治理结构规范运作信息披露真实准确完整,10,进一步 完善 治理 结构 规范 运作 信息 真实 准确 完整
000118,2021,公司将加快推进重点项目的落地实施确保年内见到成效,11,将 加快 推进 重点项目 的 落地 实施 确保 年内 见到 成效
000118,2021,公司急功近利布局热门赛道力求急功近利形成新的利润增长点,11,急功近利 布局 热门 赛道 力求 急功近利 形成 新 的 利润 增长点
000118,2021,公司权宜之计布局热门赛道力求权宜之计形成新的利润增长点,11,权宜之计 布局 热门 赛道 力求 权宜之计 形成 新 的 利润 增长点
000118,2021,公司现今布局热门赛道力求现今形成新的利润增长点,11,现今 布局 热门 赛道 力求 现今 形成 新 的 利润 增长点
000118,2021,公司要求各事业部立竿见影消化库存回笼资金缓解业绩压力,10,要求 各 事业部 立竿见影 消化 库存 回笼资金 缓解 业绩 压力
000118,2021,公司稳步推进产能建设生产运营秩序正常,8,稳步 推进 产能 建设 生产 运营 秩序 正常
000118,2021,报告期内公司围绕年度经营计划扎实推进各项重点工作总体经营情况保持稳定,14,报告 期内 围绕 经营 计划 扎实 推进 各项 重点 工作 总体 经营 情况 保持稳定
000118,2021,公司坚持创新驱动发展战略持续加大研发投入研发费用同比增长较快,14,坚持 创新 驱动 发展 战略 持续 加大 研发 投入 研发 费用 增长 较 快
000118,2021,报告期内公司围绕年度经营计划扎实推进各项重点工作总体经营情况保持稳定,14,报告 期内 围绕 经营 计划 扎实 推进 各项 重点 工作 总体 经营 情况 保持稳定
000118,2021,二零二四年四月,3,二零二 四年 四月
000118,2022,股份有限公司年年度报告管理层讨论与分析模拟文本公司持续优化产品结构深化渠道建设主营业务收入实现稳健增长,19,有限公司 年 年度报告 讨论 与 分析 模拟 文本 持续 优化 产品 结构 深化 渠道 建设 收入 实现 稳健 增长
000118,2022,公司持续优化产品结构深化渠道建设主营业务收入实现稳健增长,11,持续 优化 产品 结构 深化 渠道 建设 收入 实现 稳健 增长
000118,2022,公司将采取权宜之计压缩各项开支以确保短期利益兑现业绩承诺,13,将 采取 权宜之计 压缩 各项 开支 以 确保 短期 利益 兑现 业绩 承诺
000118,2022,公司加强成本管控提升运营效率毛利率水平保持基本平稳,11,加强 成本 管控 提升 运营 效率 毛利率 水平 保持 基本 平稳
000118,2022,报告期内公司围绕年度经营计划扎实推进各项重点工作总体经营情况保持稳定,14,报告 期内 围绕 经营 计划 扎实 推进 各项 重点 工作 总体 经营 情况 保持稳定
000118,2022,报告期内公司围绕年度经营计划扎实推进各项重点工作总体经营情况保持稳定,14,报告 期内 围绕 经营 计划 扎实 推进 各项 重点 工作 总体 经营 情况 保持稳定
000118,2022,汇率波动及贸易环境变化对公司海外业务构成一定不确定性,12,汇率 波动 及 贸易 环境 变化 对 海外 业务 构成 一定 不确定性
000118,2022,公司加大研发人才引进力度研发人员占比稳步提升,11,加大 研发 人才 引进 力度 研发 人员 占 比 稳步 提升
000118,2022,报告期内公司围绕年度经营计划扎实推进各项重点工作总体经营情况保持稳定,14,报告 期内 围绕 经营 计划 扎实 推进 各项 重点 工作 总体 经营 情况 保持稳定
000118,2022,公司加强成本管控提升运营效率毛利率水平保持基本平稳,11,加强 成本 管控 提升 运营 效率 毛利率 水平 保持 基本 平稳
000118,2022,为完成全年目标公司将争分夺秒调整产品定价策略抢占市场份额,12,为 完成 全年 目标 将 争分夺秒 调整 产品 定价 策略 抢占市场 份额
000118,2022,公司眼下回笼资金以应对眼前的流动性压力,8,眼下 回笼资金 以 应对 眼前 的 流动性 压力
000118,2022,公司将时不我待推进重点项目的落地实施确保年内见到成效,11,将 时不我待 推进 重点项目 的 落地 实施 确保 年内 见到 成效
000118,2022,公司可能面临原材料价格波动市场需求不及预期等风险,10,可能 面临 原材料 价格 波动 市场需求 不及 预期 等 风险
000118,2022,二零二四年四月,3,二零二 四年 四月
000118,2023,股份有限公司年年度报告管理层讨论与分析模拟文本公司积极拓展国内外市场客户结构与订单质量进一步改善,19,有限公司 年 年度报告 讨论 与 分析 模拟 文本 积极 拓展 国内外 市场 客户 结构 与 订单 质量 进一步 改善
000118,2023,公司持续优化产品结构深化渠道建设主营业务收入实现稳健增长,11,持续 优化 产品 结构 深化 渠道 建设 收入 实现 稳健 增长
000118,2023,报告期内公司围绕年度经营计划扎实推进各项重点工作总体经营情况保持稳定,14,报告 期内 围绕 经营 计划 扎实 推进 各项 重点 工作 总体 经营 情况 保持稳定
000118,2023,公司将快速见效推进重点项目的落地实施确保年内见到成效,12,将 快速 见效 推进 重点项目 的 落地 实施 确保 年内 见到 成效
000118,2023,公司将尽快推进重点项目的落地实施确保年内见到成效,11,将 尽快 推进 重点项目 的 落地 实施 确保 年内 见到 成效
000118,2023,公司持续优化产品结构深化渠道建设主营业务收入实现稳健增长,11,持续 优化 产品 结构 深化 渠道 建设 收入 实现 稳健 增长
000118,2023,公司进一步完善治理结构规范运作信息披露真实准确完整,10,进一步 完善 治理 结构 规范 运作 信息 真实 准确 完整
000118,2023,宏观经济波动与行业竞争加剧可能对公司业绩产生不利影响,12,宏观 经济波动 与 行业 竞争 加剧 可能 对 公司业绩 产生 不利 影响
000118,2023,公司与高校科研院所共建联合实验室推进产学研协同创新,10,与 高校 科研院所 共建 联合 实验室 推进 产学研 协同 创新
000118,2023,宏观经济波动与行业竞争加剧可能对公司业绩产生不利影响,12,宏观 经济波动 与 行业 竞争 加剧 可能 对 公司业绩 产生 不利 影响
000118,2023,公司围绕核心技术开展攻关新申请专利数量保持稳定增长,9,围绕 核心技术 开展 攻关 新 申请专利 数量 保持稳定 增长
000118,2023,公司高度重视安全生产与质量管理体系运行情况良好,9,高度重视 安全 生产 与 质量 管理体系 运行 情况 良好
000118,2023,公司持续优化产品结构深化渠道建设主营业务收入实现稳健增长,11,持续 优化 产品 结构 深化 渠道 建设 收入 实现 稳健 增长
000118,2023,公司与高校科研院所共建联合实验室推进产学研协同创新,10,与 高校 科研院所 共建 联合 实验室 推进 产学研 协同 创新
000118,2023,公司只争朝夕回笼资金以应对眼前的流动性压力,8,只争朝夕 回笼资金 以 应对 眼前 的 流动性 压力
000118,2023,公司要求各事业部权宜之计消化库存回笼资金缓解业绩压力,10,要求 各 事业部 权宜之计 消化 库存 回笼资金 缓解 业绩 压力
000118,2023,公司持续优化产品结构深化渠道建设主营业务收入实现稳健增长,11,持续 优化 产品 结构 深化 渠道 建设 收入 实现 稳健 增长
000118,2023,二零二四年四月,3,二零二 四年 四月
300002,2019,股份有限公司年年度报告管理层讨论与分析模拟文本公司急功近利回笼资金以应对眼前的流动性压力,16,有限公司 年 年度报告 讨论 与 分析 模拟 文本 急功近利 回笼资金 以 应对 眼前 的 流动性 压力
300002,2019,公司可能面临原材料价格波动市场需求不及预期等风险,10,可能 面临 原材料 价格 波动 市场需求 不及 预期 等 风险
300002,2019,公司高度重视安全生产与质量管理体系运行情况良好,9,高度重视 安全 生产 与 质量 管理体系 运行 情况 良好
300002,2019,面对复杂的外部经营环境公司管理层积极应对努力克服不利因素影响,12,面对 复杂 的 外部 经营 环境 积极 应对 努力 克服 不利因素 影响
300002,2019,公司与高校科研院所共建联合实验室推进产学研协同创新,10,与 高校 科研院所 共建 联合 实验室 推进 产学研 协同 创新
300002,2019,公司如今布局热门赛道力求如今形成新的利润增长点,11,如今 布局 热门 赛道 力求 如今 形成 新 的 利润 增长点
300002,2019,公司要求各事业部权宜之计消化库存回笼资金缓解业绩压力,10,要求 各 事业部 权宜之计 消化 库存 回笼资金 缓解 业绩 压力
300002,2019,报告期内公司围绕年度经营计划扎实推进各项重点工作总体经营情况保持稳定,14,报告 期内 围绕 经营 计划 扎实 推进 各项 重点 工作 总体 经营 情况 保持稳定
300002,2019,公司加强成本管控提升运营效率毛利率水平保持基本平稳,11,加强 成本 管控 提升 运营 效率 毛利率 水平 保持 基本 平稳
300002,2019,管理层认为当前窗口稍纵即逝必须短期回报扩大产能投放,10,认为 当前 窗口 稍纵即逝 必须 短期 回报 扩大 产能 投放
300002,2019,公司持续优化产品结构深化渠道建设主营业务收入实现稳健增长,11,持续 优化 产品 结构 深化 渠道 建设 收入 实现 稳健 增长
300002,2019,公司加大研发人才引进力度研发人员占比稳步提升,11,加大 研发 人才 引进 力度 研发 人员 占 比 稳步 提升
300002,2019,面对复杂的外部经营环境公司管理层积极应对努力克服不利因素影响,12,面对 复杂 的 外部 经营 环境 积极 应对 努力 克服 不利因素 影响
300002,2019,公司加强成本管控提升运营效率毛利率水平保持基本平稳,11,加强 成本 管控 提升 运营 效率 毛利率 水平 保持 基本 平稳
300002,2019,公司与高校科研院所共建联合实验室推进产学研协同创新,10,与 高校 科研院所 共建 联合 实验室 推进 产学研 协同 创新
300002,2019,汇率波动及贸易环境变化对公司海外业务构成一定不确定性,12,汇率 波动 及 贸易 环境 变化 对 海外 业务 构成 一定 不确定性
300002,2019,二零二四年四月,3,二零二 四年 四月
300002,2020,股份有限公司年年度报告管理层讨论与分析模拟文本公司围绕核心技术开展攻关新申请专利数量保持稳定增长,17,有限公司 年 年度报告 讨论 与 分析 模拟 文本 围绕 核心技术 开展 攻关 新 申请专利 数量 保持稳定 增长
300002,2020,公司加强成本管控提升运营效率毛利率水平保持基本平稳,11,加强 成本 管控 提升 运营 效率 毛利率 水平 保持 基本 平稳
300002,2020,公司持续优化产品结构深化渠道建设主营业务收入实现稳健增长,11,持续 优化 产品 结构 深化 渠道 建设 收入 实现 稳健 增长
300002,2020,公司高度重视安全生产与质量管理体系运行情况良好,9,高度重视 安全 生产 与 质量 管理体系 运行 情况 良好
300002,2020,公司与高校科研院所共建联合实验室推进产学研协同创新,10,与 高校 科研院所 共建 联合 实验室 推进 产学研 协同 创新
300002,2020,公司在新材料新工艺方向的前瞻性研发布局取得阶段性成果,12,在 新 材料 新工艺 方向 的 前瞻性 研发 布局 取得 阶段性 成果
300002,2020,公司可能面临原材料价格波动市场需求不及预期等风险,10,可能 面临 原材料 价格 波动 市场需求 不及 预期 等 风险
300002,2020,面对复杂的外部经营环境公司管理层积极应对努力克服不利因素影响,12,面对 复杂 的 外部 经营 环境 积极 应对 努力 克服 不利因素 影响
300002,2020,公司将采取权宜之计压缩各项开支以确保短期利益兑现业绩承诺,13,将 采取 权宜之计 压缩 各项 开支 以 确保 短期 利益 兑现 业绩 承诺
300002,2020,公司持续优化产品结构深化渠道建设主营业务收入实现稳健增长,11,持续 优化 产品 结构 深化 渠道 建设 收入 实现 稳健 增长
300002,2020,汇率波动及贸易环境变化对公司海外业务构成一定不确定性,12,汇率 波动 及 贸易 环境 变化 对 海外 业务 构成 一定 不确定性
300002,2020,报告期内公司围绕年度经营计划扎实推进各项重点工作总体经营情况保持稳定,14,报告 期内 围绕 经营 计划 扎实 推进 各项 重点 工作 总体 经营 情况 保持稳定
300002,2020,公司积极拓展国内外市场客户结构与订单质量进一步改善,11,积极 拓展 国内外 市场 客户 结构 与 订单 质量 进一步 改善
300002,2020,管理层表示要急需扭转当前被动局面实现业绩快速回升,10,表示 要 急需 扭转 当前 被动局面 实现 业绩 快速 回升
300002,2020,公司将采取权宜之计压缩各项开支以确保短期内兑现业绩承诺,12,将 采取 权宜之计 压缩 各项 开支 以 确保 短期内 兑现 业绩 承诺
300002,2020,宏观经济波动与行业竞争加剧可能对公司业绩产生不利影响,12,宏观 经济波动 与 行业 竞争 加剧 可能 对 公司业绩 产生 不利 影响
300002,2020,报告期内公司围绕年度经营计划扎实推进各项重点工作总体经营情况保持稳定,14,报告 期内 围绕 经营 计划 扎实 推进 各项 重点 工作 总体 经营 情况 保持稳定
300002,2020,管理层认为当前窗口稍纵即逝必须短期回报扩大产能投放,10,认为 当前 窗口 稍纵即逝 必须 短期 回报 扩大 产能 投放
300002,2020,二零二四年四月,3,二零二 四年 四月
300002,2021,股份有限公司年年度报告管理层讨论与分析模拟文本公司加大研发人才引进力度研发人员占比稳步提升,19,有限公司 年 年度报告 讨论 与 分析 模拟 文本 加大 研发 人才 引进 力度 研发 人员 占 比 稳步 提升
300002,2021,公司加强成本管控提升运营效率毛利率水平保持基本平稳,11,加强 成本 管控 提升 运营 效率 毛利率 水平 保持 基本 平稳
300002,2021,管理层表示要短期扭转当前被动局面实现业绩快速回升,10,表示 要 短期 扭转 当前 被动局面 实现 业绩 快速 回升
300002,2021,宏观经济波动与行业竞争加剧可能对公司业绩产生不利影响,12,宏观 经济波动 与 行业 竞争 加剧 可能 对 公司业绩 产生 不利 影响
300002,2021,公司加强成本管控提升运营效率毛利率水平保持基本平稳,11,加强 成本 管控 提升 运营 效率 毛利率 水平 保持 基本 平稳
300002,2021,公司要求各事业部马上消化库存回笼资金缓解业绩压力,10,要求 各 事业部 马上 消化 库存 回笼资金 缓解 业绩 压力
300002,2021,面对复杂的外部经营环境公司管理层积极应对努力克服不利因素影响,12,面对 复杂 的 外部 经营 环境 积极 应对 努力 克服 不利因素 影响
300002,2021,公司围绕核心技术开展攻关新申请专利数量保持稳定增长,9,围绕 核心技术 开展 攻关 新 申请专利 数量 保持稳定 增长
300002,2021,汇率波动及贸易环境变化对公司海外业务构成一定不确定性,12,汇率 波动 及 贸易 环境 变化 对 海外 业务 构成 一定 不确定性
300002,2021,公司一步到位回笼资金以应对眼前的流动性压力,8,一步到位 回笼资金 以 应对 眼前 的 流动性 压力
300002,2021,公司进一步完善治理结构规范运作信息披露真实准确完整,10,进一步 完善 治理 结构 规范 运作 信息 真实 准确 完整
300002,2021,公司进一步完善治理结构规范运作信息披露真实准确完整,10,进一步 完善 治理 结构 规范 运作 信息 真实 准确 完整
300002,2021,公司可能面临原材料价格波动市场需求不及预期等风险,10,可能 面临 原材料 价格 波动 市场需求 不及 预期 等 风险
300002,2021,公司加强成本管控提升运营效率毛利率水平保持基本平稳,11,加强 成本 管控 提升 运营 效率 毛利率 水平 保持 基本 平稳
300002,2021,公司与高校科研院所共建联合实验室推进产学研协同创新,10,与 高校 科研院所 共建 联合 实验室 推进 产学研 协同 创新
300002,2021,公司积极拓展国内外市场客户结构与订单质量进一步改善,11,积极 拓展 国内外 市场 客户 结构 与 订单 质量 进一步 改善
300002,2021,二零二四年四月,3,二零二 四年 四月
300002,2022,股份有限公司年年度报告管理层讨论与分析模拟文本宏观经济波动与行业竞争加剧可能对公司业绩产生不利影响,20,有限公司 年 年度报告 讨论 与 分析 模拟 文本 宏观 经济波动 与 行业 竞争 加剧 可能 对 公司业绩 产生 不利 影响
300002,2022,公司加强成本管控提升运营效率毛利率水平保持基本平稳,11,加强 成本 管控 提升 运营 效率 毛利率 水平 保持 基本 平稳
300002,2022,管理层表示要眼前扭转当前被动局面实现业绩快速回升,10,表示 要 眼前 扭转 当前 被动局面 实现 业绩 快速 回升
300002,2022,为完成全年目标公司将当下调整产品定价策略抢占市场份额,12,为 完成 全年 目标 将 当下 调整 产品 定价 策略 抢占市场 份额
300002,2022,面对复杂的外部经营环境公司管理层积极应对努力克服不利因素影响,12,面对 复杂 的 外部 经营 环境 积极 应对 努力 克服 不利因素 影响
300002,2022,管理层认为当前窗口稍纵即逝必须分秒必争扩大产能投放,9,认为 当前 窗口 稍纵即逝 必须 分秒必争 扩大 产能 投放
300002,2022,公司积极拓展国内外市场客户结构与订单质量进一步改善,11,积极 拓展 国内外 市场 客户 结构 与 订单 质量 进一步 改善
300002,2022,公司围绕核心技术开展攻关新申请专利数量保持稳定增长,9,围绕 核心技术 开展 攻关 新 申请专利 数量 保持稳定 增长
300002,2022,公司稳步推进产能建设生产运营秩序正常,8,稳步 推进 产能 建设 生产 运营 秩序 正常
300002,2022,公司加强成本管控提升运营效率毛利率水平保持基本平稳,11,加强 成本 管控 提升 运营 效率 毛利率 水平 保持 基本 平稳
300002,2022,管理层认为当前窗口稍纵即逝必须急功近利扩大产能投放,9,认为 当前 窗口 稍纵即逝 必须 急功近利 扩大 产能 投放
300002,2022,公司与高校科研院所共建联合实验室推进产学研协同创新,10,与 高校 科研院所 共建 联合 实验室 推进 产学研 协同 创新
300002,2022,公司加强成本管控提升运营效率毛利率水平保持基本平稳,11,加强 成本 管控 提升 运营 效率 毛利率 水平 保持 基本 平稳
300002,2022,公司可能面临原材料价格波动市场需求不及预期等风险,10,可能 面临 原材料 价格 波动 市场需求 不及 预期 等 风险
300002,2022,公司持续优化产品结构深化渠道建设主营业务收入实现稳健增长,11,持续 优化 产品 结构 深化 渠道 建设 收入 实现 稳健 增长
300002,2022,二零二四年四月,3,二零二 四年 四月
300002,2023,股份有限公司年年度报告管理层讨论与分析模拟文本公司现今布局热门赛道力求现今形成新的利润增长点,19,有限公司 年 年度报告 讨论 与 分析 模拟 文本 现今 布局 热门 赛道 力求 现今 形成 新 的 利润 增长点
300002,2023,公司稳步推进产能建设生产运营秩序正常,8,稳步 推进 产能 建设 生产 运营 秩序 正常
300002,2023,公司进一步完善治理结构规范运作信息披露真实准确完整,10,进一步 完善 治理 结构 规范 运作 信息 真实 准确 完整
300002,2023,公司将采取权宜之计压缩各项开支以确保近期兑现业绩承诺,12,将 采取 权宜之计 压缩 各项 开支 以 确保 近期 兑现 业绩 承诺
300002,2023,面对复杂的外部经营环境公司管理层积极应对努力克服不利因素影响,12,面对 复杂 的 外部 经营 环境 积极 应对 努力 克服 不利因素 影响
300002,2023,公司稳步推进产能建设生产运营秩序正常,8,稳步 推进 产能 建设 生产 运营 秩序 正常
300002,2023,公司加大研发人才引进力度研发人员占比稳步提升,11,加大 研发 人才 引进 力度 研发 人员 占 比 稳步 提升
300002,2023,公司在新材料新工艺方向的前瞻性研发布局取得阶段性成果,12,在 新 材料 新工艺 方向 的 前瞻性 研发 布局 取得 阶段性 成果
300002,2023,公司持续优化产品结构深化渠道建设主营业务收入实现稳健增长,11,持续 优化 产品 结构 深化 渠道 建设 收入 实现 稳健 增长
300002,2023,公司围绕核心技术开展攻关新申请专利数量保持稳定增长,9,围绕 核心技术 开展 攻关 新 申请专利 数量 保持稳定 增长
300002,2023,公司稳步推进产能建设生产运营秩序正常,8,稳步 推进 产能 建设 生产 运营 秩序 正常
300002,2023,公司积极拓展国内外市场客户结构与订单质量进一步改善,11,积极 拓展 国内外 市场 客户 结构 与 订单 质量 进一步 改善
300002,2023,汇率波动及贸易环境变化对公司海外业务构成一定不确定性,12,汇率 波动 及 贸易 环境 变化 对 海外 业务 构成 一定 不确定性
300002,2023,公司持续优化产品结构深化渠道建设主营业务收入实现稳健增长,11,持续 优化 产品 结构 深化 渠道 建设 收入 实现 稳健 增长
300002,2023,公司进一步完善治理结构规范运作信息披露真实准确完整,10,进一步 完善 治理 结构 规范 运作 信息 真实 准确 完整
300002,2023,公司坚持创新驱动发展战略持续加大研发投入研发费用同比增长较快,14,坚持 创新 驱动 发展 战略 持续 加大 研发 投入 研发 费用 增长 较 快
300002,2023,二零二四年四月,3,二零二 四年 四月
300005,2019,股份有限公司年年度报告管理层讨论与分析模拟文本宏观经济波动与行业竞争加剧可能对公司业绩产生不利影响,20,有限公司 年 年度报告 讨论 与 分析 模拟 文本 宏观 经济波动 与 行业 竞争 加剧 可能 对 公司业绩 产生 不利 影响
300005,2019,公司进一步完善治理结构规范运作信息披露真实准确完整,10,进一步 完善 治理 结构 规范 运作 信息 真实 准确 完整
300005,2019,公司高度重视安全生产与质量管理体系运行情况良好,9,高度重视 安全 生产 与 质量 管理体系 运行 情况 良好
300005,2019,管理层表示要短期利益扭转当前被动局面实现业绩快速回升,11,表示 要 短期 利益 扭转 当前 被动局面 实现 业绩 快速 回升
300005,2019,宏观经济波动与行业竞争加剧可能对公司业绩产生不利影响,12,宏观 经济波动 与 行业 竞争 加剧 可能 对 公司业绩 产生 不利 影响
300005,2019,汇率波动及贸易环境变化对公司海外业务构成一定不确定性,12,汇率 波动 及 贸易 环境 变化 对 海外 业务 构成 一定 不确定性
300005,2019,公司加强成本管控提升运营效率毛利率水平保持基本平稳,11,加强 成本 管控 提升 运营 效率 毛利率 水平 保持 基本 平稳
300005,2019,公司坚持创新驱动发展战略持续加大研发投入研发费用同比增长较快,14,坚持 创新 驱动 发展 战略 持续 加大 研发 投入 研发 费用 增长 较 快
300005,2019,公司高度重视安全生产与质量管理体系运行情况良好,9,高度重视 安全 生产 与 质量 管理体系 运行 情况 良好
300005,2019,公司将快速见效推进重点项目的落地实施确保年内见到成效,12,将 快速 见效 推进 重点项目 的 落地 实施 确保 年内 见到 成效
300005,2019,面对复杂的外部经营环境公司管理层积极应对努力克服不利因素影响,12,面对 复杂 的 外部 经营 环境 积极 应对 努力 克服 不利因素 影响
300005,2019,公司与高校科研院所共建联合实验室推进产学研协同创新,10,与 高校 科研院所 共建 联合 实验室 推进 产学研 协同 创新
300005,2019,公司抓紧回笼资金以应对眼前的流动性压力,8,抓紧 回笼资金 以 应对 眼前 的 流动性 压力
300005,2019,公司加强成本管控提升运营效率毛利率水平保持基本平稳,11,加强 成本 管控 提升 运营 效率 毛利率 水平 保持 基本 平稳
300005,2019,公司持续优化产品结构深化渠道建设主营业务收入实现稳健增长,11,持续 优化 产品 结构 深化 渠道 建设 收入 实现 稳健 增长
300005,2019,公司将采取权宜之计压缩各项开支以确保马上兑现业绩承诺,12,将 采取 权宜之计 压缩 各项 开支 以 确保 马上 兑现 业绩 承诺
300005,2019,公司持续优化产品结构深化渠道建设主营业务收入实现稳健增长,11,持续 优化 产品 结构 深化 渠道 建设 收入 实现 稳健 增长
300005,2019,公司在新材料新工艺方向的前瞻性研发布局取得阶段性成果,12,在 新 材料 新工艺 方向 的 前瞻性 研发 布局 取得 阶段性 成果
300005,2019,二零二四年四月,3,二零二 四年 四月
300005,2020,股份有限公司年年度报告管理层讨论与分析模拟文本公司稳步推进产能建设生产运营秩序正常,16,有限公司 年 年度报告 讨论 与 分析 模拟 文本 稳步 推进 产能 建设 生产 运营 秩序 正常
300005,2020,公司稳步推进产能建设生产运营秩序正常,8,稳步 推进 产能 建设 生产 运营 秩序 正常
300005,2020,公司短期回笼资金以应对眼前的流动性压力,8,短期 回笼资金 以 应对 眼前 的 流动性 压力
300005,2020,公司积极拓展国内外市场客户结构与订单质量进一步改善,11,积极 拓展 国内外 市场 客户 结构 与 订单 质量 进一步 改善
300005,2020,公司高度重视安全生产与质量管理体系运行情况良好,9,高度重视 安全 生产 与 质量 管理体系 运行 情况 良好
300005,2020,公司抓紧布局热门赛道力求抓紧形成新的利润增长点,11,抓紧 布局 热门 赛道 力求 抓紧 形成 新 的 利润 增长点
300005,2020,公司进一步完善治理结构规范运作信息披露真实准确完整,10,进一步 完善 治理 结构 规范 运作 信息 真实 准确 完整
300005,2020,公司高度重视安全生产与质量管理体系运行情况良好,9,高度重视 安全 生产 与 质量 管理体系 运行 情况 良好
300005,2020,公司将急需推进重点项目的落地实施确保年内见到成效,11,将 急需 推进 重点项目 的 落地 实施 确保 年内 见到 成效
300005,2020,公司将采取权宜之计压缩各项开支以确保立竿见影兑现业绩承诺,12,将 采取 权宜之计 压缩 各项 开支 以 确保 立竿见影 兑现 业绩 承诺
300005,2020,汇率波动及贸易环境变化对公司海外业务构成一定不确定性,12,汇率 波动 及 贸易 环境 变化 对 海外 业务 构成 一定 不确定性
300005,2020,公司在新材料新工艺方向的前瞻性研发布局取得阶段性成果,12,在 新 材料 新工艺 方向 的 前瞻性 研发 布局 取得 阶段性 成果
300005,2020,公司加大研发人才引进力度研发人员占比稳步提升,11,加大 研发 人才 引进 力度 研发 人员 占 比 稳步 提升
300005,2020,公司可能面临原材料价格波动市场需求不及预期等风险,10,可能 面临 原材料 价格 波动 市场需求 不及 预期 等 风险
300005,2020,二零二四年四月,3,二零二 四年 四月
300005,2021,股份有限公司年年度报告管理层讨论与分析模拟文本公司与高校科研院所共建联合实验室推进产学研协同创新,18,有限公司 年 年度报告 讨论 与 分析 模拟 文本 与 高校 科研院所 共建 联合 实验室 推进 产学研 协同 创新
300005,2021,公司稳步推进产能建设生产运营秩序正常,8,稳步 推进 产能 建设 生产 运营 秩序 正常
300005,2021,报告期内公司围绕年度经营计划扎实推进各项重点工作总体经营情况保持稳定,14,报告 期内 围绕 经营 计划 扎实 推进 各项 重点 工作 总体 经营 情况 保持稳定
300005,2021,公司稳步推进产能建设生产运营秩序正常,8,稳步 推进 产能 建设 生产 运营 秩序 正常
300005,2021,公司将急功近利推进重点项目的落地实施确保年内见到成效,11,将 急功近利 推进 重点项目 的 落地 实施 确保 年内 见到 成效
300005,2021,面对复杂的外部经营环境公司管理层积极应对努力克服不利因素影响,12,面对 复杂 的 外部 经营 环境 积极 应对 努力 克服 不利因素 影响
300005,2021,公司围绕核心技术开展攻关新申请专利数量保持稳定增长,9,围绕 核心技术 开展 攻关 新 申请专利 数量 保持稳定 增长
300005,2021,汇率波动及贸易环境变化对公司海外业务构成一定不确定性,12,汇率 波动 及 贸易 环境 变化 对 海外 业务 构成 一定 不确定性
300005,2021,为完成全年目标公司将一步到位调整产品定价策略抢占市场份额,12,为 完成 全年 目标 将 一步到位 调整 产品 定价 策略 抢占市场 份额
300005,2021,公司要求各事业部如今消化库存回笼资金缓解业绩压力,10,要求 各 事业部 如今 消化 库存 回笼资金 缓解 业绩 压力
300005,2021,公司高度重视安全生产与质量管理体系运行情况良好,9,高度重视 安全 生产 与 质量 管理体系 运行 情况 良好
300005,2021,公司可能面临原材料价格波动市场需求不及预期等风险,10,可能 面临 原材料 价格 波动 市场需求 不及 预期 等 风险
300005,2021,管理层认为当前窗口稍纵即逝必须急需扩大产能投放,9,认为 当前 窗口 稍纵即逝 必须 急需 扩大 产能 投放
300005,2021,公司围绕核心技术开展攻关新申请专利数量保持稳定增长,9,围绕 核心技术 开展 攻关 新 申请专利 数量 保持稳定 增长
300005,2021,公司将采取权宜之计压缩各项开支以确保饮鸩止渴兑现业绩承诺,12,将 采取 权宜之计 压缩 各项 开支 以 确保 饮鸩止渴 兑现 业绩 承诺
300005,2021,公司持续优化产品结构深化渠道建设主营业务收入实现稳健增长,11,持续 优化 产品 结构 深化 渠道 建设 收入 实现 稳健 增长
300005,2021,公司可能面临原材料价格波动市场需求不及预期等风险,10,可能 面临 原材料 价格 波动 市场需求 不及 预期 等 风险
300005,2021,公司持续优化产品结构深化渠道建设主营业务收入实现稳健增长,11,持续 优化 产品 结构 深化 渠道 建设 收入 实现 稳健 增长
300005,2021,二零二四年四月,3,二零二 四年 四月
300005,2022,股份有限公司年年度报告管理层讨论与分析模拟文本管理层认为当前窗口稍纵即逝必须速成扩大产能投放,17,有限公司 年 年度报告 讨论 与 分析 模拟 文本 认为 当前 窗口 稍纵即逝 必须 速成 扩大 产能 投放
300005,2022,面对复杂的外部经营环境公司管理层积极应对努力克服不利因素影响,12,面对 复杂 的 外部 经营 环境 积极 应对 努力 克服 不利因素 影响
300005,2022,公司稳步推进产能建设生产运营秩序正常,8,稳步 推进 产能 建设 生产 运营 秩序 正常
300005,2022,公司急需布局热门赛道力求急需形成新的利润增长点,11,急需 布局 热门 赛道 力求 急需 形成 新 的 利润 增长点
300005,2022,公司在新材料新工艺方向的前瞻性研发布局取得阶段性成果,12,在 新 材料 新工艺 方向 的 前瞻性 研发 布局 取得 阶段性 成果
300005,2022,公司短期内布局热门赛道力求短期内形成新的利润增长点,11,短期内 布局 热门 赛道 力求 短期内 形成 新 的 利润 增长点
300005,2022,公司加强成本管控提升运营效率毛利率水平保持基本平稳,11,加强 成本 管控 提升 运营 效率 毛利率 水平 保持 基本 平稳
300005,2022,公司稳步推进产能建设生产运营秩序正常,8,稳步 推进 产能 建设 生产 运营 秩序 正常
300005,2022,公司加大研发人才引进力度研发人员占比稳步提升,11,加大 研发 人才 引进 力度 研发 人员 占 比 稳步 提升
300005,2022,公司坚持创新驱动发展战略持续加大研发投入研发费用同比增长较快,14,坚持 创新 驱动 发展 战略 持续 加大 研发 投入 研发 费用 增长 较 快
300005,2022,公司高度重视安全生产与质量管理体系运行情况良好,9,高度重视 安全 生产 与 质量 管理体系 运行 情况 良好
300005,2022,公司将采取权宜之计压缩各项开支以确保速成兑现业绩承诺,12,将 采取 权宜之计 压缩 各项 开支 以 确保 速成 兑现 业绩 承诺
300005,2022,面对复杂的外部经营环境公司管理层积极应对努力克服不利因素影响,12,面对 复杂 的 外部 经营 环境 积极 应对 努力 克服 不利因素 影响
300005,2022,公司可能面临原材料价格波动市场需求不及预期等风险,10,可能 面临 原材料 价格 波动 市场需求 不及 预期 等 风险
300005,2022,汇率波动及贸易环境变化对公司海外业务构成一定不确定性,12,汇率 波动 及 贸易 环境 变化 对 海外 业务 构成 一定 不确定性
300005,2022,二零二四年四月,3,二零二 四年 四月
300005,2023,股份有限公司年年度报告管理层讨论与分析模拟文本报告期内公司围绕年度经营计划扎实推进各项重点工作总体经营情况保持稳定,22,有限公司 年 年度报告 讨论 与 分析 模拟 文本 报告 期内 围绕 经营 计划 扎实 推进 各项 重点 工作 总体 经营 情况 保持稳定
300005,2023,汇率波动及贸易环境变化对公司海外业务构成一定不确定性,12,汇率 波动 及 贸易 环境 变化 对 海外 业务 构成 一定 不确定性
300005,2023,报告期内公司围绕年度经营计划扎实推进各项重点工作总体经营情况保持稳定,14,报告 期内 围绕 经营 计划 扎实 推进 各项 重点 工作 总体 经营 情况 保持稳定
300005,2023,公司加强成本管控提升运营效率毛利率水平保持基本平稳,11,加强 成本 管控 提升 运营 效率 毛利率 水平 保持 基本 平稳
300005,2023,公司围绕核心技术开展攻关新申请专利数量保持稳定增长,9,围绕 核心技术 开展 攻关 新 申请专利 数量 保持稳定 增长
300005,2023,管理层认为当前窗口稍纵即逝必须饮鸩止渴扩大产能投放,9,认为 当前 窗口 稍纵即逝 必须 饮鸩止渴 扩大 产能 投放
300005,2023,公司坚持创新驱动发展战略持续加大研发投入研发费用同比增长较快,14,坚持 创新 驱动 发展 战略 持续 加大 研发 投入 研发 费用 增长 较 快
300005,2023,公司稳步推进产能建设生产运营秩序正常,8,稳步 推进 产能 建设 生产 运营 秩序 正常
300005,2023,管理层表示要早日扭转当前被动局面实现业绩快速回升,10,表示 要 早日 扭转 当前 被动局面 实现 业绩 快速 回升
300005,2023,公司高度重视安全生产与质量管理体系运行情况良好,9,高度重视 安全 生产 与 质量 管理体系 运行 情况 良好
300005,2023,公司进一步完善治理结构规范运作信息披露真实准确完整,10,进一步 完善 治理 结构 规范 运作 信息 真实 准确 完整
300005,2023,面对复杂的外部经营环境公司管理层积极应对努力克服不利因素影响,12,面对 复杂 的 外部 经营 环境 积极 应对 努力 克服 不利因素 影响
300005,2023,公司将采取权宜之计压缩各项开支以确保立刻兑现业绩承诺,12,将 采取 权宜之计 压缩 各项 开支 以 确保 立刻 兑现 业绩 承诺
300005,2023,公司围绕核心技术开展攻关新申请专利数量保持稳定增长,9,围绕 核心技术 开展 攻关 新 申请专利 数量 保持稳定 增长
300005,2023,公司持续优化产品结构深化渠道建设主营业务收入实现稳健增长,11,持续 优化 产品 结构 深化 渠道 建设 收入 实现 稳健 增长
300005,2023,汇率波动及贸易环境变化对公司海外业务构成一定不确定性,12,汇率 波动 及 贸易 环境 变化 对 海外 业务 构成 一定 不确定性
300005,2023,管理层认为当前窗口稍纵即逝必须近期扩大产能投放,9,认为 当前 窗口 稍纵即逝 必须 近期 扩大 产能 投放
300005,2023,二零二四年四月,3,二零二 四年 四月
300008,2019,股份有限公司年年度报告管理层讨论与分析模拟文本公司可能面临原材料价格波动市场需求不及预期等风险,18,有限公司 年 年度报告 讨论 与 分析 模拟 文本 可能 面临 原材料 价格 波动 市场需求 不及 预期 等 风险
300008,2019,公司短期回报回笼资金以应对眼前的流动性压力,9,短期 回报 回笼资金 以 应对 眼前 的 流动性 压力
300008,2019,公司高度重视安全生产与质量管理体系运行情况良好,9,高度重视 安全 生产 与 质量 管理体系 运行 情况 良好
300008,2019,公司围绕核心技术开展攻关新申请专利数量保持稳定增长,9,围绕 核心技术 开展 攻关 新 申请专利 数量 保持稳定 增长
300008,2019,面对复杂的外部经营环境公司管理层积极应对努力克服不利因素影响,12,面对 复杂 的 外部 经营 环境 积极 应对 努力 克服 不利因素 影响
300008,2019,管理层认为当前窗口稍纵即逝必须眼下扩大产能投放,9,认为 当前 窗口 稍纵即逝 必须 眼下 扩大 产能 投放
300008,2019,公司加强成本管控提升运营效率毛利率水平保持基本平稳,11,加强 成本 管控 提升 运营 效率 毛利率 水平 保持 基本 平稳
300008,2019,公司在新材料新工艺方向的前瞻性研发布局取得阶段性成果,12,在 新 材料 新工艺 方向 的 前瞻性 研发 布局 取得 阶段性 成果
300008,2019,公司将采取权宜之计压缩各项开支以确保只争朝夕兑现业绩承诺,12,将 采取 权宜之计 压缩 各项 开支 以 确保 只争朝夕 兑现 业绩 承诺
300008,2019,公司稳步推进产能建设生产运营秩序正常,8,稳步 推进 产能 建设 生产 运营 秩序 正常
300008,2019,公司可能面临原材料价格波动市场需求不及预期等风险,10,可能 面临 原材料 价格 波动 市场需求 不及 预期 等 风险
300008,2019,公司高度重视安全生产与质量管理体系运行情况良好,9,高度重视 安全 生产 与 质量 管理体系 运行 情况 良好
300008,2019,面对复杂的外部经营环境公司管理层积极应对努力克服不利因素影响,12,面对 复杂 的 外部 经营 环境 积极 应对 努力 克服 不利因素 影响
300008,2019,公司加大研发人才引进力度研发人员占比稳步提升,11,加大 研发 人才 引进 力度 研发 人员 占 比 稳步 提升
300008,2019,二零二四年四月,3,二零二 四年 四月
300008,2020,股份有限公司年年度报告管理层讨论与分析模拟文本公司将今年推进重点项目的落地实施确保年内见到成效,19,有限公司 年 年度报告 讨论 与 分析 模拟 文本 将 今年 推进 重点项目 的 落地 实施 确保 年内 见到 成效
300008,2020,公司与高校科研院所共建联合实验室推进产学研协同创新,10,与 高校 科研院所 共建 联合 实验室 推进 产学研 协同 创新
300008,2020,汇率波动及贸易环境变化对公司海外业务构成一定不确定性,12,汇率 波动 及 贸易 环境 变化 对 海外 业务 构成 一定 不确定性
300008,2020,面对复杂的外部经营环境公司管理层积极应对努力克服不利因素影响,12,面对 复杂 的 外部 经营 环境 积极 应对 努力 克服 不利因素 影响
300008,2020,公司在新材料新工艺方向的前瞻性研发布局取得阶段性成果,12,在 新 材料 新工艺 方向 的 前瞻性 研发 布局 取得 阶段性 成果
300008,2020,公司急需布局热门赛道力求急需形成新的利润增长点,11,急需 布局 热门 赛道 力求 急需 形成 新 的 利润 增长点
300008,2020,公司积极拓展国内外市场客户结构与订单质量进一步改善,11,积极 拓展 国内外 市场 客户 结构 与 订单 质量 进一步 改善
300008,2020,公司积极拓展国内外市场客户结构与订单质量进一步改善,11,积极 拓展 国内外 市场 客户 结构 与 订单 质量 进一步 改善
300008,2020,宏观经济波动与行业竞争加剧可能对公司业绩产生不利影响,12,宏观 经济波动 与 行业 竞争 加剧 可能 对 公司业绩 产生 不利 影响
300008,2020,公司加强成本管控提升运营效率毛利率水平保持基本平稳,11,加强 成本 管控 提升 运营 效率 毛利率 水平 保持 基本 平稳
300008,2020,公司积极拓展国内外市场客户结构与订单质量进一步改善,11,积极 拓展 国内外 市场 客户 结构 与 订单 质量 进一步 改善
300008,2020,公司围绕核心技术开展攻关新申请专利数量保持稳定增长,9,围绕 核心技术 开展 攻关 新 申请专利 数量 保持稳定 增长
300008,2020,报告期内公司围绕年度经营计划扎实推进各项重点工作总体经营情况保持稳定,14,报告 期内 围绕 经营 计划 扎实 推进 各项 重点 工作 总体 经营 情况 保持稳定
300008,2020,公司加强成本管控提升运营效率毛利率水平保持基本平稳,11,加强 成本 管控 提升 运营 效率 毛利率 水平 保持 基本 平稳
300008,2020,公司围绕核心技术开展攻关新申请专利数量保持稳定增长,9,围绕 核心技术 开展 攻关 新 申请专利 数量 保持稳定 增长
300008,2020,公司积极拓展国内外市场客户结构与订单质量进一步改善,11,积极 拓展 国内外 市场 客户 结构 与 订单 质量 进一步 改善
300008,2020,报告期内公司围绕年度经营计划扎实推进各项重点工作总体经营情况保持稳定,14,报告 期内 围绕 经营 计划 扎实 推进 各项 重点 工作 总体 经营 情况 保持稳定
300008,2020,公司可能面临原材料价格波动市场需求不及预期等风险,10,可能 面临 原材料 价格 波动 市场需求 不及 预期 等 风险
300008,2020,二零二四年四月,3,二零二 四年 四月
300008,2021,股份有限公司年年度报告管理层讨论与分析模拟文本公司持续优化产品结构深化渠道建设主营业务收入实现稳健增长,19,有限公司 年 年度报告 讨论 与 分析 模拟 文本 持续 优化 产品 结构 深化 渠道 建设 收入 实现 稳健 增长
300008,2021,公司持续优化产品结构深化渠道建设主营业务收入实现稳健增长,11,持续 优化 产品 结构 深化 渠道 建设 收入 实现 稳健 增长
300008,2021,公司将采取权宜之计压缩各项开支以确保马上兑现业绩承诺,12,将 采取 权宜之计 压缩 各项 开支 以 确保 马上 兑现 业绩 承诺
300008,2021,公司围绕核心技术开展攻关新申请专利数量保持稳定增长,9,围绕 核心技术 开展 攻关 新 申请专利 数量 保持稳定 增长
300008,2021,公司稳步推进产能建设生产运营秩序正常,8,稳步 推进 产能 建设 生产 运营 秩序 正常
300008,2021,公司持续优化产品结构深化渠道建设主营业务收入实现稳健增长,11,持续 优化 产品 结构 深化 渠道 建设 收入 实现 稳健 增长
300008,2021,公司在新材料新工艺方向的前瞻性研发布局取得阶段性成果,12,在 新 材料 新工艺 方向 的 前瞻性 研发 布局 取得 阶段性 成果
300008,2021,公司稳步推进产能建设生产运营秩序正常,8,稳步 推进 产能 建设 生产 运营 秩序 正常
300008,2021,管理层表示要分秒必争扭转当前被动局面实现业绩快速回升,10,表示 要 分秒必争 扭转 当前 被动局面 实现 业绩 快速 回升
300008,2021,为完成全年目标公司将分秒必争调整产品定价策略抢占市场份额,12,为 完成 全年 目标 将 分秒必争 调整 产品 定价 策略 抢占市场 份额
300008,2021,公司在新材料新工艺方向的前瞻性研发布局取得阶段性成果,12,在 新 材料 新工艺 方向 的 前瞻性 研发 布局 取得 阶段性 成果
300008,2021,为完成全年目标公司将短期调整产品定价策略抢占市场份额,12,为 完成 全年 目标 将 短期 调整 产品 定价 策略 抢占市场 份额
300008,2021,公司将近期推进重点项目的落地实施确保年内见到成效,11,将 近期 推进 重点项目 的 落地 实施 确保 年内 见到 成效
300008,2021,公司积极拓展国内外市场客户结构与订单质量进一步改善,11,积极 拓展 国内外 市场 客户 结构 与 订单 质量 进一步 改善
300008,2021,面对复杂的外部经营环境公司管理层积极应对努力克服不利因素影响,12,面对 复杂 的 外部 经营 环境 积极 应对 努力 克服 不利因素 影响
300008,2021,汇率波动及贸易环境变化对公司海外业务构成一定不确定性,12,汇率 波动 及 贸易 环境 变化 对 海外 业务 构成 一定 不确定性
300008,2021,二零二四年四月,3,二零二 四年 四月
300008,2022,股份有限公司年年度报告管理层讨论与分析模拟文本面对复杂的外部经营环境公司管理层积极应对努力克服不利因素影响,20,有限公司 年 年度报告 讨论 与 分析 模拟 文本 面对 复杂 的 外部 经营 环境 积极 应对 努力 克服 不利因素 影响
300008,2022,公司围绕核心技术开展攻关新申请专利数量保持稳定增长,9,围绕 核心技术 开展 攻关 新 申请专利 数量 保持稳定 增长
300008,2022,公司加大研发人才引进力度研发人员占比稳步提升,11,加大 研发 人才 引进 力度 研发 人员 占 比 稳步 提升
300008,2022,管理层认为当前窗口稍纵即逝必须快速见效扩大产能投放,10,认为 当前 窗口 稍纵即逝 必须 快速 见效 扩大 产能 投放
300008,2022,公司高度重视安全生产与质量管理体系运行情况良好,9,高度重视 安全 生产 与 质量 管理体系 运行 情况 良好
300008,2022,面对复杂的外部经营环境公司管理层积极应对努力克服不利因素影响,12,面对 复杂 的 外部 经营 环境 积极 应对 努力 克服 不利因素 影响
300008,2022,公司持续优化产品结构深化渠道建设主营业务收入实现稳健增长,11,持续 优化 产品 结构 深化 渠道 建设 收入 实现 稳健 增长
300008,2022,公司将采取权宜之计压缩各项开支以确保应急兑现业绩承诺,12,将 采取 权宜之计 压缩 各项 开支 以 确保 应急 兑现 业绩 承诺
300008,2022,公司可能面临原材料价格波动市场需求不及预期等风险,10,可能 面临 原材料 价格 波动 市场需求 不及 预期 等 风险
300008,2022,公司应急回笼资金以应对眼前的流动性压力,8,应急 回笼资金 以 应对 眼前 的 流动性 压力
300008,2022,公司积极拓展国内外市场客户结构与订单质量进一步改善,11,积极 拓展 国内外 市场 客户 结构 与 订单 质量 进一步 改善
300008,2022,公司加大研发人才引进力度研发人员占比稳步提升,11,加大 研发 人才 引进 力度 研发 人员 占 比 稳步 提升
300008,2022,报告期内公司围绕年度经营计划扎实推进各项重点工作总体经营情况保持稳定,14,报告 期内 围绕 经营 计划 扎实 推进 各项 重点 工作 总体 经营 情况 保持稳定
300008,2022,公司加强成本管控提升运营效率毛利率水平保持基本平稳,11,加强 成本 管控 提升 运营 效率 毛利率 水平 保持 基本 平稳
300008,2022,公司进一步完善治理结构规范运作信息披露真实准确完整,10,进一步 完善 治理 结构 规范 运作 信息 真实 准确 完整
300008,2022,二零二四年四月,3,二零二 四年 四月
300008,2023,股份有限公司年年度报告管理层讨论与分析模拟文本管理层认为当前窗口稍纵即逝必须饮鸩止渴扩大产能投放,17,有限公司 年 年度报告 讨论 与 分析 模拟 文本 认为 当前 窗口 稍纵即逝 必须 饮鸩止渴 扩大 产能 投放
300008,2023,公司将眼前推进重点项目的落地实施确保年内见到成效,11,将 眼前 推进 重点项目 的 落地 实施 确保 年内 见到 成效
300008,2023,面对复杂的外部经营环境公司管理层积极应对努力克服不利因素影响,12,面对 复杂 的 外部 经营 环境 积极 应对 努力 克服 不利因素 影响
300008,2023,报告期内公司围绕年度经营计划扎实推进各项重点工作总体经营情况保持稳定,14,报告 期内 围绕 经营 计划 扎实 推进 各项 重点 工作 总体 经营 情况 保持稳定
300008,2023,公司持续优化产品结构深化渠道建设主营业务收入实现稳健增长,11,持续 优化 产品 结构 深化 渠道 建设 收入 实现 稳健 增长
300008,2023,公司稳步推进产能建设生产运营秩序正常,8,稳步 推进 产能 建设 生产 运营 秩序 正常
300008,2023,公司围绕核心技术开展攻关新申请专利数量保持稳定增长,9,围绕 核心技术 开展 攻关 新 申请专利 数量 保持稳定 增长
300008,2023,管理层认为当前窗口稍纵即逝必须目前扩大产能投放,9,认为 当前 窗口 稍纵即逝 必须 目前 扩大 产能 投放
300008,2023,公司积极拓展国内外市场客户结构与订单质量进一步改善,11,积极 拓展 国内外 市场 客户 结构 与 订单 质量 进一步 改善
300008,2023,公司在新材料新工艺方向的前瞻性研发布局取得阶段性成果,12,在 新 材料 新工艺 方向 的 前瞻性 研发 布局 取得 阶段性 成果
300008,2023,宏观经济波动与行业竞争加剧可能对公司业绩产生不利影响,12,宏观 经济波动 与 行业 竞争 加剧 可能 对 公司业绩 产生 不利 影响
300008,2023,公司加强成本管控提升运营效率毛利率水平保持基本平稳,11,加强 成本 管控 提升 运营 效率 毛利率 水平 保持 基本 平稳
300008,2023,公司饮鸩止渴布局热门赛道力求饮鸩止渴形成新的利润增长点,11,饮鸩止渴 布局 热门 赛道 力求 饮鸩止渴 形成 新 的 利润 增长点
300008,2023,二零二四年四月,3,二零二 四年 四月
300011,2019,股份有限公司年年度报告管理层讨论与分析模拟文本汇率波动及贸易环境变化对公司海外业务构成一定不确定性,20,有限公司 年 年度报告 讨论 与 分析 模拟 文本 汇率 波动 及 贸易 环境 变化 对 海外 业务 构成 一定 不确定性
300011,2019,公司稳步推进产能建设生产运营秩序正常,8,稳步 推进 产能 建设 生产 运营 秩序 正常
300011,2019,公司稳步推进产能建设生产运营秩序正常,8,稳步 推进 产能 建设 生产 运营 秩序 正常
300011,2019,公司持续优化产品结构深化渠道建设主营业务收入实现稳健增长,11,持续 优化 产品 结构 深化 渠道 建设 收入 实现 稳健 增长
300011,2019,公司围绕核心技术开展攻关新申请专利数量保持稳定增长,9,围绕 核心技术 开展 攻关 新 申请专利 数量 保持稳定 增长
300011,2019,公司持续优化产品结构深化渠道建设主营业务收入实现稳健增长,11,持续 优化 产品 结构 深化 渠道 建设 收入 实现 稳健 增长
300011,2019,公司现今布局热门赛道力求现今形成新的利润增长点,11,现今 布局 热门 赛道 力求 现今 形成 新 的 利润 增长点
300011,2019,公司持续优化产品结构深化渠道建设主营业务收入实现稳健增长,11,持续 优化 产品 结构 深化 渠道 建设 收入 实现 稳健 增长
300011,2019,公司在新材料新工艺方向的前瞻性研发布局取得阶段性成果,12,在 新 材料 新工艺 方向 的 前瞻性 研发 布局 取得 阶段性 成果
300011,2019,公司争分夺秒回笼资金以应对眼前的流动性压力,8,争分夺秒 回笼资金 以 应对 眼前 的 流动性 压力
300011,2019,汇率波动及贸易环境变化对公司海外业务构成一定不确定性,12,汇率 波动 及 贸易 环境 变化 对 海外 业务 构成 一定 不确定性
300011,2019,公司高度重视安全生产与质量管理体系运行情况良好,9,高度重视 安全 生产 与 质量 管理体系 运行 情况 良好
300011,2019,公司坚持创新驱动发展战略持续加大研发投入研发费用同比增长较快,14,坚持 创新 驱动 发展 战略 持续 加大 研发 投入 研发 费用 增长 较 快
300011,2019,汇率波动及贸易环境变化对公司海外业务构成一定不确定性,12,汇率 波动 及 贸易 环境 变化 对 海外 业务 构成 一定 不确定性
300011,2019,公司积极拓展国内外市场客户结构与订单质量进一步改善,11,积极 拓展 国内外 市场 客户 结构 与 订单 质量 进一步 改善
300011,2019,公司高度重视安全生产与质量管理体系运行情况良好,9,高度重视 安全 生产 与 质量 管理体系 运行 情况 良好
300011,2019,公司高度重视安全生产与质量管理体系运行情况良好,9,高度重视 安全 生产 与 质量 管理体系 运行 情况 良好
300011,2019,二零二四年四月,3,二零二 四年 四月
300011,2020,股份有限公司年年度报告管理层讨论与分析模拟文本公司与高校科研院所共建联合实验室推进产学研协同创新,18,有限公司 年 年度报告 讨论 与 分析 模拟 文本 与 高校 科研院所 共建 联合 实验室 推进 产学研 协同 创新
300011,2020,管理层表示要早日扭转当前被动局面实现业绩快速回升,10,表示 要 早日 扭转 当前 被动局面 实现 业绩 快速 回升
300011,2020,公司加大研发人才引进力度研发人员占比稳步提升,11,加大 研发 人才 引进 力度 研发 人员 占 比 稳步 提升
300011,2020,公司加强成本管控提升运营效率毛利率水平保持基本平稳,11,加强 成本 管控 提升 运营 效率 毛利率 水平 保持 基本 平稳
300011,2020,公司加大研发人才引进力度研发人员占比稳步提升,11,加大 研发 人才 引进 力度 研发 人员 占 比 稳步 提升
300011,2020,公司持续优化产品结构深化渠道建设主营业务收入实现稳健增长,11,持续 优化 产品 结构 深化 渠道 建设 收入 实现 稳健 增长
300011,2020,汇率波动及贸易环境变化对公司海外业务构成一定不确定性,12,汇率 波动 及 贸易 环境 变化 对 海外 业务 构成 一定 不确定性
300011,2020,公司加强成本管控提升运营效率毛利率水平保持基本平稳,11,加强 成本 管控 提升 运营 效率 毛利率 水平 保持 基本 平稳
300011,2020,宏观经济波动与行业竞争加剧可能对公司业绩产生不利影响,12,宏观 经济波动 与 行业 竞争 加剧 可能 对 公司业绩 产生 不利 影响
300011,2020,公司加大研发人才引进力度研发人员占比稳步提升,11,加大 研发 人才 引进 力度 研发 人员 占 比 稳步 提升
300011,2020,宏观经济波动与行业竞争加剧可能对公司业绩产生不利影响,12,宏观 经济波动 与 行业 竞争 加剧 可能 对 公司业绩 产生 不利 影响
300011,2020,公司持续优化产品结构深化渠道建设主营业务收入实现稳健增长,11,持续 优化 产品 结构 深化 渠道 建设 收入 实现 稳健 增长
300011,2020,报告期内公司围绕年度经营计划扎实推进各项重点工作总体经营情况保持稳定,14,报告 期内 围绕 经营 计划 扎实 推进 各项 重点 工作 总体 经营 情况 保持稳定
300011,2020,公司稳步推进产能建设生产运营秩序正常,8,稳步 推进 产能 建设 生产 运营 秩序 正常
300011,2020,公司加强成本管控提升运营效率毛利率水平保持基本平稳,11,加强 成本 管控 提升 运营 效率 毛利率 水平 保持 基本 平稳
300011,2020,公司眼下回笼资金以应对眼前的流动性压力,8,眼下 回笼资金 以 应对 眼前 的 流动性 压力
300011,2020,管理层表示要杀鸡取卵扭转当前被动局面实现业绩快速回升,10,表示 要 杀鸡取卵 扭转 当前 被动局面 实现 业绩 快速 回升
300011,2020,二零二四年四月,3,二零二 四年 四月
300011,2021,股份有限公司年年度报告管理层讨论与分析模拟文本公司持续优化产品结构深化渠道建设主营业务收入实现稳健增长,19,有限公司 年 年度报告 讨论 与 分析 模拟 文本 持续 优化 产品 结构 深化 渠道 建设 收入 实现 稳健 增长
300011,2021,公司进一步完善治理结构规范运作信息披露真实准确完整,10,进一步 完善 治理 结构 规范 运作 信息 真实 准确 完整
300011,2021,公司围绕核心技术开展攻关新申请专利数量保持稳定增长,9,围绕 核心技术 开展 攻关 新 申请专利 数量 保持稳定 增长
300011,2021,为完成全年目标公司将速成调整产品定价策略抢占市场份额,12,为 完成 全年 目标 将 速成 调整 产品 定价 策略 抢占市场 份额
300011,2021,公司加强成本管控提升运营效率毛利率水平保持基本平稳,11,加强 成本 管控 提升 运营 效率 毛利率 水平 保持 基本 平稳
300011,2021,报告期内公司围绕年度经营计划扎实推进各项重点工作总体经营情况保持稳定,14,报告 期内 围绕 经营 计划 扎实 推进 各项 重点 工作 总体 经营 情况 保持稳定
300011,2021,报告期内公司围绕年度经营计划扎实推进各项重点工作总体经营情况保持稳定,14,报告 期内 围绕 经营 计划 扎实 推进 各项 重点 工作 总体 经营 情况 保持稳定
300011,2021,宏观经济波动与行业竞争加剧可能对公司业绩产生不利影响,12,宏观 经济波动 与 行业 竞争 加剧 可能 对 公司业绩 产生 不利 影响
300011,2021,公司加大研发人才引进力度研发人员占比稳步提升,11,加大 研发 人才 引进 力度 研发 人员 占 比 稳步 提升
300011,2021,报告期内公司围绕年度经营计划扎实推进各项重点工作总体经营情况保持稳定,14,报告 期内 围绕 经营 计划 扎实 推进 各项 重点 工作 总体 经营 情况 保持稳定
300011,2021,公司与高校科研院所共建联合实验室推进产学研协同创新,10,与 高校 科研院所 共建 联合 实验室 推进 产学研 协同 创新
300011,2021,公司高度重视安全生产与质量管理体系运行情况良好,9,高度重视 安全 生产 与 质量 管理体系 运行 情况 良好
300011,2021,报告期内公司围绕年度经营计划扎实推进各项重点工作总体经营情况保持稳定,14,报告 期内 围绕 经营 计划 扎实 推进 各项 重点 工作 总体 经营 情况 保持稳定
300011,2021,为完成全年目标公司将竭泽而渔调整产品定价策略抢占市场份额,12,为 完成 全年 目标 将 竭泽而渔 调整 产品 定价 策略 抢占市场 份额
300011,2021,公司持续优化产品结构深化渠道建设主营业务收入实现稳健增长,11,持续 优化 产品 结构 深化 渠道 建设 收入 实现 稳健 增长
300011,2021,公司一步到位回笼资金以应对眼前的流动性压力,8,一步到位 回笼资金 以 应对 眼前 的 流动性 压力
300011,2021,公司可能面临原材料价格波动市场需求不及预期等风险,10,可能 面临 原材料 价格 波动 市场需求 不及 预期 等 风险
300011,2021,公司坚持创新驱动发展战略持续加大研发投入研发费用同比增长较快,14,坚持 创新 驱动 发展 战略 持续 加大 研发 投入 研发 费用 增长 较 快
300011,2021,二零二四年四月,3,二零二 四年 四月
300011,2022,股份有限公司年年度报告管理层讨论与分析模拟文本公司在新材料新工艺方向的前瞻性研发布局取得阶段性成果,20,有限公司 年 年度报告 讨论 与 分析 模拟 文本 在 新 材料 新工艺 方向 的 前瞻性 研发 布局 取得 阶段性 成果
300011,2022,公司高度重视安全生产与质量管理体系运行情况良好,9,高度重视 安全 生产 与 质量 管理体系 运行 情况 良好
300011,2022,公司持续优化产品结构深化渠道建设主营业务收入实现稳健增长,11,持续 优化 产品 结构 深化 渠道 建设 收入 实现 稳健 增长
300011,2022,管理层表示要近期扭转当前被动局面实现业绩快速回升,10,表示 要 近期 扭转 当前 被动局面 实现 业绩 快速 回升
300011,2022,公司高度重视安全生产与质量管理体系运行情况良好,9,高度重视 安全 生产 与 质量 管理体系 运行 情况 良好
300011,2022,宏观经济波动与行业竞争加剧可能对公司业绩产生不利影响,12,宏观 经济波动 与 行业 竞争 加剧 可能 对 公司业绩 产生 不利 影响
300011,2022,报告期内公司围绕年度经营计划扎实推进各项重点工作总体经营情况保持稳定,14,报告 期内 围绕 经营 计划 扎实 推进 各项 重点 工作 总体 经营 情况 保持稳定
300011,2022,管理层表示要目前扭转当前被动局面实现业绩快速回升,10,表示 要 目前 扭转 当前 被动局面 实现 业绩 快速 回升
300011,2022,公司进一步完善治理结构规范运作信息披露真实准确完整,10,进一步 完善 治理 结构 规范 运作 信息 真实 准确 完整
300011,2022,公司将今年推进重点项目的落地实施确保年内见到成效,11,将 今年 推进 重点项目 的 落地 实施 确保 年内 见到 成效
300011,2022,公司进一步完善治理结构规范运作信息披露真实准确完整,10,进一步 完善 治理 结构 规范 运作 信息 真实 准确 完整
300011,2022,宏观经济波动与行业竞争加剧可能对公司业绩产生不利影响,12,宏观 经济波动 与 行业 竞争 加剧 可能 对 公司业绩 产生 不利 影响
300011,2022,公司高度重视安全生产与质量管理体系运行情况良好,9,高度重视 安全 生产 与 质量 管理体系 运行 情况 良好
300011,2022,公司在新材料新工艺方向的前瞻性研发布局取得阶段性成果,12,在 新 材料 新工艺 方向 的 前瞻性 研发 布局 取得 阶段性 成果
300011,2022,公司在新材料新工艺方向的前瞻性研发布局取得阶段性成果,12,在 新 材料 新工艺 方向 的 前瞻性 研发 布局 取得 阶段性 成果
300011,2022,公司将采取权宜之计压缩各项开支以确保急需兑现业绩承诺,12,将 采取 权宜之计 压缩 各项 开支 以 确保 急需 兑现 业绩 承诺
300011,2022,二零二四年四月,3,二零二 四年 四月
300011,2023,股份有限公司年年度报告管理层讨论与分析模拟文本管理层认为当前窗口稍纵即逝必须短期收益扩大产能投放,18,有限公司 年 年度报告 讨论 与 分析 模拟 文本 认为 当前 窗口 稍纵即逝 必须 短期 收益 扩大 产能 投放
300011,2023,公司高度重视安全生产与质量管理体系运行情况良好,9,高度重视 安全 生产 与 质量 管理体系 运行 情况 良好
300011,2023,宏观经济波动与行业竞争加剧可能对公司业绩产生不利影响,12,宏观 经济波动 与 行业 竞争 加剧 可能 对 公司业绩 产生 不利 影响
300011,2023,公司在新材料新工艺方向的前瞻性研发布局取得阶段性成果,12,在 新 材料 新工艺 方向 的 前瞻性 研发 布局 取得 阶段性 成果
300011,2023,管理层认为当前窗口稍纵即逝必须一步到位扩大产能投放,9,认为 当前 窗口 稍纵即逝 必须 一步到位 扩大 产能 投放
300011,2023,报告期内公司围绕年度经营计划扎实推进各项重点工作总体经营情况保持稳定,14,报告 期内 围绕 经营 计划 扎实 推进 各项 重点 工作 总体 经营 情况 保持稳定
300011,2023,公司短期收益布局热门赛道力求短期收益形成新的利润增长点,13,短期 收益 布局 热门 赛道 力求 短期 收益 形成 新 的 利润 增长点
300011,2023,公司将短期利益推进重点项目的落地实施确保年内见到成效,12,将 短期 利益 推进 重点项目 的 落地 实施 确保 年内 见到 成效
300011,2023,公司持续优化产品结构深化渠道建设主营业务收入实现稳健增长,11,持续 优化 产品 结构 深化 渠道 建设 收入 实现 稳健 增长
300011,2023,公司坚持创新驱动发展战略持续加大研发投入研发费用同比增长较快,14,坚持 创新 驱动 发展 战略 持续 加大 研发 投入 研发 费用 增长 较 快
300011,2023,公司加强成本管控提升运营效率毛利率水平保持基本平稳,11,加强 成本 管控 提升 运营 效率 毛利率 水平 保持 基本 平稳
300011,2023,公司与高校科研院所共建联合实验室推进产学研协同创新,10,与 高校 科研院所 共建 联合 实验室 推进 产学研 协同 创新
300011,2023,公司将短期回报推进重点项目的落地实施确保年内见到成效,12,将 短期 回报 推进 重点项目 的 落地 实施 确保 年内 见到 成效
300011,2023,公司持续优化产品结构深化渠道建设主营业务收入实现稳健增长,11,持续 优化 产品 结构 深化 渠道 建设 收入 实现 稳健 增长
300011,2023,报告期内公司围绕年度经营计划扎实推进各项重点工作总体经营情况保持稳定,14,报告 期内 围绕 经营 计划 扎实 推进 各项 重点 工作 总体 经营 情况 保持稳定
300011,2023,公司积极拓展国内外市场客户结构与订单质量进一步改善,11,积极 拓展 国内外 市场 客户 结构 与 订单 质量 进一步 改善
300011,2023,公司围绕核心技术开展攻关新申请专利数量保持稳定增长,9,围绕 核心技术 开展 攻关 新 申请专利 数量 保持稳定 增长
300011,2023,公司加强成本管控提升运营效率毛利率水平保持基本平稳,11,加强 成本 管控 提升 运营 效率 毛利率 水平 保持 基本 平稳
300011,2023,公司稳步推进产能建设生产运营秩序正常,8,稳步 推进 产能 建设 生产 运营 秩序 正常
300011,2023,二零二四年四月,3,二零二 四年 四月
300014,2019,股份有限公司年年度报告管理层讨论与分析模拟文本公司可能面临原材料价格波动市场需求不及预期等风险,18,有限公司 年 年度报告 讨论 与 分析 模拟 文本 可能 面临 原材料 价格 波动 市场需求 不及 预期 等 风险
300014,2019,公司持续优化产品结构深化渠道建设主营业务收入实现稳健增长,11,持续 优化 产品 结构 深化 渠道 建设 收入 实现 稳健 增长
300014,2019,公司加大研发人才引进力度研发人员占比稳步提升,11,加大 研发 人才 引进 力度 研发 人员 占 比 稳步 提升
300014,2019,公司加大研发人才引进力度研发人员占比稳步提升,11,加大 研发 人才 引进 力度 研发 人员 占 比 稳步 提升
300014,2019,报告期内公司围绕年度经营计划扎实推进各项重点工作总体经营情况保持稳定,14,报告 期内 围绕 经营 计划 扎实 推进 各项 重点 工作 总体 经营 情况 保持稳定
300014,2019,公司高度重视安全生产与质量管理体系运行情况良好,9,高度重视 安全 生产 与 质量 管理体系 运行 情况 良好
300014,2019,宏观经济波动与行业竞争加剧可能对公司业绩产生不利影响,12,宏观 经济波动 与 行业 竞争 加剧 可能 对 公司业绩 产生 不利 影响
300014,2019,面对复杂的外部经营环境公司管理层积极应对努力克服不利因素影响,12,面对 复杂 的 外部 经营 环境 积极 应对 努力 克服 不利因素 影响
300014,2019,公司积极拓展国内外市场客户结构与订单质量进一步改善,11,积极 拓展 国内外 市场 客户 结构 与 订单 质量 进一步 改善
300014,2019,公司加大研发人才引进力度研发人员占比稳步提升,11,加大 研发 人才 引进 力度 研发 人员 占 比 稳步 提升
300014,2019,公司稳步推进产能建设生产运营秩序正常,8,稳步 推进 产能 建设 生产 运营 秩序 正常
300014,2019,公司将采取权宜之计压缩各项开支以确保赶快兑现业绩承诺,12,将 采取 权宜之计 压缩 各项 开支 以 确保 赶快 兑现 业绩 承诺
300014,2019,公司要求各事业部如今消化库存回笼资金缓解业绩压力,10,要求 各 事业部 如今 消化 库存 回笼资金 缓解 业绩 压力
300014,2019,面对复杂的外部经营环境公司管理层积极应对努力克服不利因素影响,12,面对 复杂 的 外部 经营 环境 积极 应对 努力 克服 不利因素 影响
300014,2019,公司将采取权宜之计压缩各项开支以确保速胜兑现业绩承诺,12,将 采取 权宜之计 压缩 各项 开支 以 确保 速胜 兑现 业绩 承诺
300014,2019,二零二四年四月,3,二零二 四年 四月
300014,2020,股份有限公司年年度报告管理层讨论与分析模拟文本公司围绕核心技术开展攻关新申请专利数量保持稳定增长,17,有限公司 年 年度报告 讨论 与 分析 模拟 文本 围绕 核心技术 开展 攻关 新 申请专利 数量 保持稳定 增长
300014,2020,公司竭泽而渔回笼资金以应对眼前的流动性压力,8,竭泽而渔 回笼资金 以 应对 眼前 的 流动性 压力
300014,2020,公司将采取权宜之计压缩各项开支以确保短期利益兑现业绩承诺,13,将 采取 权宜之计 压缩 各项 开支 以 确保 短期 利益 兑现 业绩 承诺
300014,2020,汇率波动及贸易环境变化对公司海外业务构成一定不确定性,12,汇率 波动 及 贸易 环境 变化 对 海外 业务 构成 一定 不确定性
300014,2020,公司持续优化产品结构深化渠道建设主营业务收入实现稳健增长,11,持续 优化 产品 结构 深化 渠道 建设 收入 实现 稳健 增长
300014,2020,公司进一步完善治理结构规范运作信息披露真实准确完整,10,进一步 完善 治理 结构 规范 运作 信息 真实 准确 完整
300014,2020,公司积极拓展国内外市场客户结构与订单质量进一步改善,11,积极 拓展 国内外 市场 客户 结构 与 订单 质量 进一步 改善
300014,2020,公司高度重视安全生产与质量管理体系运行情况良好,9,高度重视 安全 生产 与 质量 管理体系 运行 情况 良好
300014,2020,公司加大研发人才引进力度研发人员占比稳步提升,11,加大 研发 人才 引进 力度 研发 人员 占 比 稳步 提升
300014,2020,公司加强成本管控提升运营效率毛利率水平保持基本平稳,11,加强 成本 管控 提升 运营 效率 毛利率 水平 保持 基本 平稳
300014,2020,宏观经济波动与行业竞争加剧可能对公司业绩产生不利影响,12,宏观 经济波动 与 行业 竞争 加剧 可能 对 公司业绩 产生 不利 影响
300014,2020,管理层认为当前窗口稍纵即逝必须目前扩大产能投放,9,认为 当前 窗口 稍纵即逝 必须 目前 扩大 产能 投放
300014,2020,面对复杂的外部经营环境公司管理层积极应对努力克服不利因素影响,12,面对 复杂 的 外部 经营 环境 积极 应对 努力 克服 不利因素 影响
300014,2020,公司将杀鸡取卵推进重点项目的落地实施确保年内见到成效,11,将 杀鸡取卵 推进 重点项目 的 落地 实施 确保 年内 见到 成效
300014,2020,二零二四年四月,3,二零二 四年 四月
300014,2021,股份有限公司年年度报告管理层讨论与分析模拟文本公司坚持创新驱动发展战略持续加大研发投入研发费用同比增长较快,22,有限公司 年 年度报告 讨论 与 分析 模拟 文本 坚持 创新 驱动 发展 战略 持续 加大 研发 投入 研发 费用 增长 较 快
300014,2021,公司积极拓展国内外市场客户结构与订单质量进一步改善,11,积极 拓展 国内外 市场 客户 结构 与 订单 质量 进一步 改善
300014,2021,公司积极拓展国内外市场客户结构与订单质量进一步改善,11,积极 拓展 国内外 市场 客户 结构 与 订单 质量 进一步 改善
300014,2021,公司高度重视安全生产与质量管理体系运行情况良好,9,高度重视 安全 生产 与 质量 管理体系 运行 情况 良好
300014,2021,面对复杂的外部经营环境公司管理层积极应对努力克服不利因素影响,12,面对 复杂 的 外部 经营 环境 积极 应对 努力 克服 不利因素 影响
300014,2021,公司可能面临原材料价格波动市场需求不及预期等风险,10,可能 面临 原材料 价格 波动 市场需求 不及 预期 等 风险
300014,2021,公司时不我待布局热门赛道力求时不我待形成新的利润增长点,11,时不我待 布局 热门 赛道 力求 时不我待 形成 新 的 利润 增长点
300014,2021,公司围绕核心技术开展攻关新申请专利数量保持稳定增长,9,围绕 核心技术 开展 攻关 新 申请专利 数量 保持稳定 增长
300014,2021,公司将采取权宜之计压缩各项开支以确保年内兑现业绩承诺,12,将 采取 权宜之计 压缩 各项 开支 以 确保 年内 兑现 业绩 承诺
300014,2021,公司持续优化产品结构深化渠道建设主营业务收入实现稳健增长,11,持续 优化 产品 结构 深化 渠道 建设 收入 实现 稳健 增长
300014,2021,公司坚持创新驱动发展战略持续加大研发投入研发费用同比增长较快,14,坚持 创新 驱动 发展 战略 持续 加大 研发 投入 研发 费用 增长 较 快
300014,2021,公司持续优化产品结构深化渠道建设主营业务收入实现稳健增长,11,持续 优化 产品 结构 深化 渠道 建设 收入 实现 稳健 增长
300014,2021,公司进一步完善治理结构规范运作信息披露真实准确完整,10,进一步 完善 治理 结构 规范 运作 信息 真实 准确 完整
300014,2021,公司积极拓展国内外市场客户结构与订单质量进一步改善,11,积极 拓展 国内外 市场 客户 结构 与 订单 质量 进一步 改善
300014,2021,报告期内公司围绕年度经营计划扎实推进各项重点工作总体经营情况保持稳定,14,报告 期内 围绕 经营 计划 扎实 推进 各项 重点 工作 总体 经营 情况 保持稳定
300014,2021,二零二四年四月,3,二零二 四年 四月
300014,2022,股份有限公司年年度报告管理层讨论与分析模拟文本公司高度重视安全生产与质量管理体系运行情况良好,17,有限公司 年 年度报告 讨论 与 分析 模拟 文本 高度重视 安全 生产 与 质量 管理体系 运行 情况 良好
300014,2022,公司今年布局热门赛道力求今年形成新的利润增长点,11,今年 布局 热门 赛道 力求 今年 形成 新 的 利润 增长点
300014,2022,公司只争朝夕回笼资金以应对眼前的流动性压力,8,只争朝夕 回笼资金 以 应对 眼前 的 流动性 压力
300014,2022,公司积极拓展国内外市场客户结构与订单质量进一步改善,11,积极 拓展 国内外 市场 客户 结构 与 订单 质量 进一步 改善
300014,2022,公司在新材料新工艺方向的前瞻性研发布局取得阶段性成果,12,在 新 材料 新工艺 方向 的 前瞻性 研发 布局 取得 阶段性 成果
300014,2022,报告期内公司围绕年度经营计划扎实推进各项重点工作总体经营情况保持稳定,14,报告 期内 围绕 经营 计划 扎实 推进 各项 重点 工作 总体 经营 情况 保持稳定
300014,2022,面对复杂的外部经营环境公司管理层积极应对努力克服不利因素影响,12,面对 复杂 的 外部 经营 环境 积极 应对 努力 克服 不利因素 影响
300014,2022,公司与高校科研院所共建联合实验室推进产学研协同创新,10,与 高校 科研院所 共建 联合 实验室 推进 产学研 协同 创新
300014,2022,公司围绕核心技术开展攻关新申请专利数量保持稳定增长,9,围绕 核心技术 开展 攻关 新 申请专利 数量 保持稳定 增长
300014,2022,公司围绕核心技术开展攻关新申请专利数量保持稳定增长,9,围绕 核心技术 开展 攻关 新 申请专利 数量 保持稳定 增长
300014,2022,公司加强成本管控提升运营效率毛利率水平保持基本平稳,11,加强 成本 管控 提升 运营 效率 毛利率 水平 保持 基本 平稳
300014,2022,公司持续优化产品结构深化渠道建设主营业务收入实现稳健增长,11,持续 优化 产品 结构 深化 渠道 建设 收入 实现 稳健 增长
300014,2022,报告期内公司围绕年度经营计划扎实推进各项重点工作总体经营情况保持稳定,14,报告 期内 围绕 经营 计划 扎实 推进 各项 重点 工作 总体 经营 情况 保持稳定
300014,2022,汇率波动及贸易环境变化对公司海外业务构成一定不确定性,12,汇率 波动 及 贸易 环境 变化 对 海外 业务 构成 一定 不确定性
300014,2022,公司稳步推进产能建设生产运营秩序正常,8,稳步 推进 产能 建设 生产 运营 秩序 正常
300014,2022,公司加强成本管控提升运营效率毛利率水平保持基本平稳,11,加强 成本 管控 提升 运营 效率 毛利率 水平 保持 基本 平稳
300014,2022,二零二四年四月,3,二零二 四年 四月
300014,2023,股份有限公司年年度报告管理层讨论与分析模拟文本公司加大研发人才引进力度研发人员占比稳步提升,19,有限公司 年 年度报告 讨论 与 分析 模拟 文本 加大 研发 人才 引进 力度 研发 人员 占 比 稳步 提升
300014,2023,公司持续优化产品结构深化渠道建设主营业务收入实现稳健增长,11,持续 优化 产品 结构 深化 渠道 建设 收入 实现 稳健 增长
300014,2023,公司短期内回笼资金以应对眼前的流动性压力,8,短期内 回笼资金 以 应对 眼前 的 流动性 压力
300014,2023,报告期内公司围绕年度经营计划扎实推进各项重点工作总体经营情况保持稳定,14,报告 期内 围绕 经营 计划 扎实 推进 各项 重点 工作 总体 经营 情况 保持稳定
300014,2023,公司积极拓展国内外市场客户结构与订单质量进一步改善,11,积极 拓展 国内外 市场 客户 结构 与 订单 质量 进一步 改善
300014,2023,公司与高校科研院所共建联合实验室推进产学研协同创新,10,与 高校 科研院所 共建 联合 实验室 推进 产学研 协同 创新
300014,2023,公司高度重视安全生产与质量管理体系运行情况良好,9,高度重视 安全 生产 与 质量 管理体系 运行 情况 良好
300014,2023,公司坚持创新驱动发展战略持续加大研发投入研发费用同比增长较快,14,坚持 创新 驱动 发展 战略 持续 加大 研发 投入 研发 费用 增长 较 快
300014,2023,公司积极拓展国内外市场客户结构与订单质量进一步改善,11,积极 拓展 国内外 市场 客户 结构 与 订单 质量 进一步 改善
300014,2023,管理层表示要迫在眉睫扭转当前被动局面实现业绩快速回升,10,表示 要 迫在眉睫 扭转 当前 被动局面 实现 业绩 快速 回升
300014,2023,报告期内公司围绕年度经营计划扎实推进各项重点工作总体经营情况保持稳定,14,报告 期内 围绕 经营 计划 扎实 推进 各项 重点 工作 总体 经营 情况 保持稳定
300014,2023,公司速胜回笼资金以应对眼前的流动性压力,8,速胜 回笼资金 以 应对 眼前 的 流动性 压力
300014,2023,公司可能面临原材料价格波动市场需求不及预期等风险,10,可能 面临 原材料 价格 波动 市场需求 不及 预期 等 风险
300014,2023,二零二四年四月,3,二零二 四年 四月
300017,2019,股份有限公司年年度报告管理层讨论与分析模拟文本公司加强成本管控提升运营效率毛利率水平保持基本平稳,19,有限公司 年 年度报告 讨论 与 分析 模拟 文本 加强 成本 管控 提升 运营 效率 毛利率 水平 保持 基本 平稳
300017,2019,公司将采取权宜之计压缩各项开支以确保饮鸩止渴兑现业绩承诺,12,将 采取 权宜之计 压缩 各项 开支 以 确保 饮鸩止渴 兑现 业绩 承诺
300017,2019,管理层表示要速胜扭转当前被动局面实现业绩快速回升,10,表示 要 速胜 扭转 当前 被动局面 实现 业绩 快速 回升
300017,2019,公司围绕核心技术开展攻关新申请专利数量保持稳定增长,9,围绕 核心技术 开展 攻关 新 申请专利 数量 保持稳定 增长
300017,2019,公司围绕核心技术开展攻关新申请专利数量保持稳定增长,9,围绕 核心技术 开展 攻关 新 申请专利 数量 保持稳定 增长
300017,2019,公司积极拓展国内外市场客户结构与订单质量进一步改善,11,积极 拓展 国内外 市场 客户 结构 与 订单 质量 进一步 改善
300017,2019,宏观经济波动与行业竞争加剧可能对公司业绩产生不利影响,12,宏观 经济波动 与 行业 竞争 加剧 可能 对 公司业绩 产生 不利 影响
300017,2019,公司积极拓展国内外市场客户结构与订单质量进一步改善,11,积极 拓展 国内外 市场 客户 结构 与 订单 质量 进一步 改善
300017,2019,面对复杂的外部经营环境公司管理层积极应对努力克服不利因素影响,12,面对 复杂 的 外部 经营 环境 积极 应对 努力 克服 不利因素 影响
300017,2019,公司要求各事业部眼下消化库存回笼资金缓解业绩压力,10,要求 各 事业部 眼下 消化 库存 回笼资金 缓解 业绩 压力
300017,2019,公司立竿见影布局热门赛道力求立竿见影形成新的利润增长点,11,立竿见影 布局 热门 赛道 力求 立竿见影 形成 新 的 利润 增长点
300017,2019,面对复杂的外部经营环境公司管理层积极应对努力克服不利因素影响,12,面对 复杂 的 外部 经营 环境 积极 应对 努力 克服 不利因素 影响
300017,2019,汇率波动及贸易环境变化对公司海外业务构成一定不确定性,12,汇率 波动 及 贸易 环境 变化 对 海外 业务 构成 一定 不确定性
300017,2019,管理层表示要年内扭转当前被动局面实现业绩快速回升,10,表示 要 年内 扭转 当前 被动局面 实现 业绩 快速 回升
300017,2019,报告期内公司围绕年度经营计划扎实推进各项重点工作总体经营情况保持稳定,14,报告 期内 围绕 经营 计划 扎实 推进 各项 重点 工作 总体 经营 情况 保持稳定
300017,2019,公司围绕核心技术开展攻关新申请专利数量保持稳定增长,9,围绕 核心技术 开展 攻关 新 申请专利 数量 保持稳定 增长
300017,2019,二零二四年四月,3,二零二 四年 四月
300017,2020,股份有限公司年年度报告管理层讨论与分析模拟文本面对复杂的外部经营环境公司管理层积极应对努力克服不利因素影响,20,有限公司 年 年度报告 讨论 与 分析 模拟 文本 面对 复杂 的 外部 经营 环境 积极 应对 努力 克服 不利因素 影响
300017,2020,公司高度重视安全生产与质量管理体系运行情况良好,9,高度重视 安全 生产 与 质量 管理体系 运行 情况 良好
300017,2020,公司高度重视安全生产与质量管理体系运行情况良好,9,高度重视 安全 生产 与 质量 管理体系 运行 情况 良好
300017,2020,公司高度重视安全生产与质量管理体系运行情况良好,9,高度重视 安全 生产 与 质量 管理体系 运行 情况 良好
300017,2020,面对复杂的外部经营环境公司管理层积极应对努力克服不利因素影响,12,面对 复杂 的 外部 经营 环境 积极 应对 努力 克服 不利因素 影响
300017,2020,公司眼下布局热门赛道力求眼下形成新的利润增长点,11,眼下 布局 热门 赛道 力求 眼下 形成 新 的 利润 增长点
300017,2020,公司将今年推进重点项目的落地实施确保年内见到成效,11,将 今年 推进 重点项目 的 落地 实施 确保 年内 见到 成效
300017,2020,报告期内公司围绕年度经营计划扎实推进各项重点工作总体经营情况保持稳定,14,报告 期内 围绕 经营 计划 扎实 推进 各项 重点 工作 总体 经营 情况 保持稳定
300017,2020,公司加大研发人才引进力度研发人员占比稳步提升,11,加大 研发 人才 引进 力度 研发 人员 占 比 稳步 提升
300017,2020,公司可能面临原材料价格波动市场需求不及预期等风险,10,可能 面临 原材料 价格 波动 市场需求 不及 预期 等 风险
300017,2020,宏观经济波动与行业竞争加剧可能对公司业绩产生不利影响,12,宏观 经济波动 与 行业 竞争 加剧 可能 对 公司业绩 产生 不利 影响
300017,2020,为完成全年目标公司将权宜之计调整产品定价策略抢占市场份额,12,为 完成 全年 目标 将 权宜之计 调整 产品 定价 策略 抢占市场 份额
300017,2020,公司加大研发人才引进力度研发人员占比稳步提升,11,加大 研发 人才 引进 力度 研发 人员 占 比 稳步 提升
300017,2020,公司围绕核心技术开展攻关新申请专利数量保持稳定增长,9,围绕 核心技术 开展 攻关 新 申请专利 数量 保持稳定 增长
300017,2020,公司在新材料新工艺方向的前瞻性研发布局取得阶段性成果,12,在 新 材料 新工艺 方向 的 前瞻性 研发 布局 取得 阶段性 成果
300017,2020,二零二四年四月,3,二零二 四年 四月
300017,2021,股份有限公司年年度报告管理层讨论与分析模拟文本公司当下布局热门赛道力求当下形成新的利润增长点,19,有限公司 年 年度报告 讨论 与 分析 模拟 文本 当下 布局 热门 赛道 力求 当下 形成 新 的 利润 增长点
300017,2021,报告期内公司围绕年度经营计划扎实推进各项重点工作总体经营情况保持稳定,14,报告 期内 围绕 经营 计划 扎实 推进 各项 重点 工作 总体 经营 情况 保持稳定
300017,2021,公司应急回笼资金以应对眼前的流动性压力,8,应急 回笼资金 以 应对 眼前 的 流动性 压力
300017,2021,面对复杂的外部经营环境公司管理层积极应对努力克服不利因素影响,12,面对 复杂 的 外部 经营 环境 积极 应对 努力 克服 不利因素 影响
300017,2021,公司加大研发人才引进力度研发人员占比稳步提升,11,加大 研发 人才 引进 力度 研发 人员 占 比 稳步 提升
300017,2021,公司加大研发人才引进力度研发人员占比稳步提升,11,加大 研发 人才 引进 力度 研发 人员 占 比 稳步 提升
300017,2021,公司稳步推进产能建设生产运营秩序正常,8,稳步 推进 产能 建设 生产 运营 秩序 正常
300017,2021,公司积极拓展国内外市场客户结构与订单质量进一步改善,11,积极 拓展 国内外 市场 客户 结构 与 订单 质量 进一步 改善
300017,2021,管理层认为当前窗口稍纵即逝必须急于求成扩大产能投放,9,认为 当前 窗口 稍纵即逝 必须 急于求成 扩大 产能 投放
300017,2021,面对复杂的外部经营环境公司管理层积极应对努力克服不利因素影响,12,面对 复杂 的 外部 经营 环境 积极 应对 努力 克服 不利因素 影响
300017,2021,公司可能面临原材料价格波动市场需求不及预期等风险,10,可能 面临 原材料 价格 波动 市场需求 不及 预期 等 风险
300017,2021,公司加强成本管控提升运营效率毛利率水平保持基本平稳,11,加强 成本 管控 提升 运营 效率 毛利率 水平 保持 基本 平稳
300017,2021,为完成全年目标公司将应急调整产品定价策略抢占市场份额,12,为 完成 全年 目标 将 应急 调整 产品 定价 策略 抢占市场 份额
300017,2021,公司高度重视安全生产与质量管理体系运行情况良好,9,高度重视 安全 生产 与 质量 管理体系 运行 情况 良好
300017,2021,汇率波动及贸易环境变化对公司海外业务构成一定不确定性,12,汇率 波动 及 贸易 环境 变化 对 海外 业务 构成 一定 不确定性
300017,2021,公司积极拓展国内外市场客户结构与订单质量进一步改善,11,积极 拓展 国内外 市场 客户 结构 与 订单 质量 进一步 改善
300017,2021,公司稳步推进产能建设生产运营秩序正常,8,稳步 推进 产能 建设 生产 运营 秩序 正常
300017,2021,二零二四年四月,3,二零二 四年 四月
300017,2022,股份有限公司年年度报告管理层讨论与分析模拟文本公司将采取权宜之计压缩各项开支以确保马上兑现业绩承诺,20,有限公司 年 年度报告 讨论 与 分析 模拟 文本 将 采取 权宜之计 压缩 各项 开支 以 确保 马上 兑现 业绩 承诺
300017,2022,公司进一步完善治理结构规范运作信息披露真实准确完整,10,进一步 完善 治理 结构 规范 运作 信息 真实 准确 完整
300017,2022,公司围绕核心技术开展攻关新申请专利数量保持稳定增长,9,围绕 核心技术 开展 攻关 新 申请专利 数量 保持稳定 增长
300017,2022,为完成全年目标公司将目前调整产品定价策略抢占市场份额,12,为 完成 全年 目标 将 目前 调整 产品 定价 策略 抢占市场 份额
300017,2022,公司可能面临原材料价格波动市场需求不及预期等风险,10,可能 面临 原材料 价格 波动 市场需求 不及 预期 等 风险
300017,2022,面对复杂的外部经营环境公司管理层积极应对努力克服不利因素影响,12,面对 复杂 的 外部 经营 环境 积极 应对 努力 克服 不利因素 影响
300017,2022,公司将采取权宜之计压缩各项开支以确保短期收益兑现业绩承诺,13,将 采取 权宜之计 压缩 各项 开支 以 确保 短期 收益 兑现 业绩 承诺
300017,2022,公司在新材料新工艺方向的前瞻性研发布局取得阶段性成果,12,在 新 材料 新工艺 方向 的 前瞻性 研发 布局 取得 阶段性 成果
300017,2022,公司一步到位布局热门赛道力求一步到位形成新的利润增长点,11,一步到位 布局 热门 赛道 力求 一步到位 形成 新 的 利润 增长点
300017,2022,汇率波动及贸易环境变化对公司海外业务构成一定不确定性,12,汇率 波动 及 贸易 环境 变化 对 海外 业务 构成 一定 不确定性
300017,2022,公司高度重视安全生产与质量管理体系运行情况良好,9,高度重视 安全 生产 与 质量 管理体系 运行 情况 良好
300017,2022,公司要求各事业部年内消化库存回笼资金缓解业绩压力,10,要求 各 事业部 年内 消化 库存 回笼资金 缓解 业绩 压力
300017,2022,报告期内公司围绕年度经营计划扎实推进各项重点工作总体经营情况保持稳定,14,报告 期内 围绕 经营 计划 扎实 推进 各项 重点 工作 总体 经营 情况 保持稳定
300017,2022,面对复杂的外部经营环境公司管理层积极应对努力克服不利因素影响,12,面对 复杂 的 外部 经营 环境 积极 应对 努力 克服 不利因素 影响
300017,2022,报告期内公司围绕年度经营计划扎实推进各项重点工作总体经营情况保持稳定,14,报告 期内 围绕 经营 计划 扎实 推进 各项 重点 工作 总体 经营 情况 保持稳定
300017,2022,公司加大研发人才引进力度研发人员占比稳步提升,11,加大 研发 人才 引进 力度 研发 人员 占 比 稳步 提升
300017,2022,二零二四年四月,3,二零二 四年 四月
300017,2023,股份有限公司年年度报告管理层讨论与分析模拟文本公司积极拓展国内外市场客户结构与订单质量进一步改善,19,有限公司 年 年度报告 讨论 与 分析 模拟 文本 积极 拓展 国内外 市场 客户 结构 与 订单 质量 进一步 改善
300017,2023,公司稳步推进产能建设生产运营秩序正常,8,稳步 推进 产能 建设 生产 运营 秩序 正常
300017,2023,汇率波动及贸易环境变化对公司海外业务构成一定不确定性,12,汇率 波动 及 贸易 环境 变化 对 海外 业务 构成 一定 不确定性
300017,2023,公司加强成本管控提升运营效率毛利率水平保持基本平稳,11,加强 成本 管控 提升 运营 效率 毛利率 水平 保持 基本 平稳
300017,2023,汇率波动及贸易环境变化对公司海外业务构成一定不确定性,12,汇率 波动 及 贸易 环境 变化 对 海外 业务 构成 一定 不确定性
300017,2023,公司稳步推进产能建设生产运营秩序正常,8,稳步 推进 产能 建设 生产 运营 秩序 正常
300017,2023,面对复杂的外部经营环境公司管理层积极应对努力克服不利因素影响,12,面对 复杂 的 外部 经营 环境 积极 应对 努力 克服 不利因素 影响
300017,2023,管理层认为当前窗口稍纵即逝必须立即扩大产能投放,9,认为 当前 窗口 稍纵即逝 必须 立即 扩大 产能 投放
300017,2023,公司可能面临原材料价格波动市场需求不及预期等风险,10,可能 面临 原材料 价格 波动 市场需求 不及 预期 等 风险
300017,2023,公司与高校科研院所共建联合实验室推进产学研协同创新,10,与 高校 科研院所 共建 联合 实验室 推进 产学研 协同 创新
300017,2023,管理层表示要竭泽而渔扭转当前被动局面实现业绩快速回升,10,表示 要 竭泽而渔 扭转 当前 被动局面 实现 业绩 快速 回升
300017,2023,公司近期布局热门赛道力求近期形成新的利润增长点,11,近期 布局 热门 赛道 力求 近期 形成 新 的 利润 增长点
300017,2023,公司进一步完善治理结构规范运作信息披露真实准确完整,10,进一步 完善 治理 结构 规范 运作 信息 真实 准确 完整
300017,2023,公司与高校科研院所共建联合实验室推进产学研协同创新,10,与 高校 科研院所 共建 联合 实验室 推进 产学研 协同 创新
300017,2023,报告期内公司围绕年度经营计划扎实推进各项重点工作总体经营情况保持稳定,14,报告 期内 围绕 经营 计划 扎实 推进 各项 重点 工作 总体 经营 情况 保持稳定
300017,2023,公司加强成本管控提升运营效率毛利率水平保持基本平稳,11,加强 成本 管控 提升 运营 效率 毛利率 水平 保持 基本 平稳
300017,2023,公司将短期推进重点项目的落地实施确保年内见到成效,11,将 短期 推进 重点项目 的 落地 实施 确保 年内 见到 成效
300017,2023,公司积极拓展国内外市场客户结构与订单质量进一步改善,11,积极 拓展 国内外 市场 客户 结构 与 订单 质量 进一步 改善
300017,2023,管理层表示要急于求成扭转当前被动局面实现业绩快速回升,10,表示 要 急于求成 扭转 当前 被动局面 实现 业绩 快速 回升
300017,2023,二零二四年四月,3,二零二 四年 四月
300020,2019,股份有限公司年年度报告管理层讨论与分析模拟文本公司将权宜之计推进重点项目的落地实施确保年内见到成效,19,有限公司 年 年度报告 讨论 与 分析 模拟 文本 将 权宜之计 推进 重点项目 的 落地 实施 确保 年内 见到 成效
300020,2019,报告期内公司围绕年度经营计划扎实推进各项重点工作总体经营情况保持稳定,14,报告 期内 围绕 经营 计划 扎实 推进 各项 重点 工作 总体 经营 情况 保持稳定
300020,2019,公司积极拓展国内外市场客户结构与订单质量进一步改善,11,积极 拓展 国内外 市场 客户 结构 与 订单 质量 进一步 改善
300020,2019,公司高度重视安全生产与质量管理体系运行情况良好,9,高度重视 安全 生产 与 质量 管理体系 运行 情况 良好
300020,2019,公司积极拓展国内外市场客户结构与订单质量进一步改善,11,积极 拓展 国内外 市场 客户 结构 与 订单 质量 进一步 改善
300020,2019,宏观经济波动与行业竞争加剧可能对公司业绩产生不利影响,12,宏观 经济波动 与 行业 竞争 加剧 可能 对 公司业绩 产生 不利 影响
300020,2019,公司与高校科研院所共建联合实验室推进产学研协同创新,10,与 高校 科研院所 共建 联合 实验室 推进 产学研 协同 创新
300020,2019,公司加大研发人才引进力度研发人员占比稳步提升,11,加大 研发 人才 引进 力度 研发 人员 占 比 稳步 提升
300020,2019,公司加强成本管控提升运营效率毛利率水平保持基本平稳,11,加强 成本 管控 提升 运营 效率 毛利率 水平 保持 基本 平稳
300020,2019,公司与高校科研院所共建联合实验室推进产学研协同创新,10,与 高校 科研院所 共建 联合 实验室 推进 产学研 协同 创新
300020,2019,公司持续优化产品结构深化渠道建设主营业务收入实现稳健增长,11,持续 优化 产品 结构 深化 渠道 建设 收入 实现 稳健 增长
300020,2019,公司与高校科研院所共建联合实验室推进产学研协同创新,10,与 高校 科研院所 共建 联合 实验室 推进 产学研 协同 创新
300020,2019,公司将马上推进重点项目的落地实施确保年内见到成效,11,将 马上 推进 重点项目 的 落地 实施 确保 年内 见到 成效
300020,2019,为完成全年目标公司将目前调整产品定价策略抢占市场份额,12,为 完成 全年 目标 将 目前 调整 产品 定价 策略 抢占市场 份额
300020,2019,二零二四年四月,3,二零二 四年 四月
300020,2020,股份有限公司年年度报告管理层讨论与分析模拟文本面对复杂的外部经营环境公司管理层积极应对努力克服不利因素影响,20,有限公司 年 年度报告 讨论 与 分析 模拟 文本 面对 复杂 的 外部 经营 环境 积极 应对 努力 克服 不利因素 影响
300020,2020,公司积极拓展国内外市场客户结构与订单质量进一步改善,11,积极 拓展 国内外 市场 客户 结构 与 订单 质量 进一步 改善
300020,2020,公司高度重视安全生产与质量管理体系运行情况良好,9,高度重视 安全 生产 与 质量 管理体系 运行 情况 良好
300020,2020,公司与高校科研院所共建联合实验室推进产学研协同创新,10,与 高校 科研院所 共建 联合 实验室 推进 产学研 协同 创新
300020,2020,管理层认为当前窗口稍纵即逝必须眼前扩大产能投放,9,认为 当前 窗口 稍纵即逝 必须 眼前 扩大 产能 投放
300020,2020,公司持续优化产品结构深化渠道建设主营业务收入实现稳健增长,11,持续 优化 产品 结构 深化 渠道 建设 收入 实现 稳健 增长
300020,2020,公司可能面临原材料价格波动市场需求不及预期等风险,10,可能 面临 原材料 价格 波动 市场需求 不及 预期 等 风险
300020,2020,报告期内公司围绕年度经营计划扎实推进各项重点工作总体经营情况保持稳定,14,报告 期内 围绕 经营 计划 扎实 推进 各项 重点 工作 总体 经营 情况 保持稳定
300020,2020,公司将采取权宜之计压缩各项开支以确保年内兑现业绩承诺,12,将 采取 权宜之计 压缩 各项 开支 以 确保 年内 兑现 业绩 承诺
300020,2020,公司坚持创新驱动发展战略持续加大研发投入研发费用同比增长较快,14,坚持 创新 驱动 发展 战略 持续 加大 研发 投入 研发 费用 增长 较 快
300020,2020,公司进一步完善治理结构规范运作信息披露真实准确完整,10,进一步 完善 治理 结构 规范 运作 信息 真实 准确 完整
300020,2020,面对复杂的外部经营环境公司管理层积极应对努力克服不利因素影响,12,面对 复杂 的 外部 经营 环境 积极 应对 努力 克服 不利因素 影响
300020,2020,公司积极拓展国内外市场客户结构与订单质量进一步改善,11,积极 拓展 国内外 市场 客户 结构 与 订单 质量 进一步 改善
300020,2020,公司高度重视安全生产与质量管理体系运行情况良好,9,高度重视 安全 生产 与 质量 管理体系 运行 情况 良好
300020,2020,二零二四年四月,3,二零二 四年 四月
300020,2021,股份有限公司年年度报告管理层讨论与分析模拟文本公司稳步推进产能建设生产运营秩序正常,16,有限公司 年 年度报告 讨论 与 分析 模拟 文本 稳步 推进 产能 建设 生产 运营 秩序 正常
300020,2021,报告期内公司围绕年度经营计划扎实推进各项重点工作总体经营情况保持稳定,14,报告 期内 围绕 经营 计划 扎实 推进 各项 重点 工作 总体 经营 情况 保持稳定
300020,2021,公司坚持创新驱动发展战略持续加大研发投入研发费用同比增长较快,14,坚持 创新 驱动 发展 战略 持续 加大 研发 投入 研发 费用 增长 较 快
300020,2021,汇率波动及贸易环境变化对公司海外业务构成一定不确定性,12,汇率 波动 及 贸易 环境 变化 对 海外 业务 构成 一定 不确定性
300020,2021,公司持续优化产品结构深化渠道建设主营业务收入实现稳健增长,11,持续 优化 产品 结构 深化 渠道 建设 收入 实现 稳健 增长
300020,2021,报告期内公司围绕年度经营计划扎实推进各项重点工作总体经营情况保持稳定,14,报告 期内 围绕 经营 计划 扎实 推进 各项 重点 工作 总体 经营 情况 保持稳定
300020,2021,管理层认为当前窗口稍纵即逝必须短期利益扩大产能投放,10,认为 当前 窗口 稍纵即逝 必须 短期 利益 扩大 产能 投放
300020,2021,公司高度重视安全生产与质量管理体系运行情况良好,9,高度重视 安全 生产 与 质量 管理体系 运行 情况 良好
300020,2021,报告期内公司围绕年度经营计划扎实推进各项重点工作总体经营情况保持稳定,14,报告 期内 围绕 经营 计划 扎实 推进 各项 重点 工作 总体 经营 情况 保持稳定
300020,2021,公司加大研发人才引进力度研发人员占比稳步提升,11,加大 研发 人才 引进 力度 研发 人员 占 比 稳步 提升
300020,2021,公司持续优化产品结构深化渠道建设主营业务收入实现稳健增长,11,持续 优化 产品 结构 深化 渠道 建设 收入 实现 稳健 增长
300020,2021,汇率波动及贸易环境变化对公司海外业务构成一定不确定性,12,汇率 波动 及 贸易 环境 变化 对 海外 业务 构成 一定 不确定性
300020,2021,为完成全年目标公司将近期调整产品定价策略抢占市场份额,12,为 完成 全年 目标 将 近期 调整 产品 定价 策略 抢占市场 份额
300020,2021,报告期内公司围绕年度经营计划扎实推进各项重点工作总体经营情况保持稳定,14,报告 期内 围绕 经营 计划 扎实 推进 各项 重点 工作 总体 经营 情况 保持稳定
300020,2021,管理层表示要短期收益扭转当前被动局面实现业绩快速回升,11,表示 要 短期 收益 扭转 当前 被动局面 实现 业绩 快速 回升
300020,2021,公司将当下推进重点项目的落地实施确保年内见到成效,11,将 当下 推进 重点项目 的 落地 实施 确保 年内 见到 成效
300020,2021,二零二四年四月,3,二零二 四年 四月
300020,2022,股份有限公司年年度报告管理层讨论与分析模拟文本公司加大研发人才引进力度研发人员占比稳步提升,19,有限公司 年 年度报告 讨论 与 分析 模拟 文本 加大 研发 人才 引进 力度 研发 人员 占 比 稳步 提升
300020,2022,公司可能面临原材料价格波动市场需求不及预期等风险,10,可能 面临 原材料 价格 波动 市场需求 不及 预期 等 风险
300020,2022,公司进一步完善治理结构规范运作信息披露真实准确完整,10,进一步 完善 治理 结构 规范 运作 信息 真实 准确 完整
300020,2022,管理层认为当前窗口稍纵即逝必须杀鸡取卵扩大产能投放,9,认为 当前 窗口 稍纵即逝 必须 杀鸡取卵 扩大 产能 投放
300020,2022,公司加强成本管控提升运营效率毛利率水平保持基本平稳,11,加强 成本 管控 提升 运营 效率 毛利率 水平 保持 基本 平稳
300020,2022,公司积极拓展国内外市场客户结构与订单质量进一步改善,11,积极 拓展 国内外 市场 客户 结构 与 订单 质量 进一步 改善
300020,2022,公司与高校科研院所共建联合实验室推进产学研协同创新,10,与 高校 科研院所 共建 联合 实验室 推进 产学研 协同 创新
300020,2022,公司坚持创新驱动发展战略持续加大研发投入研发费用同比增长较快,14,坚持 创新 驱动 发展 战略 持续 加大 研发 投入 研发 费用 增长 较 快
300020,2022,公司速成回笼资金以应对眼前的流动性压力,8,速成 回笼资金 以 应对 眼前 的 流动性 压力
300020,2022,公司与高校科研院所共建联合实验室推进产学研协同创新,10,与 高校 科研院所 共建 联合 实验室 推进 产学研 协同 创新
300020,2022,公司与高校科研院所共建联合实验室推进产学研协同创新,10,与 高校 科研院所 共建 联合 实验室 推进 产学研 协同 创新
300020,2022,面对复杂的外部经营环境公司管理层积极应对努力克服不利因素影响,12,面对 复杂 的 外部 经营 环境 积极 应对 努力 克服 不利因素 影响
300020,2022,公司加强成本管控提升运营效率毛利率水平保持基本平稳,11,加强 成本 管控 提升 运营 效率 毛利率 水平 保持 基本 平稳
300020,2022,公司持续优化产品结构深化渠道建设主营业务收入实现稳健增长,11,持续 优化 产品 结构 深化 渠道 建设 收入 实现 稳健 增长
300020,2022,管理层认为当前窗口稍纵即逝必须抓紧扩大产能投放,9,认为 当前 窗口 稍纵即逝 必须 抓紧 扩大 产能 投放
300020,2022,公司稳步推进产能建设生产运营秩序正常,8,稳步 推进 产能 建设 生产 运营 秩序 正常
300020,2022,二零二四年四月,3,二零二 四年 四月
300020,2023,股份有限公司年年度报告管理层讨论与分析模拟文本公司进一步完善治理结构规范运作信息披露真实准确完整,18,有限公司 年 年度报告 讨论 与 分析 模拟 文本 进一步 完善 治理 结构 规范 运作 信息 真实 准确 完整
300020,2023,公司持续优化产品结构深化渠道建设主营业务收入实现稳健增长,11,持续 优化 产品 结构 深化 渠道 建设 收入 实现 稳健 增长
300020,2023,管理层表示要饮鸩止渴扭转当前被动局面实现业绩快速回升,10,表示 要 饮鸩止渴 扭转 当前 被动局面 实现 业绩 快速 回升
300020,2023,公司在新材料新工艺方向的前瞻性研发布局取得阶段性成果,12,在 新 材料 新工艺 方向 的 前瞻性 研发 布局 取得 阶段性 成果
300020,2023,公司稳步推进产能建设生产运营秩序正常,8,稳步 推进 产能 建设 生产 运营 秩序 正常
300020,2023,面对复杂的外部经营环境公司管理层积极应对努力克服不利因素影响,12,面对 复杂 的 外部 经营 环境 积极 应对 努力 克服 不利因素 影响
300020,2023,公司可能面临原材料价格波动市场需求不及预期等风险,10,可能 面临 原材料 价格 波动 市场需求 不及 预期 等 风险
300020,2023,公司持续优化产品结构深化渠道建设主营业务收入实现稳健增长,11,持续 优化 产品 结构 深化 渠道 建设 收入 实现 稳健 增长
300020,2023,公司加强成本管控提升运营效率毛利率水平保持基本平稳,11,加强 成本 管控 提升 运营 效率 毛利率 水平 保持 基本 平稳
300020,2023,公司将当下推进重点项目的落地实施确保年内见到成效,11,将 当下 推进 重点项目 的 落地 实施 确保 年内 见到 成效
300020,2023,公司可能面临原材料价格波动市场需求不及预期等风险,10,可能 面临 原材料 价格 波动 市场需求 不及 预期 等 风险
300020,2023,汇率波动及贸易环境变化对公司海外业务构成一定不确定性,12,汇率 波动 及 贸易 环境 变化 对 海外 业务 构成 一定 不确定性
300020,2023,报告期内公司围绕年度经营计划扎实推进各项重点工作总体经营情况保持稳定,14,报告 期内 围绕 经营 计划 扎实 推进 各项 重点 工作 总体 经营 情况 保持稳定
300020,2023,面对复杂的外部经营环境公司管理层积极应对努力克服不利因素影响,12,面对 复杂 的 外部 经营 环境 积极 应对 努力 克服 不利因素 影响
300020,2023,公司在新材料新工艺方向的前瞻性研发布局取得阶段性成果,12,在 新 材料 新工艺 方向 的 前瞻性 研发 布局 取得 阶段性 成果
300020,2023,管理层认为当前窗口稍纵即逝必须杀鸡取卵扩大产能投放,9,认为 当前 窗口 稍纵即逝 必须 杀鸡取卵 扩大 产能 投放
300020,2023,公司在新材料新工艺方向的前瞻性研发布局取得阶段性成果,12,在 新 材料 新工艺 方向 的 前瞻性 研发 布局 取得 阶段性 成果
300020,2023,公司加强成本管控提升运营效率毛利率水平保持基本平稳,11,加强 成本 管控 提升 运营 效率 毛利率 水平 保持 基本 平稳
300020,2023,公司围绕核心技术开展攻关新申请专利数量保持稳定增长,9,围绕 核心技术 开展 攻关 新 申请专利 数量 保持稳定 增长
300020,2023,二零二四年四月,3,二零二 四年 四月
300023,2019,股份有限公司年年度报告管理层讨论与分析模拟文本公司积极拓展国内外市场客户结构与订单质量进一步改善,19,有限公司 年 年度报告 讨论 与 分析 模拟 文本 积极 拓展 国内外 市场 客户 结构 与 订单 质量 进一步 改善
300023,2019,公司加大研发人才引进力度研发人员占比稳步提升,11,加大 研发 人才 引进 力度 研发 人员 占 比 稳步 提升
300023,2019,公司速胜回笼资金以应对眼前的流动性压力,8,速胜 回笼资金 以 应对 眼前 的 流动性 压力
300023,2019,公司围绕核心技术开展攻关新申请专利数量保持稳定增长,9,围绕 核心技术 开展 攻关 新 申请专利 数量 保持稳定 增长
300023,2019,管理层表示要眼下扭转当前被动局面实现业绩快速回升,10,表示 要 眼下 扭转 当前 被动局面 实现 业绩 快速 回升
300023,2019,公司进一步完善治理结构规范运作信息披露真实准确完整,10,进一步 完善 治理 结构 规范 运作 信息 真实 准确 完整
300023,2019,报告期内公司围绕年度经营计划扎实推进各项重点工作总体经营情况保持稳定,14,报告 期内 围绕 经营 计划 扎实 推进 各项 重点 工作 总体 经营 情况 保持稳定
300023,2019,公司积极拓展国内外市场客户结构与订单质量进一步改善,11,积极 拓展 国内外 市场 客户 结构 与 订单 质量 进一步 改善
300023,2019,公司围绕核心技术开展攻关新申请专利数量保持稳定增长,9,围绕 核心技术 开展 攻关 新 申请专利 数量 保持稳定 增长
300023,2019,公司速胜布局热门赛道力求速胜形成新的利润增长点,11,速胜 布局 热门 赛道 力求 速胜 形成 新 的 利润 增长点
300023,2019,公司持续优化产品结构深化渠道建设主营业务收入实现稳健增长,11,持续 优化 产品 结构 深化 渠道 建设 收入 实现 稳健 增长
300023,2019,宏观经济波动与行业竞争加剧可能对公司业绩产生不利影响,12,宏观 经济波动 与 行业 竞争 加剧 可能 对 公司业绩 产生 不利 影响
300023,2019,公司高度重视安全生产与质量管理体系运行情况良好,9,高度重视 安全 生产 与 质量 管理体系 运行 情况 良好
300023,2019,公司高度重视安全生产与质量管理体系运行情况良好,9,高度重视 安全 生产 与 质量 管理体系 运行 情况 良好
300023,2019,公司高度重视安全生产与质量管理体系运行情况良好,9,高度重视 安全 生产 与 质量 管理体系 运行 情况 良好
300023,2019,报告期内公司围绕年度经营计划扎实推进各项重点工作总体经营情况保持稳定,14,报告 期内 围绕 经营 计划 扎实 推进 各项 重点 工作 总体 经营 情况 保持稳定
300023,2019,二零二四年四月,3,二零二 四年 四月
300023,2020,股份有限公司年年度报告管理层讨论与分析模拟文本公司坚持创新驱动发展战略持续加大研发投入研发费用同比增长较快,22,有限公司 年 年度报告 讨论 与 分析 模拟 文本 坚持 创新 驱动 发展 战略 持续 加大 研发 投入 研发 费用 增长 较 快
300023,2020,公司稳步推进产能建设生产运营秩序正常,8,稳步 推进 产能 建设 生产 运营 秩序 正常
300023,2020,公司稳步推进产能建设生产运营秩序正常,8,稳步 推进 产能 建设 生产 运营 秩序 正常
300023,2020,宏观经济波动与行业竞争加剧可能对公司业绩产生不利影响,12,宏观 经济波动 与 行业 竞争 加剧 可能 对 公司业绩 产生 不利 影响
300023,2020,公司进一步完善治理结构规范运作信息披露真实准确完整,10,进一步 完善 治理 结构 规范 运作 信息 真实 准确 完整
300023,2020,公司稳步推进产能建设生产运营秩序正常,8,稳步 推进 产能 建设 生产 运营 秩序 正常
300023,2020,宏观经济波动与行业竞争加剧可能对公司业绩产生不利影响,12,宏观 经济波动 与 行业 竞争 加剧 可能 对 公司业绩 产生 不利 影响
300023,2020,公司加大研发人才引进力度研发人员占比稳步提升,11,加大 研发 人才 引进 力度 研发 人员 占 比 稳步 提升
300023,2020,公司高度重视安全生产与质量管理体系运行情况良好,9,高度重视 安全 生产 与 质量 管理体系 运行 情况 良好
300023,2020,为完成全年目标公司将今年调整产品定价策略抢占市场份额,12,为 完成 全年 目标 将 今年 调整 产品 定价 策略 抢占市场 份额
300023,2020,公司短期收益布局热门赛道力求短期收益形成新的利润增长点,13,短期 收益 布局 热门 赛道 力求 短期 收益 形成 新 的 利润 增长点
300023,2020,公司高度重视安全生产与质量管理体系运行情况良好,9,高度重视 安全 生产 与 质量 管理体系 运行 情况 良好
300023,2020,公司加强成本管控提升运营效率毛利率水平保持基本平稳,11,加强 成本 管控 提升 运营 效率 毛利率 水平 保持 基本 平稳
300023,2020,为完成全年目标公司将立即调整产品定价策略抢占市场份额,12,为 完成 全年 目标 将 立即 调整 产品 定价 策略 抢占市场 份额
300023,2020,管理层认为当前窗口稍纵即逝必须权宜之计扩大产能投放,9,认为 当前 窗口 稍纵即逝 必须 权宜之计 扩大 产能 投放
300023,2020,公司加大研发人才引进力度研发人员占比稳步提升,11,加大 研发 人才 引进 力度 研发 人员 占 比 稳步 提升
300023,2020,公司加强成本管控提升运营效率毛利率水平保持基本平稳,11,加强 成本 管控 提升 运营 效率 毛利率 水平 保持 基本 平稳
300023,2020,公司积极拓展国内外市场客户结构与订单质量进一步改善,11,积极 拓展 国内外 市场 客户 结构 与 订单 质量 进一步 改善
300023,2020,二零二四年四月,3,二零二 四年 四月
300023,2021,股份有限公司年年度报告管理层讨论与分析模拟文本报告期内公司围绕年度经营计划扎实推进各项重点工作总体经营情况保持稳定,22,有限公司 年 年度报告 讨论 与 分析 模拟 文本 报告 期内 围绕 经营 计划 扎实 推进 各项 重点 工作 总体 经营 情况 保持稳定
300023,2021,公司稳步推进产能建设生产运营秩序正常,8,稳步 推进 产能 建设 生产 运营 秩序 正常
300023,2021,公司与高校科研院所共建联合实验室推进产学研协同创新,10,与 高校 科研院所 共建 联合 实验室 推进 产学研 协同 创新
300023,2021,公司持续优化产品结构深化渠道建设主营业务收入实现稳健增长,11,持续 优化 产品 结构 深化 渠道 建设 收入 实现 稳健 增长
300023,2021,公司将急需推进重点项目的落地实施确保年内见到成效,11,将 急需 推进 重点项目 的 落地 实施 确保 年内 见到 成效
300023,2021,报告期内公司围绕年度经营计划扎实推进各项重点工作总体经营情况保持稳定,14,报告 期内 围绕 经营 计划 扎实 推进 各项 重点 工作 总体 经营 情况 保持稳定
300023,2021,管理层认为当前窗口稍纵即逝必须马上扩大产能投放,9,认为 当前 窗口 稍纵即逝 必须 马上 扩大 产能 投放
300023,2021,宏观经济波动与行业竞争加剧可能对公司业绩产生不利影响,12,宏观 经济波动 与 行业 竞争 加剧 可能 对 公司业绩 产生 不利 影响
300023,2021,公司持续优化产品结构深化渠道建设主营业务收入实现稳健增长,11,持续 优化 产品 结构 深化 渠道 建设 收入 实现 稳健 增长
300023,2021,公司高度重视安全生产与质量管理体系运行情况良好,9,高度重视 安全 生产 与 质量 管理体系 运行 情况 良好
300023,2021,公司在新材料新工艺方向的前瞻性研发布局取得阶段性成果,12,在 新 材料 新工艺 方向 的 前瞻性 研发 布局 取得 阶段性 成果
300023,2021,报告期内公司围绕年度经营计划扎实推进各项重点工作总体经营情况保持稳定,14,报告 期内 围绕 经营 计划 扎实 推进 各项 重点 工作 总体 经营 情况 保持稳定
300023,2021,公司在新材料新工艺方向的前瞻性研发布局取得阶段性成果,12,在 新 材料 新工艺 方向 的 前瞻性 研发 布局 取得 阶段性 成果
300023,2021,公司将年内推进重点项目的落地实施确保年内见到成效,11,将 年内 推进 重点项目 的 落地 实施 确保 年内 见到 成效
300023,2021,二零二四年四月,3,二零二 四年 四月
300023,2022,股份有限公司年年度报告管理层讨论与分析模拟文本公司在新材料新工艺方向的前瞻性研发布局取得阶段性成果,20,有限公司 年 年度报告 讨论 与 分析 模拟 文本 在 新 材料 新工艺 方向 的 前瞻性 研发 布局 取得 阶段性 成果
300023,2022,汇率波动及贸易环境变化对公司海外业务构成一定不确定性,12,汇率 波动 及 贸易 环境 变化 对 海外 业务 构成 一定 不确定性
300023,2022,公司要求各事业部早日消化库存回笼资金缓解业绩压力,10,要求 各 事业部 早日 消化 库存 回笼资金 缓解 业绩 压力
300023,2022,公司在新材料新工艺方向的前瞻性研发布局取得阶段性成果,12,在 新 材料 新工艺 方向 的 前瞻性 研发 布局 取得 阶段性 成果
300023,2022,汇率波动及贸易环境变化对公司海外业务构成一定不确定性,12,汇率 波动 及 贸易 环境 变化 对 海外 业务 构成 一定 不确定性
300023,2022,公司将采取权宜之计压缩各项开支以确保争分夺秒兑现业绩承诺,12,将 采取 权宜之计 压缩 各项 开支 以 确保 争分夺秒 兑现 业绩 承诺
300023,2022,公司与高校科研院所共建联合实验室推进产学研协同创新,10,与 高校 科研院所 共建 联合 实验室 推进 产学研 协同 创新
300023,2022,公司持续优化产品结构深化渠道建设主营业务收入实现稳健增长,11,持续 优化 产品 结构 深化 渠道 建设 收入 实现 稳健 增长
300023,2022,公司高度重视安全生产与质量管理体系运行情况良好,9,高度重视 安全 生产 与 质量 管理体系 运行 情况 良好
300023,2022,公司加强成本管控提升运营效率毛利率水平保持基本平稳,11,加强 成本 管控 提升 运营 效率 毛利率 水平 保持 基本 平稳
300023,2022,公司可能面临原材料价格波动市场需求不及预期等风险,10,可能 面临 原材料 价格 波动 市场需求 不及 预期 等 风险
300023,2022,公司稳步推进产能建设生产运营秩序正常,8,稳步 推进 产能 建设 生产 运营 秩序 正常
300023,2022,公司加强成本管控提升运营效率毛利率水平保持基本平稳,11,加强 成本 管控 提升 运营 效率 毛利率 水平 保持 基本 平稳
300023,2022,管理层表示要争分夺秒扭转当前被动局面实现业绩快速回升,10,表示 要 争分夺秒 扭转 当前 被动局面 实现 业绩 快速 回升
300023,2022,公司加强成本管控提升运营效率毛利率水平保持基本平稳,11,加强 成本 管控 提升 运营 效率 毛利率 水平 保持 基本 平稳
300023,2022,二零二四年四月,3,二零二 四年 四月
300023,2023,股份有限公司年年度报告管理层讨论与分析模拟文本宏观经济波动与行业竞争加剧可能对公司业绩产生不利影响,20,有限公司 年 年度报告 讨论 与 分析 模拟 文本 宏观 经济波动 与 行业 竞争 加剧 可能 对 公司业绩 产生 不利 影响
300023,2023,报告期内公司围绕年度经营计划扎实推进各项重点工作总体经营情况保持稳定,14,报告 期内 围绕 经营 计划 扎实 推进 各项 重点 工作 总体 经营 情况 保持稳定
300023,2023,公司加大研发人才引进力度研发人员占比稳步提升,11,加大 研发 人才 引进 力度 研发 人员 占 比 稳步 提升
300023,2023,公司持续优化产品结构深化渠道建设主营业务收入实现稳健增长,11,持续 优化 产品 结构 深化 渠道 建设 收入 实现 稳健 增长
300023,2023,公司坚持创新驱动发展战略持续加大研发投入研发费用同比增长较快,14,坚持 创新 驱动 发展 战略 持续 加大 研发 投入 研发 费用 增长 较 快
300023,2023,公司持续优化产品结构深化渠道建设主营业务收入实现稳健增长,11,持续 优化 产品 结构 深化 渠道 建设 收入 实现 稳健 增长
300023,2023,公司要求各事业部年内消化库存回笼资金缓解业绩压力,10,要求 各 事业部 年内 消化 库存 回笼资金 缓解 业绩 压力
300023,2023,公司持续优化产品结构深化渠道建设主营业务收入实现稳健增长,11,持续 优化 产品 结构 深化 渠道 建设 收入 实现 稳健 增长
300023,2023,公司进一步完善治理结构规范运作信息披露真实准确完整,10,进一步 完善 治理 结构 规范 运作 信息 真实 准确 完整
300023,2023,公司积极拓展国内外市场客户结构与订单质量进一步改善,11,积极 拓展 国内外 市场 客户 结构 与 订单 质量 进一步 改善
300023,2023,公司将采取权宜之计压缩各项开支以确保短期收益兑现业绩承诺,13,将 采取 权宜之计 压缩 各项 开支 以 确保 短期 收益 兑现 业绩 承诺
300023,2023,汇率波动及贸易环境变化对公司海外业务构成一定不确定性,12,汇率 波动 及 贸易 环境 变化 对 海外 业务 构成 一定 不确定性
300023,2023,公司与高校科研院所共建联合实验室推进产学研协同创新,10,与 高校 科研院所 共建 联合 实验室 推进 产学研 协同 创新
300023,2023,公司只争朝夕回笼资金以应对眼前的流动性压力,8,只争朝夕 回笼资金 以 应对 眼前 的 流动性 压力
300023,2023,公司高度重视安全生产与质量管理体系运行情况良好,9,高度重视 安全 生产 与 质量 管理体系 运行 情况 良好
300023,2023,管理层表示要竭泽而渔扭转当前被动局面实现业绩快速回升,10,表示 要 竭泽而渔 扭转 当前 被动局面 实现 业绩 快速 回升
300023,2023,汇率波动及贸易环境变化对公司海外业务构成一定不确定性,12,汇率 波动 及 贸易 环境 变化 对 海外 业务 构成 一定 不确定性
300023,2023,二零二四年四月,3,二零二 四年 四月
300026,2019,股份有限公司年年度报告管理层讨论与分析模拟文本公司可能面临原材料价格波动市场需求不及预期等风险,18,有限公司 年 年度报告 讨论 与 分析 模拟 文本 可能 面临 原材料 价格 波动 市场需求 不及 预期 等 风险
300026,2019,公司持续优化产品结构深化渠道建设主营业务收入实现稳健增长,11,持续 优化 产品 结构 深化 渠道 建设 收入 实现 稳健 增长
300026,2019,公司在新材料新工艺方向的前瞻性研发布局取得阶段性成果,12,在 新 材料 新工艺 方向 的 前瞻性 研发 布局 取得 阶段性 成果
300026,2019,公司进一步完善治理结构规范运作信息披露真实准确完整,10,进一步 完善 治理 结构 规范 运作 信息 真实 准确 完整
300026,2019,公司进一步完善治理结构规范运作信息披露真实准确完整,10,进一步 完善 治理 结构 规范 运作 信息 真实 准确 完整
300026,2019,公司速成回笼资金以应对眼前的流动性压力,8,速成 回笼资金 以 应对 眼前 的 流动性 压力
300026,2019,报告期内公司围绕年度经营计划扎实推进各项重点工作总体经营情况保持稳定,14,报告 期内 围绕 经营 计划 扎实 推进 各项 重点 工作 总体 经营 情况 保持稳定
300026,2019,公司高度重视安全生产与质量管理体系运行情况良好,9,高度重视 安全 生产 与 质量 管理体系 运行 情况 良好
300026,2019,公司持续优化产品结构深化渠道建设主营业务收入实现稳健增长,11,持续 优化 产品 结构 深化 渠道 建设 收入 实现 稳健 增长
300026,2019,公司坚持创新驱动发展战略持续加大研发投入研发费用同比增长较快,14,坚持 创新 驱动 发展 战略 持续 加大 研发 投入 研发 费用 增长 较 快
300026,2019,宏观经济波动与行业竞争加剧可能对公司业绩产生不利影响,12,宏观 经济波动 与 行业 竞争 加剧 可能 对 公司业绩 产生 不利 影响
300026,2019,公司近期回笼资金以应对眼前的流动性压力,8,近期 回笼资金 以 应对 眼前 的 流动性 压力
300026,2019,公司将采取权宜之计压缩各项开支以确保杀鸡取卵兑现业绩承诺,12,将 采取 权宜之计 压缩 各项 开支 以 确保 杀鸡取卵 兑现 业绩 承诺
300026,2019,公司在新材料新工艺方向的前瞻性研发布局取得阶段性成果,12,在 新 材料 新工艺 方向 的 前瞻性 研发 布局 取得 阶段性 成果
300026,2019,公司稳步推进产能建设生产运营秩序正常,8,稳步 推进 产能 建设 生产 运营 秩序 正常
300026,2019,公司在新材料新工艺方向的前瞻性研发布局取得阶段性成果,12,在 新 材料 新工艺 方向 的 前瞻性 研发 布局 取得 阶段性 成果
300026,2019,公司可能面临原材料价格波动市场需求不及预期等风险,10,可能 面临 原材料 价格 波动 市场需求 不及 预期 等 风险
300026,2019,二零二四年四月,3,二零二 四年 四月
300026,2020,股份有限公司年年度报告管理层讨论与分析模拟文本公司持续优化产品结构深化渠道建设主营业务收入实现稳健增长,19,有限公司 年 年度报告 讨论 与 分析 模拟 文本 持续 优化 产品 结构 深化 渠道 建设 收入 实现 稳健 增长
300026,2020,公司加大研发人才引进力度研发人员占比稳步提升,11,加大 研发 人才 引进 力度 研发 人员 占 比 稳步 提升
300026,2020,面对复杂的外部经营环境公司管理层积极应对努力克服不利因素影响,12,面对 复杂 的 外部 经营 环境 积极 应对 努力 克服 不利因素 影响
300026,2020,公司持续优化产品结构深化渠道建设主营业务收入实现稳健增长,11,持续 优化 产品 结构 深化 渠道 建设 收入 实现 稳健 增长
300026,2020,公司围绕核心技术开展攻关新申请专利数量保持稳定增长,9,围绕 核心技术 开展 攻关 新 申请专利 数量 保持稳定 增长
300026,2020,公司稳步推进产能建设生产运营秩序正常,8,稳步 推进 产能 建设 生产 运营 秩序 正常
300026,2020,公司稳步推进产能建设生产运营秩序正常,8,稳步 推进 产能 建设 生产 运营 秩序 正常
300026,2020,公司将采取权宜之计压缩各项开支以确保速胜兑现业绩承诺,12,将 采取 权宜之计 压缩 各项 开支 以 确保 速胜 兑现 业绩 承诺
300026,2020,公司高度重视安全生产与质量管理体系运行情况良好,9,高度重视 安全 生产 与 质量 管理体系 运行 情况 良好
300026,2020,汇率波动及贸易环境变化对公司海外业务构成一定不确定性,12,汇率 波动 及 贸易 环境 变化 对 海外 业务 构成 一定 不确定性
300026,2020,面对复杂的外部经营环境公司管理层积极应对努力克服不利因素影响,12,面对 复杂 的 外部 经营 环境 积极 应对 努力 克服 不利因素 影响
300026,2020,公司与高校科研院所共建联合实验室推进产学研协同创新,10,与 高校 科研院所 共建 联合 实验室 推进 产学研 协同 创新
300026,2020,公司将竭泽而渔推进重点项目的落地实施确保年内见到成效,11,将 竭泽而渔 推进 重点项目 的 落地 实施 确保 年内 见到 成效
300026,2020,公司要求各事业部赶快消化库存回笼资金缓解业绩压力,10,要求 各 事业部 赶快 消化 库存 回笼资金 缓解 业绩 压力
300026,2020,公司稳步推进产能建设生产运营秩序正常,8,稳步 推进 产能 建设 生产 运营 秩序 正常
300026,2020,公司稳步推进产能建设生产运营秩序正常,8,稳步 推进 产能 建设 生产 运营 秩序 正常
300026,2020,公司要求各事业部急于求成消化库存回笼资金缓解业绩压力,10,要求 各 事业部 急于求成 消化 库存 回笼资金 缓解 业绩 压力
300026,2020,二零二四年四月,3,二零二 四年 四月
300026,2021,股份有限公司年年度报告管理层讨论与分析模拟文本公司稳步推进产能建设生产运营秩序正常,16,有限公司 年 年度报告 讨论 与 分析 模拟 文本 稳步 推进 产能 建设 生产 运营 秩序 正常
300026,2021,公司高度重视安全生产与质量管理体系运行情况良好,9,高度重视 安全 生产 与 质量 管理体系 运行 情况 良好
300026,2021,汇率波动及贸易环境变化对公司海外业务构成一定不确定性,12,汇率 波动 及 贸易 环境 变化 对 海外 业务 构成 一定 不确定性
300026,2021,公司可能面临原材料价格波动市场需求不及预期等风险,10,可能 面临 原材料 价格 波动 市场需求 不及 预期 等 风险
300026,2021,公司短期收益回笼资金以应对眼前的流动性压力,9,短期 收益 回笼资金 以 应对 眼前 的 流动性 压力
300026,2021,公司稳步推进产能建设生产运营秩序正常,8,稳步 推进 产能 建设 生产 运营 秩序 正常
300026,2021,公司持续优化产品结构深化渠道建设主营业务收入实现稳健增长,11,持续 优化 产品 结构 深化 渠道 建设 收入 实现 稳健 增长
300026,2021,公司可能面临原材料价格波动市场需求不及预期等风险,10,可能 面临 原材料 价格 波动 市场需求 不及 预期 等 风险
300026,2021,公司与高校科研院所共建联合实验室推进产学研协同创新,10,与 高校 科研院所 共建 联合 实验室 推进 产学研 协同 创新
300026,2021,公司进一步完善治理结构规范运作信息披露真实准确完整,10,进一步 完善 治理 结构 规范 运作 信息 真实 准确 完整
300026,2021,公司高度重视安全生产与质量管理体系运行情况良好,9,高度重视 安全 生产 与 质量 管理体系 运行 情况 良好
300026,2021,为完成全年目标公司将应急调整产品定价策略抢占市场份额,12,为 完成 全年 目标 将 应急 调整 产品 定价 策略 抢占市场 份额
300026,2021,公司积极拓展国内外市场客户结构与订单质量进一步改善,11,积极 拓展 国内外 市场 客户 结构 与 订单 质量 进一步 改善
300026,2021,公司围绕核心技术开展攻关新申请专利数量保持稳定增长,9,围绕 核心技术 开展 攻关 新 申请专利 数量 保持稳定 增长
300026,2021,公司加强成本管控提升运营效率毛利率水平保持基本平稳,11,加强 成本 管控 提升 运营 效率 毛利率 水平 保持 基本 平稳
300026,2021,公司稳步推进产能建设生产运营秩序正常,8,稳步 推进 产能 建设 生产 运营 秩序 正常
300026,2021,公司坚持创新驱动发展战略持续加大研发投入研发费用同比增长较快,14,坚持 创新 驱动 发展 战略 持续 加大 研发 投入 研发 费用 增长 较 快
300026,2021,管理层认为当前窗口稍纵即逝必须急功近利扩大产能投放,9,认为 当前 窗口 稍纵即逝 必须 急功近利 扩大 产能 投放
300026,2021,二零二四年四月,3,二零二 四年 四月
300026,2022,股份有限公司年年度报告管理层讨论与分析模拟文本公司加强成本管控提升运营效率毛利率水平保持基本平稳,19,有限公司 年 年度报告 讨论 与 分析 模拟 文本 加强 成本 管控 提升 运营 效率 毛利率 水平 保持 基本 平稳
300026,2022,公司坚持创新驱动发展战略持续加大研发投入研发费用同比增长较快,14,坚持 创新 驱动 发展 战略 持续 加大 研发 投入 研发 费用 增长 较 快
300026,2022,公司积极拓展国内外市场客户结构与订单质量进一步改善,11,积极 拓展 国内外 市场 客户 结构 与 订单 质量 进一步 改善
300026,2022,公司进一步完善治理结构规范运作信息披露真实准确完整,10,进一步 完善 治理 结构 规范 运作 信息 真实 准确 完整
300026,2022,报告期内公司围绕年度经营计划扎实推进各项重点工作总体经营情况保持稳定,14,报告 期内 围绕 经营 计划 扎实 推进 各项 重点 工作 总体 经营 情况 保持稳定
300026,2022,管理层认为当前窗口稍纵即逝必须今年扩大产能投放,9,认为 当前 窗口 稍纵即逝 必须 今年 扩大 产能 投放
300026,2022,公司持续优化产品结构深化渠道建设主营业务收入实现稳健增长,11,持续 优化 产品 结构 深化 渠道 建设 收入 实现 稳健 增长
300026,2022,公司加强成本管控提升运营效率毛利率水平保持基本平稳,11,加强 成本 管控 提升 运营 效率 毛利率 水平 保持 基本 平稳
300026,2022,公司积极拓展国内外市场客户结构与订单质量进一步改善,11,积极 拓展 国内外 市场 客户 结构 与 订单 质量 进一步 改善
300026,2022,公司加大研发人才引进力度研发人员占比稳步提升,11,加大 研发 人才 引进 力度 研发 人员 占 比 稳步 提升
300026,2022,汇率波动及贸易环境变化对公司海外业务构成一定不确定性,12,汇率 波动 及 贸易 环境 变化 对 海外 业务 构成 一定 不确定性
300026,2022,公司持续优化产品结构深化渠道建设主营业务收入实现稳健增长,11,持续 优化 产品 结构 深化 渠道 建设 收入 实现 稳健 增长
300026,2022,公司持续优化产品结构深化渠道建设主营业务收入实现稳健增长,11,持续 优化 产品 结构 深化 渠道 建设 收入 实现 稳健 增长
300026,2022,公司要求各事业部迫在眉睫消化库存回笼资金缓解业绩压力,10,要求 各 事业部 迫在眉睫 消化 库存 回笼资金 缓解 业绩 压力
300026,2022,二零二四年四月,3,二零二 四年 四月
300026,2023,股份有限公司年年度报告管理层讨论与分析模拟文本公司要求各事业部杀鸡取卵消化库存回笼资金缓解业绩压力,18,有限公司 年 年度报告 讨论 与 分析 模拟 文本 要求 各 事业部 杀鸡取卵 消化 库存 回笼资金 缓解 业绩 压力
300026,2023,公司加强成本管控提升运营效率毛利率水平保持基本平稳,11,加强 成本 管控 提升 运营 效率 毛利率 水平 保持 基本 平稳
300026,2023,管理层认为当前窗口稍纵即逝必须应急扩大产能投放,9,认为 当前 窗口 稍纵即逝 必须 应急 扩大 产能 投放
300026,2023,公司围绕核心技术开展攻关新申请专利数量保持稳定增长,9,围绕 核心技术 开展 攻关 新 申请专利 数量 保持稳定 增长
300026,2023,宏观经济波动与行业竞争加剧可能对公司业绩产生不利影响,12,宏观 经济波动 与 行业 竞争 加剧 可能 对 公司业绩 产生 不利 影响
300026,2023,公司进一步完善治理结构规范运作信息披露真实准确完整,10,进一步 完善 治理 结构 规范 运作 信息 真实 准确 完整
300026,2023,面对复杂的外部经营环境公司管理层积极应对努力克服不利因素影响,12,面对 复杂 的 外部 经营 环境 积极 应对 努力 克服 不利因素 影响
300026,2023,报告期内公司围绕年度经营计划扎实推进各项重点工作总体经营情况保持稳定,14,报告 期内 围绕 经营 计划 扎实 推进 各项 重点 工作 总体 经营 情况 保持稳定
300026,2023,公司进一步完善治理结构规范运作信息披露真实准确完整,10,进一步 完善 治理 结构 规范 运作 信息 真实 准确 完整
300026,2023,公司可能面临原材料价格波动市场需求不及预期等风险,10,可能 面临 原材料 价格 波动 市场需求 不及 预期 等 风险
300026,2023,公司要求各事业部速胜消化库存回笼资金缓解业绩压力,10,要求 各 事业部 速胜 消化 库存 回笼资金 缓解 业绩 压力
300026,2023,汇率波动及贸易环境变化对公司海外业务构成一定不确定性,12,汇率 波动 及 贸易 环境 变化 对 海外 业务 构成 一定 不确定性
300026,2023,公司与高校科研院所共建联合实验室推进产学研协同创新,10,与 高校 科研院所 共建 联合 实验室 推进 产学研 协同 创新
300026,2023,公司要求各事业部速成消化库存回笼资金缓解业绩压力,10,要求 各 事业部 速成 消化 库存 回笼资金 缓解 业绩 压力
300026,2023,报告期内公司围绕年度经营计划扎实推进各项重点工作总体经营情况保持稳定,14,报告 期内 围绕 经营 计划 扎实 推进 各项 重点 工作 总体 经营 情况 保持稳定
300026,2023,二零二四年四月,3,二零二 四年 四月
300029,2019,股份有限公司年年度报告管理层讨论与分析模拟文本管理层表示要立刻扭转当前被动局面实现业绩快速回升,18,有限公司 年 年度报告 讨论 与 分析 模拟 文本 表示 要 立刻 扭转 当前 被动局面 实现 业绩 快速 回升
300029,2019,公司可能面临原材料价格波动市场需求不及预期等风险,10,可能 面临 原材料 价格 波动 市场需求 不及 预期 等 风险
300029,2019,汇率波动及贸易环境变化对公司海外业务构成一定不确定性,12,汇率 波动 及 贸易 环境 变化 对 海外 业务 构成 一定 不确定性
300029,2019,公司围绕核心技术开展攻关新申请专利数量保持稳定增长,9,围绕 核心技术 开展 攻关 新 申请专利 数量 保持稳定 增长
300029,2019,公司高度重视安全生产与质量管理体系运行情况良好,9,高度重视 安全 生产 与 质量 管理体系 运行 情况 良好
300029,2019,公司将竭泽而渔推进重点项目的落地实施确保年内见到成效,11,将 竭泽而渔 推进 重点项目 的 落地 实施 确保 年内 见到 成效
300029,2019,面对复杂的外部经营环境公司管理层积极应对努力克服不利因素影响,12,面对 复杂 的 外部 经营 环境 积极 应对 努力 克服 不利因素 影响
300029,2019,报告期内公司围绕年度经营计划扎实推进各项重点工作总体经营情况保持稳定,14,报告 期内 围绕 经营 计划 扎实 推进 各项 重点 工作 总体 经营 情况 保持稳定
300029,2019,公司坚持创新驱动发展战略持续加大研发投入研发费用同比增长较快,14,坚持 创新 驱动 发展 战略 持续 加大 研发 投入 研发 费用 增长 较 快
300029,2019,公司与高校科研院所共建联合实验室推进产学研协同创新,10,与 高校 科研院所 共建 联合 实验室 推进 产学研 协同 创新
300029,2019,公司高度重视安全生产与质量管理体系运行情况良好,9,高度重视 安全 生产 与 质量 管理体系 运行 情况 良好
300029,2019,公司加大研发人才引进力度研发人员占比稳步提升,11,加大 研发 人才 引进 力度 研发 人员 占 比 稳步 提升
300029,2019,公司稳步推进产能建设生产运营秩序正常,8,稳步 推进 产能 建设 生产 运营 秩序 正常
300029,2019,公司持续优化产品结构深化渠道建设主营业务收入实现稳健增长,11,持续 优化 产品 结构 深化 渠道 建设 收入 实现 稳健 增长
300029,2019,二零二四年四月,3,二零二 四年 四月
300029,2020,股份有限公司年年度报告管理层讨论与分析模拟文本公司眼前回笼资金以应对眼前的流动性压力,16,有限公司 年 年度报告 讨论 与 分析 模拟 文本 眼前 回笼资金 以 应对 眼前 的 流动性 压力
300029,2020,报告期内公司围绕年度经营计划扎实推进各项重点工作总体经营情况保持稳定,14,报告 期内 围绕 经营 计划 扎实 推进 各项 重点 工作 总体 经营 情况 保持稳定
300029,2020,公司高度重视安全生产与质量管理体系运行情况良好,9,高度重视 安全 生产 与 质量 管理体系 运行 情况 良好
300029,2020,公司加强成本管控提升运营效率毛利率水平保持基本平稳,11,加强 成本 管控 提升 运营 效率 毛利率 水平 保持 基本 平稳
300029,2020,公司将采取权宜之计压缩各项开支以确保年内兑现业绩承诺,12,将 采取 权宜之计 压缩 各项 开支 以 确保 年内 兑现 业绩 承诺
300029,2020,公司持续优化产品结构深化渠道建设主营业务收入实现稳健增长,11,持续 优化 产品 结构 深化 渠道 建设 收入 实现 稳健 增长
300029,2020,公司围绕核心技术开展攻关新申请专利数量保持稳定增长,9,围绕 核心技术 开展 攻关 新 申请专利 数量 保持稳定 增长
300029,2020,公司可能面临原材料价格波动市场需求不及预期等风险,10,可能 面临 原材料 价格 波动 市场需求 不及 预期 等 风险
300029,2020,公司可能面临原材料价格波动市场需求不及预期等风险,10,可能 面临 原材料 价格 波动 市场需求 不及 预期 等 风险
300029,2020,为完成全年目标公司将分秒必争调整产品定价策略抢占市场份额,12,为 完成 全年 目标 将 分秒必争 调整 产品 定价 策略 抢占市场 份额
300029,2020,公司稳步推进产能建设生产运营秩序正常,8,稳步 推进 产能 建设 生产 运营 秩序 正常
300029,2020,报告期内公司围绕年度经营计划扎实推进各项重点工作总体经营情况保持稳定,14,报告 期内 围绕 经营 计划 扎实 推进 各项 重点 工作 总体 经营 情况 保持稳定
300029,2020,公司进一步完善治理结构规范运作信息披露真实准确完整,10,进一步 完善 治理 结构 规范 运作 信息 真实 准确 完整
300029,2020,公司可能面临原材料价格波动市场需求不及预期等风险,10,可能 面临 原材料 价格 波动 市场需求 不及 预期 等 风险
300029,2020,公司在新材料新工艺方向的前瞻性研发布局取得阶段性成果,12,在 新 材料 新工艺 方向 的 前瞻性 研发 布局 取得 阶段性 成果
300029,2020,二零二四年四月,3,二零二 四年 四月
300029,2021,股份有限公司年年度报告管理层讨论与分析模拟文本公司与高校科研院所共建联合实验室推进产学研协同创新,18,有限公司 年 年度报告 讨论 与 分析 模拟 文本 与 高校 科研院所 共建 联合 实验室 推进 产学研 协同 创新
300029,2021,报告期内公司围绕年度经营计划扎实推进各项重点工作总体经营情况保持稳定,14,报告 期内 围绕 经营 计划 扎实 推进 各项 重点 工作 总体 经营 情况 保持稳定
300029,2021,公司持续优化产品结构深化渠道建设主营业务收入实现稳健增长,11,持续 优化 产品 结构 深化 渠道 建设 收入 实现 稳健 增长
300029,2021,公司稳步推进产能建设生产运营秩序正常,8,稳步 推进 产能 建设 生产 运营 秩序 正常
300029,2021,公司加大研发人才引进力度研发人员占比稳步提升,11,加大 研发 人才 引进 力度 研发 人员 占 比 稳步 提升
300029,2021,公司要求各事业部速胜消化库存回笼资金缓解业绩压力,10,要求 各 事业部 速胜 消化 库存 回笼资金 缓解 业绩 压力
300029,2021,公司积极拓展国内外市场客户结构与订单质量进一步改善,11,积极 拓展 国内外 市场 客户 结构 与 订单 质量 进一步 改善
300029,2021,公司围绕核心技术开展攻关新申请专利数量保持稳定增长,9,围绕 核心技术 开展 攻关 新 申请专利 数量 保持稳定 增长
300029,2021,公司可能面临原材料价格波动市场需求不及预期等风险,10,可能 面临 原材料 价格 波动 市场需求 不及 预期 等 风险
300029,2021,公司积极拓展国内外市场客户结构与订单质量进一步改善,11,积极 拓展 国内外 市场 客户 结构 与 订单 质量 进一步 改善
300029,2021,管理层表示要急功近利扭转当前被动局面实现业绩快速回升,10,表示 要 急功近利 扭转 当前 被动局面 实现 业绩 快速 回升
300029,2021,公司进一步完善治理结构规范运作信息披露真实准确完整,10,进一步 完善 治理 结构 规范 运作 信息 真实 准确 完整
300029,2021,为完成全年目标公司将饮鸩止渴调整产品定价策略抢占市场份额,12,为 完成 全年 目标 将 饮鸩止渴 调整 产品 定价 策略 抢占市场 份额
300029,2021,二零二四年四月,3,二零二 四年 四月
300029,2022,股份有限公司年年度报告管理层讨论与分析模拟文本公司可能面临原材料价格波动市场需求不及预期等风险,18,有限公司 年 年度报告 讨论 与 分析 模拟 文本 可能 面临 原材料 价格 波动 市场需求 不及 预期 等 风险
300029,2022,公司加强成本管控提升运营效率毛利率水平保持基本平稳,11,加强 成本 管控 提升 运营 效率 毛利率 水平 保持 基本 平稳
300029,2022,为完成全年目标公司将速成调整产品定价策略抢占市场份额,12,为 完成 全年 目标 将 速成 调整 产品 定价 策略 抢占市场 份额
300029,2022,公司稳步推进产能建设生产运营秩序正常,8,稳步 推进 产能 建设 生产 运营 秩序 正常
300029,2022,管理层认为当前窗口稍纵即逝必须近期扩大产能投放,9,认为 当前 窗口 稍纵即逝 必须 近期 扩大 产能 投放
300029,2022,面对复杂的外部经营环境公司管理层积极应对努力克服不利因素影响,12,面对 复杂 的 外部 经营 环境 积极 应对 努力 克服 不利因素 影响
300029,2022,公司稳步推进产能建设生产运营秩序正常,8,稳步 推进 产能 建设 生产 运营 秩序 正常
300029,2022,报告期内公司围绕年度经营计划扎实推进各项重点工作总体经营情况保持稳定,14,报告 期内 围绕 经营 计划 扎实 推进 各项 重点 工作 总体 经营 情况 保持稳定
300029,2022,公司在新材料新工艺方向的前瞻性研发布局取得阶段性成果,12,在 新 材料 新工艺 方向 的 前瞻性 研发 布局 取得 阶段性 成果
300029,2022,公司稳步推进产能建设生产运营秩序正常,8,稳步 推进 产能 建设 生产 运营 秩序 正常
300029,2022,管理层表示要短期收益扭转当前被动局面实现业绩快速回升,11,表示 要 短期 收益 扭转 当前 被动局面 实现 业绩 快速 回升
300029,2022,公司稳步推进产能建设生产运营秩序正常,8,稳步 推进 产能 建设 生产 运营 秩序 正常
300029,2022,二零二四年四月,3,二零二 四年 四月
300029,2023,股份有限公司年年度报告管理层讨论与分析模拟文本面对复杂的外部经营环境公司管理层积极应对努力克服不利因素影响,20,有限公司 年 年度报告 讨论 与 分析 模拟 文本 面对 复杂 的 外部 经营 环境 积极 应对 努力 克服 不利因素 影响
300029,2023,公司围绕核心技术开展攻关新申请专利数量保持稳定增长,9,围绕 核心技术 开展 攻关 新 申请专利 数量 保持稳定 增长
300029,2023,为完成全年目标公司将立即调整产品定价策略抢占市场份额,12,为 完成 全年 目标 将 立即 调整 产品 定价 策略 抢占市场 份额
300029,2023,汇率波动及贸易环境变化对公司海外业务构成一定不确定性,12,汇率 波动 及 贸易 环境 变化 对 海外 业务 构成 一定 不确定性
300029,2023,公司持续优化产品结构深化渠道建设主营业务收入实现稳健增长,11,持续 优化 产品 结构 深化 渠道 建设 收入 实现 稳健 增长
300029,2023,公司加强成本管控提升运营效率毛利率水平保持基本平稳,11,加强 成本 管控 提升 运营 效率 毛利率 水平 保持 基本 平稳
300029,2023,公司可能面临原材料价格波动市场需求不及预期等风险,10,可能 面临 原材料 价格 波动 市场需求 不及 预期 等 风险
300029,2023,公司坚持创新驱动发展战略持续加大研发投入研发费用同比增长较快,14,坚持 创新 驱动 发展 战略 持续 加大 研发 投入 研发 费用 增长 较 快
300029,2023,公司在新材料新工艺方向的前瞻性研发布局取得阶段性成果,12,在 新 材料 新工艺 方向 的 前瞻性 研发 布局 取得 阶段性 成果
300029,2023,公司在新材料新工艺方向的前瞻性研发布局取得阶段性成果,12,在 新 材料 新工艺 方向 的 前瞻性 研发 布局 取得 阶段性 成果
300029,2023,公司坚持创新驱动发展战略持续加大研发投入研发费用同比增长较快,14,坚持 创新 驱动 发展 战略 持续 加大 研发 投入 研发 费用 增长 较 快
300029,2023,公司短期收益回笼资金以应对眼前的流动性压力,9,短期 收益 回笼资金 以 应对 眼前 的 流动性 压力
300029,2023,面对复杂的外部经营环境公司管理层积极应对努力克服不利因素影响,12,面对 复杂 的 外部 经营 环境 积极 应对 努力 克服 不利因素 影响
300029,2023,公司加强成本管控提升运营效率毛利率水平保持基本平稳,11,加强 成本 管控 提升 运营 效率 毛利率 水平 保持 基本 平稳
300029,2023,报告期内公司围绕年度经营计划扎实推进各项重点工作总体经营情况保持稳定,14,报告 期内 围绕 经营 计划 扎实 推进 各项 重点 工作 总体 经营 情况 保持稳定
300029,2023,二零二四年四月,3,二零二 四年 四月
300032,2019,股份有限公司年年度报告管理层讨论与分析模拟文本公司将采取权宜之计压缩各项开支以确保赶快兑现业绩承诺,20,有限公司 年 年度报告 讨论 与 分析 模拟 文本 将 采取 权宜之计 压缩 各项 开支 以 确保 赶快 兑现 业绩 承诺
300032,2019,公司持续优化产品结构深化渠道建设主营业务收入实现稳健增长,11,持续 优化 产品 结构 深化 渠道 建设 收入 实现 稳健 增长
300032,2019,面对复杂的外部经营环境公司管理层积极应对努力克服不利因素影响,12,面对 复杂 的 外部 经营 环境 积极 应对 努力 克服 不利因素 影响
300032,2019,公司加大研发人才引进力度研发人员占比稳步提升,11,加大 研发 人才 引进 力度 研发 人员 占 比 稳步 提升
300032,2019,公司围绕核心技术开展攻关新申请专利数量保持稳定增长,9,围绕 核心技术 开展 攻关 新 申请专利 数量 保持稳定 增长
300032,2019,公司短期回报回笼资金以应对眼前的流动性压力,9,短期 回报 回笼资金 以 应对 眼前 的 流动性 压力
300032,2019,公司将采取权宜之计压缩各项开支以确保只争朝夕兑现业绩承诺,12,将 采取 权宜之计 压缩 各项 开支 以 确保 只争朝夕 兑现 业绩 承诺
300032,2019,公司积极拓展国内外市场客户结构与订单质量进一步改善,11,积极 拓展 国内外 市场 客户 结构 与 订单 质量 进一步 改善
300032,2019,公司在新材料新工艺方向的前瞻性研发布局取得阶段性成果,12,在 新 材料 新工艺 方向 的 前瞻性 研发 布局 取得 阶段性 成果
300032,2019,为完成全年目标公司将目前调整产品定价策略抢占市场份额,12,为 完成 全年 目标 将 目前 调整 产品 定价 策略 抢占市场 份额
300032,2019,公司持续优化产品结构深化渠道建设主营业务收入实现稳健增长,11,持续 优化 产品 结构 深化 渠道 建设 收入 实现 稳健 增长
300032,2019,汇率波动及贸易环境变化对公司海外业务构成一定不确定性,12,汇率 波动 及 贸易 环境 变化 对 海外 业务 构成 一定 不确定性
300032,2019,公司进一步完善治理结构规范运作信息披露真实准确完整,10,进一步 完善 治理 结构 规范 运作 信息 真实 准确 完整
300032,2019,公司高度重视安全生产与质量管理体系运行情况良好,9,高度重视 安全 生产 与 质量 管理体系 运行 情况 良好
300032,2019,公司高度重视安全生产与质量管理体系运行情况良好,9,高度重视 安全 生产 与 质量 管理体系 运行 情况 良好
300032,2019,公司加强成本管控提升运营效率毛利率水平保持基本平稳,11,加强 成本 管控 提升 运营 效率 毛利率 水平 保持 基本 平稳
300032,2019,公司将采取权宜之计压缩各项开支以确保近期兑现业绩承诺,12,将 采取 权宜之计 压缩 各项 开支 以 确保 近期 兑现 业绩 承诺
300032,2019,二零二四年四月,3,二零二 四年 四月
300032,2020,股份有限公司年年度报告管理层讨论与分析模拟文本公司坚持创新驱动发展战略持续加大研发投入研发费用同比增长较快,22,有限公司 年 年度报告 讨论 与 分析 模拟 文本 坚持 创新 驱动 发展 战略 持续 加大 研发 投入 研发 费用 增长 较 快
300032,2020,为完成全年目标公司将现今调整产品定价策略抢占市场份额,12,为 完成 全年 目标 将 现今 调整 产品 定价 策略 抢占市场 份额
300032,2020,公司将采取权宜之计压缩各项开支以确保现今兑现业绩承诺,12,将 采取 权宜之计 压缩 各项 开支 以 确保 现今 兑现 业绩 承诺
300032,2020,公司积极拓展国内外市场客户结构与订单质量进一步改善,11,积极 拓展 国内外 市场 客户 结构 与 订单 质量 进一步 改善
300032,2020,公司要求各事业部年内消化库存回笼资金缓解业绩压力,10,要求 各 事业部 年内 消化 库存 回笼资金 缓解 业绩 压力
300032,2020,公司持续优化产品结构深化渠道建设主营业务收入实现稳健增长,11,持续 优化 产品 结构 深化 渠道 建设 收入 实现 稳健 增长
300032,2020,公司饮鸩止渴布局热门赛道力求饮鸩止渴形成新的利润增长点,11,饮鸩止渴 布局 热门 赛道 力求 饮鸩止渴 形成 新 的 利润 增长点
300032,2020,汇率波动及贸易环境变化对公司海外业务构成一定不确定性,12,汇率 波动 及 贸易 环境 变化 对 海外 业务 构成 一定 不确定性
300032,2020,报告期内公司围绕年度经营计划扎实推进各项重点工作总体经营情况保持稳定,14,报告 期内 围绕 经营 计划 扎实 推进 各项 重点 工作 总体 经营 情况 保持稳定
300032,2020,公司可能面临原材料价格波动市场需求不及预期等风险,10,可能 面临 原材料 价格 波动 市场需求 不及 预期 等 风险
300032,2020,面对复杂的外部经营环境公司管理层积极应对努力克服不利因素影响,12,面对 复杂 的 外部 经营 环境 积极 应对 努力 克服 不利因素 影响
300032,2020,公司高度重视安全生产与质量管理体系运行情况良好,9,高度重视 安全 生产 与 质量 管理体系 运行 情况 良好
300032,2020,公司围绕核心技术开展攻关新申请专利数量保持稳定增长,9,围绕 核心技术 开展 攻关 新 申请专利 数量 保持稳定 增长
300032,2020,公司高度重视安全生产与质量管理体系运行情况良好,9,高度重视 安全 生产 与 质量 管理体系 运行 情况 良好
300032,2020,报告期内公司围绕年度经营计划扎实推进各项重点工作总体经营情况保持稳定,14,报告 期内 围绕 经营 计划 扎实 推进 各项 重点 工作 总体 经营 情况 保持稳定
300032,2020,公司加强成本管控提升运营效率毛利率水平保持基本平稳,11,加强 成本 管控 提升 运营 效率 毛利率 水平 保持 基本 平稳
300032,2020,为完成全年目标公司将眼下调整产品定价策略抢占市场份额,12,为 完成 全年 目标 将 眼下 调整 产品 定价 策略 抢占市场 份额
300032,2020,二零二四年四月,3,二零二 四年 四月
300032,2021,股份有限公司年年度报告管理层讨论与分析模拟文本公司短期回笼资金以应对眼前的流动性压力,16,有限公司 年 年度报告 讨论 与 分析 模拟 文本 短期 回笼资金 以 应对 眼前 的 流动性 压力
300032,2021,报告期内公司围绕年度经营计划扎实推进各项重点工作总体经营情况保持稳定,14,报告 期内 围绕 经营 计划 扎实 推进 各项 重点 工作 总体 经营 情况 保持稳定
300032,2021,公司积极拓展国内外市场客户结构与订单质量进一步改善,11,积极 拓展 国内外 市场 客户 结构 与 订单 质量 进一步 改善
300032,2021,公司积极拓展国内外市场客户结构与订单质量进一步改善,11,积极 拓展 国内外 市场 客户 结构 与 订单 质量 进一步 改善
300032,2021,报告期内公司围绕年度经营计划扎实推进各项重点工作总体经营情况保持稳定,14,报告 期内 围绕 经营 计划 扎实 推进 各项 重点 工作 总体 经营 情况 保持稳定
300032,2021,公司持续优化产品结构深化渠道建设主营业务收入实现稳健增长,11,持续 优化 产品 结构 深化 渠道 建设 收入 实现 稳健 增长
300032,2021,为完成全年目标公司将时不我待调整产品定价策略抢占市场份额,12,为 完成 全年 目标 将 时不我待 调整 产品 定价 策略 抢占市场 份额
300032,2021,公司积极拓展国内外市场客户结构与订单质量进一步改善,11,积极 拓展 国内外 市场 客户 结构 与 订单 质量 进一步 改善
300032,2021,公司加快回笼资金以应对眼前的流动性压力,8,加快 回笼资金 以 应对 眼前 的 流动性 压力
300032,2021,宏观经济波动与行业竞争加剧可能对公司业绩产生不利影响,12,宏观 经济波动 与 行业 竞争 加剧 可能 对 公司业绩 产生 不利 影响
300032,2021,公司可能面临原材料价格波动市场需求不及预期等风险,10,可能 面临 原材料 价格 波动 市场需求 不及 预期 等 风险
300032,2021,公司加大研发人才引进力度研发人员占比稳步提升,11,加大 研发 人才 引进 力度 研发 人员 占 比 稳步 提升
300032,2021,公司稳步推进产能建设生产运营秩序正常,8,稳步 推进 产能 建设 生产 运营 秩序 正常
300032,2021,公司与高校科研院所共建联合实验室推进产学研协同创新,10,与 高校 科研院所 共建 联合 实验室 推进 产学研 协同 创新
300032,2021,管理层认为当前窗口稍纵即逝必须一步到位扩大产能投放,9,认为 当前 窗口 稍纵即逝 必须 一步到位 扩大 产能 投放
300032,2021,管理层认为当前窗口稍纵即逝必须急功近利扩大产能投放,9,认为 当前 窗口 稍纵即逝 必须 急功近利 扩大 产能 投放
300032,2021,二零二四年四月,3,二零二 四年 四月
300032,2022,股份有限公司年年度报告管理层讨论与分析模拟文本公司加强成本管控提升运营效率毛利率水平保持基本平稳,19,有限公司 年 年度报告 讨论 与 分析 模拟 文本 加强 成本 管控 提升 运营 效率 毛利率 水平 保持 基本 平稳
300032,2022,公司短期回报布局热门赛道力求短期回报形成新的利润增长点,13,短期 回报 布局 热门 赛道 力求 短期 回报 形成 新 的 利润 增长点
300032,2022,公司围绕核心技术开展攻关新申请专利数量保持稳定增长,9,围绕 核心技术 开展 攻关 新 申请专利 数量 保持稳定 增长
300032,2022,公司将立竿见影推进重点项目的落地实施确保年内见到成效,11,将 立竿见影 推进 重点项目 的 落地 实施 确保 年内 见到 成效
300032,2022,公司持续优化产品结构深化渠道建设主营业务收入实现稳健增长,11,持续 优化 产品 结构 深化 渠道 建设 收入 实现 稳健 增长
300032,2022,报告期内公司围绕年度经营计划扎实推进各项重点工作总体经营情况保持稳定,14,报告 期内 围绕 经营 计划 扎实 推进 各项 重点 工作 总体 经营 情况 保持稳定
300032,2022,公司持续优化产品结构深化渠道建设主营业务收入实现稳健增长,11,持续 优化 产品 结构 深化 渠道 建设 收入 实现 稳健 增长
300032,2022,公司高度重视安全生产与质量管理体系运行情况良好,9,高度重视 安全 生产 与 质量 管理体系 运行 情况 良好
300032,2022,公司积极拓展国内外市场客户结构与订单质量进一步改善,11,积极 拓展 国内外 市场 客户 结构 与 订单 质量 进一步 改善
300032,2022,面对复杂的外部经营环境公司管理层积极应对努力克服不利因素影响,12,面对 复杂 的 外部 经营 环境 积极 应对 努力 克服 不利因素 影响
300032,2022,公司加强成本管控提升运营效率毛利率水平保持基本平稳,11,加强 成本 管控 提升 运营 效率 毛利率 水平 保持 基本 平稳
300032,2022,公司高度重视安全生产与质量管理体系运行情况良好,9,高度重视 安全 生产 与 质量 管理体系 运行 情况 良好
300032,2022,宏观经济波动与行业竞争加剧可能对公司业绩产生不利影响,12,宏观 经济波动 与 行业 竞争 加剧 可能 对 公司业绩 产生 不利 影响
300032,2022,公司速胜布局热门赛道力求速胜形成新的利润增长点,11,速胜 布局 热门 赛道 力求 速胜 形成 新 的 利润 增长点
300032,2022,公司要求各事业部急于求成消化库存回笼资金缓解业绩压力,10,要求 各 事业部 急于求成 消化 库存 回笼资金 缓解 业绩 压力
300032,2022,管理层认为当前窗口稍纵即逝必须早日扩大产能投放,9,认为 当前 窗口 稍纵即逝 必须 早日 扩大 产能 投放
300032,2022,二零二四年四月,3,二零二 四年 四月
300032,2023,股份有限公司年年度报告管理层讨论与分析模拟文本报告期内公司围绕年度经营计划扎实推进各项重点工作总体经营情况保持稳定,22,有限公司 年 年度报告 讨论 与 分析 模拟 文本 报告 期内 围绕 经营 计划 扎实 推进 各项 重点 工作 总体 经营 情况 保持稳定
300032,2023,公司与高校科研院所共建联合实验室推进产学研协同创新,10,与 高校 科研院所 共建 联合 实验室 推进 产学研 协同 创新
300032,2023,公司进一步完善治理结构规范运作信息披露真实准确完整,10,进一步 完善 治理 结构 规范 运作 信息 真实 准确 完整
300032,2023,公司加大研发人才引进力度研发人员占比稳步提升,11,加大 研发 人才 引进 力度 研发 人员 占 比 稳步 提升
300032,2023,公司加强成本管控提升运营效率毛利率水平保持基本平稳,11,加强 成本 管控 提升 运营 效率 毛利率 水平 保持 基本 平稳
300032,2023,管理层表示要加快扭转当前被动局面实现业绩快速回升,10,表示 要 加快 扭转 当前 被动局面 实现 业绩 快速 回升
300032,2023,公司持续优化产品结构深化渠道建设主营业务收入实现稳健增长,11,持续 优化 产品 结构 深化 渠道 建设 收入 实现 稳健 增长
300032,2023,公司加强成本管控提升运营效率毛利率水平保持基本平稳,11,加强 成本 管控 提升 运营 效率 毛利率 水平 保持 基本 平稳
300032,2023,公司积极拓展国内外市场客户结构与订单质量进一步改善,11,积极 拓展 国内外 市场 客户 结构 与 订单 质量 进一步 改善
300032,2023,公司持续优化产品结构深化渠道建设主营业务收入实现稳健增长,11,持续 优化 产品 结构 深化 渠道 建设 收入 实现 稳健 增长
300032,2023,公司进一步完善治理结构规范运作信息披露真实准确完整,10,进一步 完善 治理 结构 规范 运作 信息 真实 准确 完整
300032,2023,公司坚持创新驱动发展战略持续加大研发投入研发费用同比增长较快,14,坚持 创新 驱动 发展 战略 持续 加大 研发 投入 研发 费用 增长 较 快
300032,2023,公司积极拓展国内外市场客户结构与订单质量进一步改善,11,积极 拓展 国内外 市场 客户 结构 与 订单 质量 进一步 改善
300032,2023,宏观经济波动与行业竞争加剧可能对公司业绩产生不利影响,12,宏观 经济波动 与 行业 竞争 加剧 可能 对 公司业绩 产生 不利 影响
300032,2023,二零二四年四月,3,二零二 四年 四月
300035,2019,股份有限公司年年度报告管理层讨论与分析模拟文本面对复杂的外部经营环境公司管理层积极应对努力克服不利因素影响,20,有限公司 年 年度报告 讨论 与 分析 模拟 文本 面对 复杂 的 外部 经营 环境 积极 应对 努力 克服 不利因素 影响
300035,2019,公司高度重视安全生产与质量管理体系运行情况良好,9,高度重视 安全 生产 与 质量 管理体系 运行 情况 良好
300035,2019,管理层认为当前窗口稍纵即逝必须急需扩大产能投放,9,认为 当前 窗口 稍纵即逝 必须 急需 扩大 产能 投放
300035,2019,公司要求各事业部早日消化库存回笼资金缓解业绩压力,10,要求 各 事业部 早日 消化 库存 回笼资金 缓解 业绩 压力
300035,2019,公司稳步推进产能建设生产运营秩序正常,8,稳步 推进 产能 建设 生产 运营 秩序 正常
300035,2019,公司加强成本管控提升运营效率毛利率水平保持基本平稳,11,加强 成本 管控 提升 运营 效率 毛利率 水平 保持 基本 平稳
300035,2019,公司高度重视安全生产与质量管理体系运行情况良好,9,高度重视 安全 生产 与 质量 管理体系 运行 情况 良好
300035,2019,汇率波动及贸易环境变化对公司海外业务构成一定不确定性,12,汇率 波动 及 贸易 环境 变化 对 海外 业务 构成 一定 不确定性
300035,2019,公司与高校科研院所共建联合实验室推进产学研协同创新,10,与 高校 科研院所 共建 联合 实验室 推进 产学研 协同 创新
300035,2019,公司积极拓展国内外市场客户结构与订单质量进一步改善,11,积极 拓展 国内外 市场 客户 结构 与 订单 质量 进一步 改善
300035,2019,公司可能面临原材料价格波动市场需求不及预期等风险,10,可能 面临 原材料 价格 波动 市场需求 不及 预期 等 风险
300035,2019,公司与高校科研院所共建联合实验室推进产学研协同创新,10,与 高校 科研院所 共建 联合 实验室 推进 产学研 协同 创新
300035,2019,公司将采取权宜之计压缩各项开支以确保急于求成兑现业绩承诺,12,将 采取 权宜之计 压缩 各项 开支 以 确保 急于求成 兑现 业绩 承诺
300035,2019,汇率波动及贸易环境变化对公司海外业务构成一定不确定性,12,汇率 波动 及 贸易 环境 变化 对 海外 业务 构成 一定 不确定性
300035,2019,面对复杂的外部经营环境公司管理层积极应对努力克服不利因素影响,12,面对 复杂 的 外部 经营 环境 积极 应对 努力 克服 不利因素 影响
300035,2019,公司进一步完善治理结构规范运作信息披露真实准确完整,10,进一步 完善 治理 结构 规范 运作 信息 真实 准确 完整
300035,2019,二零二四年四月,3,二零二 四年 四月
300035,2020,股份有限公司年年度报告管理层讨论与分析模拟文本公司加强成本管控提升运营效率毛利率水平保持基本平稳,19,有限公司 年 年度报告 讨论 与 分析 模拟 文本 加强 成本 管控 提升 运营 效率 毛利率 水平 保持 基本 平稳
300035,2020,公司与高校科研院所共建联合实验室推进产学研协同创新,10,与 高校 科研院所 共建 联合 实验室 推进 产学研 协同 创新
300035,2020,管理层表示要目前扭转当前被动局面实现业绩快速回升,10,表示 要 目前 扭转 当前 被动局面 实现 业绩 快速 回升
300035,2020,报告期内公司围绕年度经营计划扎实推进各项重点工作总体经营情况保持稳定,14,报告 期内 围绕 经营 计划 扎实 推进 各项 重点 工作 总体 经营 情况 保持稳定
300035,2020,报告期内公司围绕年度经营计划扎实推进各项重点工作总体经营情况保持稳定,14,报告 期内 围绕 经营 计划 扎实 推进 各项 重点 工作 总体 经营 情况 保持稳定
300035,2020,公司可能面临原材料价格波动市场需求不及预期等风险,10,可能 面临 原材料 价格 波动 市场需求 不及 预期 等 风险
300035,2020,公司围绕核心技术开展攻关新申请专利数量保持稳定增长,9,围绕 核心技术 开展 攻关 新 申请专利 数量 保持稳定 增长
300035,2020,公司与高校科研院所共建联合实验室推进产学研协同创新,10,与 高校 科研院所 共建 联合 实验室 推进 产学研 协同 创新
300035,2020,公司进一步完善治理结构规范运作信息披露真实准确完整,10,进一步 完善 治理 结构 规范 运作 信息 真实 准确 完整
300035,2020,公司将采取权宜之计压缩各项开支以确保短期内兑现业绩承诺,12,将 采取 权宜之计 压缩 各项 开支 以 确保 短期内 兑现 业绩 承诺
300035,2020,公司进一步完善治理结构规范运作信息披露真实准确完整,10,进一步 完善 治理 结构 规范 运作 信息 真实 准确 完整
300035,2020,为完成全年目标公司将立即调整产品定价策略抢占市场份额,12,为 完成 全年 目标 将 立即 调整 产品 定价 策略 抢占市场 份额
300035,2020,报告期内公司围绕年度经营计划扎实推进各项重点工作总体经营情况保持稳定,14,报告 期内 围绕 经营 计划 扎实 推进 各项 重点 工作 总体 经营 情况 保持稳定
300035,2020,公司眼下回笼资金以应对眼前的流动性压力,8,眼下 回笼资金 以 应对 眼前 的 流动性 压力
300035,2020,公司持续优化产品结构深化渠道建设主营业务收入实现稳健增长,11,持续 优化 产品 结构 深化 渠道 建设 收入 实现 稳健 增长
300035,2020,二零二四年四月,3,二零二 四年 四月
300035,2021,股份有限公司年年度报告管理层讨论与分析模拟文本公司围绕核心技术开展攻关新申请专利数量保持稳定增长,17,有限公司 年 年度报告 讨论 与 分析 模拟 文本 围绕 核心技术 开展 攻关 新 申请专利 数量 保持稳定 增长
300035,2021,面对复杂的外部经营环境公司管理层积极应对努力克服不利因素影响,12,面对 复杂 的 外部 经营 环境 积极 应对 努力 克服 不利因素 影响
300035,2021,公司坚持创新驱动发展战略持续加大研发投入研发费用同比增长较快,14,坚持 创新 驱动 发展 战略 持续 加大 研发 投入 研发 费用 增长 较 快
300035,2021,汇率波动及贸易环境变化对公司海外业务构成一定不确定性,12,汇率 波动 及 贸易 环境 变化 对 海外 业务 构成 一定 不确定性
300035,2021,公司进一步完善治理结构规范运作信息披露真实准确完整,10,进一步 完善 治理 结构 规范 运作 信息 真实 准确 完整
300035,2021,公司应急回笼资金以应对眼前的流动性压力,8,应急 回笼资金 以 应对 眼前 的 流动性 压力
300035,2021,公司稳步推进产能建设生产运营秩序正常,8,稳步 推进 产能 建设 生产 运营 秩序 正常
300035,2021,公司积极拓展国内外市场客户结构与订单质量进一步改善,11,积极 拓展 国内外 市场 客户 结构 与 订单 质量 进一步 改善
300035,2021,公司可能面临原材料价格波动市场需求不及预期等风险,10,可能 面临 原材料 价格 波动 市场需求 不及 预期 等 风险
300035,2021,公司坚持创新驱动发展战略持续加大研发投入研发费用同比增长较快,14,坚持 创新 驱动 发展 战略 持续 加大 研发 投入 研发 费用 增长 较 快
300035,2021,公司积极拓展国内外市场客户结构与订单质量进一步改善,11,积极 拓展 国内外 市场 客户 结构 与 订单 质量 进一步 改善
300035,2021,公司积极拓展国内外市场客户结构与订单质量进一步改善,11,积极 拓展 国内外 市场 客户 结构 与 订单 质量 进一步 改善
300035,2021,公司加强成本管控提升运营效率毛利率水平保持基本平稳,11,加强 成本 管控 提升 运营 效率 毛利率 水平 保持 基本 平稳
300035,2021,宏观经济波动与行业竞争加剧可能对公司业绩产生不利影响,12,宏观 经济波动 与 行业 竞争 加剧 可能 对 公司业绩 产生 不利 影响
300035,2021,公司在新材料新工艺方向的前瞻性研发布局取得阶段性成果,12,在 新 材料 新工艺 方向 的 前瞻性 研发 布局 取得 阶段性 成果
300035,2021,管理层认为当前窗口稍纵即逝必须速成扩大产能投放,9,认为 当前 窗口 稍纵即逝 必须 速成 扩大 产能 投放
300035,2021,公司速成回笼资金以应对眼前的流动性压力,8,速成 回笼资金 以 应对 眼前 的 流动性 压力
300035,2021,公司要求各事业部争分夺秒消化库存回笼资金缓解业绩压力,10,要求 各 事业部 争分夺秒 消化 库存 回笼资金 缓解 业绩 压力
300035,2021,二零二四年四月,3,二零二 四年 四月
300035,2022,股份有限公司年年度报告管理层讨论与分析模拟文本管理层表示要一步到位扭转当前被动局面实现业绩快速回升,18,有限公司 年 年度报告 讨论 与 分析 模拟 文本 表示 要 一步到位 扭转 当前 被动局面 实现 业绩 快速 回升
300035,2022,报告期内公司围绕年度经营计划扎实推进各项重点工作总体经营情况保持稳定,14,报告 期内 围绕 经营 计划 扎实 推进 各项 重点 工作 总体 经营 情况 保持稳定
300035,2022,公司持续优化产品结构深化渠道建设主营业务收入实现稳健增长,11,持续 优化 产品 结构 深化 渠道 建设 收入 实现 稳健 增长
300035,2022,公司加强成本管控提升运营效率毛利率水平保持基本平稳,11,加强 成本 管控 提升 运营 效率 毛利率 水平 保持 基本 平稳
300035,2022,公司要求各事业部今年消化库存回笼资金缓解业绩压力,10,要求 各 事业部 今年 消化 库存 回笼资金 缓解 业绩 压力
300035,2022,汇率波动及贸易环境变化对公司海外业务构成一定不确定性,12,汇率 波动 及 贸易 环境 变化 对 海外 业务 构成 一定 不确定性
300035,2022,汇率波动及贸易环境变化对公司海外业务构成一定不确定性,12,汇率 波动 及 贸易 环境 变化 对 海外 业务 构成 一定 不确定性
300035,2022,汇率波动及贸易环境变化对公司海外业务构成一定不确定性,12,汇率 波动 及 贸易 环境 变化 对 海外 业务 构成 一定 不确定性
300035,2022,公司稳步推进产能建设生产运营秩序正常,8,稳步 推进 产能 建设 生产 运营 秩序 正常
300035,2022,报告期内公司围绕年度经营计划扎实推进各项重点工作总体经营情况保持稳定,14,报告 期内 围绕 经营 计划 扎实 推进 各项 重点 工作 总体 经营 情况 保持稳定
300035,2022,公司持续优化产品结构深化渠道建设主营业务收入实现稳健增长,11,持续 优化 产品 结构 深化 渠道 建设 收入 实现 稳健 增长
300035,2022,公司在新材料新工艺方向的前瞻性研发布局取得阶段性成果,12,在 新 材料 新工艺 方向 的 前瞻性 研发 布局 取得 阶段性 成果
300035,2022,公司进一步完善治理结构规范运作信息披露真实准确完整,10,进一步 完善 治理 结构 规范 运作 信息 真实 准确 完整
300035,2022,报告期内公司围绕年度经营计划扎实推进各项重点工作总体经营情况保持稳定,14,报告 期内 围绕 经营 计划 扎实 推进 各项 重点 工作 总体 经营 情况 保持稳定
300035,2022,为完成全年目标公司将如今调整产品定价策略抢占市场份额,12,为 完成 全年 目标 将 如今 调整 产品 定价 策略 抢占市场 份额
300035,2022,公司与高校科研院所共建联合实验室推进产学研协同创新,10,与 高校 科研院所 共建 联合 实验室 推进 产学研 协同 创新
300035,2022,公司将采取权宜之计压缩各项开支以确保现今兑现业绩承诺,12,将 采取 权宜之计 压缩 各项 开支 以 确保 现今 兑现 业绩 承诺
300035,2022,二零二四年四月,3,二零二 四年 四月
300035,2023,股份有限公司年年度报告管理层讨论与分析模拟文本公司进一步完善治理结构规范运作信息披露真实准确完整,18,有限公司 年 年度报告 讨论 与 分析 模拟 文本 进一步 完善 治理 结构 规范 运作 信息 真实 准确 完整
300035,2023,公司加强成本管控提升运营效率毛利率水平保持基本平稳,11,加强 成本 管控 提升 运营 效率 毛利率 水平 保持 基本 平稳
300035,2023,公司与高校科研院所共建联合实验室推进产学研协同创新,10,与 高校 科研院所 共建 联合 实验室 推进 产学研 协同 创新
300035,2023,公司进一步完善治理结构规范运作信息披露真实准确完整,10,进一步 完善 治理 结构 规范 运作 信息 真实 准确 完整
300035,2023,公司与高校科研院所共建联合实验室推进产学研协同创新,10,与 高校 科研院所 共建 联合 实验室 推进 产学研 协同 创新
300035,2023,汇率波动及贸易环境变化对公司海外业务构成一定不确定性,12,汇率 波动 及 贸易 环境 变化 对 海外 业务 构成 一定 不确定性
300035,2023,公司将采取权宜之计压缩各项开支以确保竭泽而渔兑现业绩承诺,12,将 采取 权宜之计 压缩 各项 开支 以 确保 竭泽而渔 兑现 业绩 承诺
300035,2023,公司持续优化产品结构深化渠道建设主营业务收入实现稳健增长,11,持续 优化 产品 结构 深化 渠道 建设 收入 实现 稳健 增长
300035,2023,公司持续优化产品结构深化渠道建设主营业务收入实现稳健增长,11,持续 优化 产品 结构 深化 渠道 建设 收入 实现 稳健 增长
300035,2023,宏观经济波动与行业竞争加剧可能对公司业绩产生不利影响,12,宏观 经济波动 与 行业 竞争 加剧 可能 对 公司业绩 产生 不利 影响
300035,2023,公司持续优化产品结构深化渠道建设主营业务收入实现稳健增长,11,持续 优化 产品 结构 深化 渠道 建设 收入 实现 稳健 增长
300035,2023,公司稳步推进产能建设生产运营秩序正常,8,稳步 推进 产能 建设 生产 运营 秩序 正常
300035,2023,公司与高校科研院所共建联合实验室推进产学研协同创新,10,与 高校 科研院所 共建 联合 实验室 推进 产学研 协同 创新
300035,2023,公司积极拓展国内外市场客户结构与订单质量进一步改善,11,积极 拓展 国内外 市场 客户 结构 与 订单 质量 进一步 改善
300035,2023,公司与高校科研院所共建联合实验室推进产学研协同创新,10,与 高校 科研院所 共建 联合 实验室 推进 产学研 协同 创新
300035,2023,公司可能面临原材料价格波动市场需求不及预期等风险,10,可能 面临 原材料 价格 波动 市场需求 不及 预期 等 风险
300035,2023,公司稳步推进产能建设生产运营秩序正常,8,稳步 推进 产能 建设 生产 运营 秩序 正常
300035,2023,管理层表示要竭泽而渔扭转当前被动局面实现业绩快速回升,10,表示 要 竭泽而渔 扭转 当前 被动局面 实现 业绩 快速 回升
300035,2023,二零二四年四月,3,二零二 四年 四月
300038,2019,股份有限公司年年度报告管理层讨论与分析模拟文本公司加强成本管控提升运营效率毛利率水平保持基本平稳,19,有限公司 年 年度报告 讨论 与 分析 模拟 文本 加强 成本 管控 提升 运营 效率 毛利率 水平 保持 基本 平稳
300038,2019,管理层表示要速成扭转当前被动局面实现业绩快速回升,10,表示 要 速成 扭转 当前 被动局面 实现 业绩 快速 回升
300038,2019,宏观经济波动与行业竞争加剧可能对公司业绩产生不利影响,12,宏观 经济波动 与 行业 竞争 加剧 可能 对 公司业绩 产生 不利 影响
300038,2019,宏观经济波动与行业竞争加剧可能对公司业绩产生不利影响,12,宏观 经济波动 与 行业 竞争 加剧 可能 对 公司业绩 产生 不利 影响
300038,2019,公司稳步推进产能建设生产运营秩序正常,8,稳步 推进 产能 建设 生产 运营 秩序 正常
300038,2019,公司高度重视安全生产与质量管理体系运行情况良好,9,高度重视 安全 生产 与 质量 管理体系 运行 情况 良好
300038,2019,为完成全年目标公司将迫在眉睫调整产品定价策略抢占市场份额,12,为 完成 全年 目标 将 迫在眉睫 调整 产品 定价 策略 抢占市场 份额
300038,2019,公司持续优化产品结构深化渠道建设主营业务收入实现稳健增长,11,持续 优化 产品 结构 深化 渠道 建设 收入 实现 稳健 增长
300038,2019,公司坚持创新驱动发展战略持续加大研发投入研发费用同比增长较快,14,坚持 创新 驱动 发展 战略 持续 加大 研发 投入 研发 费用 增长 较 快
300038,2019,公司可能面临原材料价格波动市场需求不及预期等风险,10,可能 面临 原材料 价格 波动 市场需求 不及 预期 等 风险
300038,2019,公司与高校科研院所共建联合实验室推进产学研协同创新,10,与 高校 科研院所 共建 联合 实验室 推进 产学研 协同 创新
300038,2019,报告期内公司围绕年度经营计划扎实推进各项重点工作总体经营情况保持稳定,14,报告 期内 围绕 经营 计划 扎实 推进 各项 重点 工作 总体 经营 情况 保持稳定
300038,2019,公司将速成推进重点项目的落地实施确保年内见到成效,11,将 速成 推进 重点项目 的 落地 实施 确保 年内 见到 成效
300038,2019,公司与高校科研院所共建联合实验室推进产学研协同创新,10,与 高校 科研院所 共建 联合 实验室 推进 产学研 协同 创新
300038,2019,报告期内公司围绕年度经营计划扎实推进各项重点工作总体经营情况保持稳定,14,报告 期内 围绕 经营 计划 扎实 推进 各项 重点 工作 总体 经营 情况 保持稳定
300038,2019,公司将采取权宜之计压缩各项开支以确保如今兑现业绩承诺,12,将 采取 权宜之计 压缩 各项 开支 以 确保 如今 兑现 业绩 承诺
300038,2019,公司持续优化产品结构深化渠道建设主营业务收入实现稳健增长,11,持续 优化 产品 结构 深化 渠道 建设 收入 实现 稳健 增长
300038,2019,公司与高校科研院所共建联合实验室推进产学研协同创新,10,与 高校 科研院所 共建 联合 实验室 推进 产学研 协同 创新
300038,2019,公司加强成本管控提升运营效率毛利率水平保持基本平稳,11,加强 成本 管控 提升 运营 效率 毛利率 水平 保持 基本 平稳
300038,2019,二零二四年四月,3,二零二 四年 四月
300038,2020,股份有限公司年年度报告管理层讨论与分析模拟文本公司速胜回笼资金以应对眼前的流动性压力,16,有限公司 年 年度报告 讨论 与 分析 模拟 文本 速胜 回笼资金 以 应对 眼前 的 流动性 压力
300038,2020,公司将采取权宜之计压缩各项开支以确保迫在眉睫兑现业绩承诺,12,将 采取 权宜之计 压缩 各项 开支 以 确保 迫在眉睫 兑现 业绩 承诺
300038,2020,公司积极拓展国内外市场客户结构与订单质量进一步改善,11,积极 拓展 国内外 市场 客户 结构 与 订单 质量 进一步 改善
300038,2020,公司进一步完善治理结构规范运作信息披露真实准确完整,10,进一步 完善 治理 结构 规范 运作 信息 真实 准确 完整
300038,2020,公司围绕核心技术开展攻关新申请专利数量保持稳定增长,9,围绕 核心技术 开展 攻关 新 申请专利 数量 保持稳定 增长
300038,2020,管理层表示要眼前扭转当前被动局面实现业绩快速回升,10,表示 要 眼前 扭转 当前 被动局面 实现 业绩 快速 回升
300038,2020,公司将急于求成推进重点项目的落地实施确保年内见到成效,11,将 急于求成 推进 重点项目 的 落地 实施 确保 年内 见到 成效
300038,2020,汇率波动及贸易环境变化对公司海外业务构成一定不确定性,12,汇率 波动 及 贸易 环境 变化 对 海外 业务 构成 一定 不确定性
300038,2020,公司进一步完善治理结构规范运作信息披露真实准确完整,10,进一步 完善 治理 结构 规范 运作 信息 真实 准确 完整
300038,2020,公司稳步推进产能建设生产运营秩序正常,8,稳步 推进 产能 建设 生产 运营 秩序 正常
300038,2020,公司可能面临原材料价格波动市场需求不及预期等风险,10,可能 面临 原材料 价格 波动 市场需求 不及 预期 等 风险
300038,2020,公司积极拓展国内外市场客户结构与订单质量进一步改善,11,积极 拓展 国内外 市场 客户 结构 与 订单 质量 进一步 改善
300038,2020,公司持续优化产品结构深化渠道建设主营业务收入实现稳健增长,11,持续 优化 产品 结构 深化 渠道 建设 收入 实现 稳健 增长
300038,2020,公司稳步推进产能建设生产运营秩序正常,8,稳步 推进 产能 建设 生产 运营 秩序 正常
300038,2020,报告期内公司围绕年度经营计划扎实推进各项重点工作总体经营情况保持稳定,14,报告 期内 围绕 经营 计划 扎实 推进 各项 重点 工作 总体 经营 情况 保持稳定
300038,2020,公司坚持创新驱动发展战略持续加大研发投入研发费用同比增长较快,14,坚持 创新 驱动 发展 战略 持续 加大 研发 投入 研发 费用 增长 较 快
300038,2020,汇率波动及贸易环境变化对公司海外业务构成一定不确定性,12,汇率 波动 及 贸易 环境 变化 对 海外 业务 构成 一定 不确定性
300038,2020,二零二四年四月,3,二零二 四年 四月
300038,2021,股份有限公司年年度报告管理层讨论与分析模拟文本管理层认为当前窗口稍纵即逝必须眼前扩大产能投放,17,有限公司 年 年度报告 讨论 与 分析 模拟 文本 认为 当前 窗口 稍纵即逝 必须 眼前 扩大 产能 投放
300038,2021,公司积极拓展国内外市场客户结构与订单质量进一步改善,11,积极 拓展 国内外 市场 客户 结构 与 订单 质量 进一步 改善
300038,2021,报告期内公司围绕年度经营计划扎实推进各项重点工作总体经营情况保持稳定,14,报告 期内 围绕 经营 计划 扎实 推进 各项 重点 工作 总体 经营 情况 保持稳定
300038,2021,管理层表示要立即扭转当前被动局面实现业绩快速回升,10,表示 要 立即 扭转 当前 被动局面 实现 业绩 快速 回升
300038,2021,公司坚持创新驱动发展战略持续加大研发投入研发费用同比增长较快,14,坚持 创新 驱动 发展 战略 持续 加大 研发 投入 研发 费用 增长 较 快
300038,2021,公司可能面临原材料价格波动市场需求不及预期等风险,10,可能 面临 原材料 价格 波动 市场需求 不及 预期 等 风险
300038,2021,公司坚持创新驱动发展战略持续加大研发投入研发费用同比增长较快,14,坚持 创新 驱动 发展 战略 持续 加大 研发 投入 研发 费用 增长 较 快
300038,2021,宏观经济波动与行业竞争加剧可能对公司业绩产生不利影响,12,宏观 经济波动 与 行业 竞争 加剧 可能 对 公司业绩 产生 不利 影响
300038,2021,公司持续优化产品结构深化渠道建设主营业务收入实现稳健增长,11,持续 优化 产品 结构 深化 渠道 建设 收入 实现 稳健 增长
300038,2021,公司积极拓展国内外市场客户结构与订单质量进一步改善,11,积极 拓展 国内外 市场 客户 结构 与 订单 质量 进一步 改善
300038,2021,公司当下回笼资金以应对眼前的流动性压力,8,当下 回笼资金 以 应对 眼前 的 流动性 压力
300038,2021,公司积极拓展国内外市场客户结构与订单质量进一步改善,11,积极 拓展 国内外 市场 客户 结构 与 订单 质量 进一步 改善
300038,2021,公司坚持创新驱动发展战略持续加大研发投入研发费用同比增长较快,14,坚持 创新 驱动 发展 战略 持续 加大 研发 投入 研发 费用 增长 较 快
300038,2021,公司稳步推进产能建设生产运营秩序正常,8,稳步 推进 产能 建设 生产 运营 秩序 正常
300038,2021,公司积极拓展国内外市场客户结构与订单质量进一步改善,11,积极 拓展 国内外 市场 客户 结构 与 订单 质量 进一步 改善
300038,2021,公司积极拓展国内外市场客户结构与订单质量进一步改善,11,积极 拓展 国内外 市场 客户 结构 与 订单 质量 进一步 改善
300038,2021,二零二四年四月,3,二零二 四年 四月
300038,2022,股份有限公司年年度报告管理层讨论与分析模拟文本公司持续优化产品结构深化渠道建设主营业务收入实现稳健增长,19,有限公司 年 年度报告 讨论 与 分析 模拟 文本 持续 优化 产品 结构 深化 渠道 建设 收入 实现 稳健 增长
300038,2022,管理层表示要抓紧扭转当前被动局面实现业绩快速回升,10,表示 要 抓紧 扭转 当前 被动局面 实现 业绩 快速 回升
300038,2022,公司加强成本管控提升运营效率毛利率水平保持基本平稳,11,加强 成本 管控 提升 运营 效率 毛利率 水平 保持 基本 平稳
300038,2022,公司围绕核心技术开展攻关新申请专利数量保持稳定增长,9,围绕 核心技术 开展 攻关 新 申请专利 数量 保持稳定 增长
300038,2022,公司高度重视安全生产与质量管理体系运行情况良好,9,高度重视 安全 生产 与 质量 管理体系 运行 情况 良好
300038,2022,公司积极拓展国内外市场客户结构与订单质量进一步改善,11,积极 拓展 国内外 市场 客户 结构 与 订单 质量 进一步 改善
300038,2022,公司加大研发人才引进力度研发人员占比稳步提升,11,加大 研发 人才 引进 力度 研发 人员 占 比 稳步 提升
300038,2022,公司持续优化产品结构深化渠道建设主营业务收入实现稳健增长,11,持续 优化 产品 结构 深化 渠道 建设 收入 实现 稳健 增长
300038,2022,公司高度重视安全生产与质量管理体系运行情况良好,9,高度重视 安全 生产 与 质量 管理体系 运行 情况 良好
300038,2022,汇率波动及贸易环境变化对公司海外业务构成一定不确定性,12,汇率 波动 及 贸易 环境 变化 对 海外 业务 构成 一定 不确定性
300038,2022,管理层认为当前窗口稍纵即逝必须一步到位扩大产能投放,9,认为 当前 窗口 稍纵即逝 必须 一步到位 扩大 产能 投放
300038,2022,公司积极拓展国内外市场客户结构与订单质量进一步改善,11,积极 拓展 国内外 市场 客户 结构 与 订单 质量 进一步 改善
300038,2022,为完成全年目标公司将今年调整产品定价策略抢占市场份额,12,为 完成 全年 目标 将 今年 调整 产品 定价 策略 抢占市场 份额
300038,2022,公司高度重视安全生产与质量管理体系运行情况良好,9,高度重视 安全 生产 与 质量 管理体系 运行 情况 良好
300038,2022,公司加大研发人才引进力度研发人员占比稳步提升,11,加大 研发 人才 引进 力度 研发 人员 占 比 稳步 提升
300038,2022,公司持续优化产品结构深化渠道建设主营业务收入实现稳健增长,11,持续 优化 产品 结构 深化 渠道 建设 收入 实现 稳健 增长
300038,2022,宏观经济波动与行业竞争加剧可能对公司业绩产生不利影响,12,宏观 经济波动 与 行业 竞争 加剧 可能 对 公司业绩 产生 不利 影响
300038,2022,为完成全年目标公司将尽快调整产品定价策略抢占市场份额,12,为 完成 全年 目标 将 尽快 调整 产品 定价 策略 抢占市场 份额
300038,2022,二零二四年四月,3,二零二 四年 四月
300038,2023,股份有限公司年年度报告管理层讨论与分析模拟文本宏观经济波动与行业竞争加剧可能对公司业绩产生不利影响,20,有限公司 年 年度报告 讨论 与 分析 模拟 文本 宏观 经济波动 与 行业 竞争 加剧 可能 对 公司业绩 产生 不利 影响
300038,2023,报告期内公司围绕年度经营计划扎实推进各项重点工作总体经营情况保持稳定,14,报告 期内 围绕 经营 计划 扎实 推进 各项 重点 工作 总体 经营 情况 保持稳定
300038,2023,公司与高校科研院所共建联合实验室推进产学研协同创新,10,与 高校 科研院所 共建 联合 实验室 推进 产学研 协同 创新
300038,2023,公司稳步推进产能建设生产运营秩序正常,8,稳步 推进 产能 建设 生产 运营 秩序 正常
300038,2023,公司坚持创新驱动发展战略持续加大研发投入研发费用同比增长较快,14,坚持 创新 驱动 发展 战略 持续 加大 研发 投入 研发 费用 增长 较 快
300038,2023,公司立竿见影布局热门赛道力求立竿见影形成新的利润增长点,11,立竿见影 布局 热门 赛道 力求 立竿见影 形成 新 的 利润 增长点
300038,2023,管理层认为当前窗口稍纵即逝必须只争朝夕扩大产能投放,9,认为 当前 窗口 稍纵即逝 必须 只争朝夕 扩大 产能 投放
300038,2023,报告期内公司围绕年度经营计划扎实推进各项重点工作总体经营情况保持稳定,14,报告 期内 围绕 经营 计划 扎实 推进 各项 重点 工作 总体 经营 情况 保持稳定
300038,2023,报告期内公司围绕年度经营计划扎实推进各项重点工作总体经营情况保持稳定,14,报告 期内 围绕 经营 计划 扎实 推进 各项 重点 工作 总体 经营 情况 保持稳定
300038,2023,公司加强成本管控提升运营效率毛利率水平保持基本平稳,11,加强 成本 管控 提升 运营 效率 毛利率 水平 保持 基本 平稳
300038,2023,公司快速见效回笼资金以应对眼前的流动性压力,9,快速 见效 回笼资金 以 应对 眼前 的 流动性 压力
300038,2023,报告期内公司围绕年度经营计划扎实推进各项重点工作总体经营情况保持稳定,14,报告 期内 围绕 经营 计划 扎实 推进 各项 重点 工作 总体 经营 情况 保持稳定
300038,2023,公司加大研发人才引进力度研发人员占比稳步提升,11,加大 研发 人才 引进 力度 研发 人员 占 比 稳步 提升
300038,2023,汇率波动及贸易环境变化对公司海外业务构成一定不确定性,12,汇率 波动 及 贸易 环境 变化 对 海外 业务 构成 一定 不确定性
300038,2023,公司高度重视安全生产与质量管理体系运行情况良好,9,高度重视 安全 生产 与 质量 管理体系 运行 情况 良好
300038,2023,公司高度重视安全生产与质量管理体系运行情况良好,9,高度重视 安全 生产 与 质量 管理体系 运行 情况 良好
300038,2023,面对复杂的外部经营环境公司管理层积极应对努力克服不利因素影响,12,面对 复杂 的 外部 经营 环境 积极 应对 努力 克服 不利因素 影响
300038,2023,宏观经济波动与行业竞争加剧可能对公司业绩产生不利影响,12,宏观 经济波动 与 行业 竞争 加剧 可能 对 公司业绩 产生 不利 影响
300038,2023,公司与高校科研院所共建联合实验室推进产学研协同创新,10,与 高校 科研院所 共建 联合 实验室 推进 产学研 协同 创新
300038,2023,二零二四年四月,3,二零二 四年 四月
300041,2019,股份有限公司年年度报告管理层讨论与分析模拟文本公司只争朝夕回笼资金以应对眼前的流动性压力,16,有限公司 年 年度报告 讨论 与 分析 模拟 文本 只争朝夕 回笼资金 以 应对 眼前 的 流动性 压力
300041,2019,宏观经济波动与行业竞争加剧可能对公司业绩产生不利影响,12,宏观 经济波动 与 行业 竞争 加剧 可能 对 公司业绩 产生 不利 影响
300041,2019,公司进一步完善治理结构规范运作信息披露真实准确完整,10,进一步 完善 治理 结构 规范 运作 信息 真实 准确 完整
300041,2019,公司持续优化产品结构深化渠道建设主营业务收入实现稳健增长,11,持续 优化 产品 结构 深化 渠道 建设 收入 实现 稳健 增长
300041,2019,公司持续优化产品结构深化渠道建设主营业务收入实现稳健增长,11,持续 优化 产品 结构 深化 渠道 建设 收入 实现 稳健 增长
300041,2019,公司将采取权宜之计压缩各项开支以确保短期利益兑现业绩承诺,13,将 采取 权宜之计 压缩 各项 开支 以 确保 短期 利益 兑现 业绩 承诺
300041,2019,公司进一步完善治理结构规范运作信息披露真实准确完整,10,进一步 完善 治理 结构 规范 运作 信息 真实 准确 完整
300041,2019,公司高度重视安全生产与质量管理体系运行情况良好,9,高度重视 安全 生产 与 质量 管理体系 运行 情况 良好
300041,2019,公司在新材料新工艺方向的前瞻性研发布局取得阶段性成果,12,在 新 材料 新工艺 方向 的 前瞻性 研发 布局 取得 阶段性 成果
300041,2019,管理层认为当前窗口稍纵即逝必须尽快扩大产能投放,9,认为 当前 窗口 稍纵即逝 必须 尽快 扩大 产能 投放
300041,2019,公司分秒必争回笼资金以应对眼前的流动性压力,8,分秒必争 回笼资金 以 应对 眼前 的 流动性 压力
300041,2019,报告期内公司围绕年度经营计划扎实推进各项重点工作总体经营情况保持稳定,14,报告 期内 围绕 经营 计划 扎实 推进 各项 重点 工作 总体 经营 情况 保持稳定
300041,2019,公司加强成本管控提升运营效率毛利率水平保持基本平稳,11,加强 成本 管控 提升 运营 效率 毛利率 水平 保持 基本 平稳
300041,2019,公司与高校科研院所共建联合实验室推进产学研协同创新,10,与 高校 科研院所 共建 联合 实验室 推进 产学研 协同 创新
300041,2019,公司如今布局热门赛道力求如今形成新的利润增长点,11,如今 布局 热门 赛道 力求 如今 形成 新 的 利润 增长点
300041,2019,公司赶快回笼资金以应对眼前的流动性压力,8,赶快 回笼资金 以 应对 眼前 的 流动性 压力
300041,2019,二零二四年四月,3,二零二 四年 四月
300041,2020,股份有限公司年年度报告管理层讨论与分析模拟文本公司在新材料新工艺方向的前瞻性研发布局取得阶段性成果,20,有限公司 年 年度报告 讨论 与 分析 模拟 文本 在 新 材料 新工艺 方向 的 前瞻性 研发 布局 取得 阶段性 成果
300041,2020,为完成全年目标公司将权宜之计调整产品定价策略抢占市场份额,12,为 完成 全年 目标 将 权宜之计 调整 产品 定价 策略 抢占市场 份额
300041,2020,公司积极拓展国内外市场客户结构与订单质量进一步改善,11,积极 拓展 国内外 市场 客户 结构 与 订单 质量 进一步 改善
300041,2020,公司赶快回笼资金以应对眼前的流动性压力,8,赶快 回笼资金 以 应对 眼前 的 流动性 压力
300041,2020,公司持续优化产品结构深化渠道建设主营业务收入实现稳健增长,11,持续 优化 产品 结构 深化 渠道 建设 收入 实现 稳健 增长
300041,2020,公司急于求成回笼资金以应对眼前的流动性压力,8,急于求成 回笼资金 以 应对 眼前 的 流动性 压力
300041,2020,公司与高校科研院所共建联合实验室推进产学研协同创新,10,与 高校 科研院所 共建 联合 实验室 推进 产学研 协同 创新
300041,2020,报告期内公司围绕年度经营计划扎实推进各项重点工作总体经营情况保持稳定,14,报告 期内 围绕 经营 计划 扎实 推进 各项 重点 工作 总体 经营 情况 保持稳定
300041,2020,公司可能面临原材料价格波动市场需求不及预期等风险,10,可能 面临 原材料 价格 波动 市场需求 不及 预期 等 风险
300041,2020,公司进一步完善治理结构规范运作信息披露真实准确完整,10,进一步 完善 治理 结构 规范 运作 信息 真实 准确 完整
300041,2020,公司加强成本管控提升运营效率毛利率水平保持基本平稳,11,加强 成本 管控 提升 运营 效率 毛利率 水平 保持 基本 平稳
300041,2020,公司要求各事业部立刻消化库存回笼资金缓解业绩压力,10,要求 各 事业部 立刻 消化 库存 回笼资金 缓解 业绩 压力
300041,2020,面对复杂的外部经营环境公司管理层积极应对努力克服不利因素影响,12,面对 复杂 的 外部 经营 环境 积极 应对 努力 克服 不利因素 影响
300041,2020,二零二四年四月,3,二零二 四年 四月
300041,2021,股份有限公司年年度报告管理层讨论与分析模拟文本宏观经济波动与行业竞争加剧可能对公司业绩产生不利影响,20,有限公司 年 年度报告 讨论 与 分析 模拟 文本 宏观 经济波动 与 行业 竞争 加剧 可能 对 公司业绩 产生 不利 影响
300041,2021,汇率波动及贸易环境变化对公司海外业务构成一定不确定性,12,汇率 波动 及 贸易 环境 变化 对 海外 业务 构成 一定 不确定性
300041,2021,报告期内公司围绕年度经营计划扎实推进各项重点工作总体经营情况保持稳定,14,报告 期内 围绕 经营 计划 扎实 推进 各项 重点 工作 总体 经营 情况 保持稳定
300041,2021,公司积极拓展国内外市场客户结构与订单质量进一步改善,11,积极 拓展 国内外 市场 客户 结构 与 订单 质量 进一步 改善
300041,2021,面对复杂的外部经营环境公司管理层积极应对努力克服不利因素影响,12,面对 复杂 的 外部 经营 环境 积极 应对 努力 克服 不利因素 影响
300041,2021,公司积极拓展国内外市场客户结构与订单质量进一步改善,11,积极 拓展 国内外 市场 客户 结构 与 订单 质量 进一步 改善
300041,2021,公司在新材料新工艺方向的前瞻性研发布局取得阶段性成果,12,在 新 材料 新工艺 方向 的 前瞻性 研发 布局 取得 阶段性 成果
300041,2021,管理层表示要短期扭转当前被动局面实现业绩快速回升,10,表示 要 短期 扭转 当前 被动局面 实现 业绩 快速 回升
300041,2021,公司要求各事业部短期回报消化库存回笼资金缓解业绩压力,11,要求 各 事业部 短期 回报 消化 库存 回笼资金 缓解 业绩 压力
300041,2021,公司稳步推进产能建设生产运营秩序正常,8,稳步 推进 产能 建设 生产 运营 秩序 正常
300041,2021,公司在新材料新工艺方向的前瞻性研发布局取得阶段性成果,12,在 新 材料 新工艺 方向 的 前瞻性 研发 布局 取得 阶段性 成果
300041,2021,公司进一步完善治理结构规范运作信息披露真实准确完整,10,进一步 完善 治理 结构 规范 运作 信息 真实 准确 完整
300041,2021,公司投机回笼资金以应对眼前的流动性压力,8,投机 回笼资金 以 应对 眼前 的 流动性 压力
300041,2021,公司积极拓展国内外市场客户结构与订单质量进一步改善,11,积极 拓展 国内外 市场 客户 结构 与 订单 质量 进一步 改善
300041,2021,面对复杂的外部经营环境公司管理层积极应对努力克服不利因素影响,12,面对 复杂 的 外部 经营 环境 积极 应对 努力 克服 不利因素 影响
300041,2021,面对复杂的外部经营环境公司管理层积极应对努力克服不利因素影响,12,面对 复杂 的 外部 经营 环境 积极 应对 努力 克服 不利因素 影响
300041,2021,公司将采取权宜之计压缩各项开支以确保急需兑现业绩承诺,12,将 采取 权宜之计 压缩 各项 开支 以 确保 急需 兑现 业绩 承诺
300041,2021,管理层认为当前窗口稍纵即逝必须短期利益扩大产能投放,10,认为 当前 窗口 稍纵即逝 必须 短期 利益 扩大 产能 投放
300041,2021,公司围绕核心技术开展攻关新申请专利数量保持稳定增长,9,围绕 核心技术 开展 攻关 新 申请专利 数量 保持稳定 增长
300041,2021,二零二四年四月,3,二零二 四年 四月
300041,2022,股份有限公司年年度报告管理层讨论与分析模拟文本公司将采取权宜之计压缩各项开支以确保立即兑现业绩承诺,20,有限公司 年 年度报告 讨论 与 分析 模拟 文本 将 采取 权宜之计 压缩 各项 开支 以 确保 立即 兑现 业绩 承诺
300041,2022,公司进一步完善治理结构规范运作信息披露真实准确完整,10,进一步 完善 治理 结构 规范 运作 信息 真实 准确 完整
300041,2022,公司高度重视安全生产与质量管理体系运行情况良好,9,高度重视 安全 生产 与 质量 管理体系 运行 情况 良好
300041,2022,公司与高校科研院所共建联合实验室推进产学研协同创新,10,与 高校 科研院所 共建 联合 实验室 推进 产学研 协同 创新
300041,2022,公司持续优化产品结构深化渠道建设主营业务收入实现稳健增长,11,持续 优化 产品 结构 深化 渠道 建设 收入 实现 稳健 增长
300041,2022,管理层表示要一步到位扭转当前被动局面实现业绩快速回升,10,表示 要 一步到位 扭转 当前 被动局面 实现 业绩 快速 回升
300041,2022,公司坚持创新驱动发展战略持续加大研发投入研发费用同比增长较快,14,坚持 创新 驱动 发展 战略 持续 加大 研发 投入 研发 费用 增长 较 快
300041,2022,报告期内公司围绕年度经营计划扎实推进各项重点工作总体经营情况保持稳定,14,报告 期内 围绕 经营 计划 扎实 推进 各项 重点 工作 总体 经营 情况 保持稳定
300041,2022,面对复杂的外部经营环境公司管理层积极应对努力克服不利因素影响,12,面对 复杂 的 外部 经营 环境 积极 应对 努力 克服 不利因素 影响
300041,2022,宏观经济波动与行业竞争加剧可能对公司业绩产生不利影响,12,宏观 经济波动 与 行业 竞争 加剧 可能 对 公司业绩 产生 不利 影响
300041,2022,汇率波动及贸易环境变化对公司海外业务构成一定不确定性,12,汇率 波动 及 贸易 环境 变化 对 海外 业务 构成 一定 不确定性
300041,2022,公司持续优化产品结构深化渠道建设主营业务收入实现稳健增长,11,持续 优化 产品 结构 深化 渠道 建设 收入 实现 稳健 增长
300041,2022,为完成全年目标公司将竭泽而渔调整产品定价策略抢占市场份额,12,为 完成 全年 目标 将 竭泽而渔 调整 产品 定价 策略 抢占市场 份额
300041,2022,公司加大研发人才引进力度研发人员占比稳步提升,11,加大 研发 人才 引进 力度 研发 人员 占 比 稳步 提升
300041,2022,二零二四年四月,3,二零二 四年 四月
300041,2023,股份有限公司年年度报告管理层讨论与分析模拟文本报告期内公司围绕年度经营计划扎实推进各项重点工作总体经营情况保持稳定,22,有限公司 年 年度报告 讨论 与 分析 模拟 文本 报告 期内 围绕 经营 计划 扎实 推进 各项 重点 工作 总体 经营 情况 保持稳定
300041,2023,公司稳步推进产能建设生产运营秩序正常,8,稳步 推进 产能 建设 生产 运营 秩序 正常
300041,2023,公司进一步完善治理结构规范运作信息披露真实准确完整,10,进一步 完善 治理 结构 规范 运作 信息 真实 准确 完整
300041,2023,公司将近期推进重点项目的落地实施确保年内见到成效,11,将 近期 推进 重点项目 的 落地 实施 确保 年内 见到 成效
300041,2023,报告期内公司围绕年度经营计划扎实推进各项重点工作总体经营情况保持稳定,14,报告 期内 围绕 经营 计划 扎实 推进 各项 重点 工作 总体 经营 情况 保持稳定
300041,2023,公司在新材料新工艺方向的前瞻性研发布局取得阶段性成果,12,在 新 材料 新工艺 方向 的 前瞻性 研发 布局 取得 阶段性 成果
300041,2023,汇率波动及贸易环境变化对公司海外业务构成一定不确定性,12,汇率 波动 及 贸易 环境 变化 对 海外 业务 构成 一定 不确定性
300041,2023,公司与高校科研院所共建联合实验室推进产学研协同创新,10,与 高校 科研院所 共建 联合 实验室 推进 产学研 协同 创新
300041,2023,公司急于求成布局热门赛道力求急于求成形成新的利润增长点,11,急于求成 布局 热门 赛道 力求 急于求成 形成 新 的 利润 增长点
300041,2023,公司可能面临原材料价格波动市场需求不及预期等风险,10,可能 面临 原材料 价格 波动 市场需求 不及 预期 等 风险
300041,2023,公司高度重视安全生产与质量管理体系运行情况良好,9,高度重视 安全 生产 与 质量 管理体系 运行 情况 良好
300041,2023,公司稳步推进产能建设生产运营秩序正常,8,稳步 推进 产能 建设 生产 运营 秩序 正常
300041,2023,公司高度重视安全生产与质量管理体系运行情况良好,9,高度重视 安全 生产 与 质量 管理体系 运行 情况 良好
300041,2023,为完成全年目标公司将眼前调整产品定价策略抢占市场份额,12,为 完成 全年 目标 将 眼前 调整 产品 定价 策略 抢占市场 份额
300041,2023,公司早日布局热门赛道力求早日形成新的利润增长点,11,早日 布局 热门 赛道 力求 早日 形成 新 的 利润 增长点
300041,2023,二零二四年四月,3,二零二 四年 四月
300044,2019,股份有限公司年年度报告管理层讨论与分析模拟文本公司高度重视安全生产与质量管理体系运行情况良好,17,有限公司 年 年度报告 讨论 与 分析 模拟 文本 高度重视 安全 生产 与 质量 管理体系 运行 情况 良好
300044,2019,面对复杂的外部经营环境公司管理层积极应对努力克服不利因素影响,12,面对 复杂 的 外部 经营 环境 积极 应对 努力 克服 不利因素 影响
300044,2019,为完成全年目标公司将现今调整产品定价策略抢占市场份额,12,为 完成 全年 目标 将 现今 调整 产品 定价 策略 抢占市场 份额
300044,2019,公司持续优化产品结构深化渠道建设主营业务收入实现稳健增长,11,持续 优化 产品 结构 深化 渠道 建设 收入 实现 稳健 增长
300044,2019,公司积极拓展国内外市场客户结构与订单质量进一步改善,11,积极 拓展 国内外 市场 客户 结构 与 订单 质量 进一步 改善
300044,2019,公司加大研发人才引进力度研发人员占比稳步提升,11,加大 研发 人才 引进 力度 研发 人员 占 比 稳步 提升
300044,2019,公司围绕核心技术开展攻关新申请专利数量保持稳定增长,9,围绕 核心技术 开展 攻关 新 申请专利 数量 保持稳定 增长
300044,2019,公司积极拓展国内外市场客户结构与订单质量进一步改善,11,积极 拓展 国内外 市场 客户 结构 与 订单 质量 进一步 改善
300044,2019,公司稳步推进产能建设生产运营秩序正常,8,稳步 推进 产能 建设 生产 运营 秩序 正常
300044,2019,为完成全年目标公司将快速见效调整产品定价策略抢占市场份额,13,为 完成 全年 目标 将 快速 见效 调整 产品 定价 策略 抢占市场 份额
300044,2019,公司坚持创新驱动发展战略持续加大研发投入研发费用同比增长较快,14,坚持 创新 驱动 发展 战略 持续 加大 研发 投入 研发 费用 增长 较 快
300044,2019,公司马上回笼资金以应对眼前的流动性压力,8,马上 回笼资金 以 应对 眼前 的 流动性 压力
300044,2019,汇率波动及贸易环境变化对公司海外业务构成一定不确定性,12,汇率 波动 及 贸易 环境 变化 对 海外 业务 构成 一定 不确定性
300044,2019,二零二四年四月,3,二零二 四年 四月
300044,2020,股份有限公司年年度报告管理层讨论与分析模拟文本公司高度重视安全生产与质量管理体系运行情况良好,17,有限公司 年 年度报告 讨论 与 分析 模拟 文本 高度重视 安全 生产 与 质量 管理体系 运行 情况 良好
300044,2020,公司要求各事业部争分夺秒消化库存回笼资金缓解业绩压力,10,要求 各 事业部 争分夺秒 消化 库存 回笼资金 缓解 业绩 压力
300044,2020,公司稳步推进产能建设生产运营秩序正常,8,稳步 推进 产能 建设 生产 运营 秩序 正常
300044,2020,公司加强成本管控提升运营效率毛利率水平保持基本平稳,11,加强 成本 管控 提升 运营 效率 毛利率 水平 保持 基本 平稳
300044,2020,公司加强成本管控提升运营效率毛利率水平保持基本平稳,11,加强 成本 管控 提升 运营 效率 毛利率 水平 保持 基本 平稳
300044,2020,公司时不我待布局热门赛道力求时不我待形成新的利润增长点,11,时不我待 布局 热门 赛道 力求 时不我待 形成 新 的 利润 增长点
300044,2020,汇率波动及贸易环境变化对公司海外业务构成一定不确定性,12,汇率 波动 及 贸易 环境 变化 对 海外 业务 构成 一定 不确定性
300044,2020,面对复杂的外部经营环境公司管理层积极应对努力克服不利因素影响,12,面对 复杂 的 外部 经营 环境 积极 应对 努力 克服 不利因素 影响
300044,2020,公司加大研发人才引进力度研发人员占比稳步提升,11,加大 研发 人才 引进 力度 研发 人员 占 比 稳步 提升
300044,2020,公司将眼下推进重点项目的落地实施确保年内见到成效,11,将 眼下 推进 重点项目 的 落地 实施 确保 年内 见到 成效
300044,2020,公司可能面临原材料价格波动市场需求不及预期等风险,10,可能 面临 原材料 价格 波动 市场需求 不及 预期 等 风险
300044,2020,公司坚持创新驱动发展战略持续加大研发投入研发费用同比增长较快,14,坚持 创新 驱动 发展 战略 持续 加大 研发 投入 研发 费用 增长 较 快
300044,2020,公司加强成本管控提升运营效率毛利率水平保持基本平稳,11,加强 成本 管控 提升 运营 效率 毛利率 水平 保持 基本 平稳
300044,2020,公司积极拓展国内外市场客户结构与订单质量进一步改善,11,积极 拓展 国内外 市场 客户 结构 与 订单 质量 进一步 改善
300044,2020,公司进一步完善治理结构规范运作信息披露真实准确完整,10,进一步 完善 治理 结构 规范 运作 信息 真实 准确 完整
300044,2020,公司要求各事业部今年消化库存回笼资金缓解业绩压力,10,要求 各 事业部 今年 消化 库存 回笼资金 缓解 业绩 压力
300044,2020,报告期内公司围绕年度经营计划扎实推进各项重点工作总体经营情况保持稳定,14,报告 期内 围绕 经营 计划 扎实 推进 各项 重点 工作 总体 经营 情况 保持稳定
300044,2020,二零二四年四月,3,二零二 四年 四月
300044,2021,股份有限公司年年度报告管理层讨论与分析模拟文本公司高度重视安全生产与质量管理体系运行情况良好,17,有限公司 年 年度报告 讨论 与 分析 模拟 文本 高度重视 安全 生产 与 质量 管理体系 运行 情况 良好
300044,2021,公司加大研发人才引进力度研发人员占比稳步提升,11,加大 研发 人才 引进 力度 研发 人员 占 比 稳步 提升
300044,2021,报告期内公司围绕年度经营计划扎实推进各项重点工作总体经营情况保持稳定,14,报告 期内 围绕 经营 计划 扎实 推进 各项 重点 工作 总体 经营 情况 保持稳定
300044,2021,公司围绕核心技术开展攻关新申请专利数量保持稳定增长,9,围绕 核心技术 开展 攻关 新 申请专利 数量 保持稳定 增长
300044,2021,公司将采取权宜之计压缩各项开支以确保赶快兑现业绩承诺,12,将 采取 权宜之计 压缩 各项 开支 以 确保 赶快 兑现 业绩 承诺
300044,2021,汇率波动及贸易环境变化对公司海外业务构成一定不确定性,12,汇率 波动 及 贸易 环境 变化 对 海外 业务 构成 一定 不确定性
300044,2021,公司目前回笼资金以应对眼前的流动性压力,8,目前 回笼资金 以 应对 眼前 的 流动性 压力
300044,2021,公司持续优化产品结构深化渠道建设主营业务收入实现稳健增长,11,持续 优化 产品 结构 深化 渠道 建设 收入 实现 稳健 增长
300044,2021,公司进一步完善治理结构规范运作信息披露真实准确完整,10,进一步 完善 治理 结构 规范 运作 信息 真实 准确 完整
300044,2021,公司进一步完善治理结构规范运作信息披露真实准确完整,10,进一步 完善 治理 结构 规范 运作 信息 真实 准确 完整
300044,2021,公司高度重视安全生产与质量管理体系运行情况良好,9,高度重视 安全 生产 与 质量 管理体系 运行 情况 良好
300044,2021,公司与高校科研院所共建联合实验室推进产学研协同创新,10,与 高校 科研院所 共建 联合 实验室 推进 产学研 协同 创新
300044,2021,管理层认为当前窗口稍纵即逝必须只争朝夕扩大产能投放,9,认为 当前 窗口 稍纵即逝 必须 只争朝夕 扩大 产能 投放
300044,2021,公司持续优化产品结构深化渠道建设主营业务收入实现稳健增长,11,持续 优化 产品 结构 深化 渠道 建设 收入 实现 稳健 增长
300044,2021,二零二四年四月,3,二零二 四年 四月
300044,2022,股份有限公司年年度报告管理层讨论与分析模拟文本报告期内公司围绕年度经营计划扎实推进各项重点工作总体经营情况保持稳定,22,有限公司 年 年度报告 讨论 与 分析 模拟 文本 报告 期内 围绕 经营 计划 扎实 推进 各项 重点 工作 总体 经营 情况 保持稳定
300044,2022,公司持续优化产品结构深化渠道建设主营业务收入实现稳健增长,11,持续 优化 产品 结构 深化 渠道 建设 收入 实现 稳健 增长
300044,2022,公司可能面临原材料价格波动市场需求不及预期等风险,10,可能 面临 原材料 价格 波动 市场需求 不及 预期 等 风险
300044,2022,报告期内公司围绕年度经营计划扎实推进各项重点工作总体经营情况保持稳定,14,报告 期内 围绕 经营 计划 扎实 推进 各项 重点 工作 总体 经营 情况 保持稳定
300044,2022,公司稳步推进产能建设生产运营秩序正常,8,稳步 推进 产能 建设 生产 运营 秩序 正常
300044,2022,公司可能面临原材料价格波动市场需求不及预期等风险,10,可能 面临 原材料 价格 波动 市场需求 不及 预期 等 风险
300044,2022,公司进一步完善治理结构规范运作信息披露真实准确完整,10,进一步 完善 治理 结构 规范 运作 信息 真实 准确 完整
300044,2022,公司饮鸩止渴回笼资金以应对眼前的流动性压力,8,饮鸩止渴 回笼资金 以 应对 眼前 的 流动性 压力
300044,2022,管理层表示要如今扭转当前被动局面实现业绩快速回升,10,表示 要 如今 扭转 当前 被动局面 实现 业绩 快速 回升
300044,2022,公司持续优化产品结构深化渠道建设主营业务收入实现稳健增长,11,持续 优化 产品 结构 深化 渠道 建设 收入 实现 稳健 增长
300044,2022,公司稳步推进产能建设生产运营秩序正常,8,稳步 推进 产能 建设 生产 运营 秩序 正常
300044,2022,公司加大研发人才引进力度研发人员占比稳步提升,11,加大 研发 人才 引进 力度 研发 人员 占 比 稳步 提升
300044,2022,管理层认为当前窗口稍纵即逝必须抓紧扩大产能投放,9,认为 当前 窗口 稍纵即逝 必须 抓紧 扩大 产能 投放
300044,2022,管理层认为当前窗口稍纵即逝必须现今扩大产能投放,9,认为 当前 窗口 稍纵即逝 必须 现今 扩大 产能 投放
300044,2022,公司加强成本管控提升运营效率毛利率水平保持基本平稳,11,加强 成本 管控 提升 运营 效率 毛利率 水平 保持 基本 平稳
300044,2022,二零二四年四月,3,二零二 四年 四月
300044,2023,股份有限公司年年度报告管理层讨论与分析模拟文本宏观经济波动与行业竞争加剧可能对公司业绩产生不利影响,20,有限公司 年 年度报告 讨论 与 分析 模拟 文本 宏观 经济波动 与 行业 竞争 加剧 可能 对 公司业绩 产生 不利 影响
300044,2023,公司加大研发人才引进力度研发人员占比稳步提升,11,加大 研发 人才 引进 力度 研发 人员 占 比 稳步 提升
300044,2023,公司应急回笼资金以应对眼前的流动性压力,8,应急 回笼资金 以 应对 眼前 的 流动性 压力
300044,2023,宏观经济波动与行业竞争加剧可能对公司业绩产生不利影响,12,宏观 经济波动 与 行业 竞争 加剧 可能 对 公司业绩 产生 不利 影响
300044,2023,公司坚持创新驱动发展战略持续加大研发投入研发费用同比增长较快,14,坚持 创新 驱动 发展 战略 持续 加大 研发 投入 研发 费用 增长 较 快
300044,2023,公司加大研发人才引进力度研发人员占比稳步提升,11,加大 研发 人才 引进 力度 研发 人员 占 比 稳步 提升
300044,2023,报告期内公司围绕年度经营计划扎实推进各项重点工作总体经营情况保持稳定,14,报告 期内 围绕 经营 计划 扎实 推进 各项 重点 工作 总体 经营 情况 保持稳定
300044,2023,报告期内公司围绕年度经营计划扎实推进各项重点工作总体经营情况保持稳定,14,报告 期内 围绕 经营 计划 扎实 推进 各项 重点 工作 总体 经营 情况 保持稳定
300044,2023,公司高度重视安全生产与质量管理体系运行情况良好,9,高度重视 安全 生产 与 质量 管理体系 运行 情况 良好
300044,2023,为完成全年目标公司将眼前调整产品定价策略抢占市场份额,12,为 完成 全年 目标 将 眼前 调整 产品 定价 策略 抢占市场 份额
300044,2023,公司稳步推进产能建设生产运营秩序正常,8,稳步 推进 产能 建设 生产 运营 秩序 正常
300044,2023,公司积极拓展国内外市场客户结构与订单质量进一步改善,11,积极 拓展 国内外 市场 客户 结构 与 订单 质量 进一步 改善
300044,2023,公司持续优化产品结构深化渠道建设主营业务收入实现稳健增长,11,持续 优化 产品 结构 深化 渠道 建设 收入 实现 稳健 增长
300044,2023,公司进一步完善治理结构规范运作信息披露真实准确完整,10,进一步 完善 治理 结构 规范 运作 信息 真实 准确 完整
300044,2023,公司可能面临原材料价格波动市场需求不及预期等风险,10,可能 面临 原材料 价格 波动 市场需求 不及 预期 等 风险
300044,2023,二零二四年四月,3,二零二 四年 四月
300047,2019,股份有限公司年年度报告管理层讨论与分析模拟文本公司持续优化产品结构深化渠道建设主营业务收入实现稳健增长,19,有限公司 年 年度报告 讨论 与 分析 模拟 文本 持续 优化 产品 结构 深化 渠道 建设 收入 实现 稳健 增长
300047,2019,公司稳步推进产能建设生产运营秩序正常,8,稳步 推进 产能 建设 生产 运营 秩序 正常
300047,2019,公司高度重视安全生产与质量管理体系运行情况良好,9,高度重视 安全 生产 与 质量 管理体系 运行 情况 良好
300047,2019,公司围绕核心技术开展攻关新申请专利数量保持稳定增长,9,围绕 核心技术 开展 攻关 新 申请专利 数量 保持稳定 增长
300047,2019,公司稳步推进产能建设生产运营秩序正常,8,稳步 推进 产能 建设 生产 运营 秩序 正常
300047,2019,公司加大研发人才引进力度研发人员占比稳步提升,11,加大 研发 人才 引进 力度 研发 人员 占 比 稳步 提升
300047,2019,汇率波动及贸易环境变化对公司海外业务构成一定不确定性,12,汇率 波动 及 贸易 环境 变化 对 海外 业务 构成 一定 不确定性
300047,2019,公司加大研发人才引进力度研发人员占比稳步提升,11,加大 研发 人才 引进 力度 研发 人员 占 比 稳步 提升
300047,2019,公司积极拓展国内外市场客户结构与订单质量进一步改善,11,积极 拓展 国内外 市场 客户 结构 与 订单 质量 进一步 改善
300047,2019,公司围绕核心技术开展攻关新申请专利数量保持稳定增长,9,围绕 核心技术 开展 攻关 新 申请专利 数量 保持稳定 增长
300047,2019,公司将采取权宜之计压缩各项开支以确保投机兑现业绩承诺,12,将 采取 权宜之计 压缩 各项 开支 以 确保 投机 兑现 业绩 承诺
300047,2019,管理层表示要立刻扭转当前被动局面实现业绩快速回升,10,表示 要 立刻 扭转 当前 被动局面 实现 业绩 快速 回升
300047,2019,公司积极拓展国内外市场客户结构与订单质量进一步改善,11,积极 拓展 国内外 市场 客户 结构 与 订单 质量 进一步 改善
300047,2019,公司投机回笼资金以应对眼前的流动性压力,8,投机 回笼资金 以 应对 眼前 的 流动性 压力
300047,2019,公司持续优化产品结构深化渠道建设主营业务收入实现稳健增长,11,持续 优化 产品 结构 深化 渠道 建设 收入 实现 稳健 增长
300047,2019,管理层表示要当下扭转当前被动局面实现业绩快速回升,10,表示 要 当下 扭转 当前 被动局面 实现 业绩 快速 回升
300047,2019,二零二四年四月,3,二零二 四年 四月
300047,2020,股份有限公司年年度报告管理层讨论与分析模拟文本公司持续优化产品结构深化渠道建设主营业务收入实现稳健增长,19,有限公司 年 年度报告 讨论 与 分析 模拟 文本 持续 优化 产品 结构 深化 渠道 建设 收入 实现 稳健 增长
300047,2020,公司进一步完善治理结构规范运作信息披露真实准确完整,10,进一步 完善 治理 结构 规范 运作 信息 真实 准确 完整
300047,2020,公司持续优化产品结构深化渠道建设主营业务收入实现稳健增长,11,持续 优化 产品 结构 深化 渠道 建设 收入 实现 稳健 增长
300047,2020,公司稳步推进产能建设生产运营秩序正常,8,稳步 推进 产能 建设 生产 运营 秩序 正常
300047,2020,公司将采取权宜之计压缩各项开支以确保立即兑现业绩承诺,12,将 采取 权宜之计 压缩 各项 开支 以 确保 立即 兑现 业绩 承诺
300047,2020,报告期内公司围绕年度经营计划扎实推进各项重点工作总体经营情况保持稳定,14,报告 期内 围绕 经营 计划 扎实 推进 各项 重点 工作 总体 经营 情况 保持稳定
300047,2020,公司可能面临原材料价格波动市场需求不及预期等风险,10,可能 面临 原材料 价格 波动 市场需求 不及 预期 等 风险
300047,2020,公司可能面临原材料价格波动市场需求不及预期等风险,10,可能 面临 原材料 价格 波动 市场需求 不及 预期 等 风险
300047,2020,公司可能面临原材料价格波动市场需求不及预期等风险,10,可能 面临 原材料 价格 波动 市场需求 不及 预期 等 风险
300047,2020,面对复杂的外部经营环境公司管理层积极应对努力克服不利因素影响,12,面对 复杂 的 外部 经营 环境 积极 应对 努力 克服 不利因素 影响
300047,2020,公司与高校科研院所共建联合实验室推进产学研协同创新,10,与 高校 科研院所 共建 联合 实验室 推进 产学研 协同 创新
300047,2020,公司在新材料新工艺方向的前瞻性研发布局取得阶段性成果,12,在 新 材料 新工艺 方向 的 前瞻性 研发 布局 取得 阶段性 成果
300047,2020,公司将迫在眉睫推进重点项目的落地实施确保年内见到成效,11,将 迫在眉睫 推进 重点项目 的 落地 实施 确保 年内 见到 成效
300047,2020,二零二四年四月,3,二零二 四年 四月
300047,2021,股份有限公司年年度报告管理层讨论与分析模拟文本面对复杂的外部经营环境公司管理层积极应对努力克服不利因素影响,20,有限公司 年 年度报告 讨论 与 分析 模拟 文本 面对 复杂 的 外部 经营 环境 积极 应对 努力 克服 不利因素 影响
300047,2021,公司持续优化产品结构深化渠道建设主营业务收入实现稳健增长,11,持续 优化 产品 结构 深化 渠道 建设 收入 实现 稳健 增长
300047,2021,公司在新材料新工艺方向的前瞻性研发布局取得阶段性成果,12,在 新 材料 新工艺 方向 的 前瞻性 研发 布局 取得 阶段性 成果
300047,2021,公司进一步完善治理结构规范运作信息披露真实准确完整,10,进一步 完善 治理 结构 规范 运作 信息 真实 准确 完整
300047,2021,管理层认为当前窗口稍纵即逝必须应急扩大产能投放,9,认为 当前 窗口 稍纵即逝 必须 应急 扩大 产能 投放
300047,2021,公司稳步推进产能建设生产运营秩序正常,8,稳步 推进 产能 建设 生产 运营 秩序 正常
300047,2021,公司积极拓展国内外市场客户结构与订单质量进一步改善,11,积极 拓展 国内外 市场 客户 结构 与 订单 质量 进一步 改善
300047,2021,宏观经济波动与行业竞争加剧可能对公司业绩产生不利影响,12,宏观 经济波动 与 行业 竞争 加剧 可能 对 公司业绩 产生 不利 影响
300047,2021,公司持续优化产品结构深化渠道建设主营业务收入实现稳健增长,11,持续 优化 产品 结构 深化 渠道 建设 收入 实现 稳健 增长
300047,2021,公司眼下回笼资金以应对眼前的流动性压力,8,眼下 回笼资金 以 应对 眼前 的 流动性 压力
300047,2021,汇率波动及贸易环境变化对公司海外业务构成一定不确定性,12,汇率 波动 及 贸易 环境 变化 对 海外 业务 构成 一定 不确定性
300047,2021,为完成全年目标公司将急功近利调整产品定价策略抢占市场份额,12,为 完成 全年 目标 将 急功近利 调整 产品 定价 策略 抢占市场 份额
300047,2021,宏观经济波动与行业竞争加剧可能对公司业绩产生不利影响,12,宏观 经济波动 与 行业 竞争 加剧 可能 对 公司业绩 产生 不利 影响
300047,2021,二零二四年四月,3,二零二 四年 四月
300047,2022,股份有限公司年年度报告管理层讨论与分析模拟文本管理层认为当前窗口稍纵即逝必须竭泽而渔扩大产能投放,17,有限公司 年 年度报告 讨论 与 分析 模拟 文本 认为 当前 窗口 稍纵即逝 必须 竭泽而渔 扩大 产能 投放
300047,2022,公司在新材料新工艺方向的前瞻性研发布局取得阶段性成果,12,在 新 材料 新工艺 方向 的 前瞻性 研发 布局 取得 阶段性 成果
300047,2022,公司稳步推进产能建设生产运营秩序正常,8,稳步 推进 产能 建设 生产 运营 秩序 正常
300047,2022,公司稳步推进产能建设生产运营秩序正常,8,稳步 推进 产能 建设 生产 运营 秩序 正常
300047,2022,公司将今年推进重点项目的落地实施确保年内见到成效,11,将 今年 推进 重点项目 的 落地 实施 确保 年内 见到 成效
300047,2022,公司持续优化产品结构深化渠道建设主营业务收入实现稳健增长,11,持续 优化 产品 结构 深化 渠道 建设 收入 实现 稳健 增长
300047,2022,公司进一步完善治理结构规范运作信息披露真实准确完整,10,进一步 完善 治理 结构 规范 运作 信息 真实 准确 完整
300047,2022,宏观经济波动与行业竞争加剧可能对公司业绩产生不利影响,12,宏观 经济波动 与 行业 竞争 加剧 可能 对 公司业绩 产生 不利 影响
300047,2022,公司积极拓展国内外市场客户结构与订单质量进一步改善,11,积极 拓展 国内外 市场 客户 结构 与 订单 质量 进一步 改善
300047,2022,宏观经济波动与行业竞争加剧可能对公司业绩产生不利影响,12,宏观 经济波动 与 行业 竞争 加剧 可能 对 公司业绩 产生 不利 影响
300047,2022,面对复杂的外部经营环境公司管理层积极应对努力克服不利因素影响,12,面对 复杂 的 外部 经营 环境 积极 应对 努力 克服 不利因素 影响
300047,2022,面对复杂的外部经营环境公司管理层积极应对努力克服不利因素影响,12,面对 复杂 的 外部 经营 环境 积极 应对 努力 克服 不利因素 影响
300047,2022,公司与高校科研院所共建联合实验室推进产学研协同创新,10,与 高校 科研院所 共建 联合 实验室 推进 产学研 协同 创新
300047,2022,公司高度重视安全生产与质量管理体系运行情况良好,9,高度重视 安全 生产 与 质量 管理体系 运行 情况 良好
300047,2022,二零二四年四月,3,二零二 四年 四月
300047,2023,股份有限公司年年度报告管理层讨论与分析模拟文本公司可能面临原材料价格波动市场需求不及预期等风险,18,有限公司 年 年度报告 讨论 与 分析 模拟 文本 可能 面临 原材料 价格 波动 市场需求 不及 预期 等 风险
300047,2023,公司持续优化产品结构深化渠道建设主营业务收入实现稳健增长,11,持续 优化 产品 结构 深化 渠道 建设 收入 实现 稳健 增长
300047,2023,公司加强成本管控提升运营效率毛利率水平保持基本平稳,11,加强 成本 管控 提升 运营 效率 毛利率 水平 保持 基本 平稳
300047,2023,宏观经济波动与行业竞争加剧可能对公司业绩产生不利影响,12,宏观 经济波动 与 行业 竞争 加剧 可能 对 公司业绩 产生 不利 影响
300047,2023,报告期内公司围绕年度经营计划扎实推进各项重点工作总体经营情况保持稳定,14,报告 期内 围绕 经营 计划 扎实 推进 各项 重点 工作 总体 经营 情况 保持稳定
300047,2023,公司围绕核心技术开展攻关新申请专利数量保持稳定增长,9,围绕 核心技术 开展 攻关 新 申请专利 数量 保持稳定 增长
300047,2023,面对复杂的外部经营环境公司管理层积极应对努力克服不利因素影响,12,面对 复杂 的 外部 经营 环境 积极 应对 努力 克服 不利因素 影响
300047,2023,公司在新材料新工艺方向的前瞻性研发布局取得阶段性成果,12,在 新 材料 新工艺 方向 的 前瞻性 研发 布局 取得 阶段性 成果
300047,2023,公司当下布局热门赛道力求当下形成新的利润增长点,11,当下 布局 热门 赛道 力求 当下 形成 新 的 利润 增长点
300047,2023,公司可能面临原材料价格波动市场需求不及预期等风险,10,可能 面临 原材料 价格 波动 市场需求 不及 预期 等 风险
300047,2023,公司要求各事业部饮鸩止渴消化库存回笼资金缓解业绩压力,10,要求 各 事业部 饮鸩止渴 消化 库存 回笼资金 缓解 业绩 压力
300047,2023,公司持续优化产品结构深化渠道建设主营业务收入实现稳健增长,11,持续 优化 产品 结构 深化 渠道 建设 收入 实现 稳健 增长
300047,2023,公司加强成本管控提升运营效率毛利率水平保持基本平稳,11,加强 成本 管控 提升 运营 效率 毛利率 水平 保持 基本 平稳
300047,2023,公司要求各事业部速胜消化库存回笼资金缓解业绩压力,10,要求 各 事业部 速胜 消化 库存 回笼资金 缓解 业绩 压力
300047,2023,二零二四年四月,3,二零二 四年 四月
300050,2019,股份有限公司年年度报告管理层讨论与分析模拟文本公司加强成本管控提升运营效率毛利率水平保持基本平稳,19,有限公司 年 年度报告 讨论 与 分析 模拟 文本 加强 成本 管控 提升 运营 效率 毛利率 水平 保持 基本 平稳
300050,2019,宏观经济波动与行业竞争加剧可能对公司业绩产生不利影响,12,宏观 经济波动 与 行业 竞争 加剧 可能 对 公司业绩 产生 不利 影响
300050,2019,公司加大研发人才引进力度研发人员占比稳步提升,11,加大 研发 人才 引进 力度 研发 人员 占 比 稳步 提升
300050,2019,公司在新材料新工艺方向的前瞻性研发布局取得阶段性成果,12,在 新 材料 新工艺 方向 的 前瞻性 研发 布局 取得 阶段性 成果
300050,2019,汇率波动及贸易环境变化对公司海外业务构成一定不确定性,12,汇率 波动 及 贸易 环境 变化 对 海外 业务 构成 一定 不确定性
300050,2019,管理层表示要目前扭转当前被动局面实现业绩快速回升,10,表示 要 目前 扭转 当前 被动局面 实现 业绩 快速 回升
300050,2019,面对复杂的外部经营环境公司管理层积极应对努力克服不利因素影响,12,面对 复杂 的 外部 经营 环境 积极 应对 努力 克服 不利因素 影响
300050,2019,公司高度重视安全生产与质量管理体系运行情况良好,9,高度重视 安全 生产 与 质量 管理体系 运行 情况 良好
300050,2019,管理层认为当前窗口稍纵即逝必须急于求成扩大产能投放,9,认为 当前 窗口 稍纵即逝 必须 急于求成 扩大 产能 投放
300050,2019,为完成全年目标公司将早日调整产品定价策略抢占市场份额,12,为 完成 全年 目标 将 早日 调整 产品 定价 策略 抢占市场 份额
300050,2019,公司加强成本管控提升运营效率毛利率水平保持基本平稳,11,加强 成本 管控 提升 运营 效率 毛利率 水平 保持 基本 平稳
300050,2019,面对复杂的外部经营环境公司管理层积极应对努力克服不利因素影响,12,面对 复杂 的 外部 经营 环境 积极 应对 努力 克服 不利因素 影响
300050,2019,公司积极拓展国内外市场客户结构与订单质量进一步改善,11,积极 拓展 国内外 市场 客户 结构 与 订单 质量 进一步 改善
300050,2019,公司加大研发人才引进力度研发人员占比稳步提升,11,加大 研发 人才 引进 力度 研发 人员 占 比 稳步 提升
300050,2019,公司加强成本管控提升运营效率毛利率水平保持基本平稳,11,加强 成本 管控 提升 运营 效率 毛利率 水平 保持 基本 平稳
300050,2019,公司积极拓展国内外市场客户结构与订单质量进一步改善,11,积极 拓展 国内外 市场 客户 结构 与 订单 质量 进一步 改善
300050,2019,公司要求各事业部立即消化库存回笼资金缓解业绩压力,10,要求 各 事业部 立即 消化 库存 回笼资金 缓解 业绩 压力
300050,2019,公司可能面临原材料价格波动市场需求不及预期等风险,10,可能 面临 原材料 价格 波动 市场需求 不及 预期 等 风险
300050,2019,二零二四年四月,3,二零二 四年 四月
300050,2020,股份有限公司年年度报告管理层讨论与分析模拟文本公司持续优化产品结构深化渠道建设主营业务收入实现稳健增长,19,有限公司 年 年度报告 讨论 与 分析 模拟 文本 持续 优化 产品 结构 深化 渠道 建设 收入 实现 稳健 增长
300050,2020,公司坚持创新驱动发展战略持续加大研发投入研发费用同比增长较快,14,坚持 创新 驱动 发展 战略 持续 加大 研发 投入 研发 费用 增长 较 快
300050,2020,公司可能面临原材料价格波动市场需求不及预期等风险,10,可能 面临 原材料 价格 波动 市场需求 不及 预期 等 风险
300050,2020,公司进一步完善治理结构规范运作信息披露真实准确完整,10,进一步 完善 治理 结构 规范 运作 信息 真实 准确 完整
300050,2020,公司将争分夺秒推进重点项目的落地实施确保年内见到成效,11,将 争分夺秒 推进 重点项目 的 落地 实施 确保 年内 见到 成效
300050,2020,为完成全年目标公司将应急调整产品定价策略抢占市场份额,12,为 完成 全年 目标 将 应急 调整 产品 定价 策略 抢占市场 份额
300050,2020,公司加大研发人才引进力度研发人员占比稳步提升,11,加大 研发 人才 引进 力度 研发 人员 占 比 稳步 提升
300050,2020,公司坚持创新驱动发展战略持续加大研发投入研发费用同比增长较快,14,坚持 创新 驱动 发展 战略 持续 加大 研发 投入 研发 费用 增长 较 快
300050,2020,公司持续优化产品结构深化渠道建设主营业务收入实现稳健增长,11,持续 优化 产品 结构 深化 渠道 建设 收入 实现 稳健 增长
300050,2020,公司高度重视安全生产与质量管理体系运行情况良好,9,高度重视 安全 生产 与 质量 管理体系 运行 情况 良好
300050,2020,面对复杂的外部经营环境公司管理层积极应对努力克服不利因素影响,12,面对 复杂 的 外部 经营 环境 积极 应对 努力 克服 不利因素 影响
300050,2020,公司积极拓展国内外市场客户结构与订单质量进一步改善,11,积极 拓展 国内外 市场 客户 结构 与 订单 质量 进一步 改善
300050,2020,公司持续优化产品结构深化渠道建设主营业务收入实现稳健增长,11,持续 优化 产品 结构 深化 渠道 建设 收入 实现 稳健 增长
300050,2020,公司将采取权宜之计压缩各项开支以确保急于求成兑现业绩承诺,12,将 采取 权宜之计 压缩 各项 开支 以 确保 急于求成 兑现 业绩 承诺
300050,2020,二零二四年四月,3,二零二 四年 四月
300050,2021,股份有限公司年年度报告管理层讨论与分析模拟文本公司加强成本管控提升运营效率毛利率水平保持基本平稳,19,有限公司 年 年度报告 讨论 与 分析 模拟 文本 加强 成本 管控 提升 运营 效率 毛利率 水平 保持 基本 平稳
300050,2021,公司进一步完善治理结构规范运作信息披露真实准确完整,10,进一步 完善 治理 结构 规范 运作 信息 真实 准确 完整
300050,2021,汇率波动及贸易环境变化对公司海外业务构成一定不确定性,12,汇率 波动 及 贸易 环境 变化 对 海外 业务 构成 一定 不确定性
300050,2021,公司要求各事业部尽快消化库存回笼资金缓解业绩压力,10,要求 各 事业部 尽快 消化 库存 回笼资金 缓解 业绩 压力
300050,2021,公司持续优化产品结构深化渠道建设主营业务收入实现稳健增长,11,持续 优化 产品 结构 深化 渠道 建设 收入 实现 稳健 增长
300050,2021,公司赶快回笼资金以应对眼前的流动性压力,8,赶快 回笼资金 以 应对 眼前 的 流动性 压力
300050,2021,公司围绕核心技术开展攻关新申请专利数量保持稳定增长,9,围绕 核心技术 开展 攻关 新 申请专利 数量 保持稳定 增长
300050,2021,公司加强成本管控提升运营效率毛利率水平保持基本平稳,11,加强 成本 管控 提升 运营 效率 毛利率 水平 保持 基本 平稳
300050,2021,公司在新材料新工艺方向的前瞻性研发布局取得阶段性成果,12,在 新 材料 新工艺 方向 的 前瞻性 研发 布局 取得 阶段性 成果
300050,2021,公司短期回笼资金以应对眼前的流动性压力,8,短期 回笼资金 以 应对 眼前 的 流动性 压力
300050,2021,汇率波动及贸易环境变化对公司海外业务构成一定不确定性,12,汇率 波动 及 贸易 环境 变化 对 海外 业务 构成 一定 不确定性
300050,2021,公司将采取权宜之计压缩各项开支以确保现今兑现业绩承诺,12,将 采取 权宜之计 压缩 各项 开支 以 确保 现今 兑现 业绩 承诺
300050,2021,公司将采取权宜之计压缩各项开支以确保短期收益兑现业绩承诺,13,将 采取 权宜之计 压缩 各项 开支 以 确保 短期 收益 兑现 业绩 承诺
300050,2021,面对复杂的外部经营环境公司管理层积极应对努力克服不利因素影响,12,面对 复杂 的 外部 经营 环境 积极 应对 努力 克服 不利因素 影响
300050,2021,公司加强成本管控提升运营效率毛利率水平保持基本平稳,11,加强 成本 管控 提升 运营 效率 毛利率 水平 保持 基本 平稳
300050,2021,二零二四年四月,3,二零二 四年 四月
300050,2022,股份有限公司年年度报告管理层讨论与分析模拟文本公司将采取权宜之计压缩各项开支以确保马上兑现业绩承诺,20,有限公司 年 年度报告 讨论 与 分析 模拟 文本 将 采取 权宜之计 压缩 各项 开支 以 确保 马上 兑现 业绩 承诺
300050,2022,宏观经济波动与行业竞争加剧可能对公司业绩产生不利影响,12,宏观 经济波动 与 行业 竞争 加剧 可能 对 公司业绩 产生 不利 影响
300050,2022,公司稳步推进产能建设生产运营秩序正常,8,稳步 推进 产能 建设 生产 运营 秩序 正常
300050,2022,公司近期布局热门赛道力求近期形成新的利润增长点,11,近期 布局 热门 赛道 力求 近期 形成 新 的 利润 增长点
300050,2022,汇率波动及贸易环境变化对公司海外业务构成一定不确定性,12,汇率 波动 及 贸易 环境 变化 对 海外 业务 构成 一定 不确定性
300050,2022,公司进一步完善治理结构规范运作信息披露真实准确完整,10,进一步 完善 治理 结构 规范 运作 信息 真实 准确 完整
300050,2022,公司持续优化产品结构深化渠道建设主营业务收入实现稳健增长,11,持续 优化 产品 结构 深化 渠道 建设 收入 实现 稳健 增长
300050,2022,公司进一步完善治理结构规范运作信息披露真实准确完整,10,进一步 完善 治理 结构 规范 运作 信息 真实 准确 完整
300050,2022,公司将采取权宜之计压缩各项开支以确保眼下兑现业绩承诺,12,将 采取 权宜之计 压缩 各项 开支 以 确保 眼下 兑现 业绩 承诺
300050,2022,公司进一步完善治理结构规范运作信息披露真实准确完整,10,进一步 完善 治理 结构 规范 运作 信息 真实 准确 完整
300050,2022,公司坚持创新驱动发展战略持续加大研发投入研发费用同比增长较快,14,坚持 创新 驱动 发展 战略 持续 加大 研发 投入 研发 费用 增长 较 快
300050,2022,公司高度重视安全生产与质量管理体系运行情况良好,9,高度重视 安全 生产 与 质量 管理体系 运行 情况 良好
300050,2022,公司在新材料新工艺方向的前瞻性研发布局取得阶段性成果,12,在 新 材料 新工艺 方向 的 前瞻性 研发 布局 取得 阶段性 成果
300050,2022,报告期内公司围绕年度经营计划扎实推进各项重点工作总体经营情况保持稳定,14,报告 期内 围绕 经营 计划 扎实 推进 各项 重点 工作 总体 经营 情况 保持稳定
300050,2022,报告期内公司围绕年度经营计划扎实推进各项重点工作总体经营情况保持稳定,14,报告 期内 围绕 经营 计划 扎实 推进 各项 重点 工作 总体 经营 情况 保持稳定
300050,2022,二零二四年四月,3,二零二 四年 四月
300050,2023,股份有限公司年年度报告管理层讨论与分析模拟文本公司持续优化产品结构深化渠道建设主营业务收入实现稳健增长,19,有限公司 年 年度报告 讨论 与 分析 模拟 文本 持续 优化 产品 结构 深化 渠道 建设 收入 实现 稳健 增长
300050,2023,公司加大研发人才引进力度研发人员占比稳步提升,11,加大 研发 人才 引进 力度 研发 人员 占 比 稳步 提升
300050,2023,公司快速见效回笼资金以应对眼前的流动性压力,9,快速 见效 回笼资金 以 应对 眼前 的 流动性 压力
300050,2023,汇率波动及贸易环境变化对公司海外业务构成一定不确定性,12,汇率 波动 及 贸易 环境 变化 对 海外 业务 构成 一定 不确定性
300050,2023,公司与高校科研院所共建联合实验室推进产学研协同创新,10,与 高校 科研院所 共建 联合 实验室 推进 产学研 协同 创新
300050,2023,公司积极拓展国内外市场客户结构与订单质量进一步改善,11,积极 拓展 国内外 市场 客户 结构 与 订单 质量 进一步 改善
300050,2023,管理层认为当前窗口稍纵即逝必须应急扩大产能投放,9,认为 当前 窗口 稍纵即逝 必须 应急 扩大 产能 投放
300050,2023,公司加强成本管控提升运营效率毛利率水平保持基本平稳,11,加强 成本 管控 提升 运营 效率 毛利率 水平 保持 基本 平稳
300050,2023,汇率波动及贸易环境变化对公司海外业务构成一定不确定性,12,汇率 波动 及 贸易 环境 变化 对 海外 业务 构成 一定 不确定性
300050,2023,公司要求各事业部短期收益消化库存回笼资金缓解业绩压力,11,要求 各 事业部 短期 收益 消化 库存 回笼资金 缓解 业绩 压力
300050,2023,公司高度重视安全生产与质量管理体系运行情况良好,9,高度重视 安全 生产 与 质量 管理体系 运行 情况 良好
300050,2023,公司将采取权宜之计压缩各项开支以确保现今兑现业绩承诺,12,将 采取 权宜之计 压缩 各项 开支 以 确保 现今 兑现 业绩 承诺
300050,2023,宏观经济波动与行业竞争加剧可能对公司业绩产生不利影响,12,宏观 经济波动 与 行业 竞争 加剧 可能 对 公司业绩 产生 不利 影响
300050,2023,公司稳步推进产能建设生产运营秩序正常,8,稳步 推进 产能 建设 生产 运营 秩序 正常
300050,2023,公司进一步完善治理结构规范运作信息披露真实准确完整,10,进一步 完善 治理 结构 规范 运作 信息 真实 准确 完整
300050,2023,公司加大研发人才引进力度研发人员占比稳步提升,11,加大 研发 人才 引进 力度 研发 人员 占 比 稳步 提升
300050,2023,二零二四年四月,3,二零二 四年 四月
300053,2019,股份有限公司年年度报告管理层讨论与分析模拟文本报告期内公司围绕年度经营计划扎实推进各项重点工作总体经营情况保持稳定,22,有限公司 年 年度报告 讨论 与 分析 模拟 文本 报告 期内 围绕 经营 计划 扎实 推进 各项 重点 工作 总体 经营 情况 保持稳定
300053,2019,宏观经济波动与行业竞争加剧可能对公司业绩产生不利影响,12,宏观 经济波动 与 行业 竞争 加剧 可能 对 公司业绩 产生 不利 影响
300053,2019,公司将短期推进重点项目的落地实施确保年内见到成效,11,将 短期 推进 重点项目 的 落地 实施 确保 年内 见到 成效
300053,2019,公司加强成本管控提升运营效率毛利率水平保持基本平稳,11,加强 成本 管控 提升 运营 效率 毛利率 水平 保持 基本 平稳
300053,2019,报告期内公司围绕年度经营计划扎实推进各项重点工作总体经营情况保持稳定,14,报告 期内 围绕 经营 计划 扎实 推进 各项 重点 工作 总体 经营 情况 保持稳定
300053,2019,公司积极拓展国内外市场客户结构与订单质量进一步改善,11,积极 拓展 国内外 市场 客户 结构 与 订单 质量 进一步 改善
300053,2019,公司在新材料新工艺方向的前瞻性研发布局取得阶段性成果,12,在 新 材料 新工艺 方向 的 前瞻性 研发 布局 取得 阶段性 成果
300053,2019,公司坚持创新驱动发展战略持续加大研发投入研发费用同比增长较快,14,坚持 创新 驱动 发展 战略 持续 加大 研发 投入 研发 费用 增长 较 快
300053,2019,公司进一步完善治理结构规范运作信息披露真实准确完整,10,进一步 完善 治理 结构 规范 运作 信息 真实 准确 完整
300053,2019,公司在新材料新工艺方向的前瞻性研发布局取得阶段性成果,12,在 新 材料 新工艺 方向 的 前瞻性 研发 布局 取得 阶段性 成果
300053,2019,为完成全年目标公司将急于求成调整产品定价策略抢占市场份额,12,为 完成 全年 目标 将 急于求成 调整 产品 定价 策略 抢占市场 份额
300053,2019,面对复杂的外部经营环境公司管理层积极应对努力克服不利因素影响,12,面对 复杂 的 外部 经营 环境 积极 应对 努力 克服 不利因素 影响
300053,2019,报告期内公司围绕年度经营计划扎实推进各项重点工作总体经营情况保持稳定,14,报告 期内 围绕 经营 计划 扎实 推进 各项 重点 工作 总体 经营 情况 保持稳定
300053,2019,公司持续优化产品结构深化渠道建设主营业务收入实现稳健增长,11,持续 优化 产品 结构 深化 渠道 建设 收入 实现 稳健 增长
300053,2019,公司年内布局热门赛道力求年内形成新的利润增长点,11,年内 布局 热门 赛道 力求 年内 形成 新 的 利润 增长点
300053,2019,宏观经济波动与行业竞争加剧可能对公司业绩产生不利影响,12,宏观 经济波动 与 行业 竞争 加剧 可能 对 公司业绩 产生 不利 影响
300053,2019,公司稳步推进产能建设生产运营秩序正常,8,稳步 推进 产能 建设 生产 运营 秩序 正常
300053,2019,为完成全年目标公司将眼前调整产品定价策略抢占市场份额,12,为 完成 全年 目标 将 眼前 调整 产品 定价 策略 抢占市场 份额
300053,2019,二零二四年四月,3,二零二 四年 四月
300053,2020,股份有限公司年年度报告管理层讨论与分析模拟文本公司加强成本管控提升运营效率毛利率水平保持基本平稳,19,有限公司 年 年度报告 讨论 与 分析 模拟 文本 加强 成本 管控 提升 运营 效率 毛利率 水平 保持 基本 平稳
300053,2020,公司持续优化产品结构深化渠道建设主营业务收入实现稳健增长,11,持续 优化 产品 结构 深化 渠道 建设 收入 实现 稳健 增长
300053,2020,公司稳步推进产能建设生产运营秩序正常,8,稳步 推进 产能 建设 生产 运营 秩序 正常
300053,2020,公司进一步完善治理结构规范运作信息披露真实准确完整,10,进一步 完善 治理 结构 规范 运作 信息 真实 准确 完整
300053,2020,报告期内公司围绕年度经营计划扎实推进各项重点工作总体经营情况保持稳定,14,报告 期内 围绕 经营 计划 扎实 推进 各项 重点 工作 总体 经营 情况 保持稳定
300053,2020,公司将速胜推进重点项目的落地实施确保年内见到成效,11,将 速胜 推进 重点项目 的 落地 实施 确保 年内 见到 成效
300053,2020,公司要求各事业部眼前消化库存回笼资金缓解业绩压力,10,要求 各 事业部 眼前 消化 库存 回笼资金 缓解 业绩 压力
300053,2020,公司围绕核心技术开展攻关新申请专利数量保持稳定增长,9,围绕 核心技术 开展 攻关 新 申请专利 数量 保持稳定 增长
300053,2020,公司加强成本管控提升运营效率毛利率水平保持基本平稳,11,加强 成本 管控 提升 运营 效率 毛利率 水平 保持 基本 平稳
300053,2020,公司围绕核心技术开展攻关新申请专利数量保持稳定增长,9,围绕 核心技术 开展 攻关 新 申请专利 数量 保持稳定 增长
300053,2020,公司可能面临原材料价格波动市场需求不及预期等风险,10,可能 面临 原材料 价格 波动 市场需求 不及 预期 等 风险
300053,2020,公司与高校科研院所共建联合实验室推进产学研协同创新,10,与 高校 科研院所 共建 联合 实验室 推进 产学研 协同 创新
300053,2020,宏观经济波动与行业竞争加剧可能对公司业绩产生不利影响,12,宏观 经济波动 与 行业 竞争 加剧 可能 对 公司业绩 产生 不利 影响
300053,2020,公司将采取权宜之计压缩各项开支以确保立竿见影兑现业绩承诺,12,将 采取 权宜之计 压缩 各项 开支 以 确保 立竿见影 兑现 业绩 承诺
300053,2020,公司高度重视安全生产与质量管理体系运行情况良好,9,高度重视 安全 生产 与 质量 管理体系 运行 情况 良好
300053,2020,管理层表示要立刻扭转当前被动局面实现业绩快速回升,10,表示 要 立刻 扭转 当前 被动局面 实现 业绩 快速 回升
300053,2020,宏观经济波动与行业竞争加剧可能对公司业绩产生不利影响,12,宏观 经济波动 与 行业 竞争 加剧 可能 对 公司业绩 产生 不利 影响
300053,2020,面对复杂的外部经营环境公司管理层积极应对努力克服不利因素影响,12,面对 复杂 的 外部 经营 环境 积极 应对 努力 克服 不利因素 影响
300053,2020,二零二四年四月,3,二零二 四年 四月
300053,2021,股份有限公司年年度报告管理层讨论与分析模拟文本公司持续优化产品结构深化渠道建设主营业务收入实现稳健增长,19,有限公司 年 年度报告 讨论 与 分析 模拟 文本 持续 优化 产品 结构 深化 渠道 建设 收入 实现 稳健 增长
300053,2021,公司竭泽而渔回笼资金以应对眼前的流动性压力,8,竭泽而渔 回笼资金 以 应对 眼前 的 流动性 压力
300053,2021,汇率波动及贸易环境变化对公司海外业务构成一定不确定性,12,汇率 波动 及 贸易 环境 变化 对 海外 业务 构成 一定 不确定性
300053,2021,公司加强成本管控提升运营效率毛利率水平保持基本平稳,11,加强 成本 管控 提升 运营 效率 毛利率 水平 保持 基本 平稳
300053,2021,管理层表示要立刻扭转当前被动局面实现业绩快速回升,10,表示 要 立刻 扭转 当前 被动局面 实现 业绩 快速 回升
300053,2021,公司持续优化产品结构深化渠道建设主营业务收入实现稳健增长,11,持续 优化 产品 结构 深化 渠道 建设 收入 实现 稳健 增长
300053,2021,公司加大研发人才引进力度研发人员占比稳步提升,11,加大 研发 人才 引进 力度 研发 人员 占 比 稳步 提升
300053,2021,公司将竭泽而渔推进重点项目的落地实施确保年内见到成效,11,将 竭泽而渔 推进 重点项目 的 落地 实施 确保 年内 见到 成效
300053,2021,公司稳步推进产能建设生产运营秩序正常,8,稳步 推进 产能 建设 生产 运营 秩序 正常
300053,2021,公司稳步推进产能建设生产运营秩序正常,8,稳步 推进 产能 建设 生产 运营 秩序 正常
300053,2021,为完成全年目标公司将只争朝夕调整产品定价策略抢占市场份额,12,为 完成 全年 目标 将 只争朝夕 调整 产品 定价 策略 抢占市场 份额
300053,2021,公司围绕核心技术开展攻关新申请专利数量保持稳定增长,9,围绕 核心技术 开展 攻关 新 申请专利 数量 保持稳定 增长
300053,2021,公司持续优化产品结构深化渠道建设主营业务收入实现稳健增长,11,持续 优化 产品 结构 深化 渠道 建设 收入 实现 稳健 增长
300053,2021,二零二四年四月,3,二零二 四年 四月
300053,2022,股份有限公司年年度报告管理层讨论与分析模拟文本公司积极拓展国内外市场客户结构与订单质量进一步改善,19,有限公司 年 年度报告 讨论 与 分析 模拟 文本 积极 拓展 国内外 市场 客户 结构 与 订单 质量 进一步 改善
300053,2022,公司眼下布局热门赛道力求眼下形成新的利润增长点,11,眼下 布局 热门 赛道 力求 眼下 形成 新 的 利润 增长点
300053,2022,公司稳步推进产能建设生产运营秩序正常,8,稳步 推进 产能 建设 生产 运营 秩序 正常
300053,2022,汇率波动及贸易环境变化对公司海外业务构成一定不确定性,12,汇率 波动 及 贸易 环境 变化 对 海外 业务 构成 一定 不确定性
300053,2022,公司围绕核心技术开展攻关新申请专利数量保持稳定增长,9,围绕 核心技术 开展 攻关 新 申请专利 数量 保持稳定 增长
300053,2022,报告期内公司围绕年度经营计划扎实推进各项重点工作总体经营情况保持稳定,14,报告 期内 围绕 经营 计划 扎实 推进 各项 重点 工作 总体 经营 情况 保持稳定
300053,2022,为完成全年目标公司将尽快调整产品定价策略抢占市场份额,12,为 完成 全年 目标 将 尽快 调整 产品 定价 策略 抢占市场 份额
300053,2022,公司眼下回笼资金以应对眼前的流动性压力,8,眼下 回笼资金 以 应对 眼前 的 流动性 压力
300053,2022,宏观经济波动与行业竞争加剧可能对公司业绩产生不利影响,12,宏观 经济波动 与 行业 竞争 加剧 可能 对 公司业绩 产生 不利 影响
300053,2022,公司稳步推进产能建设生产运营秩序正常,8,稳步 推进 产能 建设 生产 运营 秩序 正常
300053,2022,公司持续优化产品结构深化渠道建设主营业务收入实现稳健增长,11,持续 优化 产品 结构 深化 渠道 建设 收入 实现 稳健 增长
300053,2022,报告期内公司围绕年度经营计划扎实推进各项重点工作总体经营情况保持稳定,14,报告 期内 围绕 经营 计划 扎实 推进 各项 重点 工作 总体 经营 情况 保持稳定
300053,2022,管理层认为当前窗口稍纵即逝必须饮鸩止渴扩大产能投放,9,认为 当前 窗口 稍纵即逝 必须 饮鸩止渴 扩大 产能 投放
300053,2022,公司在新材料新工艺方向的前瞻性研发布局取得阶段性成果,12,在 新 材料 新工艺 方向 的 前瞻性 研发 布局 取得 阶段性 成果
300053,2022,宏观经济波动与行业竞争加剧可能对公司业绩产生不利影响,12,宏观 经济波动 与 行业 竞争 加剧 可能 对 公司业绩 产生 不利 影响
300053,2022,二零二四年四月,3,二零二 四年 四月
300053,2023,股份有限公司年年度报告管理层讨论与分析模拟文本公司高度重视安全生产与质量管理体系运行情况良好,17,有限公司 年 年度报告 讨论 与 分析 模拟 文本 高度重视 安全 生产 与 质量 管理体系 运行 情况 良好
300053,2023,面对复杂的外部经营环境公司管理层积极应对努力克服不利因素影响,12,面对 复杂 的 外部 经营 环境 积极 应对 努力 克服 不利因素 影响
300053,2023,公司在新材料新工艺方向的前瞻性研发布局取得阶段性成果,12,在 新 材料 新工艺 方向 的 前瞻性 研发 布局 取得 阶段性 成果
300053,2023,报告期内公司围绕年度经营计划扎实推进各项重点工作总体经营情况保持稳定,14,报告 期内 围绕 经营 计划 扎实 推进 各项 重点 工作 总体 经营 情况 保持稳定
300053,2023,公司进一步完善治理结构规范运作信息披露真实准确完整,10,进一步 完善 治理 结构 规范 运作 信息 真实 准确 完整
300053,2023,公司积极拓展国内外市场客户结构与订单质量进一步改善,11,积极 拓展 国内外 市场 客户 结构 与 订单 质量 进一步 改善
300053,2023,公司将采取权宜之计压缩各项开支以确保现今兑现业绩承诺,12,将 采取 权宜之计 压缩 各项 开支 以 确保 现今 兑现 业绩 承诺
300053,2023,公司坚持创新驱动发展战略持续加大研发投入研发费用同比增长较快,14,坚持 创新 驱动 发展 战略 持续 加大 研发 投入 研发 费用 增长 较 快
300053,2023,公司可能面临原材料价格波动市场需求不及预期等风险,10,可能 面临 原材料 价格 波动 市场需求 不及 预期 等 风险
300053,2023,公司可能面临原材料价格波动市场需求不及预期等风险,10,可能 面临 原材料 价格 波动 市场需求 不及 预期 等 风险
300053,2023,公司围绕核心技术开展攻关新申请专利数量保持稳定增长,9,围绕 核心技术 开展 攻关 新 申请专利 数量 保持稳定 增长
300053,2023,为完成全年目标公司将急功近利调整产品定价策略抢占市场份额,12,为 完成 全年 目标 将 急功近利 调整 产品 定价 策略 抢占市场 份额
300053,2023,公司高度重视安全生产与质量管理体系运行情况良好,9,高度重视 安全 生产 与 质量 管理体系 运行 情况 良好
300053,2023,公司加强成本管控提升运营效率毛利率水平保持基本平稳,11,加强 成本 管控 提升 运营 效率 毛利率 水平 保持 基本 平稳
300053,2023,公司将争分夺秒推进重点项目的落地实施确保年内见到成效,11,将 争分夺秒 推进 重点项目 的 落地 实施 确保 年内 见到 成效
300053,2023,汇率波动及贸易环境变化对公司海外业务构成一定不确定性,12,汇率 波动 及 贸易 环境 变化 对 海外 业务 构成 一定 不确定性
300053,2023,公司稳步推进产能建设生产运营秩序正常,8,稳步 推进 产能 建设 生产 运营 秩序 正常
300053,2023,公司加强成本管控提升运营效率毛利率水平保持基本平稳,11,加强 成本 管控 提升 运营 效率 毛利率 水平 保持 基本 平稳
300053,2023,二零二四年四月,3,二零二 四年 四月
300056,2019,股份有限公司年年度报告管理层讨论与分析模拟文本公司加强成本管控提升运营效率毛利率水平保持基本平稳,19,有限公司 年 年度报告 讨论 与 分析 模拟 文本 加强 成本 管控 提升 运营 效率 毛利率 水平 保持 基本 平稳
300056,2019,公司稳步推进产能建设生产运营秩序正常,8,稳步 推进 产能 建设 生产 运营 秩序 正常
300056,2019,公司将近期推进重点项目的落地实施确保年内见到成效,11,将 近期 推进 重点项目 的 落地 实施 确保 年内 见到 成效
300056,2019,公司进一步完善治理结构规范运作信息披露真实准确完整,10,进一步 完善 治理 结构 规范 运作 信息 真实 准确 完整
300056,2019,汇率波动及贸易环境变化对公司海外业务构成一定不确定性,12,汇率 波动 及 贸易 环境 变化 对 海外 业务 构成 一定 不确定性
300056,2019,公司时不我待布局热门赛道力求时不我待形成新的利润增长点,11,时不我待 布局 热门 赛道 力求 时不我待 形成 新 的 利润 增长点
300056,2019,宏观经济波动与行业竞争加剧可能对公司业绩产生不利影响,12,宏观 经济波动 与 行业 竞争 加剧 可能 对 公司业绩 产生 不利 影响
300056,2019,公司要求各事业部立刻消化库存回笼资金缓解业绩压力,10,要求 各 事业部 立刻 消化 库存 回笼资金 缓解 业绩 压力
300056,2019,公司短期布局热门赛道力求短期形成新的利润增长点,11,短期 布局 热门 赛道 力求 短期 形成 新 的 利润 增长点
300056,2019,公司稳步推进产能建设生产运营秩序正常,8,稳步 推进 产能 建设 生产 运营 秩序 正常
300056,2019,面对复杂的外部经营环境公司管理层积极应对努力克服不利因素影响,12,面对 复杂 的 外部 经营 环境 积极 应对 努力 克服 不利因素 影响
300056,2019,公司进一步完善治理结构规范运作信息披露真实准确完整,10,进一步 完善 治理 结构 规范 运作 信息 真实 准确 完整
300056,2019,公司加大研发人才引进力度研发人员占比稳步提升,11,加大 研发 人才 引进 力度 研发 人员 占 比 稳步 提升
300056,2019,公司加大研发人才引进力度研发人员占比稳步提升,11,加大 研发 人才 引进 力度 研发 人员 占 比 稳步 提升
300056,2019,管理层认为当前窗口稍纵即逝必须只争朝夕扩大产能投放,9,认为 当前 窗口 稍纵即逝 必须 只争朝夕 扩大 产能 投放
300056,2019,公司持续优化产品结构深化渠道建设主营业务收入实现稳健增长,11,持续 优化 产品 结构 深化 渠道 建设 收入 实现 稳健 增长
300056,2019,公司在新材料新工艺方向的前瞻性研发布局取得阶段性成果,12,在 新 材料 新工艺 方向 的 前瞻性 研发 布局 取得 阶段性 成果
300056,2019,二零二四年四月,3,二零二 四年 四月
300056,2020,股份有限公司年年度报告管理层讨论与分析模拟文本公司坚持创新驱动发展战略持续加大研发投入研发费用同比增长较快,22,有限公司 年 年度报告 讨论 与 分析 模拟 文本 坚持 创新 驱动 发展 战略 持续 加大 研发 投入 研发 费用 增长 较 快
300056,2020,公司高度重视安全生产与质量管理体系运行情况良好,9,高度重视 安全 生产 与 质量 管理体系 运行 情况 良好
300056,2020,公司高度重视安全生产与质量管理体系运行情况良好,9,高度重视 安全 生产 与 质量 管理体系 运行 情况 良好
300056,2020,公司可能面临原材料价格波动市场需求不及预期等风险,10,可能 面临 原材料 价格 波动 市场需求 不及 预期 等 风险
300056,2020,公司坚持创新驱动发展战略持续加大研发投入研发费用同比增长较快,14,坚持 创新 驱动 发展 战略 持续 加大 研发 投入 研发 费用 增长 较 快
300056,2020,公司进一步完善治理结构规范运作信息披露真实准确完整,10,进一步 完善 治理 结构 规范 运作 信息 真实 准确 完整
300056,2020,为完成全年目标公司将短期回报调整产品定价策略抢占市场份额,13,为 完成 全年 目标 将 短期 回报 调整 产品 定价 策略 抢占市场 份额
300056,2020,面对复杂的外部经营环境公司管理层积极应对努力克服不利因素影响,12,面对 复杂 的 外部 经营 环境 积极 应对 努力 克服 不利因素 影响
300056,2020,管理层认为当前窗口稍纵即逝必须饮鸩止渴扩大产能投放,9,认为 当前 窗口 稍纵即逝 必须 饮鸩止渴 扩大 产能 投放
300056,2020,公司将当下推进重点项目的落地实施确保年内见到成效,11,将 当下 推进 重点项目 的 落地 实施 确保 年内 见到 成效
300056,2020,公司加强成本管控提升运营效率毛利率水平保持基本平稳,11,加强 成本 管控 提升 运营 效率 毛利率 水平 保持 基本 平稳
300056,2020,公司加大研发人才引进力度研发人员占比稳步提升,11,加大 研发 人才 引进 力度 研发 人员 占 比 稳步 提升
300056,2020,公司积极拓展国内外市场客户结构与订单质量进一步改善,11,积极 拓展 国内外 市场 客户 结构 与 订单 质量 进一步 改善
300056,2020,公司可能面临原材料价格波动市场需求不及预期等风险,10,可能 面临 原材料 价格 波动 市场需求 不及 预期 等 风险
300056,2020,公司与高校科研院所共建联合实验室推进产学研协同创新,10,与 高校 科研院所 共建 联合 实验室 推进 产学研 协同 创新
300056,2020,管理层表示要饮鸩止渴扭转当前被动局面实现业绩快速回升,10,表示 要 饮鸩止渴 扭转 当前 被动局面 实现 业绩 快速 回升
300056,2020,公司可能面临原材料价格波动市场需求不及预期等风险,10,可能 面临 原材料 价格 波动 市场需求 不及 预期 等 风险
300056,2020,公司进一步完善治理结构规范运作信息披露真实准确完整,10,进一步 完善 治理 结构 规范 运作 信息 真实 准确 完整
300056,2020,公司加强成本管控提升运营效率毛利率水平保持基本平稳,11,加强 成本 管控 提升 运营 效率 毛利率 水平 保持 基本 平稳
300056,2020,二零二四年四月,3,二零二 四年 四月
300056,2021,股份有限公司年年度报告管理层讨论与分析模拟文本公司与高校科研院所共建联合实验室推进产学研协同创新,18,有限公司 年 年度报告 讨论 与 分析 模拟 文本 与 高校 科研院所 共建 联合 实验室 推进 产学研 协同 创新
300056,2021,公司积极拓展国内外市场客户结构与订单质量进一步改善,11,积极 拓展 国内外 市场 客户 结构 与 订单 质量 进一步 改善
300056,2021,公司进一步完善治理结构规范运作信息披露真实准确完整,10,进一步 完善 治理 结构 规范 运作 信息 真实 准确 完整
300056,2021,公司将采取权宜之计压缩各项开支以确保权宜之计兑现业绩承诺,12,将 采取 权宜之计 压缩 各项 开支 以 确保 权宜之计 兑现 业绩 承诺
300056,2021,公司进一步完善治理结构规范运作信息披露真实准确完整,10,进一步 完善 治理 结构 规范 运作 信息 真实 准确 完整
300056,2021,报告期内公司围绕年度经营计划扎实推进各项重点工作总体经营情况保持稳定,14,报告 期内 围绕 经营 计划 扎实 推进 各项 重点 工作 总体 经营 情况 保持稳定
300056,2021,公司持续优化产品结构深化渠道建设主营业务收入实现稳健增长,11,持续 优化 产品 结构 深化 渠道 建设 收入 实现 稳健 增长
300056,2021,公司持续优化产品结构深化渠道建设主营业务收入实现稳健增长,11,持续 优化 产品 结构 深化 渠道 建设 收入 实现 稳健 增长
300056,2021,公司围绕核心技术开展攻关新申请专利数量保持稳定增长,9,围绕 核心技术 开展 攻关 新 申请专利 数量 保持稳定 增长
300056,2021,公司可能面临原材料价格波动市场需求不及预期等风险,10,可能 面临 原材料 价格 波动 市场需求 不及 预期 等 风险
300056,2021,公司进一步完善治理结构规范运作信息披露真实准确完整,10,进一步 完善 治理 结构 规范 运作 信息 真实 准确 完整
300056,2021,为完成全年目标公司将短期利益调整产品定价策略抢占市场份额,13,为 完成 全年 目标 将 短期 利益 调整 产品 定价 策略 抢占市场 份额
300056,2021,汇率波动及贸易环境变化对公司海外业务构成一定不确定性,12,汇率 波动 及 贸易 环境 变化 对 海外 业务 构成 一定 不确定性
300056,2021,为完成全年目标公司将抓紧调整产品定价策略抢占市场份额,12,为 完成 全年 目标 将 抓紧 调整 产品 定价 策略 抢占市场 份额
300056,2021,面对复杂的外部经营环境公司管理层积极应对努力克服不利因素影响,12,面对 复杂 的 外部 经营 环境 积极 应对 努力 克服 不利因素 影响
300056,2021,公司杀鸡取卵布局热门赛道力求杀鸡取卵形成新的利润增长点,11,杀鸡取卵 布局 热门 赛道 力求 杀鸡取卵 形成 新 的 利润 增长点
300056,2021,二零二四年四月,3,二零二 四年 四月
300056,2022,股份有限公司年年度报告管理层讨论与分析模拟文本公司持续优化产品结构深化渠道建设主营业务收入实现稳健增长,19,有限公司 年 年度报告 讨论 与 分析 模拟 文本 持续 优化 产品 结构 深化 渠道 建设 收入 实现 稳健 增长
300056,2022,汇率波动及贸易环境变化对公司海外业务构成一定不确定性,12,汇率 波动 及 贸易 环境 变化 对 海外 业务 构成 一定 不确定性
300056,2022,公司高度重视安全生产与质量管理体系运行情况良好,9,高度重视 安全 生产 与 质量 管理体系 运行 情况 良好
300056,2022,公司要求各事业部时不我待消化库存回笼资金缓解业绩压力,10,要求 各 事业部 时不我待 消化 库存 回笼资金 缓解 业绩 压力
300056,2022,公司将今年推进重点项目的落地实施确保年内见到成效,11,将 今年 推进 重点项目 的 落地 实施 确保 年内 见到 成效
300056,2022,报告期内公司围绕年度经营计划扎实推进各项重点工作总体经营情况保持稳定,14,报告 期内 围绕 经营 计划 扎实 推进 各项 重点 工作 总体 经营 情况 保持稳定
300056,2022,报告期内公司围绕年度经营计划扎实推进各项重点工作总体经营情况保持稳定,14,报告 期内 围绕 经营 计划 扎实 推进 各项 重点 工作 总体 经营 情况 保持稳定
300056,2022,公司稳步推进产能建设生产运营秩序正常,8,稳步 推进 产能 建设 生产 运营 秩序 正常
300056,2022,公司在新材料新工艺方向的前瞻性研发布局取得阶段性成果,12,在 新 材料 新工艺 方向 的 前瞻性 研发 布局 取得 阶段性 成果
300056,2022,公司与高校科研院所共建联合实验室推进产学研协同创新,10,与 高校 科研院所 共建 联合 实验室 推进 产学研 协同 创新
300056,2022,面对复杂的外部经营环境公司管理层积极应对努力克服不利因素影响,12,面对 复杂 的 外部 经营 环境 积极 应对 努力 克服 不利因素 影响
300056,2022,公司加大研发人才引进力度研发人员占比稳步提升,11,加大 研发 人才 引进 力度 研发 人员 占 比 稳步 提升
300056,2022,管理层认为当前窗口稍纵即逝必须应急扩大产能投放,9,认为 当前 窗口 稍纵即逝 必须 应急 扩大 产能 投放
300056,2022,公司进一步完善治理结构规范运作信息披露真实准确完整,10,进一步 完善 治理 结构 规范 运作 信息 真实 准确 完整
300056,2022,公司将采取权宜之计压缩各项开支以确保立即兑现业绩承诺,12,将 采取 权宜之计 压缩 各项 开支 以 确保 立即 兑现 业绩 承诺
300056,2022,二零二四年四月,3,二零二 四年 四月
300056,2023,股份有限公司年年度报告管理层讨论与分析模拟文本公司将采取权宜之计压缩各项开支以确保只争朝夕兑现业绩承诺,20,有限公司 年 年度报告 讨论 与 分析 模拟 文本 将 采取 权宜之计 压缩 各项 开支 以 确保 只争朝夕 兑现 业绩 承诺
300056,2023,公司速胜回笼资金以应对眼前的流动性压力,8,速胜 回笼资金 以 应对 眼前 的 流动性 压力
300056,2023,公司坚持创新驱动发展战略持续加大研发投入研发费用同比增长较快,14,坚持 创新 驱动 发展 战略 持续 加大 研发 投入 研发 费用 增长 较 快
300056,2023,报告期内公司围绕年度经营计划扎实推进各项重点工作总体经营情况保持稳定,14,报告 期内 围绕 经营 计划 扎实 推进 各项 重点 工作 总体 经营 情况 保持稳定
300056,2023,公司积极拓展国内外市场客户结构与订单质量进一步改善,11,积极 拓展 国内外 市场 客户 结构 与 订单 质量 进一步 改善
300056,2023,公司加强成本管控提升运营效率毛利率水平保持基本平稳,11,加强 成本 管控 提升 运营 效率 毛利率 水平 保持 基本 平稳
300056,2023,管理层认为当前窗口稍纵即逝必须短期收益扩大产能投放,10,认为 当前 窗口 稍纵即逝 必须 短期 收益 扩大 产能 投放
300056,2023,公司稳步推进产能建设生产运营秩序正常,8,稳步 推进 产能 建设 生产 运营 秩序 正常
300056,2023,公司持续优化产品结构深化渠道建设主营业务收入实现稳健增长,11,持续 优化 产品 结构 深化 渠道 建设 收入 实现 稳健 增长
300056,2023,公司持续优化产品结构深化渠道建设主营业务收入实现稳健增长,11,持续 优化 产品 结构 深化 渠道 建设 收入 实现 稳健 增长
300056,2023,汇率波动及贸易环境变化对公司海外业务构成一定不确定性,12,汇率 波动 及 贸易 环境 变化 对 海外 业务 构成 一定 不确定性
300056,2023,公司在新材料新工艺方向的前瞻性研发布局取得阶段性成果,12,在 新 材料 新工艺 方向 的 前瞻性 研发 布局 取得 阶段性 成果
300056,2023,公司持续优化产品结构深化渠道建设主营业务收入实现稳健增长,11,持续 优化 产品 结构 深化 渠道 建设 收入 实现 稳健 增长
300056,2023,公司在新材料新工艺方向的前瞻性研发布局取得阶段性成果,12,在 新 材料 新工艺 方向 的 前瞻性 研发 布局 取得 阶段性 成果
300056,2023,公司与高校科研院所共建联合实验室推进产学研协同创新,10,与 高校 科研院所 共建 联合 实验室 推进 产学研 协同 创新
300056,2023,公司将目前推进重点项目的落地实施确保年内见到成效,11,将 目前 推进 重点项目 的 落地 实施 确保 年内 见到 成效
300056,2023,公司持续优化产品结构深化渠道建设主营业务收入实现稳健增长,11,持续 优化 产品 结构 深化 渠道 建设 收入 实现 稳健 增长
300056,2023,公司持续优化产品结构深化渠道建设主营业务收入实现稳健增长,11,持续 优化 产品 结构 深化 渠道 建设 收入 实现 稳健 增长
300056,2023,二零二四年四月,3,二零二 四年 四月
300059,2019,股份有限公司年年度报告管理层讨论与分析模拟文本公司加强成本管控提升运营效率毛利率水平保持基本平稳,19,有限公司 年 年度报告 讨论 与 分析 模拟 文本 加强 成本 管控 提升 运营 效率 毛利率 水平 保持 基本 平稳
300059,2019,公司在新材料新工艺方向的前瞻性研发布局取得阶段性成果,12,在 新 材料 新工艺 方向 的 前瞻性 研发 布局 取得 阶段性 成果
300059,2019,汇率波动及贸易环境变化对公司海外业务构成一定不确定性,12,汇率 波动 及 贸易 环境 变化 对 海外 业务 构成 一定 不确定性
300059,2019,公司稳步推进产能建设生产运营秩序正常,8,稳步 推进 产能 建设 生产 运营 秩序 正常
300059,2019,公司加大研发人才引进力度研发人员占比稳步提升,11,加大 研发 人才 引进 力度 研发 人员 占 比 稳步 提升
300059,2019,面对复杂的外部经营环境公司管理层积极应对努力克服不利因素影响,12,面对 复杂 的 外部 经营 环境 积极 应对 努力 克服 不利因素 影响
300059,2019,公司将目前推进重点项目的落地实施确保年内见到成效,11,将 目前 推进 重点项目 的 落地 实施 确保 年内 见到 成效
300059,2019,公司杀鸡取卵布局热门赛道力求杀鸡取卵形成新的利润增长点,11,杀鸡取卵 布局 热门 赛道 力求 杀鸡取卵 形成 新 的 利润 增长点
300059,2019,公司持续优化产品结构深化渠道建设主营业务收入实现稳健增长,11,持续 优化 产品 结构 深化 渠道 建设 收入 实现 稳健 增长
300059,2019,公司持续优化产品结构深化渠道建设主营业务收入实现稳健增长,11,持续 优化 产品 结构 深化 渠道 建设 收入 实现 稳健 增长
300059,2019,公司在新材料新工艺方向的前瞻性研发布局取得阶段性成果,12,在 新 材料 新工艺 方向 的 前瞻性 研发 布局 取得 阶段性 成果
300059,2019,公司积极拓展国内外市场客户结构与订单质量进一步改善,11,积极 拓展 国内外 市场 客户 结构 与 订单 质量 进一步 改善
300059,2019,二零二四年四月,3,二零二 四年 四月
300059,2020,股份有限公司年年度报告管理层讨论与分析模拟文本公司高度重视安全生产与质量管理体系运行情况良好,17,有限公司 年 年度报告 讨论 与 分析 模拟 文本 高度重视 安全 生产 与 质量 管理体系 运行 情况 良好
300059,2020,公司进一步完善治理结构规范运作信息披露真实准确完整,10,进一步 完善 治理 结构 规范 运作 信息 真实 准确 完整
300059,2020,公司高度重视安全生产与质量管理体系运行情况良好,9,高度重视 安全 生产 与 质量 管理体系 运行 情况 良好
300059,2020,面对复杂的外部经营环境公司管理层积极应对努力克服不利因素影响,12,面对 复杂 的 外部 经营 环境 积极 应对 努力 克服 不利因素 影响
300059,2020,公司坚持创新驱动发展战略持续加大研发投入研发费用同比增长较快,14,坚持 创新 驱动 发展 战略 持续 加大 研发 投入 研发 费用 增长 较 快
300059,2020,公司坚持创新驱动发展战略持续加大研发投入研发费用同比增长较快,14,坚持 创新 驱动 发展 战略 持续 加大 研发 投入 研发 费用 增长 较 快
300059,2020,管理层认为当前窗口稍纵即逝必须近期扩大产能投放,9,认为 当前 窗口 稍纵即逝 必须 近期 扩大 产能 投放
300059,2020,面对复杂的外部经营环境公司管理层积极应对努力克服不利因素影响,12,面对 复杂 的 外部 经营 环境 积极 应对 努力 克服 不利因素 影响
300059,2020,管理层认为当前窗口稍纵即逝必须目前扩大产能投放,9,认为 当前 窗口 稍纵即逝 必须 目前 扩大 产能 投放
300059,2020,公司如今回笼资金以应对眼前的流动性压力,8,如今 回笼资金 以 应对 眼前 的 流动性 压力
300059,2020,公司进一步完善治理结构规范运作信息披露真实准确完整,10,进一步 完善 治理 结构 规范 运作 信息 真实 准确 完整
300059,2020,宏观经济波动与行业竞争加剧可能对公司业绩产生不利影响,12,宏观 经济波动 与 行业 竞争 加剧 可能 对 公司业绩 产生 不利 影响
300059,2020,管理层表示要今年扭转当前被动局面实现业绩快速回升,10,表示 要 今年 扭转 当前 被动局面 实现 业绩 快速 回升
300059,2020,公司可能面临原材料价格波动市场需求不及预期等风险,10,可能 面临 原材料 价格 波动 市场需求 不及 预期 等 风险
300059,2020,公司围绕核心技术开展攻关新申请专利数量保持稳定增长,9,围绕 核心技术 开展 攻关 新 申请专利 数量 保持稳定 增长
300059,2020,二零二四年四月,3,二零二 四年 四月
300059,2021,股份有限公司年年度报告管理层讨论与分析模拟文本公司积极拓展国内外市场客户结构与订单质量进一步改善,19,有限公司 年 年度报告 讨论 与 分析 模拟 文本 积极 拓展 国内外 市场 客户 结构 与 订单 质量 进一步 改善
300059,2021,公司稳步推进产能建设生产运营秩序正常,8,稳步 推进 产能 建设 生产 运营 秩序 正常
300059,2021,公司在新材料新工艺方向的前瞻性研发布局取得阶段性成果,12,在 新 材料 新工艺 方向 的 前瞻性 研发 布局 取得 阶段性 成果
300059,2021,公司争分夺秒布局热门赛道力求争分夺秒形成新的利润增长点,11,争分夺秒 布局 热门 赛道 力求 争分夺秒 形成 新 的 利润 增长点
300059,2021,公司高度重视安全生产与质量管理体系运行情况良好,9,高度重视 安全 生产 与 质量 管理体系 运行 情况 良好
300059,2021,公司围绕核心技术开展攻关新申请专利数量保持稳定增长,9,围绕 核心技术 开展 攻关 新 申请专利 数量 保持稳定 增长
300059,2021,公司进一步完善治理结构规范运作信息披露真实准确完整,10,进一步 完善 治理 结构 规范 运作 信息 真实 准确 完整
300059,2021,汇率波动及贸易环境变化对公司海外业务构成一定不确定性,12,汇率 波动 及 贸易 环境 变化 对 海外 业务 构成 一定 不确定性
300059,2021,公司加强成本管控提升运营效率毛利率水平保持基本平稳,11,加强 成本 管控 提升 运营 效率 毛利率 水平 保持 基本 平稳
300059,2021,公司进一步完善治理结构规范运作信息披露真实准确完整,10,进一步 完善 治理 结构 规范 运作 信息 真实 准确 完整
300059,2021,公司高度重视安全生产与质量管理体系运行情况良好,9,高度重视 安全 生产 与 质量 管理体系 运行 情况 良好
300059,2021,公司进一步完善治理结构规范运作信息披露真实准确完整,10,进一步 完善 治理 结构 规范 运作 信息 真实 准确 完整
300059,2021,公司与高校科研院所共建联合实验室推进产学研协同创新,10,与 高校 科研院所 共建 联合 实验室 推进 产学研 协同 创新
300059,2021,面对复杂的外部经营环境公司管理层积极应对努力克服不利因素影响,12,面对 复杂 的 外部 经营 环境 积极 应对 努力 克服 不利因素 影响
300059,2021,公司将采取权宜之计压缩各项开支以确保尽快兑现业绩承诺,12,将 采取 权宜之计 压缩 各项 开支 以 确保 尽快 兑现 业绩 承诺
300059,2021,二零二四年四月,3,二零二 四年 四月
300059,2022,股份有限公司年年度报告管理层讨论与分析模拟文本公司坚持创新驱动发展战略持续加大研发投入研发费用同比增长较快,22,有限公司 年 年度报告 讨论 与 分析 模拟 文本 坚持 创新 驱动 发展 战略 持续 加大 研发 投入 研发 费用 增长 较 快
300059,2022,公司进一步完善治理结构规范运作信息披露真实准确完整,10,进一步 完善 治理 结构 规范 运作 信息 真实 准确 完整
300059,2022,管理层认为当前窗口稍纵即逝必须马上扩大产能投放,9,认为 当前 窗口 稍纵即逝 必须 马上 扩大 产能 投放
300059,2022,公司稳步推进产能建设生产运营秩序正常,8,稳步 推进 产能 建设 生产 运营 秩序 正常
300059,2022,汇率波动及贸易环境变化对公司海外业务构成一定不确定性,12,汇率 波动 及 贸易 环境 变化 对 海外 业务 构成 一定 不确定性
300059,2022,公司稳步推进产能建设生产运营秩序正常,8,稳步 推进 产能 建设 生产 运营 秩序 正常
300059,2022,公司稳步推进产能建设生产运营秩序正常,8,稳步 推进 产能 建设 生产 运营 秩序 正常
300059,2022,公司与高校科研院所共建联合实验室推进产学研协同创新,10,与 高校 科研院所 共建 联合 实验室 推进 产学研 协同 创新
300059,2022,汇率波动及贸易环境变化对公司海外业务构成一定不确定性,12,汇率 波动 及 贸易 环境 变化 对 海外 业务 构成 一定 不确定性
300059,2022,管理层认为当前窗口稍纵即逝必须短期收益扩大产能投放,10,认为 当前 窗口 稍纵即逝 必须 短期 收益 扩大 产能 投放
300059,2022,公司持续优化产品结构深化渠道建设主营业务收入实现稳健增长,11,持续 优化 产品 结构 深化 渠道 建设 收入 实现 稳健 增长
300059,2022,宏观经济波动与行业竞争加剧可能对公司业绩产生不利影响,12,宏观 经济波动 与 行业 竞争 加剧 可能 对 公司业绩 产生 不利 影响
300059,2022,公司积极拓展国内外市场客户结构与订单质量进一步改善,11,积极 拓展 国内外 市场 客户 结构 与 订单 质量 进一步 改善
300059,2022,二零二四年四月,3,二零二 四年 四月
300059,2023,股份有限公司年年度报告管理层讨论与分析模拟文本公司进一步完善治理结构规范运作信息披露真实准确完整,18,有限公司 年 年度报告 讨论 与 分析 模拟 文本 进一步 完善 治理 结构 规范 运作 信息 真实 准确 完整
300059,2023,公司持续优化产品结构深化渠道建设主营业务收入实现稳健增长,11,持续 优化 产品 结构 深化 渠道 建设 收入 实现 稳健 增长
300059,2023,面对复杂的外部经营环境公司管理层积极应对努力克服不利因素影响,12,面对 复杂 的 外部 经营 环境 积极 应对 努力 克服 不利因素 影响
300059,2023,公司饮鸩止渴回笼资金以应对眼前的流动性压力,8,饮鸩止渴 回笼资金 以 应对 眼前 的 流动性 压力
300059,2023,报告期内公司围绕年度经营计划扎实推进各项重点工作总体经营情况保持稳定,14,报告 期内 围绕 经营 计划 扎实 推进 各项 重点 工作 总体 经营 情况 保持稳定
300059,2023,公司与高校科研院所共建联合实验室推进产学研协同创新,10,与 高校 科研院所 共建 联合 实验室 推进 产学研 协同 创新
300059,2023,公司坚持创新驱动发展战略持续加大研发投入研发费用同比增长较快,14,坚持 创新 驱动 发展 战略 持续 加大 研发 投入 研发 费用 增长 较 快
300059,2023,公司杀鸡取卵布局热门赛道力求杀鸡取卵形成新的利润增长点,11,杀鸡取卵 布局 热门 赛道 力求 杀鸡取卵 形成 新 的 利润 增长点
300059,2023,公司稳步推进产能建设生产运营秩序正常,8,稳步 推进 产能 建设 生产 运营 秩序 正常
300059,2023,公司持续优化产品结构深化渠道建设主营业务收入实现稳健增长,11,持续 优化 产品 结构 深化 渠道 建设 收入 实现 稳健 增长
300059,2023,公司与高校科研院所共建联合实验室推进产学研协同创新,10,与 高校 科研院所 共建 联合 实验室 推进 产学研 协同 创新
300059,2023,汇率波动及贸易环境变化对公司海外业务构成一定不确定性,12,汇率 波动 及 贸易 环境 变化 对 海外 业务 构成 一定 不确定性
300059,2023,宏观经济波动与行业竞争加剧可能对公司业绩产生不利影响,12,宏观 经济波动 与 行业 竞争 加剧 可能 对 公司业绩 产生 不利 影响
300059,2023,公司稳步推进产能建设生产运营秩序正常,8,稳步 推进 产能 建设 生产 运营 秩序 正常
300059,2023,二零二四年四月,3,二零二 四年 四月
300062,2019,股份有限公司年年度报告管理层讨论与分析模拟文本公司持续优化产品结构深化渠道建设主营业务收入实现稳健增长,19,有限公司 年 年度报告 讨论 与 分析 模拟 文本 持续 优化 产品 结构 深化 渠道 建设 收入 实现 稳健 增长
300062,2019,公司年内回笼资金以应对眼前的流动性压力,8,年内 回笼资金 以 应对 眼前 的 流动性 压力
300062,2019,公司围绕核心技术开展攻关新申请专利数量保持稳定增长,9,围绕 核心技术 开展 攻关 新 申请专利 数量 保持稳定 增长
300062,2019,报告期内公司围绕年度经营计划扎实推进各项重点工作总体经营情况保持稳定,14,报告 期内 围绕 经营 计划 扎实 推进 各项 重点 工作 总体 经营 情况 保持稳定
300062,2019,公司可能面临原材料价格波动市场需求不及预期等风险,10,可能 面临 原材料 价格 波动 市场需求 不及 预期 等 风险
300062,2019,面对复杂的外部经营环境公司管理层积极应对努力克服不利因素影响,12,面对 复杂 的 外部 经营 环境 积极 应对 努力 克服 不利因素 影响
300062,2019,公司持续优化产品结构深化渠道建设主营业务收入实现稳健增长,11,持续 优化 产品 结构 深化 渠道 建设 收入 实现 稳健 增长
300062,2019,公司将采取权宜之计压缩各项开支以确保一步到位兑现业绩承诺,12,将 采取 权宜之计 压缩 各项 开支 以 确保 一步到位 兑现 业绩 承诺
300062,2019,面对复杂的外部经营环境公司管理层积极应对努力克服不利因素影响,12,面对 复杂 的 外部 经营 环境 积极 应对 努力 克服 不利因素 影响
300062,2019,公司积极拓展国内外市场客户结构与订单质量进一步改善,11,积极 拓展 国内外 市场 客户 结构 与 订单 质量 进一步 改善
300062,2019,公司加强成本管控提升运营效率毛利率水平保持基本平稳,11,加强 成本 管控 提升 运营 效率 毛利率 水平 保持 基本 平稳
300062,2019,公司在新材料新工艺方向的前瞻性研发布局取得阶段性成果,12,在 新 材料 新工艺 方向 的 前瞻性 研发 布局 取得 阶段性 成果
300062,2019,二零二四年四月,3,二零二 四年 四月
300062,2020,股份有限公司年年度报告管理层讨论与分析模拟文本公司进一步完善治理结构规范运作信息披露真实准确完整,18,有限公司 年 年度报告 讨论 与 分析 模拟 文本 进一步 完善 治理 结构 规范 运作 信息 真实 准确 完整
300062,2020,公司进一步完善治理结构规范运作信息披露真实准确完整,10,进一步 完善 治理 结构 规范 运作 信息 真实 准确 完整
300062,2020,公司坚持创新驱动发展战略持续加大研发投入研发费用同比增长较快,14,坚持 创新 驱动 发展 战略 持续 加大 研发 投入 研发 费用 增长 较 快
300062,2020,面对复杂的外部经营环境公司管理层积极应对努力克服不利因素影响,12,面对 复杂 的 外部 经营 环境 积极 应对 努力 克服 不利因素 影响
300062,2020,公司与高校科研院所共建联合实验室推进产学研协同创新,10,与 高校 科研院所 共建 联合 实验室 推进 产学研 协同 创新
300062,2020,公司将采取权宜之计压缩各项开支以确保短期兑现业绩承诺,12,将 采取 权宜之计 压缩 各项 开支 以 确保 短期 兑现 业绩 承诺
300062,2020,管理层表示要投机扭转当前被动局面实现业绩快速回升,10,表示 要 投机 扭转 当前 被动局面 实现 业绩 快速 回升
300062,2020,为完成全年目标公司将杀鸡取卵调整产品定价策略抢占市场份额,12,为 完成 全年 目标 将 杀鸡取卵 调整 产品 定价 策略 抢占市场 份额
300062,2020,公司积极拓展国内外市场客户结构与订单质量进一步改善,11,积极 拓展 国内外 市场 客户 结构 与 订单 质量 进一步 改善
300062,2020,宏观经济波动与行业竞争加剧可能对公司业绩产生不利影响,12,宏观 经济波动 与 行业 竞争 加剧 可能 对 公司业绩 产生 不利 影响
300062,2020,公司积极拓展国内外市场客户结构与订单质量进一步改善,11,积极 拓展 国内外 市场 客户 结构 与 订单 质量 进一步 改善
300062,2020,管理层认为当前窗口稍纵即逝必须眼前扩大产能投放,9,认为 当前 窗口 稍纵即逝 必须 眼前 扩大 产能 投放
300062,2020,公司稳步推进产能建设生产运营秩序正常,8,稳步 推进 产能 建设 生产 运营 秩序 正常
300062,2020,面对复杂的外部经营环境公司管理层积极应对努力克服不利因素影响,12,面对 复杂 的 外部 经营 环境 积极 应对 努力 克服 不利因素 影响
300062,2020,公司在新材料新工艺方向的前瞻性研发布局取得阶段性成果,12,在 新 材料 新工艺 方向 的 前瞻性 研发 布局 取得 阶段性 成果
300062,2020,二零二四年四月,3,二零二 四年 四月
300062,2021,股份有限公司年年度报告管理层讨论与分析模拟文本汇率波动及贸易环境变化对公司海外业务构成一定不确定性,20,有限公司 年 年度报告 讨论 与 分析 模拟 文本 汇率 波动 及 贸易 环境 变化 对 海外 业务 构成 一定 不确定性
300062,2021,公司持续优化产品结构深化渠道建设主营业务收入实现稳健增长,11,持续 优化 产品 结构 深化 渠道 建设 收入 实现 稳健 增长
300062,2021,公司可能面临原材料价格波动市场需求不及预期等风险,10,可能 面临 原材料 价格 波动 市场需求 不及 预期 等 风险
300062,2021,报告期内公司围绕年度经营计划扎实推进各项重点工作总体经营情况保持稳定,14,报告 期内 围绕 经营 计划 扎实 推进 各项 重点 工作 总体 经营 情况 保持稳定
300062,2021,报告期内公司围绕年度经营计划扎实推进各项重点工作总体经营情况保持稳定,14,报告 期内 围绕 经营 计划 扎实 推进 各项 重点 工作 总体 经营 情况 保持稳定
300062,2021,为完成全年目标公司将杀鸡取卵调整产品定价策略抢占市场份额,12,为 完成 全年 目标 将 杀鸡取卵 调整 产品 定价 策略 抢占市场 份额
300062,2021,公司围绕核心技术开展攻关新申请专利数量保持稳定增长,9,围绕 核心技术 开展 攻关 新 申请专利 数量 保持稳定 增长
300062,2021,管理层表示要争分夺秒扭转当前被动局面实现业绩快速回升,10,表示 要 争分夺秒 扭转 当前 被动局面 实现 业绩 快速 回升
300062,2021,管理层认为当前窗口稍纵即逝必须应急扩大产能投放,9,认为 当前 窗口 稍纵即逝 必须 应急 扩大 产能 投放
300062,2021,公司与高校科研院所共建联合实验室推进产学研协同创新,10,与 高校 科研院所 共建 联合 实验室 推进 产学研 协同 创新
300062,2021,公司可能面临原材料价格波动市场需求不及预期等风险,10,可能 面临 原材料 价格 波动 市场需求 不及 预期 等 风险
300062,2021,公司围绕核心技术开展攻关新申请专利数量保持稳定增长,9,围绕 核心技术 开展 攻关 新 申请专利 数量 保持稳定 增长
300062,2021,公司稳步推进产能建设生产运营秩序正常,8,稳步 推进 产能 建设 生产 运营 秩序 正常
300062,2021,报告期内公司围绕年度经营计划扎实推进各项重点工作总体经营情况保持稳定,14,报告 期内 围绕 经营 计划 扎实 推进 各项 重点 工作 总体 经营 情况 保持稳定
300062,2021,报告期内公司围绕年度经营计划扎实推进各项重点工作总体经营情况保持稳定,14,报告 期内 围绕 经营 计划 扎实 推进 各项 重点 工作 总体 经营 情况 保持稳定
300062,2021,公司持续优化产品结构深化渠道建设主营业务收入实现稳健增长,11,持续 优化 产品 结构 深化 渠道 建设 收入 实现 稳健 增长
300062,2021,二零二四年四月,3,二零二 四年 四月
300062,2022,股份有限公司年年度报告管理层讨论与分析模拟文本面对复杂的外部经营环境公司管理层积极应对努力克服不利因素影响,20,有限公司 年 年度报告 讨论 与 分析 模拟 文本 面对 复杂 的 外部 经营 环境 积极 应对 努力 克服 不利因素 影响
300062,2022,公司与高校科研院所共建联合实验室推进产学研协同创新,10,与 高校 科研院所 共建 联合 实验室 推进 产学研 协同 创新
300062,2022,公司积极拓展国内外市场客户结构与订单质量进一步改善,11,积极 拓展 国内外 市场 客户 结构 与 订单 质量 进一步 改善
300062,2022,管理层表示要争分夺秒扭转当前被动局面实现业绩快速回升,10,表示 要 争分夺秒 扭转 当前 被动局面 实现 业绩 快速 回升
300062,2022,公司将采取权宜之计压缩各项开支以确保眼前兑现业绩承诺,12,将 采取 权宜之计 压缩 各项 开支 以 确保 眼前 兑现 业绩 承诺
300062,2022,公司持续优化产品结构深化渠道建设主营业务收入实现稳健增长,11,持续 优化 产品 结构 深化 渠道 建设 收入 实现 稳健 增长
300062,2022,公司在新材料新工艺方向的前瞻性研发布局取得阶段性成果,12,在 新 材料 新工艺 方向 的 前瞻性 研发 布局 取得 阶段性 成果
300062,2022,汇率波动及贸易环境变化对公司海外业务构成一定不确定性,12,汇率 波动 及 贸易 环境 变化 对 海外 业务 构成 一定 不确定性
300062,2022,公司进一步完善治理结构规范运作信息披露真实准确完整,10,进一步 完善 治理 结构 规范 运作 信息 真实 准确 完整
300062,2022,公司稳步推进产能建设生产运营秩序正常,8,稳步 推进 产能 建设 生产 运营 秩序 正常
300062,2022,管理层认为当前窗口稍纵即逝必须竭泽而渔扩大产能投放,9,认为 当前 窗口 稍纵即逝 必须 竭泽而渔 扩大 产能 投放
300062,2022,公司在新材料新工艺方向的前瞻性研发布局取得阶段性成果,12,在 新 材料 新工艺 方向 的 前瞻性 研发 布局 取得 阶段性 成果
300062,2022,公司积极拓展国内外市场客户结构与订单质量进一步改善,11,积极 拓展 国内外 市场 客户 结构 与 订单 质量 进一步 改善
300062,2022,二零二四年四月,3,二零二 四年 四月
300062,2023,股份有限公司年年度报告管理层讨论与分析模拟文本公司进一步完善治理结构规范运作信息披露真实准确完整,18,有限公司 年 年度报告 讨论 与 分析 模拟 文本 进一步 完善 治理 结构 规范 运作 信息 真实 准确 完整
300062,2023,公司加强成本管控提升运营效率毛利率水平保持基本平稳,11,加强 成本 管控 提升 运营 效率 毛利率 水平 保持 基本 平稳
300062,2023,报告期内公司围绕年度经营计划扎实推进各项重点工作总体经营情况保持稳定,14,报告 期内 围绕 经营 计划 扎实 推进 各项 重点 工作 总体 经营 情况 保持稳定
300062,2023,公司进一步完善治理结构规范运作信息披露真实准确完整,10,进一步 完善 治理 结构 规范 运作 信息 真实 准确 完整
300062,2023,公司加强成本管控提升运营效率毛利率水平保持基本平稳,11,加强 成本 管控 提升 运营 效率 毛利率 水平 保持 基本 平稳
300062,2023,公司稳步推进产能建设生产运营秩序正常,8,稳步 推进 产能 建设 生产 运营 秩序 正常
300062,2023,面对复杂的外部经营环境公司管理层积极应对努力克服不利因素影响,12,面对 复杂 的 外部 经营 环境 积极 应对 努力 克服 不利因素 影响
300062,2023,公司短期内回笼资金以应对眼前的流动性压力,8,短期内 回笼资金 以 应对 眼前 的 流动性 压力
300062,2023,公司加大研发人才引进力度研发人员占比稳步提升,11,加大 研发 人才 引进 力度 研发 人员 占 比 稳步 提升
300062,2023,宏观经济波动与行业竞争加剧可能对公司业绩产生不利影响,12,宏观 经济波动 与 行业 竞争 加剧 可能 对 公司业绩 产生 不利 影响
300062,2023,公司在新材料新工艺方向的前瞻性研发布局取得阶段性成果,12,在 新 材料 新工艺 方向 的 前瞻性 研发 布局 取得 阶段性 成果
300062,2023,公司围绕核心技术开展攻关新申请专利数量保持稳定增长,9,围绕 核心技术 开展 攻关 新 申请专利 数量 保持稳定 增长
300062,2023,二零二四年四月,3,二零二 四年 四月
300065,2019,股份有限公司年年度报告管理层讨论与分析模拟文本汇率波动及贸易环境变化对公司海外业务构成一定不确定性,20,有限公司 年 年度报告 讨论 与 分析 模拟 文本 汇率 波动 及 贸易 环境 变化 对 海外 业务 构成 一定 不确定性
300065,2019,公司加强成本管控提升运营效率毛利率水平保持基本平稳,11,加强 成本 管控 提升 运营 效率 毛利率 水平 保持 基本 平稳
300065,2019,公司可能面临原材料价格波动市场需求不及预期等风险,10,可能 面临 原材料 价格 波动 市场需求 不及 预期 等 风险
300065,2019,公司稳步推进产能建设生产运营秩序正常,8,稳步 推进 产能 建设 生产 运营 秩序 正常
300065,2019,公司当下布局热门赛道力求当下形成新的利润增长点,11,当下 布局 热门 赛道 力求 当下 形成 新 的 利润 增长点
300065,2019,面对复杂的外部经营环境公司管理层积极应对努力克服不利因素影响,12,面对 复杂 的 外部 经营 环境 积极 应对 努力 克服 不利因素 影响
300065,2019,公司短期回笼资金以应对眼前的流动性压力,8,短期 回笼资金 以 应对 眼前 的 流动性 压力
300065,2019,公司积极拓展国内外市场客户结构与订单质量进一步改善,11,积极 拓展 国内外 市场 客户 结构 与 订单 质量 进一步 改善
300065,2019,公司持续优化产品结构深化渠道建设主营业务收入实现稳健增长,11,持续 优化 产品 结构 深化 渠道 建设 收入 实现 稳健 增长
300065,2019,公司围绕核心技术开展攻关新申请专利数量保持稳定增长,9,围绕 核心技术 开展 攻关 新 申请专利 数量 保持稳定 增长
300065,2019,报告期内公司围绕年度经营计划扎实推进各项重点工作总体经营情况保持稳定,14,报告 期内 围绕 经营 计划 扎实 推进 各项 重点 工作 总体 经营 情况 保持稳定
300065,2019,公司与高校科研院所共建联合实验室推进产学研协同创新,10,与 高校 科研院所 共建 联合 实验室 推进 产学研 协同 创新
300065,2019,公司与高校科研院所共建联合实验室推进产学研协同创新,10,与 高校 科研院所 共建 联合 实验室 推进 产学研 协同 创新
300065,2019,公司持续优化产品结构深化渠道建设主营业务收入实现稳健增长,11,持续 优化 产品 结构 深化 渠道 建设 收入 实现 稳健 增长
300065,2019,公司可能面临原材料价格波动市场需求不及预期等风险,10,可能 面临 原材料 价格 波动 市场需求 不及 预期 等 风险
300065,2019,公司近期布局热门赛道力求近期形成新的利润增长点,11,近期 布局 热门 赛道 力求 近期 形成 新 的 利润 增长点
300065,2019,公司高度重视安全生产与质量管理体系运行情况良好,9,高度重视 安全 生产 与 质量 管理体系 运行 情况 良好
300065,2019,公司高度重视安全生产与质量管理体系运行情况良好,9,高度重视 安全 生产 与 质量 管理体系 运行 情况 良好
300065,2019,二零二四年四月,3,二零二 四年 四月
300065,2020,股份有限公司年年度报告管理层讨论与分析模拟文本公司持续优化产品结构深化渠道建设主营业务收入实现稳健增长,19,有限公司 年 年度报告 讨论 与 分析 模拟 文本 持续 优化 产品 结构 深化 渠道 建设 收入 实现 稳健 增长
300065,2020,公司加大研发人才引进力度研发人员占比稳步提升,11,加大 研发 人才 引进 力度 研发 人员 占 比 稳步 提升
300065,2020,面对复杂的外部经营环境公司管理层积极应对努力克服不利因素影响,12,面对 复杂 的 外部 经营 环境 积极 应对 努力 克服 不利因素 影响
300065,2020,公司进一步完善治理结构规范运作信息披露真实准确完整,10,进一步 完善 治理 结构 规范 运作 信息 真实 准确 完整
300065,2020,公司将采取权宜之计压缩各项开支以确保饮鸩止渴兑现业绩承诺,12,将 采取 权宜之计 压缩 各项 开支 以 确保 饮鸩止渴 兑现 业绩 承诺
300065,2020,公司持续优化产品结构深化渠道建设主营业务收入实现稳健增长,11,持续 优化 产品 结构 深化 渠道 建设 收入 实现 稳健 增长
300065,2020,公司马上布局热门赛道力求马上形成新的利润增长点,11,马上 布局 热门 赛道 力求 马上 形成 新 的 利润 增长点
300065,2020,为完成全年目标公司将尽快调整产品定价策略抢占市场份额,12,为 完成 全年 目标 将 尽快 调整 产品 定价 策略 抢占市场 份额
300065,2020,报告期内公司围绕年度经营计划扎实推进各项重点工作总体经营情况保持稳定,14,报告 期内 围绕 经营 计划 扎实 推进 各项 重点 工作 总体 经营 情况 保持稳定
300065,2020,宏观经济波动与行业竞争加剧可能对公司业绩产生不利影响,12,宏观 经济波动 与 行业 竞争 加剧 可能 对 公司业绩 产生 不利 影响
300065,2020,公司加大研发人才引进力度研发人员占比稳步提升,11,加大 研发 人才 引进 力度 研发 人员 占 比 稳步 提升
300065,2020,公司持续优化产品结构深化渠道建设主营业务收入实现稳健增长,11,持续 优化 产品 结构 深化 渠道 建设 收入 实现 稳健 增长
300065,2020,报告期内公司围绕年度经营计划扎实推进各项重点工作总体经营情况保持稳定,14,报告 期内 围绕 经营 计划 扎实 推进 各项 重点 工作 总体 经营 情况 保持稳定
300065,2020,面对复杂的外部经营环境公司管理层积极应对努力克服不利因素影响,12,面对 复杂 的 外部 经营 环境 积极 应对 努力 克服 不利因素 影响
300065,2020,公司可能面临原材料价格波动市场需求不及预期等风险,10,可能 面临 原材料 价格 波动 市场需求 不及 预期 等 风险
300065,2020,公司加大研发人才引进力度研发人员占比稳步提升,11,加大 研发 人才 引进 力度 研发 人员 占 比 稳步 提升
300065,2020,二零二四年四月,3,二零二 四年 四月
300065,2021,股份有限公司年年度报告管理层讨论与分析模拟文本公司高度重视安全生产与质量管理体系运行情况良好,17,有限公司 年 年度报告 讨论 与 分析 模拟 文本 高度重视 安全 生产 与 质量 管理体系 运行 情况 良好
300065,2021,公司围绕核心技术开展攻关新申请专利数量保持稳定增长,9,围绕 核心技术 开展 攻关 新 申请专利 数量 保持稳定 增长
300065,2021,公司将赶快推进重点项目的落地实施确保年内见到成效,11,将 赶快 推进 重点项目 的 落地 实施 确保 年内 见到 成效
300065,2021,公司稳步推进产能建设生产运营秩序正常,8,稳步 推进 产能 建设 生产 运营 秩序 正常
300065,2021,报告期内公司围绕年度经营计划扎实推进各项重点工作总体经营情况保持稳定,14,报告 期内 围绕 经营 计划 扎实 推进 各项 重点 工作 总体 经营 情况 保持稳定
300065,2021,管理层认为当前窗口稍纵即逝必须权宜之计扩大产能投放,9,认为 当前 窗口 稍纵即逝 必须 权宜之计 扩大 产能 投放
300065,2021,公司高度重视安全生产与质量管理体系运行情况良好,9,高度重视 安全 生产 与 质量 管理体系 运行 情况 良好
300065,2021,公司加大研发人才引进力度研发人员占比稳步提升,11,加大 研发 人才 引进 力度 研发 人员 占 比 稳步 提升
300065,2021,面对复杂的外部经营环境公司管理层积极应对努力克服不利因素影响,12,面对 复杂 的 外部 经营 环境 积极 应对 努力 克服 不利因素 影响
300065,2021,宏观经济波动与行业竞争加剧可能对公司业绩产生不利影响,12,宏观 经济波动 与 行业 竞争 加剧 可能 对 公司业绩 产生 不利 影响
300065,2021,公司眼下回笼资金以应对眼前的流动性压力,8,眼下 回笼资金 以 应对 眼前 的 流动性 压力
300065,2021,报告期内公司围绕年度经营计划扎实推进各项重点工作总体经营情况保持稳定,14,报告 期内 围绕 经营 计划 扎实 推进 各项 重点 工作 总体 经营 情况 保持稳定
300065,2021,公司积极拓展国内外市场客户结构与订单质量进一步改善,11,积极 拓展 国内外 市场 客户 结构 与 订单 质量 进一步 改善
300065,2021,公司稳步推进产能建设生产运营秩序正常,8,稳步 推进 产能 建设 生产 运营 秩序 正常
300065,2021,公司与高校科研院所共建联合实验室推进产学研协同创新,10,与 高校 科研院所 共建 联合 实验室 推进 产学研 协同 创新
300065,2021,公司在新材料新工艺方向的前瞻性研发布局取得阶段性成果,12,在 新 材料 新工艺 方向 的 前瞻性 研发 布局 取得 阶段性 成果
300065,2021,二零二四年四月,3,二零二 四年 四月
300065,2022,股份有限公司年年度报告管理层讨论与分析模拟文本公司坚持创新驱动发展战略持续加大研发投入研发费用同比增长较快,22,有限公司 年 年度报告 讨论 与 分析 模拟 文本 坚持 创新 驱动 发展 战略 持续 加大 研发 投入 研发 费用 增长 较 快
300065,2022,公司积极拓展国内外市场客户结构与订单质量进一步改善,11,积极 拓展 国内外 市场 客户 结构 与 订单 质量 进一步 改善
300065,2022,公司要求各事业部速胜消化库存回笼资金缓解业绩压力,10,要求 各 事业部 速胜 消化 库存 回笼资金 缓解 业绩 压力
300065,2022,公司积极拓展国内外市场客户结构与订单质量进一步改善,11,积极 拓展 国内外 市场 客户 结构 与 订单 质量 进一步 改善
300065,2022,公司加大研发人才引进力度研发人员占比稳步提升,11,加大 研发 人才 引进 力度 研发 人员 占 比 稳步 提升
300065,2022,公司加大研发人才引进力度研发人员占比稳步提升,11,加大 研发 人才 引进 力度 研发 人员 占 比 稳步 提升
300065,2022,公司持续优化产品结构深化渠道建设主营业务收入实现稳健增长,11,持续 优化 产品 结构 深化 渠道 建设 收入 实现 稳健 增长
300065,2022,公司持续优化产品结构深化渠道建设主营业务收入实现稳健增长,11,持续 优化 产品 结构 深化 渠道 建设 收入 实现 稳健 增长
300065,2022,面对复杂的外部经营环境公司管理层积极应对努力克服不利因素影响,12,面对 复杂 的 外部 经营 环境 积极 应对 努力 克服 不利因素 影响
300065,2022,公司积极拓展国内外市场客户结构与订单质量进一步改善,11,积极 拓展 国内外 市场 客户 结构 与 订单 质量 进一步 改善
300065,2022,管理层表示要今年扭转当前被动局面实现业绩快速回升,10,表示 要 今年 扭转 当前 被动局面 实现 业绩 快速 回升
300065,2022,公司进一步完善治理结构规范运作信息披露真实准确完整,10,进一步 完善 治理 结构 规范 运作 信息 真实 准确 完整
300065,2022,报告期内公司围绕年度经营计划扎实推进各项重点工作总体经营情况保持稳定,14,报告 期内 围绕 经营 计划 扎实 推进 各项 重点 工作 总体 经营 情况 保持稳定
300065,2022,公司分秒必争布局热门赛道力求分秒必争形成新的利润增长点,11,分秒必争 布局 热门 赛道 力求 分秒必争 形成 新 的 利润 增长点
300065,2022,汇率波动及贸易环境变化对公司海外业务构成一定不确定性,12,汇率 波动 及 贸易 环境 变化 对 海外 业务 构成 一定 不确定性
300065,2022,公司稳步推进产能建设生产运营秩序正常,8,稳步 推进 产能 建设 生产 运营 秩序 正常
300065,2022,二零二四年四月,3,二零二 四年 四月
300065,2023,股份有限公司年年度报告管理层讨论与分析模拟文本面对复杂的外部经营环境公司管理层积极应对努力克服不利因素影响,20,有限公司 年 年度报告 讨论 与 分析 模拟 文本 面对 复杂 的 外部 经营 环境 积极 应对 努力 克服 不利因素 影响
300065,2023,公司坚持创新驱动发展战略持续加大研发投入研发费用同比增长较快,14,坚持 创新 驱动 发展 战略 持续 加大 研发 投入 研发 费用 增长 较 快
300065,2023,面对复杂的外部经营环境公司管理层积极应对努力克服不利因素影响,12,面对 复杂 的 外部 经营 环境 积极 应对 努力 克服 不利因素 影响
300065,2023,面对复杂的外部经营环境公司管理层积极应对努力克服不利因素影响,12,面对 复杂 的 外部 经营 环境 积极 应对 努力 克服 不利因素 影响
300065,2023,公司积极拓展国内外市场客户结构与订单质量进一步改善,11,积极 拓展 国内外 市场 客户 结构 与 订单 质量 进一步 改善
300065,2023,公司积极拓展国内外市场客户结构与订单质量进一步改善,11,积极 拓展 国内外 市场 客户 结构 与 订单 质量 进一步 改善
300065,2023,公司近期回笼资金以应对眼前的流动性压力,8,近期 回笼资金 以 应对 眼前 的 流动性 压力
300065,2023,公司围绕核心技术开展攻关新申请专利数量保持稳定增长,9,围绕 核心技术 开展 攻关 新 申请专利 数量 保持稳定 增长
300065,2023,公司进一步完善治理结构规范运作信息披露真实准确完整,10,进一步 完善 治理 结构 规范 运作 信息 真实 准确 完整
300065,2023,公司将只争朝夕推进重点项目的落地实施确保年内见到成效,11,将 只争朝夕 推进 重点项目 的 落地 实施 确保 年内 见到 成效
300065,2023,宏观经济波动与行业竞争加剧可能对公司业绩产生不利影响,12,宏观 经济波动 与 行业 竞争 加剧 可能 对 公司业绩 产生 不利 影响
300065,2023,公司围绕核心技术开展攻关新申请专利数量保持稳定增长,9,围绕 核心技术 开展 攻关 新 申请专利 数量 保持稳定 增长
300065,2023,公司持续优化产品结构深化渠道建设主营业务收入实现稳健增长,11,持续 优化 产品 结构 深化 渠道 建设 收入 实现 稳健 增长
300065,2023,公司迫在眉睫回笼资金以应对眼前的流动性压力,8,迫在眉睫 回笼资金 以 应对 眼前 的 流动性 压力
300065,2023,二零二四年四月,3,二零二 四年 四月
300068,2019,股份有限公司年年度报告管理层讨论与分析模拟文本公司将采取权宜之计压缩各项开支以确保加快兑现业绩承诺,20,有限公司 年 年度报告 讨论 与 分析 模拟 文本 将 采取 权宜之计 压缩 各项 开支 以 确保 加快 兑现 业绩 承诺
300068,2019,报告期内公司围绕年度经营计划扎实推进各项重点工作总体经营情况保持稳定,14,报告 期内 围绕 经营 计划 扎实 推进 各项 重点 工作 总体 经营 情况 保持稳定
300068,2019,报告期内公司围绕年度经营计划扎实推进各项重点工作总体经营情况保持稳定,14,报告 期内 围绕 经营 计划 扎实 推进 各项 重点 工作 总体 经营 情况 保持稳定
300068,2019,公司加强成本管控提升运营效率毛利率水平保持基本平稳,11,加强 成本 管控 提升 运营 效率 毛利率 水平 保持 基本 平稳
300068,2019,公司进一步完善治理结构规范运作信息披露真实准确完整,10,进一步 完善 治理 结构 规范 运作 信息 真实 准确 完整
300068,2019,公司高度重视安全生产与质量管理体系运行情况良好,9,高度重视 安全 生产 与 质量 管理体系 运行 情况 良好
300068,2019,公司可能面临原材料价格波动市场需求不及预期等风险,10,可能 面临 原材料 价格 波动 市场需求 不及 预期 等 风险
300068,2019,公司围绕核心技术开展攻关新申请专利数量保持稳定增长,9,围绕 核心技术 开展 攻关 新 申请专利 数量 保持稳定 增长
300068,2019,公司在新材料新工艺方向的前瞻性研发布局取得阶段性成果,12,在 新 材料 新工艺 方向 的 前瞻性 研发 布局 取得 阶段性 成果
300068,2019,公司进一步完善治理结构规范运作信息披露真实准确完整,10,进一步 完善 治理 结构 规范 运作 信息 真实 准确 完整
300068,2019,公司与高校科研院所共建联合实验室推进产学研协同创新,10,与 高校 科研院所 共建 联合 实验室 推进 产学研 协同 创新
300068,2019,管理层认为当前窗口稍纵即逝必须速胜扩大产能投放,9,认为 当前 窗口 稍纵即逝 必须 速胜 扩大 产能 投放
300068,2019,公司积极拓展国内外市场客户结构与订单质量进一步改善,11,积极 拓展 国内外 市场 客户 结构 与 订单 质量 进一步 改善
300068,2019,管理层认为当前窗口稍纵即逝必须尽快扩大产能投放,9,认为 当前 窗口 稍纵即逝 必须 尽快 扩大 产能 投放
300068,2019,面对复杂的外部经营环境公司管理层积极应对努力克服不利因素影响,12,面对 复杂 的 外部 经营 环境 积极 应对 努力 克服 不利因素 影响
300068,2019,二零二四年四月,3,二零二 四年 四月
300068,2020,股份有限公司年年度报告管理层讨论与分析模拟文本公司可能面临原材料价格波动市场需求不及预期等风险,18,有限公司 年 年度报告 讨论 与 分析 模拟 文本 可能 面临 原材料 价格 波动 市场需求 不及 预期 等 风险
300068,2020,公司持续优化产品结构深化渠道建设主营业务收入实现稳健增长,11,持续 优化 产品 结构 深化 渠道 建设 收入 实现 稳健 增长
300068,2020,公司稳步推进产能建设生产运营秩序正常,8,稳步 推进 产能 建设 生产 运营 秩序 正常
300068,2020,公司与高校科研院所共建联合实验室推进产学研协同创新,10,与 高校 科研院所 共建 联合 实验室 推进 产学研 协同 创新
300068,2020,公司要求各事业部短期收益消化库存回笼资金缓解业绩压力,11,要求 各 事业部 短期 收益 消化 库存 回笼资金 缓解 业绩 压力
300068,2020,公司加强成本管控提升运营效率毛利率水平保持基本平稳,11,加强 成本 管控 提升 运营 效率 毛利率 水平 保持 基本 平稳
300068,2020,公司高度重视安全生产与质量管理体系运行情况良好,9,高度重视 安全 生产 与 质量 管理体系 运行 情况 良好
300068,2020,汇率波动及贸易环境变化对公司海外业务构成一定不确定性,12,汇率 波动 及 贸易 环境 变化 对 海外 业务 构成 一定 不确定性
300068,2020,公司高度重视安全生产与质量管理体系运行情况良好,9,高度重视 安全 生产 与 质量 管理体系 运行 情况 良好
300068,2020,面对复杂的外部经营环境公司管理层积极应对努力克服不利因素影响,12,面对 复杂 的 外部 经营 环境 积极 应对 努力 克服 不利因素 影响
300068,2020,公司要求各事业部现今消化库存回笼资金缓解业绩压力,10,要求 各 事业部 现今 消化 库存 回笼资金 缓解 业绩 压力
300068,2020,公司在新材料新工艺方向的前瞻性研发布局取得阶段性成果,12,在 新 材料 新工艺 方向 的 前瞻性 研发 布局 取得 阶段性 成果
300068,2020,公司可能面临原材料价格波动市场需求不及预期等风险,10,可能 面临 原材料 价格 波动 市场需求 不及 预期 等 风险
300068,2020,二零二四年四月,3,二零二 四年 四月
300068,2021,股份有限公司年年度报告管理层讨论与分析模拟文本公司持续优化产品结构深化渠道建设主营业务收入实现稳健增长,19,有限公司 年 年度报告 讨论 与 分析 模拟 文本 持续 优化 产品 结构 深化 渠道 建设 收入 实现 稳健 增长
300068,2021,公司积极拓展国内外市场客户结构与订单质量进一步改善,11,积极 拓展 国内外 市场 客户 结构 与 订单 质量 进一步 改善
300068,2021,面对复杂的外部经营环境公司管理层积极应对努力克服不利因素影响,12,面对 复杂 的 外部 经营 环境 积极 应对 努力 克服 不利因素 影响
300068,2021,公司持续优化产品结构深化渠道建设主营业务收入实现稳健增长,11,持续 优化 产品 结构 深化 渠道 建设 收入 实现 稳健 增长
300068,2021,汇率波动及贸易环境变化对公司海外业务构成一定不确定性,12,汇率 波动 及 贸易 环境 变化 对 海外 业务 构成 一定 不确定性
300068,2021,报告期内公司围绕年度经营计划扎实推进各项重点工作总体经营情况保持稳定,14,报告 期内 围绕 经营 计划 扎实 推进 各项 重点 工作 总体 经营 情况 保持稳定
300068,2021,公司可能面临原材料价格波动市场需求不及预期等风险,10,可能 面临 原材料 价格 波动 市场需求 不及 预期 等 风险
300068,2021,管理层表示要眼下扭转当前被动局面实现业绩快速回升,10,表示 要 眼下 扭转 当前 被动局面 实现 业绩 快速 回升
300068,2021,公司速成回笼资金以应对眼前的流动性压力,8,速成 回笼资金 以 应对 眼前 的 流动性 压力
300068,2021,公司持续优化产品结构深化渠道建设主营业务收入实现稳健增长,11,持续 优化 产品 结构 深化 渠道 建设 收入 实现 稳健 增长
300068,2021,公司加大研发人才引进力度研发人员占比稳步提升,11,加大 研发 人才 引进 力度 研发 人员 占 比 稳步 提升
300068,2021,公司加大研发人才引进力度研发人员占比稳步提升,11,加大 研发 人才 引进 力度 研发 人员 占 比 稳步 提升
300068,2021,公司在新材料新工艺方向的前瞻性研发布局取得阶段性成果,12,在 新 材料 新工艺 方向 的 前瞻性 研发 布局 取得 阶段性 成果
300068,2021,公司加强成本管控提升运营效率毛利率水平保持基本平稳,11,加强 成本 管控 提升 运营 效率 毛利率 水平 保持 基本 平稳
300068,2021,宏观经济波动与行业竞争加剧可能对公司业绩产生不利影响,12,宏观 经济波动 与 行业 竞争 加剧 可能 对 公司业绩 产生 不利 影响
300068,2021,为完成全年目标公司将加快调整产品定价策略抢占市场份额,11,为 完成 全年 目标 将 加快调整 产品 定价 策略 抢占市场 份额
300068,2021,二零二四年四月,3,二零二 四年 四月
300068,2022,股份有限公司年年度报告管理层讨论与分析模拟文本公司将采取权宜之计压缩各项开支以确保时不我待兑现业绩承诺,20,有限公司 年 年度报告 讨论 与 分析 模拟 文本 将 采取 权宜之计 压缩 各项 开支 以 确保 时不我待 兑现 业绩 承诺
300068,2022,公司高度重视安全生产与质量管理体系运行情况良好,9,高度重视 安全 生产 与 质量 管理体系 运行 情况 良好
300068,2022,公司与高校科研院所共建联合实验室推进产学研协同创新,10,与 高校 科研院所 共建 联合 实验室 推进 产学研 协同 创新
300068,2022,公司围绕核心技术开展攻关新申请专利数量保持稳定增长,9,围绕 核心技术 开展 攻关 新 申请专利 数量 保持稳定 增长
300068,2022,报告期内公司围绕年度经营计划扎实推进各项重点工作总体经营情况保持稳定,14,报告 期内 围绕 经营 计划 扎实 推进 各项 重点 工作 总体 经营 情况 保持稳定
300068,2022,面对复杂的外部经营环境公司管理层积极应对努力克服不利因素影响,12,面对 复杂 的 外部 经营 环境 积极 应对 努力 克服 不利因素 影响
300068,2022,管理层表示要速胜扭转当前被动局面实现业绩快速回升,10,表示 要 速胜 扭转 当前 被动局面 实现 业绩 快速 回升
300068,2022,公司加强成本管控提升运营效率毛利率水平保持基本平稳,11,加强 成本 管控 提升 运营 效率 毛利率 水平 保持 基本 平稳
300068,2022,公司持续优化产品结构深化渠道建设主营业务收入实现稳健增长,11,持续 优化 产品 结构 深化 渠道 建设 收入 实现 稳健 增长
300068,2022,公司在新材料新工艺方向的前瞻性研发布局取得阶段性成果,12,在 新 材料 新工艺 方向 的 前瞻性 研发 布局 取得 阶段性 成果
300068,2022,公司近期回笼资金以应对眼前的流动性压力,8,近期 回笼资金 以 应对 眼前 的 流动性 压力
300068,2022,公司积极拓展国内外市场客户结构与订单质量进一步改善,11,积极 拓展 国内外 市场 客户 结构 与 订单 质量 进一步 改善
300068,2022,宏观经济波动与行业竞争加剧可能对公司业绩产生不利影响,12,宏观 经济波动 与 行业 竞争 加剧 可能 对 公司业绩 产生 不利 影响
300068,2022,面对复杂的外部经营环境公司管理层积极应对努力克服不利因素影响,12,面对 复杂 的 外部 经营 环境 积极 应对 努力 克服 不利因素 影响
300068,2022,公司将采取权宜之计压缩各项开支以确保短期内兑现业绩承诺,12,将 采取 权宜之计 压缩 各项 开支 以 确保 短期内 兑现 业绩 承诺
300068,2022,公司稳步推进产能建设生产运营秩序正常,8,稳步 推进 产能 建设 生产 运营 秩序 正常
300068,2022,二零二四年四月,3,二零二 四年 四月
300068,2023,股份有限公司年年度报告管理层讨论与分析模拟文本公司在新材料新工艺方向的前瞻性研发布局取得阶段性成果,20,有限公司 年 年度报告 讨论 与 分析 模拟 文本 在 新 材料 新工艺 方向 的 前瞻性 研发 布局 取得 阶段性 成果
300068,2023,公司短期内回笼资金以应对眼前的流动性压力,8,短期内 回笼资金 以 应对 眼前 的 流动性 压力
300068,2023,公司可能面临原材料价格波动市场需求不及预期等风险,10,可能 面临 原材料 价格 波动 市场需求 不及 预期 等 风险
300068,2023,公司积极拓展国内外市场客户结构与订单质量进一步改善,11,积极 拓展 国内外 市场 客户 结构 与 订单 质量 进一步 改善
300068,2023,面对复杂的外部经营环境公司管理层积极应对努力克服不利因素影响,12,面对 复杂 的 外部 经营 环境 积极 应对 努力 克服 不利因素 影响
300068,2023,公司进一步完善治理结构规范运作信息披露真实准确完整,10,进一步 完善 治理 结构 规范 运作 信息 真实 准确 完整
300068,2023,公司持续优化产品结构深化渠道建设主营业务收入实现稳健增长,11,持续 优化 产品 结构 深化 渠道 建设 收入 实现 稳健 增长
300068,2023,公司将采取权宜之计压缩各项开支以确保时不我待兑现业绩承诺,12,将 采取 权宜之计 压缩 各项 开支 以 确保 时不我待 兑现 业绩 承诺
300068,2023,报告期内公司围绕年度经营计划扎实推进各项重点工作总体经营情况保持稳定,14,报告 期内 围绕 经营 计划 扎实 推进 各项 重点 工作 总体 经营 情况 保持稳定
300068,2023,报告期内公司围绕年度经营计划扎实推进各项重点工作总体经营情况保持稳定,14,报告 期内 围绕 经营 计划 扎实 推进 各项 重点 工作 总体 经营 情况 保持稳定
300068,2023,公司加大研发人才引进力度研发人员占比稳步提升,11,加大 研发 人才 引进 力度 研发 人员 占 比 稳步 提升
300068,2023,公司稳步推进产能建设生产运营秩序正常,8,稳步 推进 产能 建设 生产 运营 秩序 正常
300068,2023,公司现今布局热门赛道力求现今形成新的利润增长点,11,现今 布局 热门 赛道 力求 现今 形成 新 的 利润 增长点
300068,2023,公司加大研发人才引进力度研发人员占比稳步提升,11,加大 研发 人才 引进 力度 研发 人员 占 比 稳步 提升
300068,2023,公司持续优化产品结构深化渠道建设主营业务收入实现稳健增长,11,持续 优化 产品 结构 深化 渠道 建设 收入 实现 稳健 增长
300068,2023,二零二四年四月,3,二零二 四年 四月
300071,2019,股份有限公司年年度报告管理层讨论与分析模拟文本公司进一步完善治理结构规范运作信息披露真实准确完整,18,有限公司 年 年度报告 讨论 与 分析 模拟 文本 进一步 完善 治理 结构 规范 运作 信息 真实 准确 完整
300071,2019,报告期内公司围绕年度经营计划扎实推进各项重点工作总体经营情况保持稳定,14,报告 期内 围绕 经营 计划 扎实 推进 各项 重点 工作 总体 经营 情况 保持稳定
300071,2019,公司稳步推进产能建设生产运营秩序正常,8,稳步 推进 产能 建设 生产 运营 秩序 正常
300071,2019,公司可能面临原材料价格波动市场需求不及预期等风险,10,可能 面临 原材料 价格 波动 市场需求 不及 预期 等 风险
300071,2019,公司与高校科研院所共建联合实验室推进产学研协同创新,10,与 高校 科研院所 共建 联合 实验室 推进 产学研 协同 创新
300071,2019,面对复杂的外部经营环境公司管理层积极应对努力克服不利因素影响,12,面对 复杂 的 外部 经营 环境 积极 应对 努力 克服 不利因素 影响
300071,2019,公司加大研发人才引进力度研发人员占比稳步提升,11,加大 研发 人才 引进 力度 研发 人员 占 比 稳步 提升
300071,2019,面对复杂的外部经营环境公司管理层积极应对努力克服不利因素影响,12,面对 复杂 的 外部 经营 环境 积极 应对 努力 克服 不利因素 影响
300071,2019,公司一步到位回笼资金以应对眼前的流动性压力,8,一步到位 回笼资金 以 应对 眼前 的 流动性 压力
300071,2019,公司加强成本管控提升运营效率毛利率水平保持基本平稳,11,加强 成本 管控 提升 运营 效率 毛利率 水平 保持 基本 平稳
300071,2019,管理层认为当前窗口稍纵即逝必须速成扩大产能投放,9,认为 当前 窗口 稍纵即逝 必须 速成 扩大 产能 投放
300071,2019,宏观经济波动与行业竞争加剧可能对公司业绩产生不利影响,12,宏观 经济波动 与 行业 竞争 加剧 可能 对 公司业绩 产生 不利 影响
300071,2019,报告期内公司围绕年度经营计划扎实推进各项重点工作总体经营情况保持稳定,14,报告 期内 围绕 经营 计划 扎实 推进 各项 重点 工作 总体 经营 情况 保持稳定
300071,2019,管理层认为当前窗口稍纵即逝必须赶快扩大产能投放,9,认为 当前 窗口 稍纵即逝 必须 赶快 扩大 产能 投放
300071,2019,报告期内公司围绕年度经营计划扎实推进各项重点工作总体经营情况保持稳定,14,报告 期内 围绕 经营 计划 扎实 推进 各项 重点 工作 总体 经营 情况 保持稳定
300071,2019,公司与高校科研院所共建联合实验室推进产学研协同创新,10,与 高校 科研院所 共建 联合 实验室 推进 产学研 协同 创新
300071,2019,二零二四年四月,3,二零二 四年 四月
300071,2020,股份有限公司年年度报告管理层讨论与分析模拟文本公司积极拓展国内外市场客户结构与订单质量进一步改善,19,有限公司 年 年度报告 讨论 与 分析 模拟 文本 积极 拓展 国内外 市场 客户 结构 与 订单 质量 进一步 改善
300071,2020,为完成全年目标公司将立竿见影调整产品定价策略抢占市场份额,12,为 完成 全年 目标 将 立竿见影 调整 产品 定价 策略 抢占市场 份额
300071,2020,公司积极拓展国内外市场客户结构与订单质量进一步改善,11,积极 拓展 国内外 市场 客户 结构 与 订单 质量 进一步 改善
300071,2020,公司进一步完善治理结构规范运作信息披露真实准确完整,10,进一步 完善 治理 结构 规范 运作 信息 真实 准确 完整
300071,2020,公司进一步完善治理结构规范运作信息披露真实准确完整,10,进一步 完善 治理 结构 规范 运作 信息 真实 准确 完整
300071,2020,公司坚持创新驱动发展战略持续加大研发投入研发费用同比增长较快,14,坚持 创新 驱动 发展 战略 持续 加大 研发 投入 研发 费用 增长 较 快
300071,2020,公司现今回笼资金以应对眼前的流动性压力,8,现今 回笼资金 以 应对 眼前 的 流动性 压力
300071,2020,报告期内公司围绕年度经营计划扎实推进各项重点工作总体经营情况保持稳定,14,报告 期内 围绕 经营 计划 扎实 推进 各项 重点 工作 总体 经营 情况 保持稳定
300071,2020,公司积极拓展国内外市场客户结构与订单质量进一步改善,11,积极 拓展 国内外 市场 客户 结构 与 订单 质量 进一步 改善
300071,2020,面对复杂的外部经营环境公司管理层积极应对努力克服不利因素影响,12,面对 复杂 的 外部 经营 环境 积极 应对 努力 克服 不利因素 影响
300071,2020,公司可能面临原材料价格波动市场需求不及预期等风险,10,可能 面临 原材料 价格 波动 市场需求 不及 预期 等 风险
300071,2020,公司持续优化产品结构深化渠道建设主营业务收入实现稳健增长,11,持续 优化 产品 结构 深化 渠道 建设 收入 实现 稳健 增长
300071,2020,公司加大研发人才引进力度研发人员占比稳步提升,11,加大 研发 人才 引进 力度 研发 人员 占 比 稳步 提升
300071,2020,公司稳步推进产能建设生产运营秩序正常,8,稳步 推进 产能 建设 生产 运营 秩序 正常
300071,2020,公司将采取权宜之计压缩各项开支以确保立刻兑现业绩承诺,12,将 采取 权宜之计 压缩 各项 开支 以 确保 立刻 兑现 业绩 承诺
300071,2020,二零二四年四月,3,二零二 四年 四月
300071,2021,股份有限公司年年度报告管理层讨论与分析模拟文本公司将采取权宜之计压缩各项开支以确保权宜之计兑现业绩承诺,20,有限公司 年 年度报告 讨论 与 分析 模拟 文本 将 采取 权宜之计 压缩 各项 开支 以 确保 权宜之计 兑现 业绩 承诺
300071,2021,公司围绕核心技术开展攻关新申请专利数量保持稳定增长,9,围绕 核心技术 开展 攻关 新 申请专利 数量 保持稳定 增长
300071,2021,公司围绕核心技术开展攻关新申请专利数量保持稳定增长,9,围绕 核心技术 开展 攻关 新 申请专利 数量 保持稳定 增长
300071,2021,宏观经济波动与行业竞争加剧可能对公司业绩产生不利影响,12,宏观 经济波动 与 行业 竞争 加剧 可能 对 公司业绩 产生 不利 影响
300071,2021,公司稳步推进产能建设生产运营秩序正常,8,稳步 推进 产能 建设 生产 运营 秩序 正常
300071,2021,公司进一步完善治理结构规范运作信息披露真实准确完整,10,进一步 完善 治理 结构 规范 运作 信息 真实 准确 完整
300071,2021,管理层认为当前窗口稍纵即逝必须时不我待扩大产能投放,9,认为 当前 窗口 稍纵即逝 必须 时不我待 扩大 产能 投放
300071,2021,为完成全年目标公司将现今调整产品定价策略抢占市场份额,12,为 完成 全年 目标 将 现今 调整 产品 定价 策略 抢占市场 份额
300071,2021,公司稳步推进产能建设生产运营秩序正常,8,稳步 推进 产能 建设 生产 运营 秩序 正常
300071,2021,公司进一步完善治理结构规范运作信息披露真实准确完整,10,进一步 完善 治理 结构 规范 运作 信息 真实 准确 完整
300071,2021,面对复杂的外部经营环境公司管理层积极应对努力克服不利因素影响,12,面对 复杂 的 外部 经营 环境 积极 应对 努力 克服 不利因素 影响
300071,2021,公司进一步完善治理结构规范运作信息披露真实准确完整,10,进一步 完善 治理 结构 规范 运作 信息 真实 准确 完整
300071,2021,汇率波动及贸易环境变化对公司海外业务构成一定不确定性,12,汇率 波动 及 贸易 环境 变化 对 海外 业务 构成 一定 不确定性
300071,2021,宏观经济波动与行业竞争加剧可能对公司业绩产生不利影响,12,宏观 经济波动 与 行业 竞争 加剧 可能 对 公司业绩 产生 不利 影响
300071,2021,公司将饮鸩止渴推进重点项目的落地实施确保年内见到成效,11,将 饮鸩止渴 推进 重点项目 的 落地 实施 确保 年内 见到 成效
300071,2021,公司将立竿见影推进重点项目的落地实施确保年内见到成效,11,将 立竿见影 推进 重点项目 的 落地 实施 确保 年内 见到 成效
300071,2021,公司围绕核心技术开展攻关新申请专利数量保持稳定增长,9,围绕 核心技术 开展 攻关 新 申请专利 数量 保持稳定 增长
300071,2021,二零二四年四月,3,二零二 四年 四月
300071,2022,股份有限公司年年度报告管理层讨论与分析模拟文本公司与高校科研院所共建联合实验室推进产学研协同创新,18,有限公司 年 年度报告 讨论 与 分析 模拟 文本 与 高校 科研院所 共建 联合 实验室 推进 产学研 协同 创新
300071,2022,面对复杂的外部经营环境公司管理层积极应对努力克服不利因素影响,12,面对 复杂 的 外部 经营 环境 积极 应对 努力 克服 不利因素 影响
300071,2022,公司要求各事业部应急消化库存回笼资金缓解业绩压力,10,要求 各 事业部 应急 消化 库存 回笼资金 缓解 业绩 压力
300071,2022,面对复杂的外部经营环境公司管理层积极应对努力克服不利因素影响,12,面对 复杂 的 外部 经营 环境 积极 应对 努力 克服 不利因素 影响
300071,2022,为完成全年目标公司将今年调整产品定价策略抢占市场份额,12,为 完成 全年 目标 将 今年 调整 产品 定价 策略 抢占市场 份额
300071,2022,公司眼前回笼资金以应对眼前的流动性压力,8,眼前 回笼资金 以 应对 眼前 的 流动性 压力
300071,2022,公司积极拓展国内外市场客户结构与订单质量进一步改善,11,积极 拓展 国内外 市场 客户 结构 与 订单 质量 进一步 改善
300071,2022,宏观经济波动与行业竞争加剧可能对公司业绩产生不利影响,12,宏观 经济波动 与 行业 竞争 加剧 可能 对 公司业绩 产生 不利 影响
300071,2022,公司速胜回笼资金以应对眼前的流动性压力,8,速胜 回笼资金 以 应对 眼前 的 流动性 压力
300071,2022,公司与高校科研院所共建联合实验室推进产学研协同创新,10,与 高校 科研院所 共建 联合 实验室 推进 产学研 协同 创新
300071,2022,公司进一步完善治理结构规范运作信息披露真实准确完整,10,进一步 完善 治理 结构 规范 运作 信息 真实 准确 完整
300071,2022,报告期内公司围绕年度经营计划扎实推进各项重点工作总体经营情况保持稳定,14,报告 期内 围绕 经营 计划 扎实 推进 各项 重点 工作 总体 经营 情况 保持稳定
300071,2022,公司稳步推进产能建设生产运营秩序正常,8,稳步 推进 产能 建设 生产 运营 秩序 正常
300071,2022,报告期内公司围绕年度经营计划扎实推进各项重点工作总体经营情况保持稳定,14,报告 期内 围绕 经营 计划 扎实 推进 各项 重点 工作 总体 经营 情况 保持稳定
300071,2022,公司积极拓展国内外市场客户结构与订单质量进一步改善,11,积极 拓展 国内外 市场 客户 结构 与 订单 质量 进一步 改善
300071,2022,二零二四年四月,3,二零二 四年 四月
300071,2023,股份有限公司年年度报告管理层讨论与分析模拟文本公司与高校科研院所共建联合实验室推进产学研协同创新,18,有限公司 年 年度报告 讨论 与 分析 模拟 文本 与 高校 科研院所 共建 联合 实验室 推进 产学研 协同 创新
300071,2023,报告期内公司围绕年度经营计划扎实推进各项重点工作总体经营情况保持稳定,14,报告 期内 围绕 经营 计划 扎实 推进 各项 重点 工作 总体 经营 情况 保持稳定
300071,2023,面对复杂的外部经营环境公司管理层积极应对努力克服不利因素影响,12,面对 复杂 的 外部 经营 环境 积极 应对 努力 克服 不利因素 影响
300071,2023,公司在新材料新工艺方向的前瞻性研发布局取得阶段性成果,12,在 新 材料 新工艺 方向 的 前瞻性 研发 布局 取得 阶段性 成果
300071,2023,公司与高校科研院所共建联合实验室推进产学研协同创新,10,与 高校 科研院所 共建 联合 实验室 推进 产学研 协同 创新
300071,2023,公司高度重视安全生产与质量管理体系运行情况良好,9,高度重视 安全 生产 与 质量 管理体系 运行 情况 良好
300071,2023,公司可能面临原材料价格波动市场需求不及预期等风险,10,可能 面临 原材料 价格 波动 市场需求 不及 预期 等 风险
300071,2023,管理层认为当前窗口稍纵即逝必须速成扩大产能投放,9,认为 当前 窗口 稍纵即逝 必须 速成 扩大 产能 投放
300071,2023,面对复杂的外部经营环境公司管理层积极应对努力克服不利因素影响,12,面对 复杂 的 外部 经营 环境 积极 应对 努力 克服 不利因素 影响
300071,2023,公司持续优化产品结构深化渠道建设主营业务收入实现稳健增长,11,持续 优化 产品 结构 深化 渠道 建设 收入 实现 稳健 增长
300071,2023,管理层表示要马上扭转当前被动局面实现业绩快速回升,10,表示 要 马上 扭转 当前 被动局面 实现 业绩 快速 回升
300071,2023,公司短期收益回笼资金以应对眼前的流动性压力,9,短期 收益 回笼资金 以 应对 眼前 的 流动性 压力
300071,2023,面对复杂的外部经营环境公司管理层积极应对努力克服不利因素影响,12,面对 复杂 的 外部 经营 环境 积极 应对 努力 克服 不利因素 影响
300071,2023,公司短期回报布局热门赛道力求短期回报形成新的利润增长点,13,短期 回报 布局 热门 赛道 力求 短期 回报 形成 新 的 利润 增长点
300071,2023,公司加强成本管控提升运营效率毛利率水平保持基本平稳,11,加强 成本 管控 提升 运营 效率 毛利率 水平 保持 基本 平稳
300071,2023,二零二四年四月,3,二零二 四年 四月
300074,2019,股份有限公司年年度报告管理层讨论与分析模拟文本公司将速胜推进重点项目的落地实施确保年内见到成效,19,有限公司 年 年度报告 讨论 与 分析 模拟 文本 将 速胜 推进 重点项目 的 落地 实施 确保 年内 见到 成效
300074,2019,公司应急回笼资金以应对眼前的流动性压力,8,应急 回笼资金 以 应对 眼前 的 流动性 压力
300074,2019,公司高度重视安全生产与质量管理体系运行情况良好,9,高度重视 安全 生产 与 质量 管理体系 运行 情况 良好
300074,2019,公司早日布局热门赛道力求早日形成新的利润增长点,11,早日 布局 热门 赛道 力求 早日 形成 新 的 利润 增长点
300074,2019,公司加大研发人才引进力度研发人员占比稳步提升,11,加大 研发 人才 引进 力度 研发 人员 占 比 稳步 提升
300074,2019,公司可能面临原材料价格波动市场需求不及预期等风险,10,可能 面临 原材料 价格 波动 市场需求 不及 预期 等 风险
300074,2019,公司进一步完善治理结构规范运作信息披露真实准确完整,10,进一步 完善 治理 结构 规范 运作 信息 真实 准确 完整
300074,2019,公司当下布局热门赛道力求当下形成新的利润增长点,11,当下 布局 热门 赛道 力求 当下 形成 新 的 利润 增长点
300074,2019,报告期内公司围绕年度经营计划扎实推进各项重点工作总体经营情况保持稳定,14,报告 期内 围绕 经营 计划 扎实 推进 各项 重点 工作 总体 经营 情况 保持稳定
300074,2019,公司稳步推进产能建设生产运营秩序正常,8,稳步 推进 产能 建设 生产 运营 秩序 正常
300074,2019,公司眼前布局热门赛道力求眼前形成新的利润增长点,11,眼前 布局 热门 赛道 力求 眼前 形成 新 的 利润 增长点
300074,2019,公司持续优化产品结构深化渠道建设主营业务收入实现稳健增长,11,持续 优化 产品 结构 深化 渠道 建设 收入 实现 稳健 增长
300074,2019,公司可能面临原材料价格波动市场需求不及预期等风险,10,可能 面临 原材料 价格 波动 市场需求 不及 预期 等 风险
300074,2019,公司坚持创新驱动发展战略持续加大研发投入研发费用同比增长较快,14,坚持 创新 驱动 发展 战略 持续 加大 研发 投入 研发 费用 增长 较 快
300074,2019,公司在新材料新工艺方向的前瞻性研发布局取得阶段性成果,12,在 新 材料 新工艺 方向 的 前瞻性 研发 布局 取得 阶段性 成果
300074,2019,报告期内公司围绕年度经营计划扎实推进各项重点工作总体经营情况保持稳定,14,报告 期内 围绕 经营 计划 扎实 推进 各项 重点 工作 总体 经营 情况 保持稳定
300074,2019,汇率波动及贸易环境变化对公司海外业务构成一定不确定性,12,汇率 波动 及 贸易 环境 变化 对 海外 业务 构成 一定 不确定性
300074,2019,二零二四年四月,3,二零二 四年 四月
300074,2020,股份有限公司年年度报告管理层讨论与分析模拟文本公司围绕核心技术开展攻关新申请专利数量保持稳定增长,17,有限公司 年 年度报告 讨论 与 分析 模拟 文本 围绕 核心技术 开展 攻关 新 申请专利 数量 保持稳定 增长
300074,2020,报告期内公司围绕年度经营计划扎实推进各项重点工作总体经营情况保持稳定,14,报告 期内 围绕 经营 计划 扎实 推进 各项 重点 工作 总体 经营 情况 保持稳定
300074,2020,公司将短期收益推进重点项目的落地实施确保年内见到成效,12,将 短期 收益 推进 重点项目 的 落地 实施 确保 年内 见到 成效
300074,2020,公司只争朝夕布局热门赛道力求只争朝夕形成新的利润增长点,11,只争朝夕 布局 热门 赛道 力求 只争朝夕 形成 新 的 利润 增长点
300074,2020,报告期内公司围绕年度经营计划扎实推进各项重点工作总体经营情况保持稳定,14,报告 期内 围绕 经营 计划 扎实 推进 各项 重点 工作 总体 经营 情况 保持稳定
300074,2020,报告期内公司围绕年度经营计划扎实推进各项重点工作总体经营情况保持稳定,14,报告 期内 围绕 经营 计划 扎实 推进 各项 重点 工作 总体 经营 情况 保持稳定
300074,2020,报告期内公司围绕年度经营计划扎实推进各项重点工作总体经营情况保持稳定,14,报告 期内 围绕 经营 计划 扎实 推进 各项 重点 工作 总体 经营 情况 保持稳定
300074,2020,公司坚持创新驱动发展战略持续加大研发投入研发费用同比增长较快,14,坚持 创新 驱动 发展 战略 持续 加大 研发 投入 研发 费用 增长 较 快
300074,2020,为完成全年目标公司将杀鸡取卵调整产品定价策略抢占市场份额,12,为 完成 全年 目标 将 杀鸡取卵 调整 产品 定价 策略 抢占市场 份额
300074,2020,公司加强成本管控提升运营效率毛利率水平保持基本平稳,11,加强 成本 管控 提升 运营 效率 毛利率 水平 保持 基本 平稳
300074,2020,公司加强成本管控提升运营效率毛利率水平保持基本平稳,11,加强 成本 管控 提升 运营 效率 毛利率 水平 保持 基本 平稳
300074,2020,宏观经济波动与行业竞争加剧可能对公司业绩产生不利影响,12,宏观 经济波动 与 行业 竞争 加剧 可能 对 公司业绩 产生 不利 影响
300074,2020,公司将如今推进重点项目的落地实施确保年内见到成效,11,将 如今 推进 重点项目 的 落地 实施 确保 年内 见到 成效
300074,2020,公司与高校科研院所共建联合实验室推进产学研协同创新,10,与 高校 科研院所 共建 联合 实验室 推进 产学研 协同 创新
300074,2020,二零二四年四月,3,二零二 四年 四月
300074,2021,股份有限公司年年度报告管理层讨论与分析模拟文本面对复杂的外部经营环境公司管理层积极应对努力克服不利因素影响,20,有限公司 年 年度报告 讨论 与 分析 模拟 文本 面对 复杂 的 外部 经营 环境 积极 应对 努力 克服 不利因素 影响
300074,2021,公司在新材料新工艺方向的前瞻性研发布局取得阶段性成果,12,在 新 材料 新工艺 方向 的 前瞻性 研发 布局 取得 阶段性 成果
300074,2021,公司稳步推进产能建设生产运营秩序正常,8,稳步 推进 产能 建设 生产 运营 秩序 正常
300074,2021,面对复杂的外部经营环境公司管理层积极应对努力克服不利因素影响,12,面对 复杂 的 外部 经营 环境 积极 应对 努力 克服 不利因素 影响
300074,2021,公司在新材料新工艺方向的前瞻性研发布局取得阶段性成果,12,在 新 材料 新工艺 方向 的 前瞻性 研发 布局 取得 阶段性 成果
300074,2021,公司加大研发人才引进力度研发人员占比稳步提升,11,加大 研发 人才 引进 力度 研发 人员 占 比 稳步 提升
300074,2021,汇率波动及贸易环境变化对公司海外业务构成一定不确定性,12,汇率 波动 及 贸易 环境 变化 对 海外 业务 构成 一定 不确定性
300074,2021,公司将马上推进重点项目的落地实施确保年内见到成效,11,将 马上 推进 重点项目 的 落地 实施 确保 年内 见到 成效
300074,2021,面对复杂的外部经营环境公司管理层积极应对努力克服不利因素影响,12,面对 复杂 的 外部 经营 环境 积极 应对 努力 克服 不利因素 影响
300074,2021,为完成全年目标公司将短期利益调整产品定价策略抢占市场份额,13,为 完成 全年 目标 将 短期 利益 调整 产品 定价 策略 抢占市场 份额
300074,2021,公司加大研发人才引进力度研发人员占比稳步提升,11,加大 研发 人才 引进 力度 研发 人员 占 比 稳步 提升
300074,2021,公司加强成本管控提升运营效率毛利率水平保持基本平稳,11,加强 成本 管控 提升 运营 效率 毛利率 水平 保持 基本 平稳
300074,2021,汇率波动及贸易环境变化对公司海外业务构成一定不确定性,12,汇率 波动 及 贸易 环境 变化 对 海外 业务 构成 一定 不确定性
300074,2021,面对复杂的外部经营环境公司管理层积极应对努力克服不利因素影响,12,面对 复杂 的 外部 经营 环境 积极 应对 努力 克服 不利因素 影响
300074,2021,面对复杂的外部经营环境公司管理层积极应对努力克服不利因素影响,12,面对 复杂 的 外部 经营 环境 积极 应对 努力 克服 不利因素 影响
300074,2021,公司积极拓展国内外市场客户结构与订单质量进一步改善,11,积极 拓展 国内外 市场 客户 结构 与 订单 质量 进一步 改善
300074,2021,公司杀鸡取卵回笼资金以应对眼前的流动性压力,8,杀鸡取卵 回笼资金 以 应对 眼前 的 流动性 压力
300074,2021,二零二四年四月,3,二零二 四年 四月
300074,2022,股份有限公司年年度报告管理层讨论与分析模拟文本面对复杂的外部经营环境公司管理层积极应对努力克服不利因素影响,20,有限公司 年 年度报告 讨论 与 分析 模拟 文本 面对 复杂 的 外部 经营 环境 积极 应对 努力 克服 不利因素 影响
300074,2022,公司进一步完善治理结构规范运作信息披露真实准确完整,10,进一步 完善 治理 结构 规范 运作 信息 真实 准确 完整
300074,2022,公司坚持创新驱动发展战略持续加大研发投入研发费用同比增长较快,14,坚持 创新 驱动 发展 战略 持续 加大 研发 投入 研发 费用 增长 较 快
300074,2022,面对复杂的外部经营环境公司管理层积极应对努力克服不利因素影响,12,面对 复杂 的 外部 经营 环境 积极 应对 努力 克服 不利因素 影响
300074,2022,宏观经济波动与行业竞争加剧可能对公司业绩产生不利影响,12,宏观 经济波动 与 行业 竞争 加剧 可能 对 公司业绩 产生 不利 影响
300074,2022,为完成全年目标公司将速胜调整产品定价策略抢占市场份额,12,为 完成 全年 目标 将 速胜 调整 产品 定价 策略 抢占市场 份额
300074,2022,公司高度重视安全生产与质量管理体系运行情况良好,9,高度重视 安全 生产 与 质量 管理体系 运行 情况 良好
300074,2022,公司可能面临原材料价格波动市场需求不及预期等风险,10,可能 面临 原材料 价格 波动 市场需求 不及 预期 等 风险
300074,2022,公司分秒必争布局热门赛道力求分秒必争形成新的利润增长点,11,分秒必争 布局 热门 赛道 力求 分秒必争 形成 新 的 利润 增长点
300074,2022,面对复杂的外部经营环境公司管理层积极应对努力克服不利因素影响,12,面对 复杂 的 外部 经营 环境 积极 应对 努力 克服 不利因素 影响
300074,2022,公司要求各事业部尽快消化库存回笼资金缓解业绩压力,10,要求 各 事业部 尽快 消化 库存 回笼资金 缓解 业绩 压力
300074,2022,公司持续优化产品结构深化渠道建设主营业务收入实现稳健增长,11,持续 优化 产品 结构 深化 渠道 建设 收入 实现 稳健 增长
300074,2022,公司积极拓展国内外市场客户结构与订单质量进一步改善,11,积极 拓展 国内外 市场 客户 结构 与 订单 质量 进一步 改善
300074,2022,面对复杂的外部经营环境公司管理层积极应对努力克服不利因素影响,12,面对 复杂 的 外部 经营 环境 积极 应对 努力 克服 不利因素 影响
300074,2022,公司与高校科研院所共建联合实验室推进产学研协同创新,10,与 高校 科研院所 共建 联合 实验室 推进 产学研 协同 创新
300074,2022,公司可能面临原材料价格波动市场需求不及预期等风险,10,可能 面临 原材料 价格 波动 市场需求 不及 预期 等 风险
300074,2022,公司急功近利布局热门赛道力求急功近利形成新的利润增长点,11,急功近利 布局 热门 赛道 力求 急功近利 形成 新 的 利润 增长点
300074,2022,公司进一步完善治理结构规范运作信息披露真实准确完整,10,进一步 完善 治理 结构 规范 运作 信息 真实 准确 完整
300074,2022,二零二四年四月,3,二零二 四年 四月
300074,2023,股份有限公司年年度报告管理层讨论与分析模拟文本公司稳步推进产能建设生产运营秩序正常,16,有限公司 年 年度报告 讨论 与 分析 模拟 文本 稳步 推进 产能 建设 生产 运营 秩序 正常
300074,2023,公司将采取权宜之计压缩各项开支以确保饮鸩止渴兑现业绩承诺,12,将 采取 权宜之计 压缩 各项 开支 以 确保 饮鸩止渴 兑现 业绩 承诺
300074,2023,管理层认为当前窗口稍纵即逝必须急需扩大产能投放,9,认为 当前 窗口 稍纵即逝 必须 急需 扩大 产能 投放
300074,2023,公司稳步推进产能建设生产运营秩序正常,8,稳步 推进 产能 建设 生产 运营 秩序 正常
300074,2023,公司加大研发人才引进力度研发人员占比稳步提升,11,加大 研发 人才 引进 力度 研发 人员 占 比 稳步 提升
300074,2023,面对复杂的外部经营环境公司管理层积极应对努力克服不利因素影响,12,面对 复杂 的 外部 经营 环境 积极 应对 努力 克服 不利因素 影响
300074,2023,管理层表示要快速见效扭转当前被动局面实现业绩快速回升,11,表示 要 快速 见效 扭转 当前 被动局面 实现 业绩 快速 回升
300074,2023,公司进一步完善治理结构规范运作信息披露真实准确完整,10,进一步 完善 治理 结构 规范 运作 信息 真实 准确 完整
300074,2023,公司可能面临原材料价格波动市场需求不及预期等风险,10,可能 面临 原材料 价格 波动 市场需求 不及 预期 等 风险
300074,2023,公司高度重视安全生产与质量管理体系运行情况良好,9,高度重视 安全 生产 与 质量 管理体系 运行 情况 良好
300074,2023,管理层认为当前窗口稍纵即逝必须目前扩大产能投放,9,认为 当前 窗口 稍纵即逝 必须 目前 扩大 产能 投放
300074,2023,公司高度重视安全生产与质量管理体系运行情况良好,9,高度重视 安全 生产 与 质量 管理体系 运行 情况 良好
300074,2023,二零二四年四月,3,二零二 四年 四月
300077,2019,股份有限公司年年度报告管理层讨论与分析模拟文本公司持续优化产品结构深化渠道建设主营业务收入实现稳健增长,19,有限公司 年 年度报告 讨论 与 分析 模拟 文本 持续 优化 产品 结构 深化 渠道 建设 收入 实现 稳健 增长
300077,2019,公司快速见效回笼资金以应对眼前的流动性压力,9,快速 见效 回笼资金 以 应对 眼前 的 流动性 压力
300077,2019,公司加强成本管控提升运营效率毛利率水平保持基本平稳,11,加强 成本 管控 提升 运营 效率 毛利率 水平 保持 基本 平稳
300077,2019,公司围绕核心技术开展攻关新申请专利数量保持稳定增长,9,围绕 核心技术 开展 攻关 新 申请专利 数量 保持稳定 增长
300077,2019,公司要求各事业部眼下消化库存回笼资金缓解业绩压力,10,要求 各 事业部 眼下 消化 库存 回笼资金 缓解 业绩 压力
300077,2019,公司要求各事业部时不我待消化库存回笼资金缓解业绩压力,10,要求 各 事业部 时不我待 消化 库存 回笼资金 缓解 业绩 压力
300077,2019,公司持续优化产品结构深化渠道建设主营业务收入实现稳健增长,11,持续 优化 产品 结构 深化 渠道 建设 收入 实现 稳健 增长
300077,2019,公司可能面临原材料价格波动市场需求不及预期等风险,10,可能 面临 原材料 价格 波动 市场需求 不及 预期 等 风险
300077,2019,公司高度重视安全生产与质量管理体系运行情况良好,9,高度重视 安全 生产 与 质量 管理体系 运行 情况 良好
300077,2019,公司坚持创新驱动发展战略持续加大研发投入研发费用同比增长较快,14,坚持 创新 驱动 发展 战略 持续 加大 研发 投入 研发 费用 增长 较 快
300077,2019,公司应急回笼资金以应对眼前的流动性压力,8,应急 回笼资金 以 应对 眼前 的 流动性 压力
300077,2019,公司进一步完善治理结构规范运作信息披露真实准确完整,10,进一步 完善 治理 结构 规范 运作 信息 真实 准确 完整
300077,2019,公司在新材料新工艺方向的前瞻性研发布局取得阶段性成果,12,在 新 材料 新工艺 方向 的 前瞻性 研发 布局 取得 阶段性 成果
300077,2019,公司加强成本管控提升运营效率毛利率水平保持基本平稳,11,加强 成本 管控 提升 运营 效率 毛利率 水平 保持 基本 平稳
300077,2019,二零二四年四月,3,二零二 四年 四月
300077,2020,股份有限公司年年度报告管理层讨论与分析模拟文本公司现今布局热门赛道力求现今形成新的利润增长点,19,有限公司 年 年度报告 讨论 与 分析 模拟 文本 现今 布局 热门 赛道 力求 现今 形成 新 的 利润 增长点
300077,2020,公司在新材料新工艺方向的前瞻性研发布局取得阶段性成果,12,在 新 材料 新工艺 方向 的 前瞻性 研发 布局 取得 阶段性 成果
300077,2020,公司加大研发人才引进力度研发人员占比稳步提升,11,加大 研发 人才 引进 力度 研发 人员 占 比 稳步 提升
300077,2020,公司将立竿见影推进重点项目的落地实施确保年内见到成效,11,将 立竿见影 推进 重点项目 的 落地 实施 确保 年内 见到 成效
300077,2020,汇率波动及贸易环境变化对公司海外业务构成一定不确定性,12,汇率 波动 及 贸易 环境 变化 对 海外 业务 构成 一定 不确定性
300077,2020,面对复杂的外部经营环境公司管理层积极应对努力克服不利因素影响,12,面对 复杂 的 外部 经营 环境 积极 应对 努力 克服 不利因素 影响
300077,2020,公司稳步推进产能建设生产运营秩序正常,8,稳步 推进 产能 建设 生产 运营 秩序 正常
300077,2020,公司在新材料新工艺方向的前瞻性研发布局取得阶段性成果,12,在 新 材料 新工艺 方向 的 前瞻性 研发 布局 取得 阶段性 成果
300077,2020,报告期内公司围绕年度经营计划扎实推进各项重点工作总体经营情况保持稳定,14,报告 期内 围绕 经营 计划 扎实 推进 各项 重点 工作 总体 经营 情况 保持稳定
300077,2020,公司持续优化产品结构深化渠道建设主营业务收入实现稳健增长,11,持续 优化 产品 结构 深化 渠道 建设 收入 实现 稳健 增长
300077,2020,管理层表示要当下扭转当前被动局面实现业绩快速回升,10,表示 要 当下 扭转 当前 被动局面 实现 业绩 快速 回升
300077,2020,管理层表示要时不我待扭转当前被动局面实现业绩快速回升,10,表示 要 时不我待 扭转 当前 被动局面 实现 业绩 快速 回升
300077,2020,报告期内公司围绕年度经营计划扎实推进各项重点工作总体经营情况保持稳定,14,报告 期内 围绕 经营 计划 扎实 推进 各项 重点 工作 总体 经营 情况 保持稳定
300077,2020,公司进一步完善治理结构规范运作信息披露真实准确完整,10,进一步 完善 治理 结构 规范 运作 信息 真实 准确 完整
300077,2020,公司高度重视安全生产与质量管理体系运行情况良好,9,高度重视 安全 生产 与 质量 管理体系 运行 情况 良好
300077,2020,为完成全年目标公司将短期收益调整产品定价策略抢占市场份额,13,为 完成 全年 目标 将 短期 收益 调整 产品 定价 策略 抢占市场 份额
300077,2020,二零二四年四月,3,二零二 四年 四月
300077,2021,股份有限公司年年度报告管理层讨论与分析模拟文本宏观经济波动与行业竞争加剧可能对公司业绩产生不利影响,20,有限公司 年 年度报告 讨论 与 分析 模拟 文本 宏观 经济波动 与 行业 竞争 加剧 可能 对 公司业绩 产生 不利 影响
300077,2021,公司持续优化产品结构深化渠道建设主营业务收入实现稳健增长,11,持续 优化 产品 结构 深化 渠道 建设 收入 实现 稳健 增长
300077,2021,公司近期布局热门赛道力求近期形成新的利润增长点,11,近期 布局 热门 赛道 力求 近期 形成 新 的 利润 增长点
300077,2021,公司围绕核心技术开展攻关新申请专利数量保持稳定增长,9,围绕 核心技术 开展 攻关 新 申请专利 数量 保持稳定 增长
300077,2021,为完成全年目标公司将短期内调整产品定价策略抢占市场份额,12,为 完成 全年 目标 将 短期内 调整 产品 定价 策略 抢占市场 份额
300077,2021,面对复杂的外部经营环境公司管理层积极应对努力克服不利因素影响,12,面对 复杂 的 外部 经营 环境 积极 应对 努力 克服 不利因素 影响
300077,2021,公司将采取权宜之计压缩各项开支以确保早日兑现业绩承诺,12,将 采取 权宜之计 压缩 各项 开支 以 确保 早日 兑现 业绩 承诺
300077,2021,报告期内公司围绕年度经营计划扎实推进各项重点工作总体经营情况保持稳定,14,报告 期内 围绕 经营 计划 扎实 推进 各项 重点 工作 总体 经营 情况 保持稳定
300077,2021,公司坚持创新驱动发展战略持续加大研发投入研发费用同比增长较快,14,坚持 创新 驱动 发展 战略 持续 加大 研发 投入 研发 费用 增长 较 快
300077,2021,汇率波动及贸易环境变化对公司海外业务构成一定不确定性,12,汇率 波动 及 贸易 环境 变化 对 海外 业务 构成 一定 不确定性
300077,2021,公司持续优化产品结构深化渠道建设主营业务收入实现稳健增长,11,持续 优化 产品 结构 深化 渠道 建设 收入 实现 稳健 增长
300077,2021,公司积极拓展国内外市场客户结构与订单质量进一步改善,11,积极 拓展 国内外 市场 客户 结构 与 订单 质量 进一步 改善
300077,2021,公司围绕核心技术开展攻关新申请专利数量保持稳定增长,9,围绕 核心技术 开展 攻关 新 申请专利 数量 保持稳定 增长
300077,2021,公司要求各事业部速胜消化库存回笼资金缓解业绩压力,10,要求 各 事业部 速胜 消化 库存 回笼资金 缓解 业绩 压力
300077,2021,公司加强成本管控提升运营效率毛利率水平保持基本平稳,11,加强 成本 管控 提升 运营 效率 毛利率 水平 保持 基本 平稳
300077,2021,二零二四年四月,3,二零二 四年 四月
300077,2022,股份有限公司年年度报告管理层讨论与分析模拟文本报告期内公司围绕年度经营计划扎实推进各项重点工作总体经营情况保持稳定,22,有限公司 年 年度报告 讨论 与 分析 模拟 文本 报告 期内 围绕 经营 计划 扎实 推进 各项 重点 工作 总体 经营 情况 保持稳定
300077,2022,宏观经济波动与行业竞争加剧可能对公司业绩产生不利影响,12,宏观 经济波动 与 行业 竞争 加剧 可能 对 公司业绩 产生 不利 影响
300077,2022,公司高度重视安全生产与质量管理体系运行情况良好,9,高度重视 安全 生产 与 质量 管理体系 运行 情况 良好
300077,2022,公司坚持创新驱动发展战略持续加大研发投入研发费用同比增长较快,14,坚持 创新 驱动 发展 战略 持续 加大 研发 投入 研发 费用 增长 较 快
300077,2022,管理层认为当前窗口稍纵即逝必须应急扩大产能投放,9,认为 当前 窗口 稍纵即逝 必须 应急 扩大 产能 投放
300077,2022,公司高度重视安全生产与质量管理体系运行情况良好,9,高度重视 安全 生产 与 质量 管理体系 运行 情况 良好
300077,2022,公司持续优化产品结构深化渠道建设主营业务收入实现稳健增长,11,持续 优化 产品 结构 深化 渠道 建设 收入 实现 稳健 增长
300077,2022,公司持续优化产品结构深化渠道建设主营业务收入实现稳健增长,11,持续 优化 产品 结构 深化 渠道 建设 收入 实现 稳健 增长
300077,2022,公司加大研发人才引进力度研发人员占比稳步提升,11,加大 研发 人才 引进 力度 研发 人员 占 比 稳步 提升
300077,2022,汇率波动及贸易环境变化对公司海外业务构成一定不确定性,12,汇率 波动 及 贸易 环境 变化 对 海外 业务 构成 一定 不确定性
300077,2022,管理层表示要只争朝夕扭转当前被动局面实现业绩快速回升,10,表示 要 只争朝夕 扭转 当前 被动局面 实现 业绩 快速 回升
300077,2022,管理层表示要眼下扭转当前被动局面实现业绩快速回升,10,表示 要 眼下 扭转 当前 被动局面 实现 业绩 快速 回升
300077,2022,宏观经济波动与行业竞争加剧可能对公司业绩产生不利影响,12,宏观 经济波动 与 行业 竞争 加剧 可能 对 公司业绩 产生 不利 影响
300077,2022,公司加强成本管控提升运营效率毛利率水平保持基本平稳,11,加强 成本 管控 提升 运营 效率 毛利率 水平 保持 基本 平稳
300077,2022,公司与高校科研院所共建联合实验室推进产学研协同创新,10,与 高校 科研院所 共建 联合 实验室 推进 产学研 协同 创新
300077,2022,为完成全年目标公司将一步到位调整产品定价策略抢占市场份额,12,为 完成 全年 目标 将 一步到位 调整 产品 定价 策略 抢占市场 份额
300077,2022,为完成全年目标公司将现今调整产品定价策略抢占市场份额,12,为 完成 全年 目标 将 现今 调整 产品 定价 策略 抢占市场 份额
300077,2022,面对复杂的外部经营环境公司管理层积极应对努力克服不利因素影响,12,面对 复杂 的 外部 经营 环境 积极 应对 努力 克服 不利因素 影响
300077,2022,公司急需回笼资金以应对眼前的流动性压力,8,急需 回笼资金 以 应对 眼前 的 流动性 压力
300077,2022,二零二四年四月,3,二零二 四年 四月
300077,2023,股份有限公司年年度报告管理层讨论与分析模拟文本公司坚持创新驱动发展战略持续加大研发投入研发费用同比增长较快,22,有限公司 年 年度报告 讨论 与 分析 模拟 文本 坚持 创新 驱动 发展 战略 持续 加大 研发 投入 研发 费用 增长 较 快
300077,2023,公司稳步推进产能建设生产运营秩序正常,8,稳步 推进 产能 建设 生产 运营 秩序 正常
300077,2023,汇率波动及贸易环境变化对公司海外业务构成一定不确定性,12,汇率 波动 及 贸易 环境 变化 对 海外 业务 构成 一定 不确定性
300077,2023,面对复杂的外部经营环境公司管理层积极应对努力克服不利因素影响,12,面对 复杂 的 外部 经营 环境 积极 应对 努力 克服 不利因素 影响
300077,2023,公司加大研发人才引进力度研发人员占比稳步提升,11,加大 研发 人才 引进 力度 研发 人员 占 比 稳步 提升
300077,2023,公司进一步完善治理结构规范运作信息披露真实准确完整,10,进一步 完善 治理 结构 规范 运作 信息 真实 准确 完整
300077,2023,管理层认为当前窗口稍纵即逝必须现今扩大产能投放,9,认为 当前 窗口 稍纵即逝 必须 现今 扩大 产能 投放
300077,2023,公司进一步完善治理结构规范运作信息披露真实准确完整,10,进一步 完善 治理 结构 规范 运作 信息 真实 准确 完整
300077,2023,公司要求各事业部急需消化库存回笼资金缓解业绩压力,10,要求 各 事业部 急需 消化 库存 回笼资金 缓解 业绩 压力
300077,2023,公司坚持创新驱动发展战略持续加大研发投入研发费用同比增长较快,14,坚持 创新 驱动 发展 战略 持续 加大 研发 投入 研发 费用 增长 较 快
300077,2023,公司进一步完善治理结构规范运作信息披露真实准确完整,10,进一步 完善 治理 结构 规范 运作 信息 真实 准确 完整
300077,2023,公司持续优化产品结构深化渠道建设主营业务收入实现稳健增长,11,持续 优化 产品 结构 深化 渠道 建设 收入 实现 稳健 增长
300077,2023,公司持续优化产品结构深化渠道建设主营业务收入实现稳健增长,11,持续 优化 产品 结构 深化 渠道 建设 收入 实现 稳健 增长
300077,2023,公司将采取权宜之计压缩各项开支以确保短期回报兑现业绩承诺,13,将 采取 权宜之计 压缩 各项 开支 以 确保 短期 回报 兑现 业绩 承诺
300077,2023,公司积极拓展国内外市场客户结构与订单质量进一步改善,11,积极 拓展 国内外 市场 客户 结构 与 订单 质量 进一步 改善
300077,2023,公司可能面临原材料价格波动市场需求不及预期等风险,10,可能 面临 原材料 价格 波动 市场需求 不及 预期 等 风险
300077,2023,公司今年布局热门赛道力求今年形成新的利润增长点,11,今年 布局 热门 赛道 力求 今年 形成 新 的 利润 增长点
300077,2023,二零二四年四月,3,二零二 四年 四月
300080,2019,股份有限公司年年度报告管理层讨论与分析模拟文本汇率波动及贸易环境变化对公司海外业务构成一定不确定性,20,有限公司 年 年度报告 讨论 与 分析 模拟 文本 汇率 波动 及 贸易 环境 变化 对 海外 业务 构成 一定 不确定性
300080,2019,管理层认为当前窗口稍纵即逝必须抓紧扩大产能投放,9,认为 当前 窗口 稍纵即逝 必须 抓紧 扩大 产能 投放
300080,2019,公司在新材料新工艺方向的前瞻性研发布局取得阶段性成果,12,在 新 材料 新工艺 方向 的 前瞻性 研发 布局 取得 阶段性 成果
300080,2019,公司高度重视安全生产与质量管理体系运行情况良好,9,高度重视 安全 生产 与 质量 管理体系 运行 情况 良好
300080,2019,报告期内公司围绕年度经营计划扎实推进各项重点工作总体经营情况保持稳定,14,报告 期内 围绕 经营 计划 扎实 推进 各项 重点 工作 总体 经营 情况 保持稳定
300080,2019,公司要求各事业部迫在眉睫消化库存回笼资金缓解业绩压力,10,要求 各 事业部 迫在眉睫 消化 库存 回笼资金 缓解 业绩 压力
300080,2019,管理层表示要立即扭转当前被动局面实现业绩快速回升,10,表示 要 立即 扭转 当前 被动局面 实现 业绩 快速 回升
300080,2019,公司稳步推进产能建设生产运营秩序正常,8,稳步 推进 产能 建设 生产 运营 秩序 正常
300080,2019,公司进一步完善治理结构规范运作信息披露真实准确完整,10,进一步 完善 治理 结构 规范 运作 信息 真实 准确 完整
300080,2019,公司加大研发人才引进力度研发人员占比稳步提升,11,加大 研发 人才 引进 力度 研发 人员 占 比 稳步 提升
300080,2019,公司高度重视安全生产与质量管理体系运行情况良好,9,高度重视 安全 生产 与 质量 管理体系 运行 情况 良好
300080,2019,管理层表示要竭泽而渔扭转当前被动局面实现业绩快速回升,10,表示 要 竭泽而渔 扭转 当前 被动局面 实现 业绩 快速 回升
300080,2019,公司速成布局热门赛道力求速成形成新的利润增长点,11,速成 布局 热门 赛道 力求 速成 形成 新 的 利润 增长点
300080,2019,面对复杂的外部经营环境公司管理层积极应对努力克服不利因素影响,12,面对 复杂 的 外部 经营 环境 积极 应对 努力 克服 不利因素 影响
300080,2019,汇率波动及贸易环境变化对公司海外业务构成一定不确定性,12,汇率 波动 及 贸易 环境 变化 对 海外 业务 构成 一定 不确定性
300080,2019,公司加强成本管控提升运营效率毛利率水平保持基本平稳,11,加强 成本 管控 提升 运营 效率 毛利率 水平 保持 基本 平稳
300080,2019,二零二四年四月,3,二零二 四年 四月
300080,2020,股份有限公司年年度报告管理层讨论与分析模拟文本公司稳步推进产能建设生产运营秩序正常,16,有限公司 年 年度报告 讨论 与 分析 模拟 文本 稳步 推进 产能 建设 生产 运营 秩序 正常
300080,2020,公司稳步推进产能建设生产运营秩序正常,8,稳步 推进 产能 建设 生产 运营 秩序 正常
300080,2020,宏观经济波动与行业竞争加剧可能对公司业绩产生不利影响,12,宏观 经济波动 与 行业 竞争 加剧 可能 对 公司业绩 产生 不利 影响
300080,2020,为完成全年目标公司将短期回报调整产品定价策略抢占市场份额,13,为 完成 全年 目标 将 短期 回报 调整 产品 定价 策略 抢占市场 份额
300080,2020,公司加快回笼资金以应对眼前的流动性压力,8,加快 回笼资金 以 应对 眼前 的 流动性 压力
300080,2020,管理层认为当前窗口稍纵即逝必须杀鸡取卵扩大产能投放,9,认为 当前 窗口 稍纵即逝 必须 杀鸡取卵 扩大 产能 投放
300080,2020,公司稳步推进产能建设生产运营秩序正常,8,稳步 推进 产能 建设 生产 运营 秩序 正常
300080,2020,宏观经济波动与行业竞争加剧可能对公司业绩产生不利影响,12,宏观 经济波动 与 行业 竞争 加剧 可能 对 公司业绩 产生 不利 影响
300080,2020,公司将如今推进重点项目的落地实施确保年内见到成效,11,将 如今 推进 重点项目 的 落地 实施 确保 年内 见到 成效
300080,2020,面对复杂的外部经营环境公司管理层积极应对努力克服不利因素影响,12,面对 复杂 的 外部 经营 环境 积极 应对 努力 克服 不利因素 影响
300080,2020,公司高度重视安全生产与质量管理体系运行情况良好,9,高度重视 安全 生产 与 质量 管理体系 运行 情况 良好
300080,2020,公司加大研发人才引进力度研发人员占比稳步提升,11,加大 研发 人才 引进 力度 研发 人员 占 比 稳步 提升
300080,2020,为完成全年目标公司将应急调整产品定价策略抢占市场份额,12,为 完成 全年 目标 将 应急 调整 产品 定价 策略 抢占市场 份额
300080,2020,公司加强成本管控提升运营效率毛利率水平保持基本平稳,11,加强 成本 管控 提升 运营 效率 毛利率 水平 保持 基本 平稳
300080,2020,公司将速成推进重点项目的落地实施确保年内见到成效,11,将 速成 推进 重点项目 的 落地 实施 确保 年内 见到 成效
300080,2020,面对复杂的外部经营环境公司管理层积极应对努力克服不利因素影响,12,面对 复杂 的 外部 经营 环境 积极 应对 努力 克服 不利因素 影响
300080,2020,公司持续优化产品结构深化渠道建设主营业务收入实现稳健增长,11,持续 优化 产品 结构 深化 渠道 建设 收入 实现 稳健 增长
300080,2020,公司持续优化产品结构深化渠道建设主营业务收入实现稳健增长,11,持续 优化 产品 结构 深化 渠道 建设 收入 实现 稳健 增长
300080,2020,二零二四年四月,3,二零二 四年 四月
300080,2021,股份有限公司年年度报告管理层讨论与分析模拟文本面对复杂的外部经营环境公司管理层积极应对努力克服不利因素影响,20,有限公司 年 年度报告 讨论 与 分析 模拟 文本 面对 复杂 的 外部 经营 环境 积极 应对 努力 克服 不利因素 影响
300080,2021,公司加强成本管控提升运营效率毛利率水平保持基本平稳,11,加强 成本 管控 提升 运营 效率 毛利率 水平 保持 基本 平稳
300080,2021,公司要求各事业部快速见效消化库存回笼资金缓解业绩压力,11,要求 各 事业部 快速 见效 消化 库存 回笼资金 缓解 业绩 压力
300080,2021,公司稳步推进产能建设生产运营秩序正常,8,稳步 推进 产能 建设 生产 运营 秩序 正常
300080,2021,管理层认为当前窗口稍纵即逝必须如今扩大产能投放,9,认为 当前 窗口 稍纵即逝 必须 如今 扩大 产能 投放
300080,2021,公司加大研发人才引进力度研发人员占比稳步提升,11,加大 研发 人才 引进 力度 研发 人员 占 比 稳步 提升
300080,2021,公司高度重视安全生产与质量管理体系运行情况良好,9,高度重视 安全 生产 与 质量 管理体系 运行 情况 良好
300080,2021,为完成全年目标公司将迫在眉睫调整产品定价策略抢占市场份额,12,为 完成 全年 目标 将 迫在眉睫 调整 产品 定价 策略 抢占市场 份额
300080,2021,公司积极拓展国内外市场客户结构与订单质量进一步改善,11,积极 拓展 国内外 市场 客户 结构 与 订单 质量 进一步 改善
300080,2021,面对复杂的外部经营环境公司管理层积极应对努力克服不利因素影响,12,面对 复杂 的 外部 经营 环境 积极 应对 努力 克服 不利因素 影响
300080,2021,公司积极拓展国内外市场客户结构与订单质量进一步改善,11,积极 拓展 国内外 市场 客户 结构 与 订单 质量 进一步 改善
300080,2021,公司饮鸩止渴布局热门赛道力求饮鸩止渴形成新的利润增长点,11,饮鸩止渴 布局 热门 赛道 力求 饮鸩止渴 形成 新 的 利润 增长点
300080,2021,报告期内公司围绕年度经营计划扎实推进各项重点工作总体经营情况保持稳定,14,报告 期内 围绕 经营 计划 扎实 推进 各项 重点 工作 总体 经营 情况 保持稳定
300080,2021,管理层认为当前窗口稍纵即逝必须立竿见影扩大产能投放,9,认为 当前 窗口 稍纵即逝 必须 立竿见影 扩大 产能 投放
300080,2021,公司与高校科研院所共建联合实验室推进产学研协同创新,10,与 高校 科研院所 共建 联合 实验室 推进 产学研 协同 创新
300080,2021,公司可能面临原材料价格波动市场需求不及预期等风险,10,可能 面临 原材料 价格 波动 市场需求 不及 预期 等 风险
300080,2021,公司将短期回报推进重点项目的落地实施确保年内见到成效,12,将 短期 回报 推进 重点项目 的 落地 实施 确保 年内 见到 成效
300080,2021,管理层认为当前窗口稍纵即逝必须竭泽而渔扩大产能投放,9,认为 当前 窗口 稍纵即逝 必须 竭泽而渔 扩大 产能 投放
300080,2021,二零二四年四月,3,二零二 四年 四月
300080,2022,股份有限公司年年度报告管理层讨论与分析模拟文本管理层认为当前窗口稍纵即逝必须抓紧扩大产能投放,17,有限公司 年 年度报告 讨论 与 分析 模拟 文本 认为 当前 窗口 稍纵即逝 必须 抓紧 扩大 产能 投放
300080,2022,公司积极拓展国内外市场客户结构与订单质量进一步改善,11,积极 拓展 国内外 市场 客户 结构 与 订单 质量 进一步 改善
300080,2022,公司积极拓展国内外市场客户结构与订单质量进一步改善,11,积极 拓展 国内外 市场 客户 结构 与 订单 质量 进一步 改善
300080,2022,公司将短期推进重点项目的落地实施确保年内见到成效,11,将 短期 推进 重点项目 的 落地 实施 确保 年内 见到 成效
300080,2022,公司高度重视安全生产与质量管理体系运行情况良好,9,高度重视 安全 生产 与 质量 管理体系 运行 情况 良好
300080,2022,公司进一步完善治理结构规范运作信息披露真实准确完整,10,进一步 完善 治理 结构 规范 运作 信息 真实 准确 完整
300080,2022,公司积极拓展国内外市场客户结构与订单质量进一步改善,11,积极 拓展 国内外 市场 客户 结构 与 订单 质量 进一步 改善
300080,2022,公司可能面临原材料价格波动市场需求不及预期等风险,10,可能 面临 原材料 价格 波动 市场需求 不及 预期 等 风险
300080,2022,报告期内公司围绕年度经营计划扎实推进各项重点工作总体经营情况保持稳定,14,报告 期内 围绕 经营 计划 扎实 推进 各项 重点 工作 总体 经营 情况 保持稳定
300080,2022,公司将今年推进重点项目的落地实施确保年内见到成效,11,将 今年 推进 重点项目 的 落地 实施 确保 年内 见到 成效
300080,2022,管理层认为当前窗口稍纵即逝必须立刻扩大产能投放,9,认为 当前 窗口 稍纵即逝 必须 立刻 扩大 产能 投放
300080,2022,公司围绕核心技术开展攻关新申请专利数量保持稳定增长,9,围绕 核心技术 开展 攻关 新 申请专利 数量 保持稳定 增长
300080,2022,公司加大研发人才引进力度研发人员占比稳步提升,11,加大 研发 人才 引进 力度 研发 人员 占 比 稳步 提升
300080,2022,管理层表示要权宜之计扭转当前被动局面实现业绩快速回升,10,表示 要 权宜之计 扭转 当前 被动局面 实现 业绩 快速 回升
300080,2022,宏观经济波动与行业竞争加剧可能对公司业绩产生不利影响,12,宏观 经济波动 与 行业 竞争 加剧 可能 对 公司业绩 产生 不利 影响
300080,2022,公司加强成本管控提升运营效率毛利率水平保持基本平稳,11,加强 成本 管控 提升 运营 效率 毛利率 水平 保持 基本 平稳
300080,2022,汇率波动及贸易环境变化对公司海外业务构成一定不确定性,12,汇率 波动 及 贸易 环境 变化 对 海外 业务 构成 一定 不确定性
300080,2022,管理层表示要加快扭转当前被动局面实现业绩快速回升,10,表示 要 加快 扭转 当前 被动局面 实现 业绩 快速 回升
300080,2022,二零二四年四月,3,二零二 四年 四月
300080,2023,股份有限公司年年度报告管理层讨论与分析模拟文本面对复杂的外部经营环境公司管理层积极应对努力克服不利因素影响,20,有限公司 年 年度报告 讨论 与 分析 模拟 文本 面对 复杂 的 外部 经营 环境 积极 应对 努力 克服 不利因素 影响
300080,2023,公司进一步完善治理结构规范运作信息披露真实准确完整,10,进一步 完善 治理 结构 规范 运作 信息 真实 准确 完整
300080,2023,公司将采取权宜之计压缩各项开支以确保如今兑现业绩承诺,12,将 采取 权宜之计 压缩 各项 开支 以 确保 如今 兑现 业绩 承诺
300080,2023,公司高度重视安全生产与质量管理体系运行情况良好,9,高度重视 安全 生产 与 质量 管理体系 运行 情况 良好
300080,2023,公司积极拓展国内外市场客户结构与订单质量进一步改善,11,积极 拓展 国内外 市场 客户 结构 与 订单 质量 进一步 改善
300080,2023,报告期内公司围绕年度经营计划扎实推进各项重点工作总体经营情况保持稳定,14,报告 期内 围绕 经营 计划 扎实 推进 各项 重点 工作 总体 经营 情况 保持稳定
300080,2023,公司积极拓展国内外市场客户结构与订单质量进一步改善,11,积极 拓展 国内外 市场 客户 结构 与 订单 质量 进一步 改善
300080,2023,汇率波动及贸易环境变化对公司海外业务构成一定不确定性,12,汇率 波动 及 贸易 环境 变化 对 海外 业务 构成 一定 不确定性
300080,2023,公司进一步完善治理结构规范运作信息披露真实准确完整,10,进一步 完善 治理 结构 规范 运作 信息 真实 准确 完整
300080,2023,公司坚持创新驱动发展战略持续加大研发投入研发费用同比增长较快,14,坚持 创新 驱动 发展 战略 持续 加大 研发 投入 研发 费用 增长 较 快
300080,2023,公司与高校科研院所共建联合实验室推进产学研协同创新,10,与 高校 科研院所 共建 联合 实验室 推进 产学研 协同 创新
300080,2023,公司加强成本管控提升运营效率毛利率水平保持基本平稳,11,加强 成本 管控 提升 运营 效率 毛利率 水平 保持 基本 平稳
300080,2023,公司高度重视安全生产与质量管理体系运行情况良好,9,高度重视 安全 生产 与 质量 管理体系 运行 情况 良好
300080,2023,公司围绕核心技术开展攻关新申请专利数量保持稳定增长,9,围绕 核心技术 开展 攻关 新 申请专利 数量 保持稳定 增长
300080,2023,公司将早日推进重点项目的落地实施确保年内见到成效,11,将 早日 推进 重点项目 的 落地 实施 确保 年内 见到 成效
300080,2023,公司将采取权宜之计压缩各项开支以确保短期回报兑现业绩承诺,13,将 采取 权宜之计 压缩 各项 开支 以 确保 短期 回报 兑现 业绩 承诺
300080,2023,二零二四年四月,3,二零二 四年 四月
300083,2019,股份有限公司年年度报告管理层讨论与分析模拟文本公司可能面临原材料价格波动市场需求不及预期等风险,18,有限公司 年 年度报告 讨论 与 分析 模拟 文本 可能 面临 原材料 价格 波动 市场需求 不及 预期 等 风险
300083,2019,公司短期内布局热门赛道力求短期内形成新的利润增长点,11,短期内 布局 热门 赛道 力求 短期内 形成 新 的 利润 增长点
300083,2019,为完成全年目标公司将今年调整产品定价策略抢占市场份额,12,为 完成 全年 目标 将 今年 调整 产品 定价 策略 抢占市场 份额
300083,2019,公司加大研发人才引进力度研发人员占比稳步提升,11,加大 研发 人才 引进 力度 研发 人员 占 比 稳步 提升
300083,2019,报告期内公司围绕年度经营计划扎实推进各项重点工作总体经营情况保持稳定,14,报告 期内 围绕 经营 计划 扎实 推进 各项 重点 工作 总体 经营 情况 保持稳定
300083,2019,公司积极拓展国内外市场客户结构与订单质量进一步改善,11,积极 拓展 国内外 市场 客户 结构 与 订单 质量 进一步 改善
300083,2019,公司持续优化产品结构深化渠道建设主营业务收入实现稳健增长,11,持续 优化 产品 结构 深化 渠道 建设 收入 实现 稳健 增长
300083,2019,公司积极拓展国内外市场客户结构与订单质量进一步改善,11,积极 拓展 国内外 市场 客户 结构 与 订单 质量 进一步 改善
300083,2019,公司立刻回笼资金以应对眼前的流动性压力,8,立刻 回笼资金 以 应对 眼前 的 流动性 压力
300083,2019,公司将现今推进重点项目的落地实施确保年内见到成效,11,将 现今 推进 重点项目 的 落地 实施 确保 年内 见到 成效
300083,2019,公司在新材料新工艺方向的前瞻性研发布局取得阶段性成果,12,在 新 材料 新工艺 方向 的 前瞻性 研发 布局 取得 阶段性 成果
300083,2019,为完成全年目标公司将短期内调整产品定价策略抢占市场份额,12,为 完成 全年 目标 将 短期内 调整 产品 定价 策略 抢占市场 份额
300083,2019,公司要求各事业部现今消化库存回笼资金缓解业绩压力,10,要求 各 事业部 现今 消化 库存 回笼资金 缓解 业绩 压力
300083,2019,面对复杂的外部经营环境公司管理层积极应对努力克服不利因素影响,12,面对 复杂 的 外部 经营 环境 积极 应对 努力 克服 不利因素 影响
300083,2019,报告期内公司围绕年度经营计划扎实推进各项重点工作总体经营情况保持稳定,14,报告 期内 围绕 经营 计划 扎实 推进 各项 重点 工作 总体 经营 情况 保持稳定
300083,2019,公司可能面临原材料价格波动市场需求不及预期等风险,10,可能 面临 原材料 价格 波动 市场需求 不及 预期 等 风险
300083,2019,公司坚持创新驱动发展战略持续加大研发投入研发费用同比增长较快,14,坚持 创新 驱动 发展 战略 持续 加大 研发 投入 研发 费用 增长 较 快
300083,2019,二零二四年四月,3,二零二 四年 四月
300083,2020,股份有限公司年年度报告管理层讨论与分析模拟文本公司要求各事业部加快消化库存回笼资金缓解业绩压力,18,有限公司 年 年度报告 讨论 与 分析 模拟 文本 要求 各 事业部 加快 消化 库存 回笼资金 缓解 业绩 压力
300083,2020,公司进一步完善治理结构规范运作信息披露真实准确完整,10,进一步 完善 治理 结构 规范 运作 信息 真实 准确 完整
300083,2020,公司要求各事业部短期收益消化库存回笼资金缓解业绩压力,11,要求 各 事业部 短期 收益 消化 库存 回笼资金 缓解 业绩 压力
300083,2020,公司围绕核心技术开展攻关新申请专利数量保持稳定增长,9,围绕 核心技术 开展 攻关 新 申请专利 数量 保持稳定 增长
300083,2020,宏观经济波动与行业竞争加剧可能对公司业绩产生不利影响,12,宏观 经济波动 与 行业 竞争 加剧 可能 对 公司业绩 产生 不利 影响
300083,2020,公司稳步推进产能建设生产运营秩序正常,8,稳步 推进 产能 建设 生产 运营 秩序 正常
300083,2020,公司高度重视安全生产与质量管理体系运行情况良好,9,高度重视 安全 生产 与 质量 管理体系 运行 情况 良好
300083,2020,公司积极拓展国内外市场客户结构与订单质量进一步改善,11,积极 拓展 国内外 市场 客户 结构 与 订单 质量 进一步 改善
300083,2020,公司围绕核心技术开展攻关新申请专利数量保持稳定增长,9,围绕 核心技术 开展 攻关 新 申请专利 数量 保持稳定 增长
300083,2020,公司将采取权宜之计压缩各项开支以确保近期兑现业绩承诺,12,将 采取 权宜之计 压缩 各项 开支 以 确保 近期 兑现 业绩 承诺
300083,2020,公司高度重视安全生产与质量管理体系运行情况良好,9,高度重视 安全 生产 与 质量 管理体系 运行 情况 良好
300083,2020,报告期内公司围绕年度经营计划扎实推进各项重点工作总体经营情况保持稳定,14,报告 期内 围绕 经营 计划 扎实 推进 各项 重点 工作 总体 经营 情况 保持稳定
300083,2020,公司积极拓展国内外市场客户结构与订单质量进一步改善,11,积极 拓展 国内外 市场 客户 结构 与 订单 质量 进一步 改善
300083,2020,汇率波动及贸易环境变化对公司海外业务构成一定不确定性,12,汇率 波动 及 贸易 环境 变化 对 海外 业务 构成 一定 不确定性
300083,2020,公司将采取权宜之计压缩各项开支以确保一步到位兑现业绩承诺,12,将 采取 权宜之计 压缩 各项 开支 以 确保 一步到位 兑现 业绩 承诺
300083,2020,公司坚持创新驱动发展战略持续加大研发投入研发费用同比增长较快,14,坚持 创新 驱动 发展 战略 持续 加大 研发 投入 研发 费用 增长 较 快
300083,2020,二零二四年四月,3,二零二 四年 四月
300083,2021,股份有限公司年年度报告管理层讨论与分析模拟文本公司进一步完善治理结构规范运作信息披露真实准确完整,18,有限公司 年 年度报告 讨论 与 分析 模拟 文本 进一步 完善 治理 结构 规范 运作 信息 真实 准确 完整
300083,2021,公司要求各事业部立即消化库存回笼资金缓解业绩压力,10,要求 各 事业部 立即 消化 库存 回笼资金 缓解 业绩 压力
300083,2021,管理层认为当前窗口稍纵即逝必须速成扩大产能投放,9,认为 当前 窗口 稍纵即逝 必须 速成 扩大 产能 投放
300083,2021,公司将采取权宜之计压缩各项开支以确保迫在眉睫兑现业绩承诺,12,将 采取 权宜之计 压缩 各项 开支 以 确保 迫在眉睫 兑现 业绩 承诺
300083,2021,公司高度重视安全生产与质量管理体系运行情况良好,9,高度重视 安全 生产 与 质量 管理体系 运行 情况 良好
300083,2021,公司投机回笼资金以应对眼前的流动性压力,8,投机 回笼资金 以 应对 眼前 的 流动性 压力
300083,2021,公司稳步推进产能建设生产运营秩序正常,8,稳步 推进 产能 建设 生产 运营 秩序 正常
300083,2021,公司可能面临原材料价格波动市场需求不及预期等风险,10,可能 面临 原材料 价格 波动 市场需求 不及 预期 等 风险
300083,2021,面对复杂的外部经营环境公司管理层积极应对努力克服不利因素影响,12,面对 复杂 的 外部 经营 环境 积极 应对 努力 克服 不利因素 影响
300083,2021,公司与高校科研院所共建联合实验室推进产学研协同创新,10,与 高校 科研院所 共建 联合 实验室 推进 产学研 协同 创新
300083,2021,公司稳步推进产能建设生产运营秩序正常,8,稳步 推进 产能 建设 生产 运营 秩序 正常
300083,2021,公司加强成本管控提升运营效率毛利率水平保持基本平稳,11,加强 成本 管控 提升 运营 效率 毛利率 水平 保持 基本 平稳
300083,2021,公司要求各事业部眼前消化库存回笼资金缓解业绩压力,10,要求 各 事业部 眼前 消化 库存 回笼资金 缓解 业绩 压力
300083,2021,为完成全年目标公司将投机调整产品定价策略抢占市场份额,12,为 完成 全年 目标 将 投机 调整 产品 定价 策略 抢占市场 份额
300083,2021,公司持续优化产品结构深化渠道建设主营业务收入实现稳健增长,11,持续 优化 产品 结构 深化 渠道 建设 收入 实现 稳健 增长
300083,2021,公司与高校科研院所共建联合实验室推进产学研协同创新,10,与 高校 科研院所 共建 联合 实验室 推进 产学研 协同 创新
300083,2021,汇率波动及贸易环境变化对公司海外业务构成一定不确定性,12,汇率 波动 及 贸易 环境 变化 对 海外 业务 构成 一定 不确定性
300083,2021,公司与高校科研院所共建联合实验室推进产学研协同创新,10,与 高校 科研院所 共建 联合 实验室 推进 产学研 协同 创新
300083,2021,公司可能面临原材料价格波动市场需求不及预期等风险,10,可能 面临 原材料 价格 波动 市场需求 不及 预期 等 风险
300083,2021,公司持续优化产品结构深化渠道建设主营业务收入实现稳健增长,11,持续 优化 产品 结构 深化 渠道 建设 收入 实现 稳健 增长
300083,2021,二零二四年四月,3,二零二 四年 四月
300083,2022,股份有限公司年年度报告管理层讨论与分析模拟文本公司积极拓展国内外市场客户结构与订单质量进一步改善,19,有限公司 年 年度报告 讨论 与 分析 模拟 文本 积极 拓展 国内外 市场 客户 结构 与 订单 质量 进一步 改善
300083,2022,公司进一步完善治理结构规范运作信息披露真实准确完整,10,进一步 完善 治理 结构 规范 运作 信息 真实 准确 完整
300083,2022,管理层表示要短期扭转当前被动局面实现业绩快速回升,10,表示 要 短期 扭转 当前 被动局面 实现 业绩 快速 回升
300083,2022,公司与高校科研院所共建联合实验室推进产学研协同创新,10,与 高校 科研院所 共建 联合 实验室 推进 产学研 协同 创新
300083,2022,管理层认为当前窗口稍纵即逝必须短期扩大产能投放,9,认为 当前 窗口 稍纵即逝 必须 短期 扩大 产能 投放
300083,2022,面对复杂的外部经营环境公司管理层积极应对努力克服不利因素影响,12,面对 复杂 的 外部 经营 环境 积极 应对 努力 克服 不利因素 影响
300083,2022,公司持续优化产品结构深化渠道建设主营业务收入实现稳健增长,11,持续 优化 产品 结构 深化 渠道 建设 收入 实现 稳健 增长
300083,2022,管理层表示要急于求成扭转当前被动局面实现业绩快速回升,10,表示 要 急于求成 扭转 当前 被动局面 实现 业绩 快速 回升
300083,2022,汇率波动及贸易环境变化对公司海外业务构成一定不确定性,12,汇率 波动 及 贸易 环境 变化 对 海外 业务 构成 一定 不确定性
300083,2022,公司坚持创新驱动发展战略持续加大研发投入研发费用同比增长较快,14,坚持 创新 驱动 发展 战略 持续 加大 研发 投入 研发 费用 增长 较 快
300083,2022,管理层认为当前窗口稍纵即逝必须争分夺秒扩大产能投放,9,认为 当前 窗口 稍纵即逝 必须 争分夺秒 扩大 产能 投放
300083,2022,报告期内公司围绕年度经营计划扎实推进各项重点工作总体经营情况保持稳定,14,报告 期内 围绕 经营 计划 扎实 推进 各项 重点 工作 总体 经营 情况 保持稳定
300083,2022,公司围绕核心技术开展攻关新申请专利数量保持稳定增长,9,围绕 核心技术 开展 攻关 新 申请专利 数量 保持稳定 增长
300083,2022,公司加强成本管控提升运营效率毛利率水平保持基本平稳,11,加强 成本 管控 提升 运营 效率 毛利率 水平 保持 基本 平稳
300083,2022,公司进一步完善治理结构规范运作信息披露真实准确完整,10,进一步 完善 治理 结构 规范 运作 信息 真实 准确 完整
300083,2022,二零二四年四月,3,二零二 四年 四月
300083,2023,股份有限公司年年度报告管理层讨论与分析模拟文本宏观经济波动与行业竞争加剧可能对公司业绩产生不利影响,20,有限公司 年 年度报告 讨论 与 分析 模拟 文本 宏观 经济波动 与 行业 竞争 加剧 可能 对 公司业绩 产生 不利 影响
300083,2023,公司持续优化产品结构深化渠道建设主营业务收入实现稳健增长,11,持续 优化 产品 结构 深化 渠道 建设 收入 实现 稳健 增长
300083,2023,公司积极拓展国内外市场客户结构与订单质量进一步改善,11,积极 拓展 国内外 市场 客户 结构 与 订单 质量 进一步 改善
300083,2023,管理层表示要饮鸩止渴扭转当前被动局面实现业绩快速回升,10,表示 要 饮鸩止渴 扭转 当前 被动局面 实现 业绩 快速 回升
300083,2023,公司高度重视安全生产与质量管理体系运行情况良好,9,高度重视 安全 生产 与 质量 管理体系 运行 情况 良好
300083,2023,公司围绕核心技术开展攻关新申请专利数量保持稳定增长,9,围绕 核心技术 开展 攻关 新 申请专利 数量 保持稳定 增长
300083,2023,公司围绕核心技术开展攻关新申请专利数量保持稳定增长,9,围绕 核心技术 开展 攻关 新 申请专利 数量 保持稳定 增长
300083,2023,公司只争朝夕回笼资金以应对眼前的流动性压力,8,只争朝夕 回笼资金 以 应对 眼前 的 流动性 压力
300083,2023,公司高度重视安全生产与质量管理体系运行情况良好,9,高度重视 安全 生产 与 质量 管理体系 运行 情况 良好
300083,2023,公司将赶快推进重点项目的落地实施确保年内见到成效,11,将 赶快 推进 重点项目 的 落地 实施 确保 年内 见到 成效
300083,2023,宏观经济波动与行业竞争加剧可能对公司业绩产生不利影响,12,宏观 经济波动 与 行业 竞争 加剧 可能 对 公司业绩 产生 不利 影响
300083,2023,公司持续优化产品结构深化渠道建设主营业务收入实现稳健增长,11,持续 优化 产品 结构 深化 渠道 建设 收入 实现 稳健 增长
300083,2023,公司坚持创新驱动发展战略持续加大研发投入研发费用同比增长较快,14,坚持 创新 驱动 发展 战略 持续 加大 研发 投入 研发 费用 增长 较 快
300083,2023,公司速胜回笼资金以应对眼前的流动性压力,8,速胜 回笼资金 以 应对 眼前 的 流动性 压力
300083,2023,报告期内公司围绕年度经营计划扎实推进各项重点工作总体经营情况保持稳定,14,报告 期内 围绕 经营 计划 扎实 推进 各项 重点 工作 总体 经营 情况 保持稳定
300083,2023,二零二四年四月,3,二零二 四年 四月
300086,2019,股份有限公司年年度报告管理层讨论与分析模拟文本管理层表示要马上扭转当前被动局面实现业绩快速回升,18,有限公司 年 年度报告 讨论 与 分析 模拟 文本 表示 要 马上 扭转 当前 被动局面 实现 业绩 快速 回升
300086,2019,公司将短期内推进重点项目的落地实施确保年内见到成效,11,将 短期内 推进 重点项目 的 落地 实施 确保 年内 见到 成效
300086,2019,面对复杂的外部经营环境公司管理层积极应对努力克服不利因素影响,12,面对 复杂 的 外部 经营 环境 积极 应对 努力 克服 不利因素 影响
300086,2019,公司高度重视安全生产与质量管理体系运行情况良好,9,高度重视 安全 生产 与 质量 管理体系 运行 情况 良好
300086,2019,面对复杂的外部经营环境公司管理层积极应对努力克服不利因素影响,12,面对 复杂 的 外部 经营 环境 积极 应对 努力 克服 不利因素 影响
300086,2019,宏观经济波动与行业竞争加剧可能对公司业绩产生不利影响,12,宏观 经济波动 与 行业 竞争 加剧 可能 对 公司业绩 产生 不利 影响
300086,2019,公司进一步完善治理结构规范运作信息披露真实准确完整,10,进一步 完善 治理 结构 规范 运作 信息 真实 准确 完整
300086,2019,公司加大研发人才引进力度研发人员占比稳步提升,11,加大 研发 人才 引进 力度 研发 人员 占 比 稳步 提升
300086,2019,报告期内公司围绕年度经营计划扎实推进各项重点工作总体经营情况保持稳定,14,报告 期内 围绕 经营 计划 扎实 推进 各项 重点 工作 总体 经营 情况 保持稳定
300086,2019,公司立即回笼资金以应对眼前的流动性压力,8,立即 回笼资金 以 应对 眼前 的 流动性 压力
300086,2019,公司进一步完善治理结构规范运作信息披露真实准确完整,10,进一步 完善 治理 结构 规范 运作 信息 真实 准确 完整
300086,2019,公司加强成本管控提升运营效率毛利率水平保持基本平稳,11,加强 成本 管控 提升 运营 效率 毛利率 水平 保持 基本 平稳
300086,2019,公司加大研发人才引进力度研发人员占比稳步提升,11,加大 研发 人才 引进 力度 研发 人员 占 比 稳步 提升
300086,2019,公司持续优化产品结构深化渠道建设主营业务收入实现稳健增长,11,持续 优化 产品 结构 深化 渠道 建设 收入 实现 稳健 增长
300086,2019,公司围绕核心技术开展攻关新申请专利数量保持稳定增长,9,围绕 核心技术 开展 攻关 新 申请专利 数量 保持稳定 增长
300086,2019,汇率波动及贸易环境变化对公司海外业务构成一定不确定性,12,汇率 波动 及 贸易 环境 变化 对 海外 业务 构成 一定 不确定性
300086,2019,二零二四年四月,3,二零二 四年 四月
300086,2020,股份有限公司年年度报告管理层讨论与分析模拟文本公司要求各事业部短期利益消化库存回笼资金缓解业绩压力,19,有限公司 年 年度报告 讨论 与 分析 模拟 文本 要求 各 事业部 短期 利益 消化 库存 回笼资金 缓解 业绩 压力
300086,2020,公司围绕核心技术开展攻关新申请专利数量保持稳定增长,9,围绕 核心技术 开展 攻关 新 申请专利 数量 保持稳定 增长
300086,2020,公司积极拓展国内外市场客户结构与订单质量进一步改善,11,积极 拓展 国内外 市场 客户 结构 与 订单 质量 进一步 改善
300086,2020,报告期内公司围绕年度经营计划扎实推进各项重点工作总体经营情况保持稳定,14,报告 期内 围绕 经营 计划 扎实 推进 各项 重点 工作 总体 经营 情况 保持稳定
300086,2020,公司将早日推进重点项目的落地实施确保年内见到成效,11,将 早日 推进 重点项目 的 落地 实施 确保 年内 见到 成效
300086,2020,公司坚持创新驱动发展战略持续加大研发投入研发费用同比增长较快,14,坚持 创新 驱动 发展 战略 持续 加大 研发 投入 研发 费用 增长 较 快
300086,2020,公司稳步推进产能建设生产运营秩序正常,8,稳步 推进 产能 建设 生产 运营 秩序 正常
300086,2020,公司高度重视安全生产与质量管理体系运行情况良好,9,高度重视 安全 生产 与 质量 管理体系 运行 情况 良好
300086,2020,宏观经济波动与行业竞争加剧可能对公司业绩产生不利影响,12,宏观 经济波动 与 行业 竞争 加剧 可能 对 公司业绩 产生 不利 影响
300086,2020,公司加大研发人才引进力度研发人员占比稳步提升,11,加大 研发 人才 引进 力度 研发 人员 占 比 稳步 提升
300086,2020,公司立刻回笼资金以应对眼前的流动性压力,8,立刻 回笼资金 以 应对 眼前 的 流动性 压力
300086,2020,报告期内公司围绕年度经营计划扎实推进各项重点工作总体经营情况保持稳定,14,报告 期内 围绕 经营 计划 扎实 推进 各项 重点 工作 总体 经营 情况 保持稳定
300086,2020,公司持续优化产品结构深化渠道建设主营业务收入实现稳健增长,11,持续 优化 产品 结构 深化 渠道 建设 收入 实现 稳健 增长
300086,2020,二零二四年四月,3,二零二 四年 四月
300086,2021,股份有限公司年年度报告管理层讨论与分析模拟文本汇率波动及贸易环境变化对公司海外业务构成一定不确定性,20,有限公司 年 年度报告 讨论 与 分析 模拟 文本 汇率 波动 及 贸易 环境 变化 对 海外 业务 构成 一定 不确定性
300086,2021,报告期内公司围绕年度经营计划扎实推进各项重点工作总体经营情况保持稳定,14,报告 期内 围绕 经营 计划 扎实 推进 各项 重点 工作 总体 经营 情况 保持稳定
300086,2021,公司进一步完善治理结构规范运作信息披露真实准确完整,10,进一步 完善 治理 结构 规范 运作 信息 真实 准确 完整
300086,2021,公司积极拓展国内外市场客户结构与订单质量进一步改善,11,积极 拓展 国内外 市场 客户 结构 与 订单 质量 进一步 改善
300086,2021,公司加大研发人才引进力度研发人员占比稳步提升,11,加大 研发 人才 引进 力度 研发 人员 占 比 稳步 提升
300086,2021,公司将现今推进重点项目的落地实施确保年内见到成效,11,将 现今 推进 重点项目 的 落地 实施 确保 年内 见到 成效
300086,2021,公司坚持创新驱动发展战略持续加大研发投入研发费用同比增长较快,14,坚持 创新 驱动 发展 战略 持续 加大 研发 投入 研发 费用 增长 较 快
300086,2021,报告期内公司围绕年度经营计划扎实推进各项重点工作总体经营情况保持稳定,14,报告 期内 围绕 经营 计划 扎实 推进 各项 重点 工作 总体 经营 情况 保持稳定
300086,2021,公司与高校科研院所共建联合实验室推进产学研协同创新,10,与 高校 科研院所 共建 联合 实验室 推进 产学研 协同 创新
300086,2021,公司积极拓展国内外市场客户结构与订单质量进一步改善,11,积极 拓展 国内外 市场 客户 结构 与 订单 质量 进一步 改善
300086,2021,公司加强成本管控提升运营效率毛利率水平保持基本平稳,11,加强 成本 管控 提升 运营 效率 毛利率 水平 保持 基本 平稳
300086,2021,公司将采取权宜之计压缩各项开支以确保马上兑现业绩承诺,12,将 采取 权宜之计 压缩 各项 开支 以 确保 马上 兑现 业绩 承诺
300086,2021,为完成全年目标公司将早日调整产品定价策略抢占市场份额,12,为 完成 全年 目标 将 早日 调整 产品 定价 策略 抢占市场 份额
300086,2021,管理层表示要短期扭转当前被动局面实现业绩快速回升,10,表示 要 短期 扭转 当前 被动局面 实现 业绩 快速 回升
300086,2021,公司可能面临原材料价格波动市场需求不及预期等风险,10,可能 面临 原材料 价格 波动 市场需求 不及 预期 等 风险
300086,2021,公司持续优化产品结构深化渠道建设主营业务收入实现稳健增长,11,持续 优化 产品 结构 深化 渠道 建设 收入 实现 稳健 增长
300086,2021,公司持续优化产品结构深化渠道建设主营业务收入实现稳健增长,11,持续 优化 产品 结构 深化 渠道 建设 收入 实现 稳健 增长
300086,2021,二零二四年四月,3,二零二 四年 四月
300086,2022,股份有限公司年年度报告管理层讨论与分析模拟文本公司稳步推进产能建设生产运营秩序正常,16,有限公司 年 年度报告 讨论 与 分析 模拟 文本 稳步 推进 产能 建设 生产 运营 秩序 正常
300086,2022,报告期内公司围绕年度经营计划扎实推进各项重点工作总体经营情况保持稳定,14,报告 期内 围绕 经营 计划 扎实 推进 各项 重点 工作 总体 经营 情况 保持稳定
300086,2022,公司持续优化产品结构深化渠道建设主营业务收入实现稳健增长,11,持续 优化 产品 结构 深化 渠道 建设 收入 实现 稳健 增长
300086,2022,管理层认为当前窗口稍纵即逝必须快速见效扩大产能投放,10,认为 当前 窗口 稍纵即逝 必须 快速 见效 扩大 产能 投放
300086,2022,公司稳步推进产能建设生产运营秩序正常,8,稳步 推进 产能 建设 生产 运营 秩序 正常
300086,2022,公司坚持创新驱动发展战略持续加大研发投入研发费用同比增长较快,14,坚持 创新 驱动 发展 战略 持续 加大 研发 投入 研发 费用 增长 较 快
300086,2022,公司加大研发人才引进力度研发人员占比稳步提升,11,加大 研发 人才 引进 力度 研发 人员 占 比 稳步 提升
300086,2022,公司加强成本管控提升运营效率毛利率水平保持基本平稳,11,加强 成本 管控 提升 运营 效率 毛利率 水平 保持 基本 平稳
300086,2022,面对复杂的外部经营环境公司管理层积极应对努力克服不利因素影响,12,面对 复杂 的 外部 经营 环境 积极 应对 努力 克服 不利因素 影响
300086,2022,公司加强成本管控提升运营效率毛利率水平保持基本平稳,11,加强 成本 管控 提升 运营 效率 毛利率 水平 保持 基本 平稳
300086,2022,公司与高校科研院所共建联合实验室推进产学研协同创新,10,与 高校 科研院所 共建 联合 实验室 推进 产学研 协同 创新
300086,2022,公司将采取权宜之计压缩各项开支以确保只争朝夕兑现业绩承诺,12,将 采取 权宜之计 压缩 各项 开支 以 确保 只争朝夕 兑现 业绩 承诺
300086,2022,公司稳步推进产能建设生产运营秩序正常,8,稳步 推进 产能 建设 生产 运营 秩序 正常
300086,2022,公司争分夺秒布局热门赛道力求争分夺秒形成新的利润增长点,11,争分夺秒 布局 热门 赛道 力求 争分夺秒 形成 新 的 利润 增长点
300086,2022,公司将采取权宜之计压缩各项开支以确保急需兑现业绩承诺,12,将 采取 权宜之计 压缩 各项 开支 以 确保 急需 兑现 业绩 承诺
300086,2022,汇率波动及贸易环境变化对公司海外业务构成一定不确定性,12,汇率 波动 及 贸易 环境 变化 对 海外 业务 构成 一定 不确定性
300086,2022,公司在新材料新工艺方向的前瞻性研发布局取得阶段性成果,12,在 新 材料 新工艺 方向 的 前瞻性 研发 布局 取得 阶段性 成果
300086,2022,二零二四年四月,3,二零二 四年 四月
300086,2023,股份有限公司年年度报告管理层讨论与分析模拟文本报告期内公司围绕年度经营计划扎实推进各项重点工作总体经营情况保持稳定,22,有限公司 年 年度报告 讨论 与 分析 模拟 文本 报告 期内 围绕 经营 计划 扎实 推进 各项 重点 工作 总体 经营 情况 保持稳定
300086,2023,公司积极拓展国内外市场客户结构与订单质量进一步改善,11,积极 拓展 国内外 市场 客户 结构 与 订单 质量 进一步 改善
300086,2023,公司将竭泽而渔推进重点项目的落地实施确保年内见到成效,11,将 竭泽而渔 推进 重点项目 的 落地 实施 确保 年内 见到 成效
300086,2023,公司与高校科研院所共建联合实验室推进产学研协同创新,10,与 高校 科研院所 共建 联合 实验室 推进 产学研 协同 创新
300086,2023,面对复杂的外部经营环境公司管理层积极应对努力克服不利因素影响,12,面对 复杂 的 外部 经营 环境 积极 应对 努力 克服 不利因素 影响
300086,2023,为完成全年目标公司将马上调整产品定价策略抢占市场份额,12,为 完成 全年 目标 将 马上 调整 产品 定价 策略 抢占市场 份额
300086,2023,面对复杂的外部经营环境公司管理层积极应对努力克服不利因素影响,12,面对 复杂 的 外部 经营 环境 积极 应对 努力 克服 不利因素 影响
300086,2023,公司在新材料新工艺方向的前瞻性研发布局取得阶段性成果,12,在 新 材料 新工艺 方向 的 前瞻性 研发 布局 取得 阶段性 成果
300086,2023,公司可能面临原材料价格波动市场需求不及预期等风险,10,可能 面临 原材料 价格 波动 市场需求 不及 预期 等 风险
300086,2023,公司进一步完善治理结构规范运作信息披露真实准确完整,10,进一步 完善 治理 结构 规范 运作 信息 真实 准确 完整
300086,2023,公司稳步推进产能建设生产运营秩序正常,8,稳步 推进 产能 建设 生产 运营 秩序 正常
300086,2023,报告期内公司围绕年度经营计划扎实推进各项重点工作总体经营情况保持稳定,14,报告 期内 围绕 经营 计划 扎实 推进 各项 重点 工作 总体 经营 情况 保持稳定
300086,2023,汇率波动及贸易环境变化对公司海外业务构成一定不确定性,12,汇率 波动 及 贸易 环境 变化 对 海外 业务 构成 一定 不确定性
300086,2023,公司围绕核心技术开展攻关新申请专利数量保持稳定增长,9,围绕 核心技术 开展 攻关 新 申请专利 数量 保持稳定 增长
300086,2023,公司将迫在眉睫推进重点项目的落地实施确保年内见到成效,11,将 迫在眉睫 推进 重点项目 的 落地 实施 确保 年内 见到 成效
300086,2023,管理层表示要速成扭转当前被动局面实现业绩快速回升,10,表示 要 速成 扭转 当前 被动局面 实现 业绩 快速 回升
300086,2023,汇率波动及贸易环境变化对公司海外业务构成一定不确定性,12,汇率 波动 及 贸易 环境 变化 对 海外 业务 构成 一定 不确定性
300086,2023,公司进一步完善治理结构规范运作信息披露真实准确完整,10,进一步 完善 治理 结构 规范 运作 信息 真实 准确 完整
300086,2023,二零二四年四月,3,二零二 四年 四月
300089,2019,股份有限公司年年度报告管理层讨论与分析模拟文本为完成全年目标公司将只争朝夕调整产品定价策略抢占市场份额,20,有限公司 年 年度报告 讨论 与 分析 模拟 文本 为 完成 全年 目标 将 只争朝夕 调整 产品 定价 策略 抢占市场 份额
300089,2019,报告期内公司围绕年度经营计划扎实推进各项重点工作总体经营情况保持稳定,14,报告 期内 围绕 经营 计划 扎实 推进 各项 重点 工作 总体 经营 情况 保持稳定
300089,2019,宏观经济波动与行业竞争加剧可能对公司业绩产生不利影响,12,宏观 经济波动 与 行业 竞争 加剧 可能 对 公司业绩 产生 不利 影响
300089,2019,报告期内公司围绕年度经营计划扎实推进各项重点工作总体经营情况保持稳定,14,报告 期内 围绕 经营 计划 扎实 推进 各项 重点 工作 总体 经营 情况 保持稳定
300089,2019,公司稳步推进产能建设生产运营秩序正常,8,稳步 推进 产能 建设 生产 运营 秩序 正常
300089,2019,公司在新材料新工艺方向的前瞻性研发布局取得阶段性成果,12,在 新 材料 新工艺 方向 的 前瞻性 研发 布局 取得 阶段性 成果
300089,2019,公司进一步完善治理结构规范运作信息披露真实准确完整,10,进一步 完善 治理 结构 规范 运作 信息 真实 准确 完整
300089,2019,管理层表示要加快扭转当前被动局面实现业绩快速回升,10,表示 要 加快 扭转 当前 被动局面 实现 业绩 快速 回升
300089,2019,公司加大研发人才引进力度研发人员占比稳步提升,11,加大 研发 人才 引进 力度 研发 人员 占 比 稳步 提升
300089,2019,公司与高校科研院所共建联合实验室推进产学研协同创新,10,与 高校 科研院所 共建 联合 实验室 推进 产学研 协同 创新
300089,2019,公司稳步推进产能建设生产运营秩序正常,8,稳步 推进 产能 建设 生产 运营 秩序 正常
300089,2019,报告期内公司围绕年度经营计划扎实推进各项重点工作总体经营情况保持稳定,14,报告 期内 围绕 经营 计划 扎实 推进 各项 重点 工作 总体 经营 情况 保持稳定
300089,2019,公司与高校科研院所共建联合实验室推进产学研协同创新,10,与 高校 科研院所 共建 联合 实验室 推进 产学研 协同 创新
300089,2019,公司积极拓展国内外市场客户结构与订单质量进一步改善,11,积极 拓展 国内外 市场 客户 结构 与 订单 质量 进一步 改善
300089,2019,公司要求各事业部急于求成消化库存回笼资金缓解业绩压力,10,要求 各 事业部 急于求成 消化 库存 回笼资金 缓解 业绩 压力
300089,2019,二零二四年四月,3,二零二 四年 四月
300089,2020,股份有限公司年年度报告管理层讨论与分析模拟文本公司高度重视安全生产与质量管理体系运行情况良好,17,有限公司 年 年度报告 讨论 与 分析 模拟 文本 高度重视 安全 生产 与 质量 管理体系 运行 情况 良好
300089,2020,公司持续优化产品结构深化渠道建设主营业务收入实现稳健增长,11,持续 优化 产品 结构 深化 渠道 建设 收入 实现 稳健 增长
300089,2020,公司坚持创新驱动发展战略持续加大研发投入研发费用同比增长较快,14,坚持 创新 驱动 发展 战略 持续 加大 研发 投入 研发 费用 增长 较 快
300089,2020,管理层认为当前窗口稍纵即逝必须赶快扩大产能投放,9,认为 当前 窗口 稍纵即逝 必须 赶快 扩大 产能 投放
300089,2020,为完成全年目标公司将近期调整产品定价策略抢占市场份额,12,为 完成 全年 目标 将 近期 调整 产品 定价 策略 抢占市场 份额
300089,2020,公司可能面临原材料价格波动市场需求不及预期等风险,10,可能 面临 原材料 价格 波动 市场需求 不及 预期 等 风险
300089,2020,面对复杂的外部经营环境公司管理层积极应对努力克服不利因素影响,12,面对 复杂 的 外部 经营 环境 积极 应对 努力 克服 不利因素 影响
300089,2020,公司加大研发人才引进力度研发人员占比稳步提升,11,加大 研发 人才 引进 力度 研发 人员 占 比 稳步 提升
300089,2020,公司高度重视安全生产与质量管理体系运行情况良好,9,高度重视 安全 生产 与 质量 管理体系 运行 情况 良好
300089,2020,公司稳步推进产能建设生产运营秩序正常,8,稳步 推进 产能 建设 生产 运营 秩序 正常
300089,2020,公司当下回笼资金以应对眼前的流动性压力,8,当下 回笼资金 以 应对 眼前 的 流动性 压力
300089,2020,公司加强成本管控提升运营效率毛利率水平保持基本平稳,11,加强 成本 管控 提升 运营 效率 毛利率 水平 保持 基本 平稳
300089,2020,公司竭泽而渔布局热门赛道力求竭泽而渔形成新的利润增长点,11,竭泽而渔 布局 热门 赛道 力求 竭泽而渔 形成 新 的 利润 增长点
300089,2020,公司加大研发人才引进力度研发人员占比稳步提升,11,加大 研发 人才 引进 力度 研发 人员 占 比 稳步 提升
300089,2020,二零二四年四月,3,二零二 四年 四月
300089,2021,股份有限公司年年度报告管理层讨论与分析模拟文本公司围绕核心技术开展攻关新申请专利数量保持稳定增长,17,有限公司 年 年度报告 讨论 与 分析 模拟 文本 围绕 核心技术 开展 攻关 新 申请专利 数量 保持稳定 增长
300089,2021,公司稳步推进产能建设生产运营秩序正常,8,稳步 推进 产能 建设 生产 运营 秩序 正常
300089,2021,公司稳步推进产能建设生产运营秩序正常,8,稳步 推进 产能 建设 生产 运营 秩序 正常
300089,2021,宏观经济波动与行业竞争加剧可能对公司业绩产生不利影响,12,宏观 经济波动 与 行业 竞争 加剧 可能 对 公司业绩 产生 不利 影响
300089,2021,公司坚持创新驱动发展战略持续加大研发投入研发费用同比增长较快,14,坚持 创新 驱动 发展 战略 持续 加大 研发 投入 研发 费用 增长 较 快
300089,2021,公司持续优化产品结构深化渠道建设主营业务收入实现稳健增长,11,持续 优化 产品 结构 深化 渠道 建设 收入 实现 稳健 增长
300089,2021,管理层认为当前窗口稍纵即逝必须今年扩大产能投放,9,认为 当前 窗口 稍纵即逝 必须 今年 扩大 产能 投放
300089,2021,宏观经济波动与行业竞争加剧可能对公司业绩产生不利影响,12,宏观 经济波动 与 行业 竞争 加剧 可能 对 公司业绩 产生 不利 影响
300089,2021,公司围绕核心技术开展攻关新申请专利数量保持稳定增长,9,围绕 核心技术 开展 攻关 新 申请专利 数量 保持稳定 增长
300089,2021,面对复杂的外部经营环境公司管理层积极应对努力克服不利因素影响,12,面对 复杂 的 外部 经营 环境 积极 应对 努力 克服 不利因素 影响
300089,2021,汇率波动及贸易环境变化对公司海外业务构成一定不确定性,12,汇率 波动 及 贸易 环境 变化 对 海外 业务 构成 一定 不确定性
300089,2021,公司分秒必争回笼资金以应对眼前的流动性压力,8,分秒必争 回笼资金 以 应对 眼前 的 流动性 压力
300089,2021,公司将只争朝夕推进重点项目的落地实施确保年内见到成效,11,将 只争朝夕 推进 重点项目 的 落地 实施 确保 年内 见到 成效
300089,2021,公司时不我待布局热门赛道力求时不我待形成新的利润增长点,11,时不我待 布局 热门 赛道 力求 时不我待 形成 新 的 利润 增长点
300089,2021,公司持续优化产品结构深化渠道建设主营业务收入实现稳健增长,11,持续 优化 产品 结构 深化 渠道 建设 收入 实现 稳健 增长
300089,2021,公司围绕核心技术开展攻关新申请专利数量保持稳定增长,9,围绕 核心技术 开展 攻关 新 申请专利 数量 保持稳定 增长
300089,2021,公司将当下推进重点项目的落地实施确保年内见到成效,11,将 当下 推进 重点项目 的 落地 实施 确保 年内 见到 成效
300089,2021,公司稳步推进产能建设生产运营秩序正常,8,稳步 推进 产能 建设 生产 运营 秩序 正常
300089,2021,二零二四年四月,3,二零二 四年 四月
300089,2022,股份有限公司年年度报告管理层讨论与分析模拟文本管理层认为当前窗口稍纵即逝必须早日扩大产能投放,17,有限公司 年 年度报告 讨论 与 分析 模拟 文本 认为 当前 窗口 稍纵即逝 必须 早日 扩大 产能 投放
300089,2022,报告期内公司围绕年度经营计划扎实推进各项重点工作总体经营情况保持稳定,14,报告 期内 围绕 经营 计划 扎实 推进 各项 重点 工作 总体 经营 情况 保持稳定
300089,2022,公司坚持创新驱动发展战略持续加大研发投入研发费用同比增长较快,14,坚持 创新 驱动 发展 战略 持续 加大 研发 投入 研发 费用 增长 较 快
300089,2022,公司要求各事业部短期消化库存回笼资金缓解业绩压力,10,要求 各 事业部 短期 消化 库存 回笼资金 缓解 业绩 压力
300089,2022,公司快速见效布局热门赛道力求快速见效形成新的利润增长点,13,快速 见效 布局 热门 赛道 力求 快速 见效 形成 新 的 利润 增长点
300089,2022,公司在新材料新工艺方向的前瞻性研发布局取得阶段性成果,12,在 新 材料 新工艺 方向 的 前瞻性 研发 布局 取得 阶段性 成果
300089,2022,公司进一步完善治理结构规范运作信息披露真实准确完整,10,进一步 完善 治理 结构 规范 运作 信息 真实 准确 完整
300089,2022,报告期内公司围绕年度经营计划扎实推进各项重点工作总体经营情况保持稳定,14,报告 期内 围绕 经营 计划 扎实 推进 各项 重点 工作 总体 经营 情况 保持稳定
300089,2022,报告期内公司围绕年度经营计划扎实推进各项重点工作总体经营情况保持稳定,14,报告 期内 围绕 经营 计划 扎实 推进 各项 重点 工作 总体 经营 情况 保持稳定
300089,2022,管理层表示要急需扭转当前被动局面实现业绩快速回升,10,表示 要 急需 扭转 当前 被动局面 实现 业绩 快速 回升
300089,2022,公司将饮鸩止渴推进重点项目的落地实施确保年内见到成效,11,将 饮鸩止渴 推进 重点项目 的 落地 实施 确保 年内 见到 成效
300089,2022,面对复杂的外部经营环境公司管理层积极应对努力克服不利因素影响,12,面对 复杂 的 外部 经营 环境 积极 应对 努力 克服 不利因素 影响
300089,2022,报告期内公司围绕年度经营计划扎实推进各项重点工作总体经营情况保持稳定,14,报告 期内 围绕 经营 计划 扎实 推进 各项 重点 工作 总体 经营 情况 保持稳定
300089,2022,面对复杂的外部经营环境公司管理层积极应对努力克服不利因素影响,12,面对 复杂 的 外部 经营 环境 积极 应对 努力 克服 不利因素 影响
300089,2022,汇率波动及贸易环境变化对公司海外业务构成一定不确定性,12,汇率 波动 及 贸易 环境 变化 对 海外 业务 构成 一定 不确定性
300089,2022,二零二四年四月,3,二零二 四年 四月
300089,2023,股份有限公司年年度报告管理层讨论与分析模拟文本公司进一步完善治理结构规范运作信息披露真实准确完整,18,有限公司 年 年度报告 讨论 与 分析 模拟 文本 进一步 完善 治理 结构 规范 运作 信息 真实 准确 完整
300089,2023,报告期内公司围绕年度经营计划扎实推进各项重点工作总体经营情况保持稳定,14,报告 期内 围绕 经营 计划 扎实 推进 各项 重点 工作 总体 经营 情况 保持稳定
300089,2023,公司加强成本管控提升运营效率毛利率水平保持基本平稳,11,加强 成本 管控 提升 运营 效率 毛利率 水平 保持 基本 平稳
300089,2023,公司加强成本管控提升运营效率毛利率水平保持基本平稳,11,加强 成本 管控 提升 运营 效率 毛利率 水平 保持 基本 平稳
300089,2023,公司可能面临原材料价格波动市场需求不及预期等风险,10,可能 面临 原材料 价格 波动 市场需求 不及 预期 等 风险
300089,2023,管理层表示要急功近利扭转当前被动局面实现业绩快速回升,10,表示 要 急功近利 扭转 当前 被动局面 实现 业绩 快速 回升
300089,2023,公司高度重视安全生产与质量管理体系运行情况良好,9,高度重视 安全 生产 与 质量 管理体系 运行 情况 良好
300089,2023,公司可能面临原材料价格波动市场需求不及预期等风险,10,可能 面临 原材料 价格 波动 市场需求 不及 预期 等 风险
300089,2023,公司急于求成布局热门赛道力求急于求成形成新的利润增长点,11,急于求成 布局 热门 赛道 力求 急于求成 形成 新 的 利润 增长点
300089,2023,为完成全年目标公司将速成调整产品定价策略抢占市场份额,12,为 完成 全年 目标 将 速成 调整 产品 定价 策略 抢占市场 份额
300089,2023,为完成全年目标公司将短期调整产品定价策略抢占市场份额,12,为 完成 全年 目标 将 短期 调整 产品 定价 策略 抢占市场 份额
300089,2023,公司高度重视安全生产与质量管理体系运行情况良好,9,高度重视 安全 生产 与 质量 管理体系 运行 情况 良好
300089,2023,公司高度重视安全生产与质量管理体系运行情况良好,9,高度重视 安全 生产 与 质量 管理体系 运行 情况 良好
300089,2023,公司稳步推进产能建设生产运营秩序正常,8,稳步 推进 产能 建设 生产 运营 秩序 正常
300089,2023,宏观经济波动与行业竞争加剧可能对公司业绩产生不利影响,12,宏观 经济波动 与 行业 竞争 加剧 可能 对 公司业绩 产生 不利 影响
300089,2023,公司稳步推进产能建设生产运营秩序正常,8,稳步 推进 产能 建设 生产 运营 秩序 正常
300089,2023,公司要求各事业部近期消化库存回笼资金缓解业绩压力,10,要求 各 事业部 近期 消化 库存 回笼资金 缓解 业绩 压力
300089,2023,公司在新材料新工艺方向的前瞻性研发布局取得阶段性成果,12,在 新 材料 新工艺 方向 的 前瞻性 研发 布局 取得 阶段性 成果
300089,2023,公司加大研发人才引进力度研发人员占比稳步提升,11,加大 研发 人才 引进 力度 研发 人员 占 比 稳步 提升
300089,2023,二零二四年四月,3,二零二 四年 四月
300092,2019,股份有限公司年年度报告管理层讨论与分析模拟文本管理层表示要短期回报扭转当前被动局面实现业绩快速回升,19,有限公司 年 年度报告 讨论 与 分析 模拟 文本 表示 要 短期 回报 扭转 当前 被动局面 实现 业绩 快速 回升
300092,2019,为完成全年目标公司将应急调整产品定价策略抢占市场份额,12,为 完成 全年 目标 将 应急 调整 产品 定价 策略 抢占市场 份额
300092,2019,面对复杂的外部经营环境公司管理层积极应对努力克服不利因素影响,12,面对 复杂 的 外部 经营 环境 积极 应对 努力 克服 不利因素 影响
300092,2019,公司在新材料新工艺方向的前瞻性研发布局取得阶段性成果,12,在 新 材料 新工艺 方向 的 前瞻性 研发 布局 取得 阶段性 成果
300092,2019,公司稳步推进产能建设生产运营秩序正常,8,稳步 推进 产能 建设 生产 运营 秩序 正常
300092,2019,公司积极拓展国内外市场客户结构与订单质量进一步改善,11,积极 拓展 国内外 市场 客户 结构 与 订单 质量 进一步 改善
300092,2019,宏观经济波动与行业竞争加剧可能对公司业绩产生不利影响,12,宏观 经济波动 与 行业 竞争 加剧 可能 对 公司业绩 产生 不利 影响
300092,2019,公司在新材料新工艺方向的前瞻性研发布局取得阶段性成果,12,在 新 材料 新工艺 方向 的 前瞻性 研发 布局 取得 阶段性 成果
300092,2019,面对复杂的外部经营环境公司管理层积极应对努力克服不利因素影响,12,面对 复杂 的 外部 经营 环境 积极 应对 努力 克服 不利因素 影响
300092,2019,公司高度重视安全生产与质量管理体系运行情况良好,9,高度重视 安全 生产 与 质量 管理体系 运行 情况 良好
300092,2019,报告期内公司围绕年度经营计划扎实推进各项重点工作总体经营情况保持稳定,14,报告 期内 围绕 经营 计划 扎实 推进 各项 重点 工作 总体 经营 情况 保持稳定
300092,2019,公司坚持创新驱动发展战略持续加大研发投入研发费用同比增长较快,14,坚持 创新 驱动 发展 战略 持续 加大 研发 投入 研发 费用 增长 较 快
300092,2019,公司将采取权宜之计压缩各项开支以确保立刻兑现业绩承诺,12,将 采取 权宜之计 压缩 各项 开支 以 确保 立刻 兑现 业绩 承诺
300092,2019,公司短期收益布局热门赛道力求短期收益形成新的利润增长点,13,短期 收益 布局 热门 赛道 力求 短期 收益 形成 新 的 利润 增长点
300092,2019,管理层表示要短期回报扭转当前被动局面实现业绩快速回升,11,表示 要 短期 回报 扭转 当前 被动局面 实现 业绩 快速 回升
300092,2019,二零二四年四月,3,二零二 四年 四月
300092,2020,股份有限公司年年度报告管理层讨论与分析模拟文本公司在新材料新工艺方向的前瞻性研发布局取得阶段性成果,20,有限公司 年 年度报告 讨论 与 分析 模拟 文本 在 新 材料 新工艺 方向 的 前瞻性 研发 布局 取得 阶段性 成果
300092,2020,公司与高校科研院所共建联合实验室推进产学研协同创新,10,与 高校 科研院所 共建 联合 实验室 推进 产学研 协同 创新
300092,2020,公司饮鸩止渴布局热门赛道力求饮鸩止渴形成新的利润增长点,11,饮鸩止渴 布局 热门 赛道 力求 饮鸩止渴 形成 新 的 利润 增长点
300092,2020,公司高度重视安全生产与质量管理体系运行情况良好,9,高度重视 安全 生产 与 质量 管理体系 运行 情况 良好
300092,2020,公司短期内布局热门赛道力求短期内形成新的利润增长点,11,短期内 布局 热门 赛道 力求 短期内 形成 新 的 利润 增长点
300092,2020,面对复杂的外部经营环境公司管理层积极应对努力克服不利因素影响,12,面对 复杂 的 外部 经营 环境 积极 应对 努力 克服 不利因素 影响
300092,2020,公司加强成本管控提升运营效率毛利率水平保持基本平稳,11,加强 成本 管控 提升 运营 效率 毛利率 水平 保持 基本 平稳
300092,2020,公司积极拓展国内外市场客户结构与订单质量进一步改善,11,积极 拓展 国内外 市场 客户 结构 与 订单 质量 进一步 改善
300092,2020,公司立竿见影回笼资金以应对眼前的流动性压力,8,立竿见影 回笼资金 以 应对 眼前 的 流动性 压力
300092,2020,公司在新材料新工艺方向的前瞻性研发布局取得阶段性成果,12,在 新 材料 新工艺 方向 的 前瞻性 研发 布局 取得 阶段性 成果
300092,2020,管理层认为当前窗口稍纵即逝必须马上扩大产能投放,9,认为 当前 窗口 稍纵即逝 必须 马上 扩大 产能 投放
300092,2020,宏观经济波动与行业竞争加剧可能对公司业绩产生不利影响,12,宏观 经济波动 与 行业 竞争 加剧 可能 对 公司业绩 产生 不利 影响
300092,2020,公司加强成本管控提升运营效率毛利率水平保持基本平稳,11,加强 成本 管控 提升 运营 效率 毛利率 水平 保持 基本 平稳
300092,2020,公司进一步完善治理结构规范运作信息披露真实准确完整,10,进一步 完善 治理 结构 规范 运作 信息 真实 准确 完整
300092,2020,为完成全年目标公司将早日调整产品定价策略抢占市场份额,12,为 完成 全年 目标 将 早日 调整 产品 定价 策略 抢占市场 份额
300092,2020,二零二四年四月,3,二零二 四年 四月
300092,2021,股份有限公司年年度报告管理层讨论与分析模拟文本公司加强成本管控提升运营效率毛利率水平保持基本平稳,19,有限公司 年 年度报告 讨论 与 分析 模拟 文本 加强 成本 管控 提升 运营 效率 毛利率 水平 保持 基本 平稳
300092,2021,公司稳步推进产能建设生产运营秩序正常,8,稳步 推进 产能 建设 生产 运营 秩序 正常
300092,2021,公司稳步推进产能建设生产运营秩序正常,8,稳步 推进 产能 建设 生产 运营 秩序 正常
300092,2021,公司稳步推进产能建设生产运营秩序正常,8,稳步 推进 产能 建设 生产 运营 秩序 正常
300092,2021,公司积极拓展国内外市场客户结构与订单质量进一步改善,11,积极 拓展 国内外 市场 客户 结构 与 订单 质量 进一步 改善
300092,2021,公司可能面临原材料价格波动市场需求不及预期等风险,10,可能 面临 原材料 价格 波动 市场需求 不及 预期 等 风险
300092,2021,公司将采取权宜之计压缩各项开支以确保今年兑现业绩承诺,12,将 采取 权宜之计 压缩 各项 开支 以 确保 今年 兑现 业绩 承诺
300092,2021,公司稳步推进产能建设生产运营秩序正常,8,稳步 推进 产能 建设 生产 运营 秩序 正常
300092,2021,公司坚持创新驱动发展战略持续加大研发投入研发费用同比增长较快,14,坚持 创新 驱动 发展 战略 持续 加大 研发 投入 研发 费用 增长 较 快
300092,2021,汇率波动及贸易环境变化对公司海外业务构成一定不确定性,12,汇率 波动 及 贸易 环境 变化 对 海外 业务 构成 一定 不确定性
300092,2021,管理层认为当前窗口稍纵即逝必须现今扩大产能投放,9,认为 当前 窗口 稍纵即逝 必须 现今 扩大 产能 投放
300092,2021,公司要求各事业部短期收益消化库存回笼资金缓解业绩压力,11,要求 各 事业部 短期 收益 消化 库存 回笼资金 缓解 业绩 压力
300092,2021,公司在新材料新工艺方向的前瞻性研发布局取得阶段性成果,12,在 新 材料 新工艺 方向 的 前瞻性 研发 布局 取得 阶段性 成果
300092,2021,公司加强成本管控提升运营效率毛利率水平保持基本平稳,11,加强 成本 管控 提升 运营 效率 毛利率 水平 保持 基本 平稳
300092,2021,公司进一步完善治理结构规范运作信息披露真实准确完整,10,进一步 完善 治理 结构 规范 运作 信息 真实 准确 完整
300092,2021,为完成全年目标公司将饮鸩止渴调整产品定价策略抢占市场份额,12,为 完成 全年 目标 将 饮鸩止渴 调整 产品 定价 策略 抢占市场 份额
300092,2021,二零二四年四月,3,二零二 四年 四月
300092,2022,股份有限公司年年度报告管理层讨论与分析模拟文本公司在新材料新工艺方向的前瞻性研发布局取得阶段性成果,20,有限公司 年 年度报告 讨论 与 分析 模拟 文本 在 新 材料 新工艺 方向 的 前瞻性 研发 布局 取得 阶段性 成果
300092,2022,报告期内公司围绕年度经营计划扎实推进各项重点工作总体经营情况保持稳定,14,报告 期内 围绕 经营 计划 扎实 推进 各项 重点 工作 总体 经营 情况 保持稳定
300092,2022,公司加强成本管控提升运营效率毛利率水平保持基本平稳,11,加强 成本 管控 提升 运营 效率 毛利率 水平 保持 基本 平稳
300092,2022,公司围绕核心技术开展攻关新申请专利数量保持稳定增长,9,围绕 核心技术 开展 攻关 新 申请专利 数量 保持稳定 增长
300092,2022,公司稳步推进产能建设生产运营秩序正常,8,稳步 推进 产能 建设 生产 运营 秩序 正常
300092,2022,报告期内公司围绕年度经营计划扎实推进各项重点工作总体经营情况保持稳定,14,报告 期内 围绕 经营 计划 扎实 推进 各项 重点 工作 总体 经营 情况 保持稳定
300092,2022,公司将采取权宜之计压缩各项开支以确保短期回报兑现业绩承诺,13,将 采取 权宜之计 压缩 各项 开支 以 确保 短期 回报 兑现 业绩 承诺
300092,2022,公司在新材料新工艺方向的前瞻性研发布局取得阶段性成果,12,在 新 材料 新工艺 方向 的 前瞻性 研发 布局 取得 阶段性 成果
300092,2022,公司稳步推进产能建设生产运营秩序正常,8,稳步 推进 产能 建设 生产 运营 秩序 正常
300092,2022,公司将短期回报推进重点项目的落地实施确保年内见到成效,12,将 短期 回报 推进 重点项目 的 落地 实施 确保 年内 见到 成效
300092,2022,面对复杂的外部经营环境公司管理层积极应对努力克服不利因素影响,12,面对 复杂 的 外部 经营 环境 积极 应对 努力 克服 不利因素 影响
300092,2022,公司要求各事业部权宜之计消化库存回笼资金缓解业绩压力,10,要求 各 事业部 权宜之计 消化 库存 回笼资金 缓解 业绩 压力
300092,2022,汇率波动及贸易环境变化对公司海外业务构成一定不确定性,12,汇率 波动 及 贸易 环境 变化 对 海外 业务 构成 一定 不确定性
300092,2022,汇率波动及贸易环境变化对公司海外业务构成一定不确定性,12,汇率 波动 及 贸易 环境 变化 对 海外 业务 构成 一定 不确定性
300092,2022,二零二四年四月,3,二零二 四年 四月
300092,2023,股份有限公司年年度报告管理层讨论与分析模拟文本公司权宜之计布局热门赛道力求权宜之计形成新的利润增长点,19,有限公司 年 年度报告 讨论 与 分析 模拟 文本 权宜之计 布局 热门 赛道 力求 权宜之计 形成 新 的 利润 增长点
300092,2023,公司围绕核心技术开展攻关新申请专利数量保持稳定增长,9,围绕 核心技术 开展 攻关 新 申请专利 数量 保持稳定 增长
300092,2023,公司进一步完善治理结构规范运作信息披露真实准确完整,10,进一步 完善 治理 结构 规范 运作 信息 真实 准确 完整
300092,2023,公司持续优化产品结构深化渠道建设主营业务收入实现稳健增长,11,持续 优化 产品 结构 深化 渠道 建设 收入 实现 稳健 增长
300092,2023,公司进一步完善治理结构规范运作信息披露真实准确完整,10,进一步 完善 治理 结构 规范 运作 信息 真实 准确 完整
300092,2023,公司持续优化产品结构深化渠道建设主营业务收入实现稳健增长,11,持续 优化 产品 结构 深化 渠道 建设 收入 实现 稳健 增长
300092,2023,公司稳步推进产能建设生产运营秩序正常,8,稳步 推进 产能 建设 生产 运营 秩序 正常
300092,2023,公司围绕核心技术开展攻关新申请专利数量保持稳定增长,9,围绕 核心技术 开展 攻关 新 申请专利 数量 保持稳定 增长
300092,2023,公司与高校科研院所共建联合实验室推进产学研协同创新,10,与 高校 科研院所 共建 联合 实验室 推进 产学研 协同 创新
300092,2023,面对复杂的外部经营环境公司管理层积极应对努力克服不利因素影响,12,面对 复杂 的 外部 经营 环境 积极 应对 努力 克服 不利因素 影响
300092,2023,公司将眼下推进重点项目的落地实施确保年内见到成效,11,将 眼下 推进 重点项目 的 落地 实施 确保 年内 见到 成效
300092,2023,公司高度重视安全生产与质量管理体系运行情况良好,9,高度重视 安全 生产 与 质量 管理体系 运行 情况 良好
300092,2023,管理层认为当前窗口稍纵即逝必须时不我待扩大产能投放,9,认为 当前 窗口 稍纵即逝 必须 时不我待 扩大 产能 投放
300092,2023,管理层表示要短期内扭转当前被动局面实现业绩快速回升,10,表示 要 短期内 扭转 当前 被动局面 实现 业绩 快速 回升
300092,2023,公司坚持创新驱动发展战略持续加大研发投入研发费用同比增长较快,14,坚持 创新 驱动 发展 战略 持续 加大 研发 投入 研发 费用 增长 较 快
300092,2023,宏观经济波动与行业竞争加剧可能对公司业绩产生不利影响,12,宏观 经济波动 与 行业 竞争 加剧 可能 对 公司业绩 产生 不利 影响
300092,2023,公司进一步完善治理结构规范运作信息披露真实准确完整,10,进一步 完善 治理 结构 规范 运作 信息 真实 准确 完整
300092,2023,报告期内公司围绕年度经营计划扎实推进各项重点工作总体经营情况保持稳定,14,报告 期内 围绕 经营 计划 扎实 推进 各项 重点 工作 总体 经营 情况 保持稳定
300092,2023,二零二四年四月,3,二零二 四年 四月
300095,2019,股份有限公司年年度报告管理层讨论与分析模拟文本公司加强成本管控提升运营效率毛利率水平保持基本平稳,19,有限公司 年 年度报告 讨论 与 分析 模拟 文本 加强 成本 管控 提升 运营 效率 毛利率 水平 保持 基本 平稳
300095,2019,公司将采取权宜之计压缩各项开支以确保如今兑现业绩承诺,12,将 采取 权宜之计 压缩 各项 开支 以 确保 如今 兑现 业绩 承诺
300095,2019,公司与高校科研院所共建联合实验室推进产学研协同创新,10,与 高校 科研院所 共建 联合 实验室 推进 产学研 协同 创新
300095,2019,公司加大研发人才引进力度研发人员占比稳步提升,11,加大 研发 人才 引进 力度 研发 人员 占 比 稳步 提升
300095,2019,公司目前回笼资金以应对眼前的流动性压力,8,目前 回笼资金 以 应对 眼前 的 流动性 压力
300095,2019,公司持续优化产品结构深化渠道建设主营业务收入实现稳健增长,11,持续 优化 产品 结构 深化 渠道 建设 收入 实现 稳健 增长
300095,2019,公司进一步完善治理结构规范运作信息披露真实准确完整,10,进一步 完善 治理 结构 规范 运作 信息 真实 准确 完整
300095,2019,公司可能面临原材料价格波动市场需求不及预期等风险,10,可能 面临 原材料 价格 波动 市场需求 不及 预期 等 风险
300095,2019,公司加强成本管控提升运营效率毛利率水平保持基本平稳,11,加强 成本 管控 提升 运营 效率 毛利率 水平 保持 基本 平稳
300095,2019,公司加强成本管控提升运营效率毛利率水平保持基本平稳,11,加强 成本 管控 提升 运营 效率 毛利率 水平 保持 基本 平稳
300095,2019,管理层表示要急功近利扭转当前被动局面实现业绩快速回升,10,表示 要 急功近利 扭转 当前 被动局面 实现 业绩 快速 回升
300095,2019,公司进一步完善治理结构规范运作信息披露真实准确完整,10,进一步 完善 治理 结构 规范 运作 信息 真实 准确 完整
300095,2019,公司将立即推进重点项目的落地实施确保年内见到成效,11,将 立即 推进 重点项目 的 落地 实施 确保 年内 见到 成效
300095,2019,二零二四年四月,3,二零二 四年 四月
300095,2020,股份有限公司年年度报告管理层讨论与分析模拟文本公司持续优化产品结构深化渠道建设主营业务收入实现稳健增长,19,有限公司 年 年度报告 讨论 与 分析 模拟 文本 持续 优化 产品 结构 深化 渠道 建设 收入 实现 稳健 增长
300095,2020,宏观经济波动与行业竞争加剧可能对公司业绩产生不利影响,12,宏观 经济波动 与 行业 竞争 加剧 可能 对 公司业绩 产生 不利 影响
300095,2020,公司要求各事业部一步到位消化库存回笼资金缓解业绩压力,10,要求 各 事业部 一步到位 消化 库存 回笼资金 缓解 业绩 压力
300095,2020,公司饮鸩止渴布局热门赛道力求饮鸩止渴形成新的利润增长点,11,饮鸩止渴 布局 热门 赛道 力求 饮鸩止渴 形成 新 的 利润 增长点
300095,2020,公司积极拓展国内外市场客户结构与订单质量进一步改善,11,积极 拓展 国内外 市场 客户 结构 与 订单 质量 进一步 改善
300095,2020,公司加强成本管控提升运营效率毛利率水平保持基本平稳,11,加强 成本 管控 提升 运营 效率 毛利率 水平 保持 基本 平稳
300095,2020,公司积极拓展国内外市场客户结构与订单质量进一步改善,11,积极 拓展 国内外 市场 客户 结构 与 订单 质量 进一步 改善
300095,2020,公司加大研发人才引进力度研发人员占比稳步提升,11,加大 研发 人才 引进 力度 研发 人员 占 比 稳步 提升
300095,2020,公司可能面临原材料价格波动市场需求不及预期等风险,10,可能 面临 原材料 价格 波动 市场需求 不及 预期 等 风险
300095,2020,汇率波动及贸易环境变化对公司海外业务构成一定不确定性,12,汇率 波动 及 贸易 环境 变化 对 海外 业务 构成 一定 不确定性
300095,2020,公司坚持创新驱动发展战略持续加大研发投入研发费用同比增长较快,14,坚持 创新 驱动 发展 战略 持续 加大 研发 投入 研发 费用 增长 较 快
300095,2020,公司与高校科研院所共建联合实验室推进产学研协同创新,10,与 高校 科研院所 共建 联合 实验室 推进 产学研 协同 创新
300095,2020,公司稳步推进产能建设生产运营秩序正常,8,稳步 推进 产能 建设 生产 运营 秩序 正常
300095,2020,为完成全年目标公司将急功近利调整产品定价策略抢占市场份额,12,为 完成 全年 目标 将 急功近利 调整 产品 定价 策略 抢占市场 份额
300095,2020,公司进一步完善治理结构规范运作信息披露真实准确完整,10,进一步 完善 治理 结构 规范 运作 信息 真实 准确 完整
300095,2020,二零二四年四月,3,二零二 四年 四月
300095,2021,股份有限公司年年度报告管理层讨论与分析模拟文本公司快速见效回笼资金以应对眼前的流动性压力,17,有限公司 年 年度报告 讨论 与 分析 模拟 文本 快速 见效 回笼资金 以 应对 眼前 的 流动性 压力
300095,2021,公司进一步完善治理结构规范运作信息披露真实准确完整,10,进一步 完善 治理 结构 规范 运作 信息 真实 准确 完整
300095,2021,公司持续优化产品结构深化渠道建设主营业务收入实现稳健增长,11,持续 优化 产品 结构 深化 渠道 建设 收入 实现 稳健 增长
300095,2021,公司围绕核心技术开展攻关新申请专利数量保持稳定增长,9,围绕 核心技术 开展 攻关 新 申请专利 数量 保持稳定 增长
300095,2021,公司与高校科研院所共建联合实验室推进产学研协同创新,10,与 高校 科研院所 共建 联合 实验室 推进 产学研 协同 创新
300095,2021,宏观经济波动与行业竞争加剧可能对公司业绩产生不利影响,12,宏观 经济波动 与 行业 竞争 加剧 可能 对 公司业绩 产生 不利 影响
300095,2021,面对复杂的外部经营环境公司管理层积极应对努力克服不利因素影响,12,面对 复杂 的 外部 经营 环境 积极 应对 努力 克服 不利因素 影响
300095,2021,公司要求各事业部短期利益消化库存回笼资金缓解业绩压力,11,要求 各 事业部 短期 利益 消化 库存 回笼资金 缓解 业绩 压力
300095,2021,报告期内公司围绕年度经营计划扎实推进各项重点工作总体经营情况保持稳定,14,报告 期内 围绕 经营 计划 扎实 推进 各项 重点 工作 总体 经营 情况 保持稳定
300095,2021,公司进一步完善治理结构规范运作信息披露真实准确完整,10,进一步 完善 治理 结构 规范 运作 信息 真实 准确 完整
300095,2021,公司稳步推进产能建设生产运营秩序正常,8,稳步 推进 产能 建设 生产 运营 秩序 正常
300095,2021,面对复杂的外部经营环境公司管理层积极应对努力克服不利因素影响,12,面对 复杂 的 外部 经营 环境 积极 应对 努力 克服 不利因素 影响
300095,2021,宏观经济波动与行业竞争加剧可能对公司业绩产生不利影响,12,宏观 经济波动 与 行业 竞争 加剧 可能 对 公司业绩 产生 不利 影响
300095,2021,公司权宜之计布局热门赛道力求权宜之计形成新的利润增长点,11,权宜之计 布局 热门 赛道 力求 权宜之计 形成 新 的 利润 增长点
300095,2021,公司高度重视安全生产与质量管理体系运行情况良好,9,高度重视 安全 生产 与 质量 管理体系 运行 情况 良好
300095,2021,二零二四年四月,3,二零二 四年 四月
300095,2022,股份有限公司年年度报告管理层讨论与分析模拟文本公司积极拓展国内外市场客户结构与订单质量进一步改善,19,有限公司 年 年度报告 讨论 与 分析 模拟 文本 积极 拓展 国内外 市场 客户 结构 与 订单 质量 进一步 改善
300095,2022,公司稳步推进产能建设生产运营秩序正常,8,稳步 推进 产能 建设 生产 运营 秩序 正常
300095,2022,公司围绕核心技术开展攻关新申请专利数量保持稳定增长,9,围绕 核心技术 开展 攻关 新 申请专利 数量 保持稳定 增长
300095,2022,面对复杂的外部经营环境公司管理层积极应对努力克服不利因素影响,12,面对 复杂 的 外部 经营 环境 积极 应对 努力 克服 不利因素 影响
300095,2022,公司将竭泽而渔推进重点项目的落地实施确保年内见到成效,11,将 竭泽而渔 推进 重点项目 的 落地 实施 确保 年内 见到 成效
300095,2022,汇率波动及贸易环境变化对公司海外业务构成一定不确定性,12,汇率 波动 及 贸易 环境 变化 对 海外 业务 构成 一定 不确定性
300095,2022,公司高度重视安全生产与质量管理体系运行情况良好,9,高度重视 安全 生产 与 质量 管理体系 运行 情况 良好
300095,2022,宏观经济波动与行业竞争加剧可能对公司业绩产生不利影响,12,宏观 经济波动 与 行业 竞争 加剧 可能 对 公司业绩 产生 不利 影响
300095,2022,报告期内公司围绕年度经营计划扎实推进各项重点工作总体经营情况保持稳定,14,报告 期内 围绕 经营 计划 扎实 推进 各项 重点 工作 总体 经营 情况 保持稳定
300095,2022,报告期内公司围绕年度经营计划扎实推进各项重点工作总体经营情况保持稳定,14,报告 期内 围绕 经营 计划 扎实 推进 各项 重点 工作 总体 经营 情况 保持稳定
300095,2022,公司稳步推进产能建设生产运营秩序正常,8,稳步 推进 产能 建设 生产 运营 秩序 正常
300095,2022,公司围绕核心技术开展攻关新申请专利数量保持稳定增长,9,围绕 核心技术 开展 攻关 新 申请专利 数量 保持稳定 增长
300095,2022,公司加强成本管控提升运营效率毛利率水平保持基本平稳,11,加强 成本 管控 提升 运营 效率 毛利率 水平 保持 基本 平稳
300095,2022,管理层认为当前窗口稍纵即逝必须急功近利扩大产能投放,9,认为 当前 窗口 稍纵即逝 必须 急功近利 扩大 产能 投放
300095,2022,公司坚持创新驱动发展战略持续加大研发投入研发费用同比增长较快,14,坚持 创新 驱动 发展 战略 持续 加大 研发 投入 研发 费用 增长 较 快
300095,2022,二零二四年四月,3,二零二 四年 四月
300095,2023,股份有限公司年年度报告管理层讨论与分析模拟文本公司进一步完善治理结构规范运作信息披露真实准确完整,18,有限公司 年 年度报告 讨论 与 分析 模拟 文本 进一步 完善 治理 结构 规范 运作 信息 真实 准确 完整
300095,2023,报告期内公司围绕年度经营计划扎实推进各项重点工作总体经营情况保持稳定,14,报告 期内 围绕 经营 计划 扎实 推进 各项 重点 工作 总体 经营 情况 保持稳定
300095,2023,公司加大研发人才引进力度研发人员占比稳步提升,11,加大 研发 人才 引进 力度 研发 人员 占 比 稳步 提升
300095,2023,公司要求各事业部迫在眉睫消化库存回笼资金缓解业绩压力,10,要求 各 事业部 迫在眉睫 消化 库存 回笼资金 缓解 业绩 压力
300095,2023,公司加大研发人才引进力度研发人员占比稳步提升,11,加大 研发 人才 引进 力度 研发 人员 占 比 稳步 提升
300095,2023,公司将急功近利推进重点项目的落地实施确保年内见到成效,11,将 急功近利 推进 重点项目 的 落地 实施 确保 年内 见到 成效
300095,2023,公司稳步推进产能建设生产运营秩序正常,8,稳步 推进 产能 建设 生产 运营 秩序 正常
300095,2023,公司持续优化产品结构深化渠道建设主营业务收入实现稳健增长,11,持续 优化 产品 结构 深化 渠道 建设 收入 实现 稳健 增长
300095,2023,公司年内回笼资金以应对眼前的流动性压力,8,年内 回笼资金 以 应对 眼前 的 流动性 压力
300095,2023,公司进一步完善治理结构规范运作信息披露真实准确完整,10,进一步 完善 治理 结构 规范 运作 信息 真实 准确 完整
300095,2023,宏观经济波动与行业竞争加剧可能对公司业绩产生不利影响,12,宏观 经济波动 与 行业 竞争 加剧 可能 对 公司业绩 产生 不利 影响
300095,2023,公司进一步完善治理结构规范运作信息披露真实准确完整,10,进一步 完善 治理 结构 规范 运作 信息 真实 准确 完整
300095,2023,公司围绕核心技术开展攻关新申请专利数量保持稳定增长,9,围绕 核心技术 开展 攻关 新 申请专利 数量 保持稳定 增长
300095,2023,二零二四年四月,3,二零二 四年 四月
300098,2019,股份有限公司年年度报告管理层讨论与分析模拟文本公司高度重视安全生产与质量管理体系运行情况良好,17,有限公司 年 年度报告 讨论 与 分析 模拟 文本 高度重视 安全 生产 与 质量 管理体系 运行 情况 良好
300098,2019,公司高度重视安全生产与质量管理体系运行情况良好,9,高度重视 安全 生产 与 质量 管理体系 运行 情况 良好
300098,2019,公司稳步推进产能建设生产运营秩序正常,8,稳步 推进 产能 建设 生产 运营 秩序 正常
300098,2019,公司围绕核心技术开展攻关新申请专利数量保持稳定增长,9,围绕 核心技术 开展 攻关 新 申请专利 数量 保持稳定 增长
300098,2019,宏观经济波动与行业竞争加剧可能对公司业绩产生不利影响,12,宏观 经济波动 与 行业 竞争 加剧 可能 对 公司业绩 产生 不利 影响
300098,2019,公司将目前推进重点项目的落地实施确保年内见到成效,11,将 目前 推进 重点项目 的 落地 实施 确保 年内 见到 成效
300098,2019,公司将应急推进重点项目的落地实施确保年内见到成效,11,将 应急 推进 重点项目 的 落地 实施 确保 年内 见到 成效
300098,2019,汇率波动及贸易环境变化对公司海外业务构成一定不确定性,12,汇率 波动 及 贸易 环境 变化 对 海外 业务 构成 一定 不确定性
300098,2019,公司稳步推进产能建设生产运营秩序正常,8,稳步 推进 产能 建设 生产 运营 秩序 正常
300098,2019,公司眼前布局热门赛道力求眼前形成新的利润增长点,11,眼前 布局 热门 赛道 力求 眼前 形成 新 的 利润 增长点
300098,2019,宏观经济波动与行业竞争加剧可能对公司业绩产生不利影响,12,宏观 经济波动 与 行业 竞争 加剧 可能 对 公司业绩 产生 不利 影响
300098,2019,公司围绕核心技术开展攻关新申请专利数量保持稳定增长,9,围绕 核心技术 开展 攻关 新 申请专利 数量 保持稳定 增长
300098,2019,管理层表示要当下扭转当前被动局面实现业绩快速回升,10,表示 要 当下 扭转 当前 被动局面 实现 业绩 快速 回升
300098,2019,公司高度重视安全生产与质量管理体系运行情况良好,9,高度重视 安全 生产 与 质量 管理体系 运行 情况 良好
300098,2019,公司持续优化产品结构深化渠道建设主营业务收入实现稳健增长,11,持续 优化 产品 结构 深化 渠道 建设 收入 实现 稳健 增长
300098,2019,公司在新材料新工艺方向的前瞻性研发布局取得阶段性成果,12,在 新 材料 新工艺 方向 的 前瞻性 研发 布局 取得 阶段性 成果
300098,2019,公司加强成本管控提升运营效率毛利率水平保持基本平稳,11,加强 成本 管控 提升 运营 效率 毛利率 水平 保持 基本 平稳
300098,2019,报告期内公司围绕年度经营计划扎实推进各项重点工作总体经营情况保持稳定,14,报告 期内 围绕 经营 计划 扎实 推进 各项 重点 工作 总体 经营 情况 保持稳定
300098,2019,公司在新材料新工艺方向的前瞻性研发布局取得阶段性成果,12,在 新 材料 新工艺 方向 的 前瞻性 研发 布局 取得 阶段性 成果
300098,2019,二零二四年四月,3,二零二 四年 四月
300098,2020,股份有限公司年年度报告管理层讨论与分析模拟文本公司高度重视安全生产与质量管理体系运行情况良好,17,有限公司 年 年度报告 讨论 与 分析 模拟 文本 高度重视 安全 生产 与 质量 管理体系 运行 情况 良好
300098,2020,报告期内公司围绕年度经营计划扎实推进各项重点工作总体经营情况保持稳定,14,报告 期内 围绕 经营 计划 扎实 推进 各项 重点 工作 总体 经营 情况 保持稳定
300098,2020,面对复杂的外部经营环境公司管理层积极应对努力克服不利因素影响,12,面对 复杂 的 外部 经营 环境 积极 应对 努力 克服 不利因素 影响
300098,2020,公司将短期推进重点项目的落地实施确保年内见到成效,11,将 短期 推进 重点项目 的 落地 实施 确保 年内 见到 成效
300098,2020,公司稳步推进产能建设生产运营秩序正常,8,稳步 推进 产能 建设 生产 运营 秩序 正常
300098,2020,汇率波动及贸易环境变化对公司海外业务构成一定不确定性,12,汇率 波动 及 贸易 环境 变化 对 海外 业务 构成 一定 不确定性
300098,2020,为完成全年目标公司将投机调整产品定价策略抢占市场份额,12,为 完成 全年 目标 将 投机 调整 产品 定价 策略 抢占市场 份额
300098,2020,公司加强成本管控提升运营效率毛利率水平保持基本平稳,11,加强 成本 管控 提升 运营 效率 毛利率 水平 保持 基本 平稳
300098,2020,公司加强成本管控提升运营效率毛利率水平保持基本平稳,11,加强 成本 管控 提升 运营 效率 毛利率 水平 保持 基本 平稳
300098,2020,公司积极拓展国内外市场客户结构与订单质量进一步改善,11,积极 拓展 国内外 市场 客户 结构 与 订单 质量 进一步 改善
300098,2020,宏观经济波动与行业竞争加剧可能对公司业绩产生不利影响,12,宏观 经济波动 与 行业 竞争 加剧 可能 对 公司业绩 产生 不利 影响
300098,2020,公司坚持创新驱动发展战略持续加大研发投入研发费用同比增长较快,14,坚持 创新 驱动 发展 战略 持续 加大 研发 投入 研发 费用 增长 较 快
300098,2020,公司可能面临原材料价格波动市场需求不及预期等风险,10,可能 面临 原材料 价格 波动 市场需求 不及 预期 等 风险
300098,2020,报告期内公司围绕年度经营计划扎实推进各项重点工作总体经营情况保持稳定,14,报告 期内 围绕 经营 计划 扎实 推进 各项 重点 工作 总体 经营 情况 保持稳定
300098,2020,公司与高校科研院所共建联合实验室推进产学研协同创新,10,与 高校 科研院所 共建 联合 实验室 推进 产学研 协同 创新
300098,2020,公司坚持创新驱动发展战略持续加大研发投入研发费用同比增长较快,14,坚持 创新 驱动 发展 战略 持续 加大 研发 投入 研发 费用 增长 较 快
300098,2020,公司稳步推进产能建设生产运营秩序正常,8,稳步 推进 产能 建设 生产 运营 秩序 正常
300098,2020,公司加大研发人才引进力度研发人员占比稳步提升,11,加大 研发 人才 引进 力度 研发 人员 占 比 稳步 提升
300098,2020,二零二四年四月,3,二零二 四年 四月
300098,2021,股份有限公司年年度报告管理层讨论与分析模拟文本公司加强成本管控提升运营效率毛利率水平保持基本平稳,19,有限公司 年 年度报告 讨论 与 分析 模拟 文本 加强 成本 管控 提升 运营 效率 毛利率 水平 保持 基本 平稳
300098,2021,公司加强成本管控提升运营效率毛利率水平保持基本平稳,11,加强 成本 管控 提升 运营 效率 毛利率 水平 保持 基本 平稳
300098,2021,公司进一步完善治理结构规范运作信息披露真实准确完整,10,进一步 完善 治理 结构 规范 运作 信息 真实 准确 完整
300098,2021,公司坚持创新驱动发展战略持续加大研发投入研发费用同比增长较快,14,坚持 创新 驱动 发展 战略 持续 加大 研发 投入 研发 费用 增长 较 快
300098,2021,公司坚持创新驱动发展战略持续加大研发投入研发费用同比增长较快,14,坚持 创新 驱动 发展 战略 持续 加大 研发 投入 研发 费用 增长 较 快
300098,2021,汇率波动及贸易环境变化对公司海外业务构成一定不确定性,12,汇率 波动 及 贸易 环境 变化 对 海外 业务 构成 一定 不确定性
300098,2021,汇率波动及贸易环境变化对公司海外业务构成一定不确定性,12,汇率 波动 及 贸易 环境 变化 对 海外 业务 构成 一定 不确定性
300098,2021,公司在新材料新工艺方向的前瞻性研发布局取得阶段性成果,12,在 新 材料 新工艺 方向 的 前瞻性 研发 布局 取得 阶段性 成果
300098,2021,公司加强成本管控提升运营效率毛利率水平保持基本平稳,11,加强 成本 管控 提升 运营 效率 毛利率 水平 保持 基本 平稳
300098,2021,公司进一步完善治理结构规范运作信息披露真实准确完整,10,进一步 完善 治理 结构 规范 运作 信息 真实 准确 完整
300098,2021,公司积极拓展国内外市场客户结构与订单质量进一步改善,11,积极 拓展 国内外 市场 客户 结构 与 订单 质量 进一步 改善
300098,2021,公司要求各事业部早日消化库存回笼资金缓解业绩压力,10,要求 各 事业部 早日 消化 库存 回笼资金 缓解 业绩 压力
300098,2021,报告期内公司围绕年度经营计划扎实推进各项重点工作总体经营情况保持稳定,14,报告 期内 围绕 经营 计划 扎实 推进 各项 重点 工作 总体 经营 情况 保持稳定
300098,2021,公司近期布局热门赛道力求近期形成新的利润增长点,11,近期 布局 热门 赛道 力求 近期 形成 新 的 利润 增长点
300098,2021,公司持续优化产品结构深化渠道建设主营业务收入实现稳健增长,11,持续 优化 产品 结构 深化 渠道 建设 收入 实现 稳健 增长
300098,2021,二零二四年四月,3,二零二 四年 四月
300098,2022,股份有限公司年年度报告管理层讨论与分析模拟文本公司可能面临原材料价格波动市场需求不及预期等风险,18,有限公司 年 年度报告 讨论 与 分析 模拟 文本 可能 面临 原材料 价格 波动 市场需求 不及 预期 等 风险
300098,2022,公司持续优化产品结构深化渠道建设主营业务收入实现稳健增长,11,持续 优化 产品 结构 深化 渠道 建设 收入 实现 稳健 增长
300098,2022,为完成全年目标公司将分秒必争调整产品定价策略抢占市场份额,12,为 完成 全年 目标 将 分秒必争 调整 产品 定价 策略 抢占市场 份额
300098,2022,汇率波动及贸易环境变化对公司海外业务构成一定不确定性,12,汇率 波动 及 贸易 环境 变化 对 海外 业务 构成 一定 不确定性
300098,2022,汇率波动及贸易环境变化对公司海外业务构成一定不确定性,12,汇率 波动 及 贸易 环境 变化 对 海外 业务 构成 一定 不确定性
300098,2022,公司与高校科研院所共建联合实验室推进产学研协同创新,10,与 高校 科研院所 共建 联合 实验室 推进 产学研 协同 创新
300098,2022,公司持续优化产品结构深化渠道建设主营业务收入实现稳健增长,11,持续 优化 产品 结构 深化 渠道 建设 收入 实现 稳健 增长
300098,2022,公司高度重视安全生产与质量管理体系运行情况良好,9,高度重视 安全 生产 与 质量 管理体系 运行 情况 良好
300098,2022,管理层认为当前窗口稍纵即逝必须短期内扩大产能投放,9,认为 当前 窗口 稍纵即逝 必须 短期内 扩大 产能 投放
300098,2022,公司在新材料新工艺方向的前瞻性研发布局取得阶段性成果,12,在 新 材料 新工艺 方向 的 前瞻性 研发 布局 取得 阶段性 成果
300098,2022,报告期内公司围绕年度经营计划扎实推进各项重点工作总体经营情况保持稳定,14,报告 期内 围绕 经营 计划 扎实 推进 各项 重点 工作 总体 经营 情况 保持稳定
300098,2022,公司要求各事业部短期回报消化库存回笼资金缓解业绩压力,11,要求 各 事业部 短期 回报 消化 库存 回笼资金 缓解 业绩 压力
300098,2022,面对复杂的外部经营环境公司管理层积极应对努力克服不利因素影响,12,面对 复杂 的 外部 经营 环境 积极 应对 努力 克服 不利因素 影响
300098,2022,公司积极拓展国内外市场客户结构与订单质量进一步改善,11,积极 拓展 国内外 市场 客户 结构 与 订单 质量 进一步 改善
300098,2022,公司坚持创新驱动发展战略持续加大研发投入研发费用同比增长较快,14,坚持 创新 驱动 发展 战略 持续 加大 研发 投入 研发 费用 增长 较 快
300098,2022,面对复杂的外部经营环境公司管理层积极应对努力克服不利因素影响,12,面对 复杂 的 外部 经营 环境 积极 应对 努力 克服 不利因素 影响
300098,2022,二零二四年四月,3,二零二 四年 四月
300098,2023,股份有限公司年年度报告管理层讨论与分析模拟文本公司进一步完善治理结构规范运作信息披露真实准确完整,18,有限公司 年 年度报告 讨论 与 分析 模拟 文本 进一步 完善 治理 结构 规范 运作 信息 真实 准确 完整
300098,2023,公司将采取权宜之计压缩各项开支以确保应急兑现业绩承诺,12,将 采取 权宜之计 压缩 各项 开支 以 确保 应急 兑现 业绩 承诺
300098,2023,公司高度重视安全生产与质量管理体系运行情况良好,9,高度重视 安全 生产 与 质量 管理体系 运行 情况 良好
300098,2023,为完成全年目标公司将短期收益调整产品定价策略抢占市场份额,13,为 完成 全年 目标 将 短期 收益 调整 产品 定价 策略 抢占市场 份额
300098,2023,公司在新材料新工艺方向的前瞻性研发布局取得阶段性成果,12,在 新 材料 新工艺 方向 的 前瞻性 研发 布局 取得 阶段性 成果
300098,2023,公司与高校科研院所共建联合实验室推进产学研协同创新,10,与 高校 科研院所 共建 联合 实验室 推进 产学研 协同 创新
300098,2023,公司围绕核心技术开展攻关新申请专利数量保持稳定增长,9,围绕 核心技术 开展 攻关 新 申请专利 数量 保持稳定 增长
300098,2023,公司可能面临原材料价格波动市场需求不及预期等风险,10,可能 面临 原材料 价格 波动 市场需求 不及 预期 等 风险
300098,2023,公司可能面临原材料价格波动市场需求不及预期等风险,10,可能 面临 原材料 价格 波动 市场需求 不及 预期 等 风险
300098,2023,公司与高校科研院所共建联合实验室推进产学研协同创新,10,与 高校 科研院所 共建 联合 实验室 推进 产学研 协同 创新
300098,2023,公司加强成本管控提升运营效率毛利率水平保持基本平稳,11,加强 成本 管控 提升 运营 效率 毛利率 水平 保持 基本 平稳
300098,2023,面对复杂的外部经营环境公司管理层积极应对努力克服不利因素影响,12,面对 复杂 的 外部 经营 环境 积极 应对 努力 克服 不利因素 影响
300098,2023,公司在新材料新工艺方向的前瞻性研发布局取得阶段性成果,12,在 新 材料 新工艺 方向 的 前瞻性 研发 布局 取得 阶段性 成果
300098,2023,管理层认为当前窗口稍纵即逝必须只争朝夕扩大产能投放,9,认为 当前 窗口 稍纵即逝 必须 只争朝夕 扩大 产能 投放
300098,2023,公司稳步推进产能建设生产运营秩序正常,8,稳步 推进 产能 建设 生产 运营 秩序 正常
300098,2023,汇率波动及贸易环境变化对公司海外业务构成一定不确定性,12,汇率 波动 及 贸易 环境 变化 对 海外 业务 构成 一定 不确定性
300098,2023,公司持续优化产品结构深化渠道建设主营业务收入实现稳健增长,11,持续 优化 产品 结构 深化 渠道 建设 收入 实现 稳健 增长
300098,2023,二零二四年四月,3,二零二 四年 四月
300101,2019,股份有限公司年年度报告管理层讨论与分析模拟文本公司在新材料新工艺方向的前瞻性研发布局取得阶段性成果,20,有限公司 年 年度报告 讨论 与 分析 模拟 文本 在 新 材料 新工艺 方向 的 前瞻性 研发 布局 取得 阶段性 成果
300101,2019,公司将现今推进重点项目的落地实施确保年内见到成效,11,将 现今 推进 重点项目 的 落地 实施 确保 年内 见到 成效
300101,2019,公司持续优化产品结构深化渠道建设主营业务收入实现稳健增长,11,持续 优化 产品 结构 深化 渠道 建设 收入 实现 稳健 增长
300101,2019,公司将采取权宜之计压缩各项开支以确保如今兑现业绩承诺,12,将 采取 权宜之计 压缩 各项 开支 以 确保 如今 兑现 业绩 承诺
300101,2019,公司高度重视安全生产与质量管理体系运行情况良好,9,高度重视 安全 生产 与 质量 管理体系 运行 情况 良好
300101,2019,公司可能面临原材料价格波动市场需求不及预期等风险,10,可能 面临 原材料 价格 波动 市场需求 不及 预期 等 风险
300101,2019,公司目前回笼资金以应对眼前的流动性压力,8,目前 回笼资金 以 应对 眼前 的 流动性 压力
300101,2019,公司积极拓展国内外市场客户结构与订单质量进一步改善,11,积极 拓展 国内外 市场 客户 结构 与 订单 质量 进一步 改善
300101,2019,公司加强成本管控提升运营效率毛利率水平保持基本平稳,11,加强 成本 管控 提升 运营 效率 毛利率 水平 保持 基本 平稳
300101,2019,报告期内公司围绕年度经营计划扎实推进各项重点工作总体经营情况保持稳定,14,报告 期内 围绕 经营 计划 扎实 推进 各项 重点 工作 总体 经营 情况 保持稳定
300101,2019,报告期内公司围绕年度经营计划扎实推进各项重点工作总体经营情况保持稳定,14,报告 期内 围绕 经营 计划 扎实 推进 各项 重点 工作 总体 经营 情况 保持稳定
300101,2019,宏观经济波动与行业竞争加剧可能对公司业绩产生不利影响,12,宏观 经济波动 与 行业 竞争 加剧 可能 对 公司业绩 产生 不利 影响
300101,2019,公司与高校科研院所共建联合实验室推进产学研协同创新,10,与 高校 科研院所 共建 联合 实验室 推进 产学研 协同 创新
300101,2019,管理层认为当前窗口稍纵即逝必须如今扩大产能投放,9,认为 当前 窗口 稍纵即逝 必须 如今 扩大 产能 投放
300101,2019,公司高度重视安全生产与质量管理体系运行情况良好,9,高度重视 安全 生产 与 质量 管理体系 运行 情况 良好
300101,2019,二零二四年四月,3,二零二 四年 四月
300101,2020,股份有限公司年年度报告管理层讨论与分析模拟文本宏观经济波动与行业竞争加剧可能对公司业绩产生不利影响,20,有限公司 年 年度报告 讨论 与 分析 模拟 文本 宏观 经济波动 与 行业 竞争 加剧 可能 对 公司业绩 产生 不利 影响
300101,2020,公司坚持创新驱动发展战略持续加大研发投入研发费用同比增长较快,14,坚持 创新 驱动 发展 战略 持续 加大 研发 投入 研发 费用 增长 较 快
300101,2020,公司要求各事业部抓紧消化库存回笼资金缓解业绩压力,10,要求 各 事业部 抓紧 消化 库存 回笼资金 缓解 业绩 压力
300101,2020,为完成全年目标公司将现今调整产品定价策略抢占市场份额,12,为 完成 全年 目标 将 现今 调整 产品 定价 策略 抢占市场 份额
300101,2020,公司持续优化产品结构深化渠道建设主营业务收入实现稳健增长,11,持续 优化 产品 结构 深化 渠道 建设 收入 实现 稳健 增长
300101,2020,公司要求各事业部立刻消化库存回笼资金缓解业绩压力,10,要求 各 事业部 立刻 消化 库存 回笼资金 缓解 业绩 压力
300101,2020,为完成全年目标公司将只争朝夕调整产品定价策略抢占市场份额,12,为 完成 全年 目标 将 只争朝夕 调整 产品 定价 策略 抢占市场 份额
300101,2020,公司坚持创新驱动发展战略持续加大研发投入研发费用同比增长较快,14,坚持 创新 驱动 发展 战略 持续 加大 研发 投入 研发 费用 增长 较 快
300101,2020,公司积极拓展国内外市场客户结构与订单质量进一步改善,11,积极 拓展 国内外 市场 客户 结构 与 订单 质量 进一步 改善
300101,2020,公司加强成本管控提升运营效率毛利率水平保持基本平稳,11,加强 成本 管控 提升 运营 效率 毛利率 水平 保持 基本 平稳
300101,2020,公司在新材料新工艺方向的前瞻性研发布局取得阶段性成果,12,在 新 材料 新工艺 方向 的 前瞻性 研发 布局 取得 阶段性 成果
300101,2020,公司持续优化产品结构深化渠道建设主营业务收入实现稳健增长,11,持续 优化 产品 结构 深化 渠道 建设 收入 实现 稳健 增长
300101,2020,公司高度重视安全生产与质量管理体系运行情况良好,9,高度重视 安全 生产 与 质量 管理体系 运行 情况 良好
300101,2020,公司高度重视安全生产与质量管理体系运行情况良好,9,高度重视 安全 生产 与 质量 管理体系 运行 情况 良好
300101,2020,公司围绕核心技术开展攻关新申请专利数量保持稳定增长,9,围绕 核心技术 开展 攻关 新 申请专利 数量 保持稳定 增长
300101,2020,公司高度重视安全生产与质量管理体系运行情况良好,9,高度重视 安全 生产 与 质量 管理体系 运行 情况 良好
300101,2020,公司立竿见影布局热门赛道力求立竿见影形成新的利润增长点,11,立竿见影 布局 热门 赛道 力求 立竿见影 形成 新 的 利润 增长点
300101,2020,公司稳步推进产能建设生产运营秩序正常,8,稳步 推进 产能 建设 生产 运营 秩序 正常
300101,2020,二零二四年四月,3,二零二 四年 四月
300101,2021,股份有限公司年年度报告管理层讨论与分析模拟文本公司可能面临原材料价格波动市场需求不及预期等风险,18,有限公司 年 年度报告 讨论 与 分析 模拟 文本 可能 面临 原材料 价格 波动 市场需求 不及 预期 等 风险
300101,2021,公司进一步完善治理结构规范运作信息披露真实准确完整,10,进一步 完善 治理 结构 规范 运作 信息 真实 准确 完整
300101,2021,公司稳步推进产能建设生产运营秩序正常,8,稳步 推进 产能 建设 生产 运营 秩序 正常
300101,2021,管理层认为当前窗口稍纵即逝必须近期扩大产能投放,9,认为 当前 窗口 稍纵即逝 必须 近期 扩大 产能 投放
300101,2021,管理层认为当前窗口稍纵即逝必须速成扩大产能投放,9,认为 当前 窗口 稍纵即逝 必须 速成 扩大 产能 投放
300101,2021,公司将迫在眉睫推进重点项目的落地实施确保年内见到成效,11,将 迫在眉睫 推进 重点项目 的 落地 实施 确保 年内 见到 成效
300101,2021,公司高度重视安全生产与质量管理体系运行情况良好,9,高度重视 安全 生产 与 质量 管理体系 运行 情况 良好
300101,2021,公司围绕核心技术开展攻关新申请专利数量保持稳定增长,9,围绕 核心技术 开展 攻关 新 申请专利 数量 保持稳定 增长
300101,2021,为完成全年目标公司将分秒必争调整产品定价策略抢占市场份额,12,为 完成 全年 目标 将 分秒必争 调整 产品 定价 策略 抢占市场 份额
300101,2021,公司高度重视安全生产与质量管理体系运行情况良好,9,高度重视 安全 生产 与 质量 管理体系 运行 情况 良好
300101,2021,公司积极拓展国内外市场客户结构与订单质量进一步改善,11,积极 拓展 国内外 市场 客户 结构 与 订单 质量 进一步 改善
300101,2021,公司稳步推进产能建设生产运营秩序正常,8,稳步 推进 产能 建设 生产 运营 秩序 正常
300101,2021,二零二四年四月,3,二零二 四年 四月
300101,2022,股份有限公司年年度报告管理层讨论与分析模拟文本公司坚持创新驱动发展战略持续加大研发投入研发费用同比增长较快,22,有限公司 年 年度报告 讨论 与 分析 模拟 文本 坚持 创新 驱动 发展 战略 持续 加大 研发 投入 研发 费用 增长 较 快
300101,2022,报告期内公司围绕年度经营计划扎实推进各项重点工作总体经营情况保持稳定,14,报告 期内 围绕 经营 计划 扎实 推进 各项 重点 工作 总体 经营 情况 保持稳定
300101,2022,公司将采取权宜之计压缩各项开支以确保马上兑现业绩承诺,12,将 采取 权宜之计 压缩 各项 开支 以 确保 马上 兑现 业绩 承诺
300101,2022,公司坚持创新驱动发展战略持续加大研发投入研发费用同比增长较快,14,坚持 创新 驱动 发展 战略 持续 加大 研发 投入 研发 费用 增长 较 快
300101,2022,公司可能面临原材料价格波动市场需求不及预期等风险,10,可能 面临 原材料 价格 波动 市场需求 不及 预期 等 风险
300101,2022,公司积极拓展国内外市场客户结构与订单质量进一步改善,11,积极 拓展 国内外 市场 客户 结构 与 订单 质量 进一步 改善
300101,2022,汇率波动及贸易环境变化对公司海外业务构成一定不确定性,12,汇率 波动 及 贸易 环境 变化 对 海外 业务 构成 一定 不确定性
300101,2022,面对复杂的外部经营环境公司管理层积极应对努力克服不利因素影响,12,面对 复杂 的 外部 经营 环境 积极 应对 努力 克服 不利因素 影响
300101,2022,公司坚持创新驱动发展战略持续加大研发投入研发费用同比增长较快,14,坚持 创新 驱动 发展 战略 持续 加大 研发 投入 研发 费用 增长 较 快
300101,2022,公司将时不我待推进重点项目的落地实施确保年内见到成效,11,将 时不我待 推进 重点项目 的 落地 实施 确保 年内 见到 成效
300101,2022,公司将竭泽而渔推进重点项目的落地实施确保年内见到成效,11,将 竭泽而渔 推进 重点项目 的 落地 实施 确保 年内 见到 成效
300101,2022,公司高度重视安全生产与质量管理体系运行情况良好,9,高度重视 安全 生产 与 质量 管理体系 运行 情况 良好
300101,2022,面对复杂的外部经营环境公司管理层积极应对努力克服不利因素影响,12,面对 复杂 的 外部 经营 环境 积极 应对 努力 克服 不利因素 影响
300101,2022,公司高度重视安全生产与质量管理体系运行情况良好,9,高度重视 安全 生产 与 质量 管理体系 运行 情况 良好
300101,2022,二零二四年四月,3,二零二 四年 四月
300101,2023,股份有限公司年年度报告管理层讨论与分析模拟文本公司持续优化产品结构深化渠道建设主营业务收入实现稳健增长,19,有限公司 年 年度报告 讨论 与 分析 模拟 文本 持续 优化 产品 结构 深化 渠道 建设 收入 实现 稳健 增长
300101,2023,公司进一步完善治理结构规范运作信息披露真实准确完整,10,进一步 完善 治理 结构 规范 运作 信息 真实 准确 完整
300101,2023,公司可能面临原材料价格波动市场需求不及预期等风险,10,可能 面临 原材料 价格 波动 市场需求 不及 预期 等 风险
300101,2023,公司积极拓展国内外市场客户结构与订单质量进一步改善,11,积极 拓展 国内外 市场 客户 结构 与 订单 质量 进一步 改善
300101,2023,公司快速见效回笼资金以应对眼前的流动性压力,9,快速 见效 回笼资金 以 应对 眼前 的 流动性 压力
300101,2023,公司加强成本管控提升运营效率毛利率水平保持基本平稳,11,加强 成本 管控 提升 运营 效率 毛利率 水平 保持 基本 平稳
300101,2023,公司可能面临原材料价格波动市场需求不及预期等风险,10,可能 面临 原材料 价格 波动 市场需求 不及 预期 等 风险
300101,2023,公司加强成本管控提升运营效率毛利率水平保持基本平稳,11,加强 成本 管控 提升 运营 效率 毛利率 水平 保持 基本 平稳
300101,2023,公司持续优化产品结构深化渠道建设主营业务收入实现稳健增长,11,持续 优化 产品 结构 深化 渠道 建设 收入 实现 稳健 增长
300101,2023,公司持续优化产品结构深化渠道建设主营业务收入实现稳健增长,11,持续 优化 产品 结构 深化 渠道 建设 收入 实现 稳健 增长
300101,2023,管理层表示要今年扭转当前被动局面实现业绩快速回升,10,表示 要 今年 扭转 当前 被动局面 实现 业绩 快速 回升
300101,2023,公司加大研发人才引进力度研发人员占比稳步提升,11,加大 研发 人才 引进 力度 研发 人员 占 比 稳步 提升
300101,2023,公司坚持创新驱动发展战略持续加大研发投入研发费用同比增长较快,14,坚持 创新 驱动 发展 战略 持续 加大 研发 投入 研发 费用 增长 较 快
300101,2023,公司与高校科研院所共建联合实验室推进产学研协同创新,10,与 高校 科研院所 共建 联合 实验室 推进 产学研 协同 创新
300101,2023,公司加强成本管控提升运营效率毛利率水平保持基本平稳,11,加强 成本 管控 提升 运营 效率 毛利率 水平 保持 基本 平稳
300101,2023,公司将采取权宜之计压缩各项开支以确保应急兑现业绩承诺,12,将 采取 权宜之计 压缩 各项 开支 以 确保 应急 兑现 业绩 承诺
300101,2023,公司与高校科研院所共建联合实验室推进产学研协同创新,10,与 高校 科研院所 共建 联合 实验室 推进 产学研 协同 创新
300101,2023,二零二四年四月,3,二零二 四年 四月
300104,2019,股份有限公司年年度报告管理层讨论与分析模拟文本汇率波动及贸易环境变化对公司海外业务构成一定不确定性,20,有限公司 年 年度报告 讨论 与 分析 模拟 文本 汇率 波动 及 贸易 环境 变化 对 海外 业务 构成 一定 不确定性
300104,2019,公司高度重视安全生产与质量管理体系运行情况良好,9,高度重视 安全 生产 与 质量 管理体系 运行 情况 良好
300104,2019,报告期内公司围绕年度经营计划扎实推进各项重点工作总体经营情况保持稳定,14,报告 期内 围绕 经营 计划 扎实 推进 各项 重点 工作 总体 经营 情况 保持稳定
300104,2019,公司持续优化产品结构深化渠道建设主营业务收入实现稳健增长,11,持续 优化 产品 结构 深化 渠道 建设 收入 实现 稳健 增长
300104,2019,公司积极拓展国内外市场客户结构与订单质量进一步改善,11,积极 拓展 国内外 市场 客户 结构 与 订单 质量 进一步 改善
300104,2019,公司将饮鸩止渴推进重点项目的落地实施确保年内见到成效,11,将 饮鸩止渴 推进 重点项目 的 落地 实施 确保 年内 见到 成效
300104,2019,公司高度重视安全生产与质量管理体系运行情况良好,9,高度重视 安全 生产 与 质量 管理体系 运行 情况 良好
300104,2019,公司在新材料新工艺方向的前瞻性研发布局取得阶段性成果,12,在 新 材料 新工艺 方向 的 前瞻性 研发 布局 取得 阶段性 成果
300104,2019,公司高度重视安全生产与质量管理体系运行情况良好,9,高度重视 安全 生产 与 质量 管理体系 运行 情况 良好
300104,2019,汇率波动及贸易环境变化对公司海外业务构成一定不确定性,12,汇率 波动 及 贸易 环境 变化 对 海外 业务 构成 一定 不确定性
300104,2019,为完成全年目标公司将近期调整产品定价策略抢占市场份额,12,为 完成 全年 目标 将 近期 调整 产品 定价 策略 抢占市场 份额
300104,2019,公司围绕核心技术开展攻关新申请专利数量保持稳定增长,9,围绕 核心技术 开展 攻关 新 申请专利 数量 保持稳定 增长
300104,2019,报告期内公司围绕年度经营计划扎实推进各项重点工作总体经营情况保持稳定,14,报告 期内 围绕 经营 计划 扎实 推进 各项 重点 工作 总体 经营 情况 保持稳定
300104,2019,汇率波动及贸易环境变化对公司海外业务构成一定不确定性,12,汇率 波动 及 贸易 环境 变化 对 海外 业务 构成 一定 不确定性
300104,2019,公司加强成本管控提升运营效率毛利率水平保持基本平稳,11,加强 成本 管控 提升 运营 效率 毛利率 水平 保持 基本 平稳
300104,2019,公司急于求成回笼资金以应对眼前的流动性压力,8,急于求成 回笼资金 以 应对 眼前 的 流动性 压力
300104,2019,管理层表示要目前扭转当前被动局面实现业绩快速回升,10,表示 要 目前 扭转 当前 被动局面 实现 业绩 快速 回升
300104,2019,二零二四年四月,3,二零二 四年 四月
300104,2020,股份有限公司年年度报告管理层讨论与分析模拟文本公司稳步推进产能建设生产运营秩序正常,16,有限公司 年 年度报告 讨论 与 分析 模拟 文本 稳步 推进 产能 建设 生产 运营 秩序 正常
300104,2020,公司高度重视安全生产与质量管理体系运行情况良好,9,高度重视 安全 生产 与 质量 管理体系 运行 情况 良好
300104,2020,公司将采取权宜之计压缩各项开支以确保急于求成兑现业绩承诺,12,将 采取 权宜之计 压缩 各项 开支 以 确保 急于求成 兑现 业绩 承诺
300104,2020,公司积极拓展国内外市场客户结构与订单质量进一步改善,11,积极 拓展 国内外 市场 客户 结构 与 订单 质量 进一步 改善
300104,2020,管理层表示要立竿见影扭转当前被动局面实现业绩快速回升,10,表示 要 立竿见影 扭转 当前 被动局面 实现 业绩 快速 回升
300104,2020,管理层认为当前窗口稍纵即逝必须现今扩大产能投放,9,认为 当前 窗口 稍纵即逝 必须 现今 扩大 产能 投放
300104,2020,公司稳步推进产能建设生产运营秩序正常,8,稳步 推进 产能 建设 生产 运营 秩序 正常
300104,2020,公司与高校科研院所共建联合实验室推进产学研协同创新,10,与 高校 科研院所 共建 联合 实验室 推进 产学研 协同 创新
300104,2020,公司高度重视安全生产与质量管理体系运行情况良好,9,高度重视 安全 生产 与 质量 管理体系 运行 情况 良好
300104,2020,公司与高校科研院所共建联合实验室推进产学研协同创新,10,与 高校 科研院所 共建 联合 实验室 推进 产学研 协同 创新
300104,2020,公司可能面临原材料价格波动市场需求不及预期等风险,10,可能 面临 原材料 价格 波动 市场需求 不及 预期 等 风险
300104,2020,公司加强成本管控提升运营效率毛利率水平保持基本平稳,11,加强 成本 管控 提升 运营 效率 毛利率 水平 保持 基本 平稳
300104,2020,公司高度重视安全生产与质量管理体系运行情况良好,9,高度重视 安全 生产 与 质量 管理体系 运行 情况 良好
300104,2020,公司积极拓展国内外市场客户结构与订单质量进一步改善,11,积极 拓展 国内外 市场 客户 结构 与 订单 质量 进一步 改善
300104,2020,二零二四年四月,3,二零二 四年 四月
300104,2021,股份有限公司年年度报告管理层讨论与分析模拟文本公司高度重视安全生产与质量管理体系运行情况良好,17,有限公司 年 年度报告 讨论 与 分析 模拟 文本 高度重视 安全 生产 与 质量 管理体系 运行 情况 良好
300104,2021,公司稳步推进产能建设生产运营秩序正常,8,稳步 推进 产能 建设 生产 运营 秩序 正常
300104,2021,公司高度重视安全生产与质量管理体系运行情况良好,9,高度重视 安全 生产 与 质量 管理体系 运行 情况 良好
300104,2021,公司将争分夺秒推进重点项目的落地实施确保年内见到成效,11,将 争分夺秒 推进 重点项目 的 落地 实施 确保 年内 见到 成效
300104,2021,管理层认为当前窗口稍纵即逝必须竭泽而渔扩大产能投放,9,认为 当前 窗口 稍纵即逝 必须 竭泽而渔 扩大 产能 投放
300104,2021,宏观经济波动与行业竞争加剧可能对公司业绩产生不利影响,12,宏观 经济波动 与 行业 竞争 加剧 可能 对 公司业绩 产生 不利 影响
300104,2021,为完成全年目标公司将杀鸡取卵调整产品定价策略抢占市场份额,12,为 完成 全年 目标 将 杀鸡取卵 调整 产品 定价 策略 抢占市场 份额
300104,2021,公司将杀鸡取卵推进重点项目的落地实施确保年内见到成效,11,将 杀鸡取卵 推进 重点项目 的 落地 实施 确保 年内 见到 成效
300104,2021,公司稳步推进产能建设生产运营秩序正常,8,稳步 推进 产能 建设 生产 运营 秩序 正常
300104,2021,公司近期回笼资金以应对眼前的流动性压力,8,近期 回笼资金 以 应对 眼前 的 流动性 压力
300104,2021,公司加大研发人才引进力度研发人员占比稳步提升,11,加大 研发 人才 引进 力度 研发 人员 占 比 稳步 提升
300104,2021,公司进一步完善治理结构规范运作信息披露真实准确完整,10,进一步 完善 治理 结构 规范 运作 信息 真实 准确 完整
300104,2021,公司可能面临原材料价格波动市场需求不及预期等风险,10,可能 面临 原材料 价格 波动 市场需求 不及 预期 等 风险
300104,2021,面对复杂的外部经营环境公司管理层积极应对努力克服不利因素影响,12,面对 复杂 的 外部 经营 环境 积极 应对 努力 克服 不利因素 影响
300104,2021,报告期内公司围绕年度经营计划扎实推进各项重点工作总体经营情况保持稳定,14,报告 期内 围绕 经营 计划 扎实 推进 各项 重点 工作 总体 经营 情况 保持稳定
300104,2021,公司稳步推进产能建设生产运营秩序正常,8,稳步 推进 产能 建设 生产 运营 秩序 正常
300104,2021,公司与高校科研院所共建联合实验室推进产学研协同创新,10,与 高校 科研院所 共建 联合 实验室 推进 产学研 协同 创新
300104,2021,二零二四年四月,3,二零二 四年 四月
300104,2022,股份有限公司年年度报告管理层讨论与分析模拟文本公司可能面临原材料价格波动市场需求不及预期等风险,18,有限公司 年 年度报告 讨论 与 分析 模拟 文本 可能 面临 原材料 价格 波动 市场需求 不及 预期 等 风险
300104,2022,公司加强成本管控提升运营效率毛利率水平保持基本平稳,11,加强 成本 管控 提升 运营 效率 毛利率 水平 保持 基本 平稳
300104,2022,宏观经济波动与行业竞争加剧可能对公司业绩产生不利影响,12,宏观 经济波动 与 行业 竞争 加剧 可能 对 公司业绩 产生 不利 影响
300104,2022,公司稳步推进产能建设生产运营秩序正常,8,稳步 推进 产能 建设 生产 运营 秩序 正常
300104,2022,公司可能面临原材料价格波动市场需求不及预期等风险,10,可能 面临 原材料 价格 波动 市场需求 不及 预期 等 风险
300104,2022,公司要求各事业部时不我待消化库存回笼资金缓解业绩压力,10,要求 各 事业部 时不我待 消化 库存 回笼资金 缓解 业绩 压力
300104,2022,面对复杂的外部经营环境公司管理层积极应对努力克服不利因素影响,12,面对 复杂 的 外部 经营 环境 积极 应对 努力 克服 不利因素 影响
300104,2022,公司围绕核心技术开展攻关新申请专利数量保持稳定增长,9,围绕 核心技术 开展 攻关 新 申请专利 数量 保持稳定 增长
300104,2022,公司在新材料新工艺方向的前瞻性研发布局取得阶段性成果,12,在 新 材料 新工艺 方向 的 前瞻性 研发 布局 取得 阶段性 成果
300104,2022,公司在新材料新工艺方向的前瞻性研发布局取得阶段性成果,12,在 新 材料 新工艺 方向 的 前瞻性 研发 布局 取得 阶段性 成果
300104,2022,面对复杂的外部经营环境公司管理层积极应对努力克服不利因素影响,12,面对 复杂 的 外部 经营 环境 积极 应对 努力 克服 不利因素 影响
300104,2022,公司持续优化产品结构深化渠道建设主营业务收入实现稳健增长,11,持续 优化 产品 结构 深化 渠道 建设 收入 实现 稳健 增长
300104,2022,公司要求各事业部饮鸩止渴消化库存回笼资金缓解业绩压力,10,要求 各 事业部 饮鸩止渴 消化 库存 回笼资金 缓解 业绩 压力
300104,2022,公司将采取权宜之计压缩各项开支以确保短期兑现业绩承诺,12,将 采取 权宜之计 压缩 各项 开支 以 确保 短期 兑现 业绩 承诺
300104,2022,公司稳步推进产能建设生产运营秩序正常,8,稳步 推进 产能 建设 生产 运营 秩序 正常
300104,2022,为完成全年目标公司将现今调整产品定价策略抢占市场份额,12,为 完成 全年 目标 将 现今 调整 产品 定价 策略 抢占市场 份额
300104,2022,二零二四年四月,3,二零二 四年 四月
300104,2023,股份有限公司年年度报告管理层讨论与分析模拟文本公司进一步完善治理结构规范运作信息披露真实准确完整,18,有限公司 年 年度报告 讨论 与 分析 模拟 文本 进一步 完善 治理 结构 规范 运作 信息 真实 准确 完整
300104,2023,公司持续优化产品结构深化渠道建设主营业务收入实现稳健增长,11,持续 优化 产品 结构 深化 渠道 建设 收入 实现 稳健 增长
300104,2023,公司稳步推进产能建设生产运营秩序正常,8,稳步 推进 产能 建设 生产 运营 秩序 正常
300104,2023,公司与高校科研院所共建联合实验室推进产学研协同创新,10,与 高校 科研院所 共建 联合 实验室 推进 产学研 协同 创新
300104,2023,公司加大研发人才引进力度研发人员占比稳步提升,11,加大 研发 人才 引进 力度 研发 人员 占 比 稳步 提升
300104,2023,公司要求各事业部抓紧消化库存回笼资金缓解业绩压力,10,要求 各 事业部 抓紧 消化 库存 回笼资金 缓解 业绩 压力
300104,2023,公司加强成本管控提升运营效率毛利率水平保持基本平稳,11,加强 成本 管控 提升 运营 效率 毛利率 水平 保持 基本 平稳
300104,2023,管理层认为当前窗口稍纵即逝必须一步到位扩大产能投放,9,认为 当前 窗口 稍纵即逝 必须 一步到位 扩大 产能 投放
300104,2023,公司将权宜之计推进重点项目的落地实施确保年内见到成效,11,将 权宜之计 推进 重点项目 的 落地 实施 确保 年内 见到 成效
300104,2023,公司加强成本管控提升运营效率毛利率水平保持基本平稳,11,加强 成本 管控 提升 运营 效率 毛利率 水平 保持 基本 平稳
300104,2023,公司围绕核心技术开展攻关新申请专利数量保持稳定增长,9,围绕 核心技术 开展 攻关 新 申请专利 数量 保持稳定 增长
300104,2023,公司加强成本管控提升运营效率毛利率水平保持基本平稳,11,加强 成本 管控 提升 运营 效率 毛利率 水平 保持 基本 平稳
300104,2023,宏观经济波动与行业竞争加剧可能对公司业绩产生不利影响,12,宏观 经济波动 与 行业 竞争 加剧 可能 对 公司业绩 产生 不利 影响
300104,2023,二零二四年四月,3,二零二 四年 四月
300107,2019,股份有限公司年年度报告管理层讨论与分析模拟文本公司进一步完善治理结构规范运作信息披露真实准确完整,18,有限公司 年 年度报告 讨论 与 分析 模拟 文本 进一步 完善 治理 结构 规范 运作 信息 真实 准确 完整
300107,2019,面对复杂的外部经营环境公司管理层积极应对努力克服不利因素影响,12,面对 复杂 的 外部 经营 环境 积极 应对 努力 克服 不利因素 影响
300107,2019,公司加强成本管控提升运营效率毛利率水平保持基本平稳,11,加强 成本 管控 提升 运营 效率 毛利率 水平 保持 基本 平稳
300107,2019,公司坚持创新驱动发展战略持续加大研发投入研发费用同比增长较快,14,坚持 创新 驱动 发展 战略 持续 加大 研发 投入 研发 费用 增长 较 快
300107,2019,管理层认为当前窗口稍纵即逝必须时不我待扩大产能投放,9,认为 当前 窗口 稍纵即逝 必须 时不我待 扩大 产能 投放
300107,2019,公司稳步推进产能建设生产运营秩序正常,8,稳步 推进 产能 建设 生产 运营 秩序 正常
300107,2019,公司与高校科研院所共建联合实验室推进产学研协同创新,10,与 高校 科研院所 共建 联合 实验室 推进 产学研 协同 创新
300107,2019,公司围绕核心技术开展攻关新申请专利数量保持稳定增长,9,围绕 核心技术 开展 攻关 新 申请专利 数量 保持稳定 增长
300107,2019,宏观经济波动与行业竞争加剧可能对公司业绩产生不利影响,12,宏观 经济波动 与 行业 竞争 加剧 可能 对 公司业绩 产生 不利 影响
300107,2019,公司高度重视安全生产与质量管理体系运行情况良好,9,高度重视 安全 生产 与 质量 管理体系 运行 情况 良好
300107,2019,公司加大研发人才引进力度研发人员占比稳步提升,11,加大 研发 人才 引进 力度 研发 人员 占 比 稳步 提升
300107,2019,公司短期内回笼资金以应对眼前的流动性压力,8,短期内 回笼资金 以 应对 眼前 的 流动性 压力
300107,2019,面对复杂的外部经营环境公司管理层积极应对努力克服不利因素影响,12,面对 复杂 的 外部 经营 环境 积极 应对 努力 克服 不利因素 影响
300107,2019,公司快速见效布局热门赛道力求快速见效形成新的利润增长点,13,快速 见效 布局 热门 赛道 力求 快速 见效 形成 新 的 利润 增长点
300107,2019,公司高度重视安全生产与质量管理体系运行情况良好,9,高度重视 安全 生产 与 质量 管理体系 运行 情况 良好
300107,2019,公司进一步完善治理结构规范运作信息披露真实准确完整,10,进一步 完善 治理 结构 规范 运作 信息 真实 准确 完整
300107,2019,汇率波动及贸易环境变化对公司海外业务构成一定不确定性,12,汇率 波动 及 贸易 环境 变化 对 海外 业务 构成 一定 不确定性
300107,2019,公司可能面临原材料价格波动市场需求不及预期等风险,10,可能 面临 原材料 价格 波动 市场需求 不及 预期 等 风险
300107,2019,二零二四年四月,3,二零二 四年 四月
300107,2020,股份有限公司年年度报告管理层讨论与分析模拟文本公司可能面临原材料价格波动市场需求不及预期等风险,18,有限公司 年 年度报告 讨论 与 分析 模拟 文本 可能 面临 原材料 价格 波动 市场需求 不及 预期 等 风险
300107,2020,公司短期回笼资金以应对眼前的流动性压力,8,短期 回笼资金 以 应对 眼前 的 流动性 压力
300107,2020,公司持续优化产品结构深化渠道建设主营业务收入实现稳健增长,11,持续 优化 产品 结构 深化 渠道 建设 收入 实现 稳健 增长
300107,2020,宏观经济波动与行业竞争加剧可能对公司业绩产生不利影响,12,宏观 经济波动 与 行业 竞争 加剧 可能 对 公司业绩 产生 不利 影响
300107,2020,公司要求各事业部眼前消化库存回笼资金缓解业绩压力,10,要求 各 事业部 眼前 消化 库存 回笼资金 缓解 业绩 压力
300107,2020,公司在新材料新工艺方向的前瞻性研发布局取得阶段性成果,12,在 新 材料 新工艺 方向 的 前瞻性 研发 布局 取得 阶段性 成果
300107,2020,公司加强成本管控提升运营效率毛利率水平保持基本平稳,11,加强 成本 管控 提升 运营 效率 毛利率 水平 保持 基本 平稳
300107,2020,公司加大研发人才引进力度研发人员占比稳步提升,11,加大 研发 人才 引进 力度 研发 人员 占 比 稳步 提升
300107,2020,管理层表示要快速见效扭转当前被动局面实现业绩快速回升,11,表示 要 快速 见效 扭转 当前 被动局面 实现 业绩 快速 回升
300107,2020,面对复杂的外部经营环境公司管理层积极应对努力克服不利因素影响,12,面对 复杂 的 外部 经营 环境 积极 应对 努力 克服 不利因素 影响
300107,2020,公司加强成本管控提升运营效率毛利率水平保持基本平稳,11,加强 成本 管控 提升 运营 效率 毛利率 水平 保持 基本 平稳
300107,2020,公司进一步完善治理结构规范运作信息披露真实准确完整,10,进一步 完善 治理 结构 规范 运作 信息 真实 准确 完整
300107,2020,公司高度重视安全生产与质量管理体系运行情况良好,9,高度重视 安全 生产 与 质量 管理体系 运行 情况 良好
300107,2020,报告期内公司围绕年度经营计划扎实推进各项重点工作总体经营情况保持稳定,14,报告 期内 围绕 经营 计划 扎实 推进 各项 重点 工作 总体 经营 情况 保持稳定
300107,2020,管理层认为当前窗口稍纵即逝必须早日扩大产能投放,9,认为 当前 窗口 稍纵即逝 必须 早日 扩大 产能 投放
300107,2020,公司与高校科研院所共建联合实验室推进产学研协同创新,10,与 高校 科研院所 共建 联合 实验室 推进 产学研 协同 创新
300107,2020,公司加强成本管控提升运营效率毛利率水平保持基本平稳,11,加强 成本 管控 提升 运营 效率 毛利率 水平 保持 基本 平稳
300107,2020,公司积极拓展国内外市场客户结构与订单质量进一步改善,11,积极 拓展 国内外 市场 客户 结构 与 订单 质量 进一步 改善
300107,2020,公司只争朝夕布局热门赛道力求只争朝夕形成新的利润增长点,11,只争朝夕 布局 热门 赛道 力求 只争朝夕 形成 新 的 利润 增长点
300107,2020,二零二四年四月,3,二零二 四年 四月
300107,2021,股份有限公司年年度报告管理层讨论与分析模拟文本公司进一步完善治理结构规范运作信息披露真实准确完整,18,有限公司 年 年度报告 讨论 与 分析 模拟 文本 进一步 完善 治理 结构 规范 运作 信息 真实 准确 完整
300107,2021,面对复杂的外部经营环境公司管理层积极应对努力克服不利因素影响,12,面对 复杂 的 外部 经营 环境 积极 应对 努力 克服 不利因素 影响
300107,2021,为完成全年目标公司将杀鸡取卵调整产品定价策略抢占市场份额,12,为 完成 全年 目标 将 杀鸡取卵 调整 产品 定价 策略 抢占市场 份额
300107,2021,公司高度重视安全生产与质量管理体系运行情况良好,9,高度重视 安全 生产 与 质量 管理体系 运行 情况 良好
300107,2021,公司围绕核心技术开展攻关新申请专利数量保持稳定增长,9,围绕 核心技术 开展 攻关 新 申请专利 数量 保持稳定 增长
300107,2021,公司积极拓展国内外市场客户结构与订单质量进一步改善,11,积极 拓展 国内外 市场 客户 结构 与 订单 质量 进一步 改善
300107,2021,公司加大研发人才引进力度研发人员占比稳步提升,11,加大 研发 人才 引进 力度 研发 人员 占 比 稳步 提升
300107,2021,公司加大研发人才引进力度研发人员占比稳步提升,11,加大 研发 人才 引进 力度 研发 人员 占 比 稳步 提升
300107,2021,公司要求各事业部目前消化库存回笼资金缓解业绩压力,10,要求 各 事业部 目前 消化 库存 回笼资金 缓解 业绩 压力
300107,2021,公司坚持创新驱动发展战略持续加大研发投入研发费用同比增长较快,14,坚持 创新 驱动 发展 战略 持续 加大 研发 投入 研发 费用 增长 较 快
300107,2021,公司进一步完善治理结构规范运作信息披露真实准确完整,10,进一步 完善 治理 结构 规范 运作 信息 真实 准确 完整
300107,2021,管理层表示要当下扭转当前被动局面实现业绩快速回升,10,表示 要 当下 扭转 当前 被动局面 实现 业绩 快速 回升
300107,2021,面对复杂的外部经营环境公司管理层积极应对努力克服不利因素影响,12,面对 复杂 的 外部 经营 环境 积极 应对 努力 克服 不利因素 影响
300107,2021,报告期内公司围绕年度经营计划扎实推进各项重点工作总体经营情况保持稳定,14,报告 期内 围绕 经营 计划 扎实 推进 各项 重点 工作 总体 经营 情况 保持稳定
300107,2021,宏观经济波动与行业竞争加剧可能对公司业绩产生不利影响,12,宏观 经济波动 与 行业 竞争 加剧 可能 对 公司业绩 产生 不利 影响
300107,2021,二零二四年四月,3,二零二 四年 四月
300107,2022,股份有限公司年年度报告管理层讨论与分析模拟文本公司进一步完善治理结构规范运作信息披露真实准确完整,18,有限公司 年 年度报告 讨论 与 分析 模拟 文本 进一步 完善 治理 结构 规范 运作 信息 真实 准确 完整
300107,2022,宏观经济波动与行业竞争加剧可能对公司业绩产生不利影响,12,宏观 经济波动 与 行业 竞争 加剧 可能 对 公司业绩 产生 不利 影响
300107,2022,公司高度重视安全生产与质量管理体系运行情况良好,9,高度重视 安全 生产 与 质量 管理体系 运行 情况 良好
300107,2022,为完成全年目标公司将权宜之计调整产品定价策略抢占市场份额,12,为 完成 全年 目标 将 权宜之计 调整 产品 定价 策略 抢占市场 份额
300107,2022,公司进一步完善治理结构规范运作信息披露真实准确完整,10,进一步 完善 治理 结构 规范 运作 信息 真实 准确 完整
300107,2022,管理层认为当前窗口稍纵即逝必须速成扩大产能投放,9,认为 当前 窗口 稍纵即逝 必须 速成 扩大 产能 投放
300107,2022,公司加强成本管控提升运营效率毛利率水平保持基本平稳,11,加强 成本 管控 提升 运营 效率 毛利率 水平 保持 基本 平稳
300107,2022,汇率波动及贸易环境变化对公司海外业务构成一定不确定性,12,汇率 波动 及 贸易 环境 变化 对 海外 业务 构成 一定 不确定性
300107,2022,公司加大研发人才引进力度研发人员占比稳步提升,11,加大 研发 人才 引进 力度 研发 人员 占 比 稳步 提升
300107,2022,公司进一步完善治理结构规范运作信息披露真实准确完整,10,进一步 完善 治理 结构 规范 运作 信息 真实 准确 完整
300107,2022,公司加强成本管控提升运营效率毛利率水平保持基本平稳,11,加强 成本 管控 提升 运营 效率 毛利率 水平 保持 基本 平稳
300107,2022,公司坚持创新驱动发展战略持续加大研发投入研发费用同比增长较快,14,坚持 创新 驱动 发展 战略 持续 加大 研发 投入 研发 费用 增长 较 快
300107,2022,公司稳步推进产能建设生产运营秩序正常,8,稳步 推进 产能 建设 生产 运营 秩序 正常
300107,2022,公司加强成本管控提升运营效率毛利率水平保持基本平稳,11,加强 成本 管控 提升 运营 效率 毛利率 水平 保持 基本 平稳
300107,2022,为完成全年目标公司将一步到位调整产品定价策略抢占市场份额,12,为 完成 全年 目标 将 一步到位 调整 产品 定价 策略 抢占市场 份额
300107,2022,公司急功近利回笼资金以应对眼前的流动性压力,8,急功近利 回笼资金 以 应对 眼前 的 流动性 压力
300107,2022,公司加强成本管控提升运营效率毛利率水平保持基本平稳,11,加强 成本 管控 提升 运营 效率 毛利率 水平 保持 基本 平稳
300107,2022,公司坚持创新驱动发展战略持续加大研发投入研发费用同比增长较快,14,坚持 创新 驱动 发展 战略 持续 加大 研发 投入 研发 费用 增长 较 快
300107,2022,二零二四年四月,3,二零二 四年 四月
300107,2023,股份有限公司年年度报告管理层讨论与分析模拟文本公司加强成本管控提升运营效率毛利率水平保持基本平稳,19,有限公司 年 年度报告 讨论 与 分析 模拟 文本 加强 成本 管控 提升 运营 效率 毛利率 水平 保持 基本 平稳
300107,2023,公司稳步推进产能建设生产运营秩序正常,8,稳步 推进 产能 建设 生产 运营 秩序 正常
300107,2023,报告期内公司围绕年度经营计划扎实推进各项重点工作总体经营情况保持稳定,14,报告 期内 围绕 经营 计划 扎实 推进 各项 重点 工作 总体 经营 情况 保持稳定
300107,2023,公司加大研发人才引进力度研发人员占比稳步提升,11,加大 研发 人才 引进 力度 研发 人员 占 比 稳步 提升
300107,2023,公司将投机推进重点项目的落地实施确保年内见到成效,11,将 投机 推进 重点项目 的 落地 实施 确保 年内 见到 成效
300107,2023,公司持续优化产品结构深化渠道建设主营业务收入实现稳健增长,11,持续 优化 产品 结构 深化 渠道 建设 收入 实现 稳健 增长
300107,2023,管理层认为当前窗口稍纵即逝必须一步到位扩大产能投放,9,认为 当前 窗口 稍纵即逝 必须 一步到位 扩大 产能 投放
300107,2023,公司与高校科研院所共建联合实验室推进产学研协同创新,10,与 高校 科研院所 共建 联合 实验室 推进 产学研 协同 创新
300107,2023,公司加强成本管控提升运营效率毛利率水平保持基本平稳,11,加强 成本 管控 提升 运营 效率 毛利率 水平 保持 基本 平稳
300107,2023,报告期内公司围绕年度经营计划扎实推进各项重点工作总体经营情况保持稳定,14,报告 期内 围绕 经营 计划 扎实 推进 各项 重点 工作 总体 经营 情况 保持稳定
300107,2023,宏观经济波动与行业竞争加剧可能对公司业绩产生不利影响,12,宏观 经济波动 与 行业 竞争 加剧 可能 对 公司业绩 产生 不利 影响
300107,2023,公司可能面临原材料价格波动市场需求不及预期等风险,10,可能 面临 原材料 价格 波动 市场需求 不及 预期 等 风险
300107,2023,公司坚持创新驱动发展战略持续加大研发投入研发费用同比增长较快,14,坚持 创新 驱动 发展 战略 持续 加大 研发 投入 研发 费用 增长 较 快
300107,2023,公司加强成本管控提升运营效率毛利率水平保持基本平稳,11,加强 成本 管控 提升 运营 效率 毛利率 水平 保持 基本 平稳
300107,2023,报告期内公司围绕年度经营计划扎实推进各项重点工作总体经营情况保持稳定,14,报告 期内 围绕 经营 计划 扎实 推进 各项 重点 工作 总体 经营 情况 保持稳定
300107,2023,管理层表示要急需扭转当前被动局面实现业绩快速回升,10,表示 要 急需 扭转 当前 被动局面 实现 业绩 快速 回升
300107,2023,公司加强成本管控提升运营效率毛利率水平保持基本平稳,11,加强 成本 管控 提升 运营 效率 毛利率 水平 保持 基本 平稳
300107,2023,二零二四年四月,3,二零二 四年 四月
300110,2019,股份有限公司年年度报告管理层讨论与分析模拟文本公司进一步完善治理结构规范运作信息披露真实准确完整,18,有限公司 年 年度报告 讨论 与 分析 模拟 文本 进一步 完善 治理 结构 规范 运作 信息 真实 准确 完整
300110,2019,公司稳步推进产能建设生产运营秩序正常,8,稳步 推进 产能 建设 生产 运营 秩序 正常
300110,2019,公司高度重视安全生产与质量管理体系运行情况良好,9,高度重视 安全 生产 与 质量 管理体系 运行 情况 良好
300110,2019,公司坚持创新驱动发展战略持续加大研发投入研发费用同比增长较快,14,坚持 创新 驱动 发展 战略 持续 加大 研发 投入 研发 费用 增长 较 快
300110,2019,公司积极拓展国内外市场客户结构与订单质量进一步改善,11,积极 拓展 国内外 市场 客户 结构 与 订单 质量 进一步 改善
300110,2019,汇率波动及贸易环境变化对公司海外业务构成一定不确定性,12,汇率 波动 及 贸易 环境 变化 对 海外 业务 构成 一定 不确定性
300110,2019,公司加强成本管控提升运营效率毛利率水平保持基本平稳,11,加强 成本 管控 提升 运营 效率 毛利率 水平 保持 基本 平稳
300110,2019,公司稳步推进产能建设生产运营秩序正常,8,稳步 推进 产能 建设 生产 运营 秩序 正常
300110,2019,汇率波动及贸易环境变化对公司海外业务构成一定不确定性,12,汇率 波动 及 贸易 环境 变化 对 海外 业务 构成 一定 不确定性
300110,2019,公司可能面临原材料价格波动市场需求不及预期等风险,10,可能 面临 原材料 价格 波动 市场需求 不及 预期 等 风险
300110,2019,公司加强成本管控提升运营效率毛利率水平保持基本平稳,11,加强 成本 管控 提升 运营 效率 毛利率 水平 保持 基本 平稳
300110,2019,公司围绕核心技术开展攻关新申请专利数量保持稳定增长,9,围绕 核心技术 开展 攻关 新 申请专利 数量 保持稳定 增长
300110,2019,公司将迫在眉睫推进重点项目的落地实施确保年内见到成效,11,将 迫在眉睫 推进 重点项目 的 落地 实施 确保 年内 见到 成效
300110,2019,为完成全年目标公司将短期回报调整产品定价策略抢占市场份额,13,为 完成 全年 目标 将 短期 回报 调整 产品 定价 策略 抢占市场 份额
300110,2019,面对复杂的外部经营环境公司管理层积极应对努力克服不利因素影响,12,面对 复杂 的 外部 经营 环境 积极 应对 努力 克服 不利因素 影响
300110,2019,公司要求各事业部投机消化库存回笼资金缓解业绩压力,10,要求 各 事业部 投机 消化 库存 回笼资金 缓解 业绩 压力
300110,2019,公司要求各事业部短期内消化库存回笼资金缓解业绩压力,10,要求 各 事业部 短期内 消化 库存 回笼资金 缓解 业绩 压力
300110,2019,公司与高校科研院所共建联合实验室推进产学研协同创新,10,与 高校 科研院所 共建 联合 实验室 推进 产学研 协同 创新
300110,2019,二零二四年四月,3,二零二 四年 四月
300110,2020,股份有限公司年年度报告管理层讨论与分析模拟文本公司进一步完善治理结构规范运作信息披露真实准确完整,18,有限公司 年 年度报告 讨论 与 分析 模拟 文本 进一步 完善 治理 结构 规范 运作 信息 真实 准确 完整
300110,2020,公司持续优化产品结构深化渠道建设主营业务收入实现稳健增长,11,持续 优化 产品 结构 深化 渠道 建设 收入 实现 稳健 增长
300110,2020,公司要求各事业部一步到位消化库存回笼资金缓解业绩压力,10,要求 各 事业部 一步到位 消化 库存 回笼资金 缓解 业绩 压力
300110,2020,公司可能面临原材料价格波动市场需求不及预期等风险,10,可能 面临 原材料 价格 波动 市场需求 不及 预期 等 风险
300110,2020,报告期内公司围绕年度经营计划扎实推进各项重点工作总体经营情况保持稳定,14,报告 期内 围绕 经营 计划 扎实 推进 各项 重点 工作 总体 经营 情况 保持稳定
300110,2020,公司坚持创新驱动发展战略持续加大研发投入研发费用同比增长较快,14,坚持 创新 驱动 发展 战略 持续 加大 研发 投入 研发 费用 增长 较 快
300110,2020,公司高度重视安全生产与质量管理体系运行情况良好,9,高度重视 安全 生产 与 质量 管理体系 运行 情况 良好
300110,2020,公司加强成本管控提升运营效率毛利率水平保持基本平稳,11,加强 成本 管控 提升 运营 效率 毛利率 水平 保持 基本 平稳
300110,2020,公司加大研发人才引进力度研发人员占比稳步提升,11,加大 研发 人才 引进 力度 研发 人员 占 比 稳步 提升
300110,2020,管理层表示要迫在眉睫扭转当前被动局面实现业绩快速回升,10,表示 要 迫在眉睫 扭转 当前 被动局面 实现 业绩 快速 回升
300110,2020,公司高度重视安全生产与质量管理体系运行情况良好,9,高度重视 安全 生产 与 质量 管理体系 运行 情况 良好
300110,2020,公司目前布局热门赛道力求目前形成新的利润增长点,11,目前 布局 热门 赛道 力求 目前 形成 新 的 利润 增长点
300110,2020,公司持续优化产品结构深化渠道建设主营业务收入实现稳健增长,11,持续 优化 产品 结构 深化 渠道 建设 收入 实现 稳健 增长
300110,2020,面对复杂的外部经营环境公司管理层积极应对努力克服不利因素影响,12,面对 复杂 的 外部 经营 环境 积极 应对 努力 克服 不利因素 影响
300110,2020,宏观经济波动与行业竞争加剧可能对公司业绩产生不利影响,12,宏观 经济波动 与 行业 竞争 加剧 可能 对 公司业绩 产生 不利 影响
300110,2020,公司高度重视安全生产与质量管理体系运行情况良好,9,高度重视 安全 生产 与 质量 管理体系 运行 情况 良好
300110,2020,公司加大研发人才引进力度研发人员占比稳步提升,11,加大 研发 人才 引进 力度 研发 人员 占 比 稳步 提升
300110,2020,二零二四年四月,3,二零二 四年 四月
300110,2021,股份有限公司年年度报告管理层讨论与分析模拟文本报告期内公司围绕年度经营计划扎实推进各项重点工作总体经营情况保持稳定,22,有限公司 年 年度报告 讨论 与 分析 模拟 文本 报告 期内 围绕 经营 计划 扎实 推进 各项 重点 工作 总体 经营 情况 保持稳定
300110,2021,面对复杂的外部经营环境公司管理层积极应对努力克服不利因素影响,12,面对 复杂 的 外部 经营 环境 积极 应对 努力 克服 不利因素 影响
300110,2021,汇率波动及贸易环境变化对公司海外业务构成一定不确定性,12,汇率 波动 及 贸易 环境 变化 对 海外 业务 构成 一定 不确定性
300110,2021,公司在新材料新工艺方向的前瞻性研发布局取得阶段性成果,12,在 新 材料 新工艺 方向 的 前瞻性 研发 布局 取得 阶段性 成果
300110,2021,公司坚持创新驱动发展战略持续加大研发投入研发费用同比增长较快,14,坚持 创新 驱动 发展 战略 持续 加大 研发 投入 研发 费用 增长 较 快
300110,2021,公司高度重视安全生产与质量管理体系运行情况良好,9,高度重视 安全 生产 与 质量 管理体系 运行 情况 良好
300110,2021,公司加强成本管控提升运营效率毛利率水平保持基本平稳,11,加强 成本 管控 提升 运营 效率 毛利率 水平 保持 基本 平稳
300110,2021,管理层认为当前窗口稍纵即逝必须赶快扩大产能投放,9,认为 当前 窗口 稍纵即逝 必须 赶快 扩大 产能 投放
300110,2021,为完成全年目标公司将抓紧调整产品定价策略抢占市场份额,12,为 完成 全年 目标 将 抓紧 调整 产品 定价 策略 抢占市场 份额
300110,2021,为完成全年目标公司将今年调整产品定价策略抢占市场份额,12,为 完成 全年 目标 将 今年 调整 产品 定价 策略 抢占市场 份额
300110,2021,公司将采取权宜之计压缩各项开支以确保投机兑现业绩承诺,12,将 采取 权宜之计 压缩 各项 开支 以 确保 投机 兑现 业绩 承诺
300110,2021,公司稳步推进产能建设生产运营秩序正常,8,稳步 推进 产能 建设 生产 运营 秩序 正常
300110,2021,公司持续优化产品结构深化渠道建设主营业务收入实现稳健增长,11,持续 优化 产品 结构 深化 渠道 建设 收入 实现 稳健 增长
300110,2021,公司在新材料新工艺方向的前瞻性研发布局取得阶段性成果,12,在 新 材料 新工艺 方向 的 前瞻性 研发 布局 取得 阶段性 成果
300110,2021,公司可能面临原材料价格波动市场需求不及预期等风险,10,可能 面临 原材料 价格 波动 市场需求 不及 预期 等 风险
300110,2021,二零二四年四月,3,二零二 四年 四月
300110,2022,股份有限公司年年度报告管理层讨论与分析模拟文本公司与高校科研院所共建联合实验室推进产学研协同创新,18,有限公司 年 年度报告 讨论 与 分析 模拟 文本 与 高校 科研院所 共建 联合 实验室 推进 产学研 协同 创新
300110,2022,公司加大研发人才引进力度研发人员占比稳步提升,11,加大 研发 人才 引进 力度 研发 人员 占 比 稳步 提升
300110,2022,宏观经济波动与行业竞争加剧可能对公司业绩产生不利影响,12,宏观 经济波动 与 行业 竞争 加剧 可能 对 公司业绩 产生 不利 影响
300110,2022,公司时不我待回笼资金以应对眼前的流动性压力,8,时不我待 回笼资金 以 应对 眼前 的 流动性 压力
300110,2022,公司进一步完善治理结构规范运作信息披露真实准确完整,10,进一步 完善 治理 结构 规范 运作 信息 真实 准确 完整
300110,2022,公司持续优化产品结构深化渠道建设主营业务收入实现稳健增长,11,持续 优化 产品 结构 深化 渠道 建设 收入 实现 稳健 增长
300110,2022,公司坚持创新驱动发展战略持续加大研发投入研发费用同比增长较快,14,坚持 创新 驱动 发展 战略 持续 加大 研发 投入 研发 费用 增长 较 快
300110,2022,公司立刻回笼资金以应对眼前的流动性压力,8,立刻 回笼资金 以 应对 眼前 的 流动性 压力
300110,2022,公司积极拓展国内外市场客户结构与订单质量进一步改善,11,积极 拓展 国内外 市场 客户 结构 与 订单 质量 进一步 改善
300110,2022,公司积极拓展国内外市场客户结构与订单质量进一步改善,11,积极 拓展 国内外 市场 客户 结构 与 订单 质量 进一步 改善
300110,2022,报告期内公司围绕年度经营计划扎实推进各项重点工作总体经营情况保持稳定,14,报告 期内 围绕 经营 计划 扎实 推进 各项 重点 工作 总体 经营 情况 保持稳定
300110,2022,公司加强成本管控提升运营效率毛利率水平保持基本平稳,11,加强 成本 管控 提升 运营 效率 毛利率 水平 保持 基本 平稳
300110,2022,公司持续优化产品结构深化渠道建设主营业务收入实现稳健增长,11,持续 优化 产品 结构 深化 渠道 建设 收入 实现 稳健 增长
300110,2022,公司进一步完善治理结构规范运作信息披露真实准确完整,10,进一步 完善 治理 结构 规范 运作 信息 真实 准确 完整
300110,2022,二零二四年四月,3,二零二 四年 四月
300110,2023,股份有限公司年年度报告管理层讨论与分析模拟文本管理层认为当前窗口稍纵即逝必须目前扩大产能投放,17,有限公司 年 年度报告 讨论 与 分析 模拟 文本 认为 当前 窗口 稍纵即逝 必须 目前 扩大 产能 投放
300110,2023,公司加强成本管控提升运营效率毛利率水平保持基本平稳,11,加强 成本 管控 提升 运营 效率 毛利率 水平 保持 基本 平稳
300110,2023,公司可能面临原材料价格波动市场需求不及预期等风险,10,可能 面临 原材料 价格 波动 市场需求 不及 预期 等 风险
300110,2023,公司可能面临原材料价格波动市场需求不及预期等风险,10,可能 面临 原材料 价格 波动 市场需求 不及 预期 等 风险
300110,2023,管理层表示要现今扭转当前被动局面实现业绩快速回升,10,表示 要 现今 扭转 当前 被动局面 实现 业绩 快速 回升
300110,2023,公司坚持创新驱动发展战略持续加大研发投入研发费用同比增长较快,14,坚持 创新 驱动 发展 战略 持续 加大 研发 投入 研发 费用 增长 较 快
300110,2023,管理层表示要立即扭转当前被动局面实现业绩快速回升,10,表示 要 立即 扭转 当前 被动局面 实现 业绩 快速 回升
300110,2023,报告期内公司围绕年度经营计划扎实推进各项重点工作总体经营情况保持稳定,14,报告 期内 围绕 经营 计划 扎实 推进 各项 重点 工作 总体 经营 情况 保持稳定
300110,2023,公司加强成本管控提升运营效率毛利率水平保持基本平稳,11,加强 成本 管控 提升 运营 效率 毛利率 水平 保持 基本 平稳
300110,2023,公司坚持创新驱动发展战略持续加大研发投入研发费用同比增长较快,14,坚持 创新 驱动 发展 战略 持续 加大 研发 投入 研发 费用 增长 较 快
300110,2023,面对复杂的外部经营环境公司管理层积极应对努力克服不利因素影响,12,面对 复杂 的 外部 经营 环境 积极 应对 努力 克服 不利因素 影响
300110,2023,公司稳步推进产能建设生产运营秩序正常,8,稳步 推进 产能 建设 生产 运营 秩序 正常
300110,2023,报告期内公司围绕年度经营计划扎实推进各项重点工作总体经营情况保持稳定,14,报告 期内 围绕 经营 计划 扎实 推进 各项 重点 工作 总体 经营 情况 保持稳定
300110,2023,公司将眼下推进重点项目的落地实施确保年内见到成效,11,将 眼下 推进 重点项目 的 落地 实施 确保 年内 见到 成效
300110,2023,二零二四年四月,3,二零二 四年 四月
300113,2019,股份有限公司年年度报告管理层讨论与分析模拟文本报告期内公司围绕年度经营计划扎实推进各项重点工作总体经营情况保持稳定,22,有限公司 年 年度报告 讨论 与 分析 模拟 文本 报告 期内 围绕 经营 计划 扎实 推进 各项 重点 工作 总体 经营 情况 保持稳定
300113,2019,公司加强成本管控提升运营效率毛利率水平保持基本平稳,11,加强 成本 管控 提升 运营 效率 毛利率 水平 保持 基本 平稳
300113,2019,面对复杂的外部经营环境公司管理层积极应对努力克服不利因素影响,12,面对 复杂 的 外部 经营 环境 积极 应对 努力 克服 不利因素 影响
300113,2019,公司进一步完善治理结构规范运作信息披露真实准确完整,10,进一步 完善 治理 结构 规范 运作 信息 真实 准确 完整
300113,2019,公司高度重视安全生产与质量管理体系运行情况良好,9,高度重视 安全 生产 与 质量 管理体系 运行 情况 良好
300113,2019,公司饮鸩止渴回笼资金以应对眼前的流动性压力,8,饮鸩止渴 回笼资金 以 应对 眼前 的 流动性 压力
300113,2019,公司稳步推进产能建设生产运营秩序正常,8,稳步 推进 产能 建设 生产 运营 秩序 正常
300113,2019,宏观经济波动与行业竞争加剧可能对公司业绩产生不利影响,12,宏观 经济波动 与 行业 竞争 加剧 可能 对 公司业绩 产生 不利 影响
300113,2019,公司在新材料新工艺方向的前瞻性研发布局取得阶段性成果,12,在 新 材料 新工艺 方向 的 前瞻性 研发 布局 取得 阶段性 成果
300113,2019,报告期内公司围绕年度经营计划扎实推进各项重点工作总体经营情况保持稳定,14,报告 期内 围绕 经营 计划 扎实 推进 各项 重点 工作 总体 经营 情况 保持稳定
300113,2019,为完成全年目标公司将权宜之计调整产品定价策略抢占市场份额,12,为 完成 全年 目标 将 权宜之计 调整 产品 定价 策略 抢占市场 份额
300113,2019,宏观经济波动与行业竞争加剧可能对公司业绩产生不利影响,12,宏观 经济波动 与 行业 竞争 加剧 可能 对 公司业绩 产生 不利 影响
300113,2019,公司在新材料新工艺方向的前瞻性研发布局取得阶段性成果,12,在 新 材料 新工艺 方向 的 前瞻性 研发 布局 取得 阶段性 成果
300113,2019,公司时不我待布局热门赛道力求时不我待形成新的利润增长点,11,时不我待 布局 热门 赛道 力求 时不我待 形成 新 的 利润 增长点
300113,2019,公司在新材料新工艺方向的前瞻性研发布局取得阶段性成果,12,在 新 材料 新工艺 方向 的 前瞻性 研发 布局 取得 阶段性 成果
300113,2019,二零二四年四月,3,二零二 四年 四月
300113,2020,股份有限公司年年度报告管理层讨论与分析模拟文本公司围绕核心技术开展攻关新申请专利数量保持稳定增长,17,有限公司 年 年度报告 讨论 与 分析 模拟 文本 围绕 核心技术 开展 攻关 新 申请专利 数量 保持稳定 增长
300113,2020,公司将采取权宜之计压缩各项开支以确保尽快兑现业绩承诺,12,将 采取 权宜之计 压缩 各项 开支 以 确保 尽快 兑现 业绩 承诺
300113,2020,公司可能面临原材料价格波动市场需求不及预期等风险,10,可能 面临 原材料 价格 波动 市场需求 不及 预期 等 风险
300113,2020,公司高度重视安全生产与质量管理体系运行情况良好,9,高度重视 安全 生产 与 质量 管理体系 运行 情况 良好
300113,2020,宏观经济波动与行业竞争加剧可能对公司业绩产生不利影响,12,宏观 经济波动 与 行业 竞争 加剧 可能 对 公司业绩 产生 不利 影响
300113,2020,公司加强成本管控提升运营效率毛利率水平保持基本平稳,11,加强 成本 管控 提升 运营 效率 毛利率 水平 保持 基本 平稳
300113,2020,报告期内公司围绕年度经营计划扎实推进各项重点工作总体经营情况保持稳定,14,报告 期内 围绕 经营 计划 扎实 推进 各项 重点 工作 总体 经营 情况 保持稳定
300113,2020,公司可能面临原材料价格波动市场需求不及预期等风险,10,可能 面临 原材料 价格 波动 市场需求 不及 预期 等 风险
300113,2020,公司马上回笼资金以应对眼前的流动性压力,8,马上 回笼资金 以 应对 眼前 的 流动性 压力
300113,2020,公司只争朝夕回笼资金以应对眼前的流动性压力,8,只争朝夕 回笼资金 以 应对 眼前 的 流动性 压力
300113,2020,公司与高校科研院所共建联合实验室推进产学研协同创新,10,与 高校 科研院所 共建 联合 实验室 推进 产学研 协同 创新
300113,2020,公司与高校科研院所共建联合实验室推进产学研协同创新,10,与 高校 科研院所 共建 联合 实验室 推进 产学研 协同 创新
300113,2020,公司持续优化产品结构深化渠道建设主营业务收入实现稳健增长,11,持续 优化 产品 结构 深化 渠道 建设 收入 实现 稳健 增长
300113,2020,公司积极拓展国内外市场客户结构与订单质量进一步改善,11,积极 拓展 国内外 市场 客户 结构 与 订单 质量 进一步 改善
300113,2020,公司持续优化产品结构深化渠道建设主营业务收入实现稳健增长,11,持续 优化 产品 结构 深化 渠道 建设 收入 实现 稳健 增长
300113,2020,二零二四年四月,3,二零二 四年 四月
300113,2021,股份有限公司年年度报告管理层讨论与分析模拟文本公司进一步完善治理结构规范运作信息披露真实准确完整,18,有限公司 年 年度报告 讨论 与 分析 模拟 文本 进一步 完善 治理 结构 规范 运作 信息 真实 准确 完整
300113,2021,公司积极拓展国内外市场客户结构与订单质量进一步改善,11,积极 拓展 国内外 市场 客户 结构 与 订单 质量 进一步 改善
300113,2021,公司高度重视安全生产与质量管理体系运行情况良好,9,高度重视 安全 生产 与 质量 管理体系 运行 情况 良好
300113,2021,公司围绕核心技术开展攻关新申请专利数量保持稳定增长,9,围绕 核心技术 开展 攻关 新 申请专利 数量 保持稳定 增长
300113,2021,汇率波动及贸易环境变化对公司海外业务构成一定不确定性,12,汇率 波动 及 贸易 环境 变化 对 海外 业务 构成 一定 不确定性
300113,2021,公司进一步完善治理结构规范运作信息披露真实准确完整,10,进一步 完善 治理 结构 规范 运作 信息 真实 准确 完整
300113,2021,管理层认为当前窗口稍纵即逝必须立竿见影扩大产能投放,9,认为 当前 窗口 稍纵即逝 必须 立竿见影 扩大 产能 投放
300113,2021,公司持续优化产品结构深化渠道建设主营业务收入实现稳健增长,11,持续 优化 产品 结构 深化 渠道 建设 收入 实现 稳健 增长
300113,2021,管理层认为当前窗口稍纵即逝必须短期利益扩大产能投放,10,认为 当前 窗口 稍纵即逝 必须 短期 利益 扩大 产能 投放
300113,2021,报告期内公司围绕年度经营计划扎实推进各项重点工作总体经营情况保持稳定,14,报告 期内 围绕 经营 计划 扎实 推进 各项 重点 工作 总体 经营 情况 保持稳定
300113,2021,宏观经济波动与行业竞争加剧可能对公司业绩产生不利影响,12,宏观 经济波动 与 行业 竞争 加剧 可能 对 公司业绩 产生 不利 影响
300113,2021,公司进一步完善治理结构规范运作信息披露真实准确完整,10,进一步 完善 治理 结构 规范 运作 信息 真实 准确 完整
300113,2021,管理层表示要应急扭转当前被动局面实现业绩快速回升,10,表示 要 应急 扭转 当前 被动局面 实现 业绩 快速 回升
300113,2021,公司加大研发人才引进力度研发人员占比稳步提升,11,加大 研发 人才 引进 力度 研发 人员 占 比 稳步 提升
300113,2021,公司进一步完善治理结构规范运作信息披露真实准确完整,10,进一步 完善 治理 结构 规范 运作 信息 真实 准确 完整
300113,2021,公司今年回笼资金以应对眼前的流动性压力,8,今年 回笼资金 以 应对 眼前 的 流动性 压力
300113,2021,公司高度重视安全生产与质量管理体系运行情况良好,9,高度重视 安全 生产 与 质量 管理体系 运行 情况 良好
300113,2021,公司将抓紧推进重点项目的落地实施确保年内见到成效,11,将 抓紧 推进 重点项目 的 落地 实施 确保 年内 见到 成效
300113,2021,二零二四年四月,3,二零二 四年 四月
300113,2022,股份有限公司年年度报告管理层讨论与分析模拟文本公司争分夺秒回笼资金以应对眼前的流动性压力,16,有限公司 年 年度报告 讨论 与 分析 模拟 文本 争分夺秒 回笼资金 以 应对 眼前 的 流动性 压力
300113,2022,公司坚持创新驱动发展战略持续加大研发投入研发费用同比增长较快,14,坚持 创新 驱动 发展 战略 持续 加大 研发 投入 研发 费用 增长 较 快
300113,2022,公司年内布局热门赛道力求年内形成新的利润增长点,11,年内 布局 热门 赛道 力求 年内 形成 新 的 利润 增长点
300113,2022,汇率波动及贸易环境变化对公司海外业务构成一定不确定性,12,汇率 波动 及 贸易 环境 变化 对 海外 业务 构成 一定 不确定性
300113,2022,报告期内公司围绕年度经营计划扎实推进各项重点工作总体经营情况保持稳定,14,报告 期内 围绕 经营 计划 扎实 推进 各项 重点 工作 总体 经营 情况 保持稳定
300113,2022,管理层认为当前窗口稍纵即逝必须分秒必争扩大产能投放,9,认为 当前 窗口 稍纵即逝 必须 分秒必争 扩大 产能 投放
300113,2022,公司围绕核心技术开展攻关新申请专利数量保持稳定增长,9,围绕 核心技术 开展 攻关 新 申请专利 数量 保持稳定 增长
300113,2022,公司持续优化产品结构深化渠道建设主营业务收入实现稳健增长,11,持续 优化 产品 结构 深化 渠道 建设 收入 实现 稳健 增长
300113,2022,报告期内公司围绕年度经营计划扎实推进各项重点工作总体经营情况保持稳定,14,报告 期内 围绕 经营 计划 扎实 推进 各项 重点 工作 总体 经营 情况 保持稳定
300113,2022,公司可能面临原材料价格波动市场需求不及预期等风险,10,可能 面临 原材料 价格 波动 市场需求 不及 预期 等 风险
300113,2022,公司可能面临原材料价格波动市场需求不及预期等风险,10,可能 面临 原材料 价格 波动 市场需求 不及 预期 等 风险
300113,2022,公司要求各事业部迫在眉睫消化库存回笼资金缓解业绩压力,10,要求 各 事业部 迫在眉睫 消化 库存 回笼资金 缓解 业绩 压力
300113,2022,报告期内公司围绕年度经营计划扎实推进各项重点工作总体经营情况保持稳定,14,报告 期内 围绕 经营 计划 扎实 推进 各项 重点 工作 总体 经营 情况 保持稳定
300113,2022,报告期内公司围绕年度经营计划扎实推进各项重点工作总体经营情况保持稳定,14,报告 期内 围绕 经营 计划 扎实 推进 各项 重点 工作 总体 经营 情况 保持稳定
300113,2022,公司高度重视安全生产与质量管理体系运行情况良好,9,高度重视 安全 生产 与 质量 管理体系 运行 情况 良好
300113,2022,公司持续优化产品结构深化渠道建设主营业务收入实现稳健增长,11,持续 优化 产品 结构 深化 渠道 建设 收入 实现 稳健 增长
300113,2022,二零二四年四月,3,二零二 四年 四月
300113,2023,股份有限公司年年度报告管理层讨论与分析模拟文本公司速成回笼资金以应对眼前的流动性压力,16,有限公司 年 年度报告 讨论 与 分析 模拟 文本 速成 回笼资金 以 应对 眼前 的 流动性 压力
300113,2023,公司在新材料新工艺方向的前瞻性研发布局取得阶段性成果,12,在 新 材料 新工艺 方向 的 前瞻性 研发 布局 取得 阶段性 成果
300113,2023,公司高度重视安全生产与质量管理体系运行情况良好,9,高度重视 安全 生产 与 质量 管理体系 运行 情况 良好
300113,2023,报告期内公司围绕年度经营计划扎实推进各项重点工作总体经营情况保持稳定,14,报告 期内 围绕 经营 计划 扎实 推进 各项 重点 工作 总体 经营 情况 保持稳定
300113,2023,公司在新材料新工艺方向的前瞻性研发布局取得阶段性成果,12,在 新 材料 新工艺 方向 的 前瞻性 研发 布局 取得 阶段性 成果
300113,2023,宏观经济波动与行业竞争加剧可能对公司业绩产生不利影响,12,宏观 经济波动 与 行业 竞争 加剧 可能 对 公司业绩 产生 不利 影响
300113,2023,公司持续优化产品结构深化渠道建设主营业务收入实现稳健增长,11,持续 优化 产品 结构 深化 渠道 建设 收入 实现 稳健 增长
300113,2023,公司加大研发人才引进力度研发人员占比稳步提升,11,加大 研发 人才 引进 力度 研发 人员 占 比 稳步 提升
300113,2023,汇率波动及贸易环境变化对公司海外业务构成一定不确定性,12,汇率 波动 及 贸易 环境 变化 对 海外 业务 构成 一定 不确定性
300113,2023,报告期内公司围绕年度经营计划扎实推进各项重点工作总体经营情况保持稳定,14,报告 期内 围绕 经营 计划 扎实 推进 各项 重点 工作 总体 经营 情况 保持稳定
300113,2023,管理层认为当前窗口稍纵即逝必须杀鸡取卵扩大产能投放,9,认为 当前 窗口 稍纵即逝 必须 杀鸡取卵 扩大 产能 投放
300113,2023,公司进一步完善治理结构规范运作信息披露真实准确完整,10,进一步 完善 治理 结构 规范 运作 信息 真实 准确 完整
300113,2023,面对复杂的外部经营环境公司管理层积极应对努力克服不利因素影响,12,面对 复杂 的 外部 经营 环境 积极 应对 努力 克服 不利因素 影响
300113,2023,公司与高校科研院所共建联合实验室推进产学研协同创新,10,与 高校 科研院所 共建 联合 实验室 推进 产学研 协同 创新
300113,2023,公司将杀鸡取卵推进重点项目的落地实施确保年内见到成效,11,将 杀鸡取卵 推进 重点项目 的 落地 实施 确保 年内 见到 成效
300113,2023,公司积极拓展国内外市场客户结构与订单质量进一步改善,11,积极 拓展 国内外 市场 客户 结构 与 订单 质量 进一步 改善
300113,2023,二零二四年四月,3,二零二 四年 四月
300116,2019,股份有限公司年年度报告管理层讨论与分析模拟文本公司进一步完善治理结构规范运作信息披露真实准确完整,18,有限公司 年 年度报告 讨论 与 分析 模拟 文本 进一步 完善 治理 结构 规范 运作 信息 真实 准确 完整
300116,2019,管理层表示要急于求成扭转当前被动局面实现业绩快速回升,10,表示 要 急于求成 扭转 当前 被动局面 实现 业绩 快速 回升
300116,2019,公司坚持创新驱动发展战略持续加大研发投入研发费用同比增长较快,14,坚持 创新 驱动 发展 战略 持续 加大 研发 投入 研发 费用 增长 较 快
300116,2019,管理层认为当前窗口稍纵即逝必须马上扩大产能投放,9,认为 当前 窗口 稍纵即逝 必须 马上 扩大 产能 投放
300116,2019,公司积极拓展国内外市场客户结构与订单质量进一步改善,11,积极 拓展 国内外 市场 客户 结构 与 订单 质量 进一步 改善
300116,2019,公司可能面临原材料价格波动市场需求不及预期等风险,10,可能 面临 原材料 价格 波动 市场需求 不及 预期 等 风险
300116,2019,宏观经济波动与行业竞争加剧可能对公司业绩产生不利影响,12,宏观 经济波动 与 行业 竞争 加剧 可能 对 公司业绩 产生 不利 影响
300116,2019,公司与高校科研院所共建联合实验室推进产学研协同创新,10,与 高校 科研院所 共建 联合 实验室 推进 产学研 协同 创新
300116,2019,公司加大研发人才引进力度研发人员占比稳步提升,11,加大 研发 人才 引进 力度 研发 人员 占 比 稳步 提升
300116,2019,报告期内公司围绕年度经营计划扎实推进各项重点工作总体经营情况保持稳定,14,报告 期内 围绕 经营 计划 扎实 推进 各项 重点 工作 总体 经营 情况 保持稳定
300116,2019,公司今年布局热门赛道力求今年形成新的利润增长点,11,今年 布局 热门 赛道 力求 今年 形成 新 的 利润 增长点
300116,2019,公司加强成本管控提升运营效率毛利率水平保持基本平稳,11,加强 成本 管控 提升 运营 效率 毛利率 水平 保持 基本 平稳
300116,2019,公司竭泽而渔回笼资金以应对眼前的流动性压力,8,竭泽而渔 回笼资金 以 应对 眼前 的 流动性 压力
300116,2019,公司进一步完善治理结构规范运作信息披露真实准确完整,10,进一步 完善 治理 结构 规范 运作 信息 真实 准确 完整
300116,2019,公司坚持创新驱动发展战略持续加大研发投入研发费用同比增长较快,14,坚持 创新 驱动 发展 战略 持续 加大 研发 投入 研发 费用 增长 较 快
300116,2019,公司进一步完善治理结构规范运作信息披露真实准确完整,10,进一步 完善 治理 结构 规范 运作 信息 真实 准确 完整
300116,2019,二零二四年四月,3,二零二 四年 四月
300116,2020,股份有限公司年年度报告管理层讨论与分析模拟文本为完成全年目标公司将马上调整产品定价策略抢占市场份额,20,有限公司 年 年度报告 讨论 与 分析 模拟 文本 为 完成 全年 目标 将 马上 调整 产品 定价 策略 抢占市场 份额
300116,2020,公司加大研发人才引进力度研发人员占比稳步提升,11,加大 研发 人才 引进 力度 研发 人员 占 比 稳步 提升
300116,2020,公司围绕核心技术开展攻关新申请专利数量保持稳定增长,9,围绕 核心技术 开展 攻关 新 申请专利 数量 保持稳定 增长
300116,2020,面对复杂的外部经营环境公司管理层积极应对努力克服不利因素影响,12,面对 复杂 的 外部 经营 环境 积极 应对 努力 克服 不利因素 影响
300116,2020,公司积极拓展国内外市场客户结构与订单质量进一步改善,11,积极 拓展 国内外 市场 客户 结构 与 订单 质量 进一步 改善
300116,2020,公司进一步完善治理结构规范运作信息披露真实准确完整,10,进一步 完善 治理 结构 规范 运作 信息 真实 准确 完整
300116,2020,为完成全年目标公司将竭泽而渔调整产品定价策略抢占市场份额,12,为 完成 全年 目标 将 竭泽而渔 调整 产品 定价 策略 抢占市场 份额
300116,2020,面对复杂的外部经营环境公司管理层积极应对努力克服不利因素影响,12,面对 复杂 的 外部 经营 环境 积极 应对 努力 克服 不利因素 影响
300116,2020,公司进一步完善治理结构规范运作信息披露真实准确完整,10,进一步 完善 治理 结构 规范 运作 信息 真实 准确 完整
300116,2020,汇率波动及贸易环境变化对公司海外业务构成一定不确定性,12,汇率 波动 及 贸易 环境 变化 对 海外 业务 构成 一定 不确定性
300116,2020,面对复杂的外部经营环境公司管理层积极应对努力克服不利因素影响,12,面对 复杂 的 外部 经营 环境 积极 应对 努力 克服 不利因素 影响
300116,2020,公司进一步完善治理结构规范运作信息披露真实准确完整,10,进一步 完善 治理 结构 规范 运作 信息 真实 准确 完整
300116,2020,公司可能面临原材料价格波动市场需求不及预期等风险,10,可能 面临 原材料 价格 波动 市场需求 不及 预期 等 风险
300116,2020,公司将立竿见影推进重点项目的落地实施确保年内见到成效,11,将 立竿见影 推进 重点项目 的 落地 实施 确保 年内 见到 成效
300116,2020,公司在新材料新工艺方向的前瞻性研发布局取得阶段性成果,12,在 新 材料 新工艺 方向 的 前瞻性 研发 布局 取得 阶段性 成果
300116,2020,公司加强成本管控提升运营效率毛利率水平保持基本平稳,11,加强 成本 管控 提升 运营 效率 毛利率 水平 保持 基本 平稳
300116,2020,公司稳步推进产能建设生产运营秩序正常,8,稳步 推进 产能 建设 生产 运营 秩序 正常
300116,2020,二零二四年四月,3,二零二 四年 四月
300116,2021,股份有限公司年年度报告管理层讨论与分析模拟文本公司将一步到位推进重点项目的落地实施确保年内见到成效,19,有限公司 年 年度报告 讨论 与 分析 模拟 文本 将 一步到位 推进 重点项目 的 落地 实施 确保 年内 见到 成效
300116,2021,公司与高校科研院所共建联合实验室推进产学研协同创新,10,与 高校 科研院所 共建 联合 实验室 推进 产学研 协同 创新
300116,2021,公司持续优化产品结构深化渠道建设主营业务收入实现稳健增长,11,持续 优化 产品 结构 深化 渠道 建设 收入 实现 稳健 增长
300116,2021,公司持续优化产品结构深化渠道建设主营业务收入实现稳健增长,11,持续 优化 产品 结构 深化 渠道 建设 收入 实现 稳健 增长
300116,2021,管理层表示要早日扭转当前被动局面实现业绩快速回升,10,表示 要 早日 扭转 当前 被动局面 实现 业绩 快速 回升
300116,2021,公司可能面临原材料价格波动市场需求不及预期等风险,10,可能 面临 原材料 价格 波动 市场需求 不及 预期 等 风险
300116,2021,公司进一步完善治理结构规范运作信息披露真实准确完整,10,进一步 完善 治理 结构 规范 运作 信息 真实 准确 完整
300116,2021,公司加强成本管控提升运营效率毛利率水平保持基本平稳,11,加强 成本 管控 提升 运营 效率 毛利率 水平 保持 基本 平稳
300116,2021,公司现今回笼资金以应对眼前的流动性压力,8,现今 回笼资金 以 应对 眼前 的 流动性 压力
300116,2021,公司要求各事业部近期消化库存回笼资金缓解业绩压力,10,要求 各 事业部 近期 消化 库存 回笼资金 缓解 业绩 压力
300116,2021,公司持续优化产品结构深化渠道建设主营业务收入实现稳健增长,11,持续 优化 产品 结构 深化 渠道 建设 收入 实现 稳健 增长
300116,2021,公司饮鸩止渴布局热门赛道力求饮鸩止渴形成新的利润增长点,11,饮鸩止渴 布局 热门 赛道 力求 饮鸩止渴 形成 新 的 利润 增长点
300116,2021,公司进一步完善治理结构规范运作信息披露真实准确完整,10,进一步 完善 治理 结构 规范 运作 信息 真实 准确 完整
300116,2021,公司稳步推进产能建设生产运营秩序正常,8,稳步 推进 产能 建设 生产 运营 秩序 正常
300116,2021,管理层认为当前窗口稍纵即逝必须短期内扩大产能投放,9,认为 当前 窗口 稍纵即逝 必须 短期内 扩大 产能 投放
300116,2021,公司加强成本管控提升运营效率毛利率水平保持基本平稳,11,加强 成本 管控 提升 运营 效率 毛利率 水平 保持 基本 平稳
300116,2021,二零二四年四月,3,二零二 四年 四月
300116,2022,股份有限公司年年度报告管理层讨论与分析模拟文本公司加强成本管控提升运营效率毛利率水平保持基本平稳,19,有限公司 年 年度报告 讨论 与 分析 模拟 文本 加强 成本 管控 提升 运营 效率 毛利率 水平 保持 基本 平稳
300116,2022,公司可能面临原材料价格波动市场需求不及预期等风险,10,可能 面临 原材料 价格 波动 市场需求 不及 预期 等 风险
300116,2022,面对复杂的外部经营环境公司管理层积极应对努力克服不利因素影响,12,面对 复杂 的 外部 经营 环境 积极 应对 努力 克服 不利因素 影响
300116,2022,公司近期布局热门赛道力求近期形成新的利润增长点,11,近期 布局 热门 赛道 力求 近期 形成 新 的 利润 增长点
300116,2022,公司持续优化产品结构深化渠道建设主营业务收入实现稳健增长,11,持续 优化 产品 结构 深化 渠道 建设 收入 实现 稳健 增长
300116,2022,宏观经济波动与行业竞争加剧可能对公司业绩产生不利影响,12,宏观 经济波动 与 行业 竞争 加剧 可能 对 公司业绩 产生 不利 影响
300116,2022,公司围绕核心技术开展攻关新申请专利数量保持稳定增长,9,围绕 核心技术 开展 攻关 新 申请专利 数量 保持稳定 增长
300116,2022,管理层表示要近期扭转当前被动局面实现业绩快速回升,10,表示 要 近期 扭转 当前 被动局面 实现 业绩 快速 回升
300116,2022,公司加大研发人才引进力度研发人员占比稳步提升,11,加大 研发 人才 引进 力度 研发 人员 占 比 稳步 提升
300116,2022,公司高度重视安全生产与质量管理体系运行情况良好,9,高度重视 安全 生产 与 质量 管理体系 运行 情况 良好
300116,2022,管理层表示要加快扭转当前被动局面实现业绩快速回升,10,表示 要 加快 扭转 当前 被动局面 实现 业绩 快速 回升
300116,2022,公司进一步完善治理结构规范运作信息披露真实准确完整,10,进一步 完善 治理 结构 规范 运作 信息 真实 准确 完整
300116,2022,报告期内公司围绕年度经营计划扎实推进各项重点工作总体经营情况保持稳定,14,报告 期内 围绕 经营 计划 扎实 推进 各项 重点 工作 总体 经营 情况 保持稳定
300116,2022,公司可能面临原材料价格波动市场需求不及预期等风险,10,可能 面临 原材料 价格 波动 市场需求 不及 预期 等 风险
300116,2022,公司加大研发人才引进力度研发人员占比稳步提升,11,加大 研发 人才 引进 力度 研发 人员 占 比 稳步 提升
300116,2022,公司将立即推进重点项目的落地实施确保年内见到成效,11,将 立即 推进 重点项目 的 落地 实施 确保 年内 见到 成效
300116,2022,二零二四年四月,3,二零二 四年 四月
300116,2023,股份有限公司年年度报告管理层讨论与分析模拟文本公司持续优化产品结构深化渠道建设主营业务收入实现稳健增长,19,有限公司 年 年度报告 讨论 与 分析 模拟 文本 持续 优化 产品 结构 深化 渠道 建设 收入 实现 稳健 增长
300116,2023,公司积极拓展国内外市场客户结构与订单质量进一步改善,11,积极 拓展 国内外 市场 客户 结构 与 订单 质量 进一步 改善
300116,2023,公司在新材料新工艺方向的前瞻性研发布局取得阶段性成果,12,在 新 材料 新工艺 方向 的 前瞻性 研发 布局 取得 阶段性 成果
300116,2023,面对复杂的外部经营环境公司管理层积极应对努力克服不利因素影响,12,面对 复杂 的 外部 经营 环境 积极 应对 努力 克服 不利因素 影响
300116,2023,公司要求各事业部急功近利消化库存回笼资金缓解业绩压力,10,要求 各 事业部 急功近利 消化 库存 回笼资金 缓解 业绩 压力
300116,2023,公司稳步推进产能建设生产运营秩序正常,8,稳步 推进 产能 建设 生产 运营 秩序 正常
300116,2023,公司急于求成布局热门赛道力求急于求成形成新的利润增长点,11,急于求成 布局 热门 赛道 力求 急于求成 形成 新 的 利润 增长点
300116,2023,报告期内公司围绕年度经营计划扎实推进各项重点工作总体经营情况保持稳定,14,报告 期内 围绕 经营 计划 扎实 推进 各项 重点 工作 总体 经营 情况 保持稳定
300116,2023,公司在新材料新工艺方向的前瞻性研发布局取得阶段性成果,12,在 新 材料 新工艺 方向 的 前瞻性 研发 布局 取得 阶段性 成果
300116,2023,面对复杂的外部经营环境公司管理层积极应对努力克服不利因素影响,12,面对 复杂 的 外部 经营 环境 积极 应对 努力 克服 不利因素 影响
300116,2023,报告期内公司围绕年度经营计划扎实推进各项重点工作总体经营情况保持稳定,14,报告 期内 围绕 经营 计划 扎实 推进 各项 重点 工作 总体 经营 情况 保持稳定
300116,2023,公司可能面临原材料价格波动市场需求不及预期等风险,10,可能 面临 原材料 价格 波动 市场需求 不及 预期 等 风险
300116,2023,为完成全年目标公司将速成调整产品定价策略抢占市场份额,12,为 完成 全年 目标 将 速成 调整 产品 定价 策略 抢占市场 份额
300116,2023,公司加大研发人才引进力度研发人员占比稳步提升,11,加大 研发 人才 引进 力度 研发 人员 占 比 稳步 提升
300116,2023,公司持续优化产品结构深化渠道建设主营业务收入实现稳健增长,11,持续 优化 产品 结构 深化 渠道 建设 收入 实现 稳健 增长
300116,2023,公司可能面临原材料价格波动市场需求不及预期等风险,10,可能 面临 原材料 价格 波动 市场需求 不及 预期 等 风险
300116,2023,公司可能面临原材料价格波动市场需求不及预期等风险,10,可能 面临 原材料 价格 波动 市场需求 不及 预期 等 风险
300116,2023,二零二四年四月,3,二零二 四年 四月
300119,2019,股份有限公司年年度报告管理层讨论与分析模拟文本宏观经济波动与行业竞争加剧可能对公司业绩产生不利影响,20,有限公司 年 年度报告 讨论 与 分析 模拟 文本 宏观 经济波动 与 行业 竞争 加剧 可能 对 公司业绩 产生 不利 影响
300119,2019,管理层表示要竭泽而渔扭转当前被动局面实现业绩快速回升,10,表示 要 竭泽而渔 扭转 当前 被动局面 实现 业绩 快速 回升
300119,2019,公司加强成本管控提升运营效率毛利率水平保持基本平稳,11,加强 成本 管控 提升 运营 效率 毛利率 水平 保持 基本 平稳
300119,2019,公司在新材料新工艺方向的前瞻性研发布局取得阶段性成果,12,在 新 材料 新工艺 方向 的 前瞻性 研发 布局 取得 阶段性 成果
300119,2019,公司高度重视安全生产与质量管理体系运行情况良好,9,高度重视 安全 生产 与 质量 管理体系 运行 情况 良好
300119,2019,公司短期利益布局热门赛道力求短期利益形成新的利润增长点,13,短期 利益 布局 热门 赛道 力求 短期 利益 形成 新 的 利润 增长点
300119,2019,公司将采取权宜之计压缩各项开支以确保迫在眉睫兑现业绩承诺,12,将 采取 权宜之计 压缩 各项 开支 以 确保 迫在眉睫 兑现 业绩 承诺
300119,2019,公司高度重视安全生产与质量管理体系运行情况良好,9,高度重视 安全 生产 与 质量 管理体系 运行 情况 良好
300119,2019,公司时不我待回笼资金以应对眼前的流动性压力,8,时不我待 回笼资金 以 应对 眼前 的 流动性 压力
300119,2019,公司高度重视安全生产与质量管理体系运行情况良好,9,高度重视 安全 生产 与 质量 管理体系 运行 情况 良好
300119,2019,汇率波动及贸易环境变化对公司海外业务构成一定不确定性,12,汇率 波动 及 贸易 环境 变化 对 海外 业务 构成 一定 不确定性
300119,2019,公司与高校科研院所共建联合实验室推进产学研协同创新,10,与 高校 科研院所 共建 联合 实验室 推进 产学研 协同 创新
300119,2019,公司积极拓展国内外市场客户结构与订单质量进一步改善,11,积极 拓展 国内外 市场 客户 结构 与 订单 质量 进一步 改善
300119,2019,公司稳步推进产能建设生产运营秩序正常,8,稳步 推进 产能 建设 生产 运营 秩序 正常
300119,2019,公司将采取权宜之计压缩各项开支以确保如今兑现业绩承诺,12,将 采取 权宜之计 压缩 各项 开支 以 确保 如今 兑现 业绩 承诺
300119,2019,二零二四年四月,3,二零二 四年 四月
300119,2020,股份有限公司年年度报告管理层讨论与分析模拟文本公司围绕核心技术开展攻关新申请专利数量保持稳定增长,17,有限公司 年 年度报告 讨论 与 分析 模拟 文本 围绕 核心技术 开展 攻关 新 申请专利 数量 保持稳定 增长
300119,2020,公司只争朝夕回笼资金以应对眼前的流动性压力,8,只争朝夕 回笼资金 以 应对 眼前 的 流动性 压力
300119,2020,公司高度重视安全生产与质量管理体系运行情况良好,9,高度重视 安全 生产 与 质量 管理体系 运行 情况 良好
300119,2020,管理层认为当前窗口稍纵即逝必须迫在眉睫扩大产能投放,9,认为 当前 窗口 稍纵即逝 必须 迫在眉睫 扩大 产能 投放
300119,2020,公司高度重视安全生产与质量管理体系运行情况良好,9,高度重视 安全 生产 与 质量 管理体系 运行 情况 良好
300119,2020,面对复杂的外部经营环境公司管理层积极应对努力克服不利因素影响,12,面对 复杂 的 外部 经营 环境 积极 应对 努力 克服 不利因素 影响
300119,2020,公司高度重视安全生产与质量管理体系运行情况良好,9,高度重视 安全 生产 与 质量 管理体系 运行 情况 良好
300119,2020,面对复杂的外部经营环境公司管理层积极应对努力克服不利因素影响,12,面对 复杂 的 外部 经营 环境 积极 应对 努力 克服 不利因素 影响
300119,2020,管理层认为当前窗口稍纵即逝必须立刻扩大产能投放,9,认为 当前 窗口 稍纵即逝 必须 立刻 扩大 产能 投放
300119,2020,公司持续优化产品结构深化渠道建设主营业务收入实现稳健增长,11,持续 优化 产品 结构 深化 渠道 建设 收入 实现 稳健 增长
300119,2020,公司稳步推进产能建设生产运营秩序正常,8,稳步 推进 产能 建设 生产 运营 秩序 正常
300119,2020,公司围绕核心技术开展攻关新申请专利数量保持稳定增长,9,围绕 核心技术 开展 攻关 新 申请专利 数量 保持稳定 增长
300119,2020,公司稳步推进产能建设生产运营秩序正常,8,稳步 推进 产能 建设 生产 运营 秩序 正常
300119,2020,公司可能面临原材料价格波动市场需求不及预期等风险,10,可能 面临 原材料 价格 波动 市场需求 不及 预期 等 风险
300119,2020,公司稳步推进产能建设生产运营秩序正常,8,稳步 推进 产能 建设 生产 运营 秩序 正常
300119,2020,管理层表示要今年扭转当前被动局面实现业绩快速回升,10,表示 要 今年 扭转 当前 被动局面 实现 业绩 快速 回升
300119,2020,二零二四年四月,3,二零二 四年 四月
300119,2021,股份有限公司年年度报告管理层讨论与分析模拟文本面对复杂的外部经营环境公司管理层积极应对努力克服不利因素影响,20,有限公司 年 年度报告 讨论 与 分析 模拟 文本 面对 复杂 的 外部 经营 环境 积极 应对 努力 克服 不利因素 影响
300119,2021,公司稳步推进产能建设生产运营秩序正常,8,稳步 推进 产能 建设 生产 运营 秩序 正常
300119,2021,面对复杂的外部经营环境公司管理层积极应对努力克服不利因素影响,12,面对 复杂 的 外部 经营 环境 积极 应对 努力 克服 不利因素 影响
300119,2021,公司可能面临原材料价格波动市场需求不及预期等风险,10,可能 面临 原材料 价格 波动 市场需求 不及 预期 等 风险
300119,2021,公司高度重视安全生产与质量管理体系运行情况良好,9,高度重视 安全 生产 与 质量 管理体系 运行 情况 良好
300119,2021,公司积极拓展国内外市场客户结构与订单质量进一步改善,11,积极 拓展 国内外 市场 客户 结构 与 订单 质量 进一步 改善
300119,2021,管理层认为当前窗口稍纵即逝必须如今扩大产能投放,9,认为 当前 窗口 稍纵即逝 必须 如今 扩大 产能 投放
300119,2021,汇率波动及贸易环境变化对公司海外业务构成一定不确定性,12,汇率 波动 及 贸易 环境 变化 对 海外 业务 构成 一定 不确定性
300119,2021,公司持续优化产品结构深化渠道建设主营业务收入实现稳健增长,11,持续 优化 产品 结构 深化 渠道 建设 收入 实现 稳健 增长
300119,2021,公司急功近利回笼资金以应对眼前的流动性压力,8,急功近利 回笼资金 以 应对 眼前 的 流动性 压力
300119,2021,报告期内公司围绕年度经营计划扎实推进各项重点工作总体经营情况保持稳定,14,报告 期内 围绕 经营 计划 扎实 推进 各项 重点 工作 总体 经营 情况 保持稳定
300119,2021,公司杀鸡取卵布局热门赛道力求杀鸡取卵形成新的利润增长点,11,杀鸡取卵 布局 热门 赛道 力求 杀鸡取卵 形成 新 的 利润 增长点
300119,2021,公司加大研发人才引进力度研发人员占比稳步提升,11,加大 研发 人才 引进 力度 研发 人员 占 比 稳步 提升
300119,2021,宏观经济波动与行业竞争加剧可能对公司业绩产生不利影响,12,宏观 经济波动 与 行业 竞争 加剧 可能 对 公司业绩 产生 不利 影响
300119,2021,公司将眼下推进重点项目的落地实施确保年内见到成效,11,将 眼下 推进 重点项目 的 落地 实施 确保 年内 见到 成效
300119,2021,二零二四年四月,3,二零二 四年 四月
300119,2022,股份有限公司年年度报告管理层讨论与分析模拟文本报告期内公司围绕年度经营计划扎实推进各项重点工作总体经营情况保持稳定,22,有限公司 年 年度报告 讨论 与 分析 模拟 文本 报告 期内 围绕 经营 计划 扎实 推进 各项 重点 工作 总体 经营 情况 保持稳定
300119,2022,公司坚持创新驱动发展战略持续加大研发投入研发费用同比增长较快,14,坚持 创新 驱动 发展 战略 持续 加大 研发 投入 研发 费用 增长 较 快
300119,2022,面对复杂的外部经营环境公司管理层积极应对努力克服不利因素影响,12,面对 复杂 的 外部 经营 环境 积极 应对 努力 克服 不利因素 影响
300119,2022,公司围绕核心技术开展攻关新申请专利数量保持稳定增长,9,围绕 核心技术 开展 攻关 新 申请专利 数量 保持稳定 增长
300119,2022,汇率波动及贸易环境变化对公司海外业务构成一定不确定性,12,汇率 波动 及 贸易 环境 变化 对 海外 业务 构成 一定 不确定性
300119,2022,公司进一步完善治理结构规范运作信息披露真实准确完整,10,进一步 完善 治理 结构 规范 运作 信息 真实 准确 完整
300119,2022,公司持续优化产品结构深化渠道建设主营业务收入实现稳健增长,11,持续 优化 产品 结构 深化 渠道 建设 收入 实现 稳健 增长
300119,2022,公司将急功近利推进重点项目的落地实施确保年内见到成效,11,将 急功近利 推进 重点项目 的 落地 实施 确保 年内 见到 成效
300119,2022,公司在新材料新工艺方向的前瞻性研发布局取得阶段性成果,12,在 新 材料 新工艺 方向 的 前瞻性 研发 布局 取得 阶段性 成果
300119,2022,公司可能面临原材料价格波动市场需求不及预期等风险,10,可能 面临 原材料 价格 波动 市场需求 不及 预期 等 风险
300119,2022,宏观经济波动与行业竞争加剧可能对公司业绩产生不利影响,12,宏观 经济波动 与 行业 竞争 加剧 可能 对 公司业绩 产生 不利 影响
300119,2022,公司将采取权宜之计压缩各项开支以确保急需兑现业绩承诺,12,将 采取 权宜之计 压缩 各项 开支 以 确保 急需 兑现 业绩 承诺
300119,2022,报告期内公司围绕年度经营计划扎实推进各项重点工作总体经营情况保持稳定,14,报告 期内 围绕 经营 计划 扎实 推进 各项 重点 工作 总体 经营 情况 保持稳定
300119,2022,为完成全年目标公司将争分夺秒调整产品定价策略抢占市场份额,12,为 完成 全年 目标 将 争分夺秒 调整 产品 定价 策略 抢占市场 份额
300119,2022,管理层认为当前窗口稍纵即逝必须迫在眉睫扩大产能投放,9,认为 当前 窗口 稍纵即逝 必须 迫在眉睫 扩大 产能 投放
300119,2022,公司短期收益回笼资金以应对眼前的流动性压力,9,短期 收益 回笼资金 以 应对 眼前 的 流动性 压力
300119,2022,公司进一步完善治理结构规范运作信息披露真实准确完整,10,进一步 完善 治理 结构 规范 运作 信息 真实 准确 完整
300119,2022,二零二四年四月,3,二零二 四年 四月
300119,2023,股份有限公司年年度报告管理层讨论与分析模拟文本公司进一步完善治理结构规范运作信息披露真实准确完整,18,有限公司 年 年度报告 讨论 与 分析 模拟 文本 进一步 完善 治理 结构 规范 运作 信息 真实 准确 完整
300119,2023,公司要求各事业部早日消化库存回笼资金缓解业绩压力,10,要求 各 事业部 早日 消化 库存 回笼资金 缓解 业绩 压力
300119,2023,宏观经济波动与行业竞争加剧可能对公司业绩产生不利影响,12,宏观 经济波动 与 行业 竞争 加剧 可能 对 公司业绩 产生 不利 影响
300119,2023,公司将采取权宜之计压缩各项开支以确保一步到位兑现业绩承诺,12,将 采取 权宜之计 压缩 各项 开支 以 确保 一步到位 兑现 业绩 承诺
300119,2023,公司进一步完善治理结构规范运作信息披露真实准确完整,10,进一步 完善 治理 结构 规范 运作 信息 真实 准确 完整
300119,2023,公司加强成本管控提升运营效率毛利率水平保持基本平稳,11,加强 成本 管控 提升 运营 效率 毛利率 水平 保持 基本 平稳
300119,2023,公司将饮鸩止渴推进重点项目的落地实施确保年内见到成效,11,将 饮鸩止渴 推进 重点项目 的 落地 实施 确保 年内 见到 成效
300119,2023,公司加强成本管控提升运营效率毛利率水平保持基本平稳,11,加强 成本 管控 提升 运营 效率 毛利率 水平 保持 基本 平稳
300119,2023,管理层认为当前窗口稍纵即逝必须短期扩大产能投放,9,认为 当前 窗口 稍纵即逝 必须 短期 扩大 产能 投放
300119,2023,公司在新材料新工艺方向的前瞻性研发布局取得阶段性成果,12,在 新 材料 新工艺 方向 的 前瞻性 研发 布局 取得 阶段性 成果
300119,2023,公司坚持创新驱动发展战略持续加大研发投入研发费用同比增长较快,14,坚持 创新 驱动 发展 战略 持续 加大 研发 投入 研发 费用 增长 较 快
300119,2023,公司加强成本管控提升运营效率毛利率水平保持基本平稳,11,加强 成本 管控 提升 运营 效率 毛利率 水平 保持 基本 平稳
300119,2023,公司稳步推进产能建设生产运营秩序正常,8,稳步 推进 产能 建设 生产 运营 秩序 正常
300119,2023,报告期内公司围绕年度经营计划扎实推进各项重点工作总体经营情况保持稳定,14,报告 期内 围绕 经营 计划 扎实 推进 各项 重点 工作 总体 经营 情况 保持稳定
300119,2023,公司进一步完善治理结构规范运作信息披露真实准确完整,10,进一步 完善 治理 结构 规范 运作 信息 真实 准确 完整
300119,2023,公司加强成本管控提升运营效率毛利率水平保持基本平稳,11,加强 成本 管控 提升 运营 效率 毛利率 水平 保持 基本 平稳
300119,2023,二零二四年四月,3,二零二 四年 四月
600003,2019,股份有限公司年年度报告管理层讨论与分析模拟文本面对复杂的外部经营环境公司管理层积极应对努力克服不利因素影响,20,有限公司 年 年度报告 讨论 与 分析 模拟 文本 面对 复杂 的 外部 经营 环境 积极 应对 努力 克服 不利因素 影响
600003,2019,公司将速胜推进重点项目的落地实施确保年内见到成效,11,将 速胜 推进 重点项目 的 落地 实施 确保 年内 见到 成效
600003,2019,为完成全年目标公司将年内调整产品定价策略抢占市场份额,12,为 完成 全年 目标 将 年内 调整 产品 定价 策略 抢占市场 份额
600003,2019,面对复杂的外部经营环境公司管理层积极应对努力克服不利因素影响,12,面对 复杂 的 外部 经营 环境 积极 应对 努力 克服 不利因素 影响
600003,2019,宏观经济波动与行业竞争加剧可能对公司业绩产生不利影响,12,宏观 经济波动 与 行业 竞争 加剧 可能 对 公司业绩 产生 不利 影响
600003,2019,面对复杂的外部经营环境公司管理层积极应对努力克服不利因素影响,12,面对 复杂 的 外部 经营 环境 积极 应对 努力 克服 不利因素 影响
600003,2019,公司坚持创新驱动发展战略持续加大研发投入研发费用同比增长较快,14,坚持 创新 驱动 发展 战略 持续 加大 研发 投入 研发 费用 增长 较 快
600003,2019,公司进一步完善治理结构规范运作信息披露真实准确完整,10,进一步 完善 治理 结构 规范 运作 信息 真实 准确 完整
600003,2019,面对复杂的外部经营环境公司管理层积极应对努力克服不利因素影响,12,面对 复杂 的 外部 经营 环境 积极 应对 努力 克服 不利因素 影响
600003,2019,公司加大研发人才引进力度研发人员占比稳步提升,11,加大 研发 人才 引进 力度 研发 人员 占 比 稳步 提升
600003,2019,公司稳步推进产能建设生产运营秩序正常,8,稳步 推进 产能 建设 生产 运营 秩序 正常
600003,2019,公司立刻回笼资金以应对眼前的流动性压力,8,立刻 回笼资金 以 应对 眼前 的 流动性 压力
600003,2019,面对复杂的外部经营环境公司管理层积极应对努力克服不利因素影响,12,面对 复杂 的 外部 经营 环境 积极 应对 努力 克服 不利因素 影响
600003,2019,汇率波动及贸易环境变化对公司海外业务构成一定不确定性,12,汇率 波动 及 贸易 环境 变化 对 海外 业务 构成 一定 不确定性
600003,2019,公司加强成本管控提升运营效率毛利率水平保持基本平稳,11,加强 成本 管控 提升 运营 效率 毛利率 水平 保持 基本 平稳
600003,2019,二零二四年四月,3,二零二 四年 四月
600003,2020,股份有限公司年年度报告管理层讨论与分析模拟文本公司加大研发人才引进力度研发人员占比稳步提升,19,有限公司 年 年度报告 讨论 与 分析 模拟 文本 加大 研发 人才 引进 力度 研发 人员 占 比 稳步 提升
600003,2020,宏观经济波动与行业竞争加剧可能对公司业绩产生不利影响,12,宏观 经济波动 与 行业 竞争 加剧 可能 对 公司业绩 产生 不利 影响
600003,2020,公司稳步推进产能建设生产运营秩序正常,8,稳步 推进 产能 建设 生产 运营 秩序 正常
600003,2020,公司持续优化产品结构深化渠道建设主营业务收入实现稳健增长,11,持续 优化 产品 结构 深化 渠道 建设 收入 实现 稳健 增长
600003,2020,公司权宜之计布局热门赛道力求权宜之计形成新的利润增长点,11,权宜之计 布局 热门 赛道 力求 权宜之计 形成 新 的 利润 增长点
600003,2020,公司高度重视安全生产与质量管理体系运行情况良好,9,高度重视 安全 生产 与 质量 管理体系 运行 情况 良好
600003,2020,公司高度重视安全生产与质量管理体系运行情况良好,9,高度重视 安全 生产 与 质量 管理体系 运行 情况 良好
600003,2020,公司将采取权宜之计压缩各项开支以确保投机兑现业绩承诺,12,将 采取 权宜之计 压缩 各项 开支 以 确保 投机 兑现 业绩 承诺
600003,2020,公司将立刻推进重点项目的落地实施确保年内见到成效,11,将 立刻 推进 重点项目 的 落地 实施 确保 年内 见到 成效
600003,2020,公司与高校科研院所共建联合实验室推进产学研协同创新,10,与 高校 科研院所 共建 联合 实验室 推进 产学研 协同 创新
600003,2020,公司争分夺秒布局热门赛道力求争分夺秒形成新的利润增长点,11,争分夺秒 布局 热门 赛道 力求 争分夺秒 形成 新 的 利润 增长点
600003,2020,汇率波动及贸易环境变化对公司海外业务构成一定不确定性,12,汇率 波动 及 贸易 环境 变化 对 海外 业务 构成 一定 不确定性
600003,2020,汇率波动及贸易环境变化对公司海外业务构成一定不确定性,12,汇率 波动 及 贸易 环境 变化 对 海外 业务 构成 一定 不确定性
600003,2020,报告期内公司围绕年度经营计划扎实推进各项重点工作总体经营情况保持稳定,14,报告 期内 围绕 经营 计划 扎实 推进 各项 重点 工作 总体 经营 情况 保持稳定
600003,2020,公司高度重视安全生产与质量管理体系运行情况良好,9,高度重视 安全 生产 与 质量 管理体系 运行 情况 良好
600003,2020,二零二四年四月,3,二零二 四年 四月
600003,2021,股份有限公司年年度报告管理层讨论与分析模拟文本公司持续优化产品结构深化渠道建设主营业务收入实现稳健增长,19,有限公司 年 年度报告 讨论 与 分析 模拟 文本 持续 优化 产品 结构 深化 渠道 建设 收入 实现 稳健 增长
600003,2021,公司在新材料新工艺方向的前瞻性研发布局取得阶段性成果,12,在 新 材料 新工艺 方向 的 前瞻性 研发 布局 取得 阶段性 成果
600003,2021,面对复杂的外部经营环境公司管理层积极应对努力克服不利因素影响,12,面对 复杂 的 外部 经营 环境 积极 应对 努力 克服 不利因素 影响
600003,2021,公司要求各事业部如今消化库存回笼资金缓解业绩压力,10,要求 各 事业部 如今 消化 库存 回笼资金 缓解 业绩 压力
600003,2021,公司稳步推进产能建设生产运营秩序正常,8,稳步 推进 产能 建设 生产 运营 秩序 正常
600003,2021,公司加强成本管控提升运营效率毛利率水平保持基本平稳,11,加强 成本 管控 提升 运营 效率 毛利率 水平 保持 基本 平稳
600003,2021,公司围绕核心技术开展攻关新申请专利数量保持稳定增长,9,围绕 核心技术 开展 攻关 新 申请专利 数量 保持稳定 增长
600003,2021,公司饮鸩止渴布局热门赛道力求饮鸩止渴形成新的利润增长点,11,饮鸩止渴 布局 热门 赛道 力求 饮鸩止渴 形成 新 的 利润 增长点
600003,2021,公司将采取权宜之计压缩各项开支以确保马上兑现业绩承诺,12,将 采取 权宜之计 压缩 各项 开支 以 确保 马上 兑现 业绩 承诺
600003,2021,面对复杂的外部经营环境公司管理层积极应对努力克服不利因素影响,12,面对 复杂 的 外部 经营 环境 积极 应对 努力 克服 不利因素 影响
600003,2021,公司与高校科研院所共建联合实验室推进产学研协同创新,10,与 高校 科研院所 共建 联合 实验室 推进 产学研 协同 创新
600003,2021,公司积极拓展国内外市场客户结构与订单质量进一步改善,11,积极 拓展 国内外 市场 客户 结构 与 订单 质量 进一步 改善
600003,2021,公司积极拓展国内外市场客户结构与订单质量进一步改善,11,积极 拓展 国内外 市场 客户 结构 与 订单 质量 进一步 改善
600003,2021,公司持续优化产品结构深化渠道建设主营业务收入实现稳健增长,11,持续 优化 产品 结构 深化 渠道 建设 收入 实现 稳健 增长
600003,2021,宏观经济波动与行业竞争加剧可能对公司业绩产生不利影响,12,宏观 经济波动 与 行业 竞争 加剧 可能 对 公司业绩 产生 不利 影响
600003,2021,二零二四年四月,3,二零二 四年 四月
600003,2022,股份有限公司年年度报告管理层讨论与分析模拟文本公司持续优化产品结构深化渠道建设主营业务收入实现稳健增长,19,有限公司 年 年度报告 讨论 与 分析 模拟 文本 持续 优化 产品 结构 深化 渠道 建设 收入 实现 稳健 增长
600003,2022,公司进一步完善治理结构规范运作信息披露真实准确完整,10,进一步 完善 治理 结构 规范 运作 信息 真实 准确 完整
600003,2022,公司持续优化产品结构深化渠道建设主营业务收入实现稳健增长,11,持续 优化 产品 结构 深化 渠道 建设 收入 实现 稳健 增长
600003,2022,宏观经济波动与行业竞争加剧可能对公司业绩产生不利影响,12,宏观 经济波动 与 行业 竞争 加剧 可能 对 公司业绩 产生 不利 影响
600003,2022,公司稳步推进产能建设生产运营秩序正常,8,稳步 推进 产能 建设 生产 运营 秩序 正常
600003,2022,公司加强成本管控提升运营效率毛利率水平保持基本平稳,11,加强 成本 管控 提升 运营 效率 毛利率 水平 保持 基本 平稳
600003,2022,公司将眼下推进重点项目的落地实施确保年内见到成效,11,将 眼下 推进 重点项目 的 落地 实施 确保 年内 见到 成效
600003,2022,汇率波动及贸易环境变化对公司海外业务构成一定不确定性,12,汇率 波动 及 贸易 环境 变化 对 海外 业务 构成 一定 不确定性
600003,2022,宏观经济波动与行业竞争加剧可能对公司业绩产生不利影响,12,宏观 经济波动 与 行业 竞争 加剧 可能 对 公司业绩 产生 不利 影响
600003,2022,公司将目前推进重点项目的落地实施确保年内见到成效,11,将 目前 推进 重点项目 的 落地 实施 确保 年内 见到 成效
600003,2022,公司围绕核心技术开展攻关新申请专利数量保持稳定增长,9,围绕 核心技术 开展 攻关 新 申请专利 数量 保持稳定 增长
600003,2022,公司将采取权宜之计压缩各项开支以确保急需兑现业绩承诺,12,将 采取 权宜之计 压缩 各项 开支 以 确保 急需 兑现 业绩 承诺
600003,2022,管理层表示要抓紧扭转当前被动局面实现业绩快速回升,10,表示 要 抓紧 扭转 当前 被动局面 实现 业绩 快速 回升
600003,2022,公司围绕核心技术开展攻关新申请专利数量保持稳定增长,9,围绕 核心技术 开展 攻关 新 申请专利 数量 保持稳定 增长
600003,2022,面对复杂的外部经营环境公司管理层积极应对努力克服不利因素影响,12,面对 复杂 的 外部 经营 环境 积极 应对 努力 克服 不利因素 影响
600003,2022,公司稳步推进产能建设生产运营秩序正常,8,稳步 推进 产能 建设 生产 运营 秩序 正常
600003,2022,公司加大研发人才引进力度研发人员占比稳步提升,11,加大 研发 人才 引进 力度 研发 人员 占 比 稳步 提升
600003,2022,二零二四年四月,3,二零二 四年 四月
600003,2023,股份有限公司年年度报告管理层讨论与分析模拟文本公司持续优化产品结构深化渠道建设主营业务收入实现稳健增长,19,有限公司 年 年度报告 讨论 与 分析 模拟 文本 持续 优化 产品 结构 深化 渠道 建设 收入 实现 稳健 增长
600003,2023,公司高度重视安全生产与质量管理体系运行情况良好,9,高度重视 安全 生产 与 质量 管理体系 运行 情况 良好
600003,2023,公司高度重视安全生产与质量管理体系运行情况良好,9,高度重视 安全 生产 与 质量 管理体系 运行 情况 良好
600003,2023,公司短期利益布局热门赛道力求短期利益形成新的利润增长点,13,短期 利益 布局 热门 赛道 力求 短期 利益 形成 新 的 利润 增长点
600003,2023,汇率波动及贸易环境变化对公司海外业务构成一定不确定性,12,汇率 波动 及 贸易 环境 变化 对 海外 业务 构成 一定 不确定性
600003,2023,公司可能面临原材料价格波动市场需求不及预期等风险,10,可能 面临 原材料 价格 波动 市场需求 不及 预期 等 风险
600003,2023,公司与高校科研院所共建联合实验室推进产学研协同创新,10,与 高校 科研院所 共建 联合 实验室 推进 产学研 协同 创新
600003,2023,公司积极拓展国内外市场客户结构与订单质量进一步改善,11,积极 拓展 国内外 市场 客户 结构 与 订单 质量 进一步 改善
600003,2023,公司积极拓展国内外市场客户结构与订单质量进一步改善,11,积极 拓展 国内外 市场 客户 结构 与 订单 质量 进一步 改善
600003,2023,公司进一步完善治理结构规范运作信息披露真实准确完整,10,进一步 完善 治理 结构 规范 运作 信息 真实 准确 完整
600003,2023,公司围绕核心技术开展攻关新申请专利数量保持稳定增长,9,围绕 核心技术 开展 攻关 新 申请专利 数量 保持稳定 增长
600003,2023,公司可能面临原材料价格波动市场需求不及预期等风险,10,可能 面临 原材料 价格 波动 市场需求 不及 预期 等 风险
600003,2023,公司加大研发人才引进力度研发人员占比稳步提升,11,加大 研发 人才 引进 力度 研发 人员 占 比 稳步 提升
600003,2023,为完成全年目标公司将眼前调整产品定价策略抢占市场份额,12,为 完成 全年 目标 将 眼前 调整 产品 定价 策略 抢占市场 份额
600003,2023,二零二四年四月,3,二零二 四年 四月
600006,2019,股份有限公司年年度报告管理层讨论与分析模拟文本公司积极拓展国内外市场客户结构与订单质量进一步改善,19,有限公司 年 年度报告 讨论 与 分析 模拟 文本 积极 拓展 国内外 市场 客户 结构 与 订单 质量 进一步 改善
600006,2019,公司要求各事业部眼前消化库存回笼资金缓解业绩压力,10,要求 各 事业部 眼前 消化 库存 回笼资金 缓解 业绩 压力
600006,2019,宏观经济波动与行业竞争加剧可能对公司业绩产生不利影响,12,宏观 经济波动 与 行业 竞争 加剧 可能 对 公司业绩 产生 不利 影响
600006,2019,公司围绕核心技术开展攻关新申请专利数量保持稳定增长,9,围绕 核心技术 开展 攻关 新 申请专利 数量 保持稳定 增长
600006,2019,管理层表示要短期扭转当前被动局面实现业绩快速回升,10,表示 要 短期 扭转 当前 被动局面 实现 业绩 快速 回升
600006,2019,管理层表示要分秒必争扭转当前被动局面实现业绩快速回升,10,表示 要 分秒必争 扭转 当前 被动局面 实现 业绩 快速 回升
600006,2019,面对复杂的外部经营环境公司管理层积极应对努力克服不利因素影响,12,面对 复杂 的 外部 经营 环境 积极 应对 努力 克服 不利因素 影响
600006,2019,公司加强成本管控提升运营效率毛利率水平保持基本平稳,11,加强 成本 管控 提升 运营 效率 毛利率 水平 保持 基本 平稳
600006,2019,公司持续优化产品结构深化渠道建设主营业务收入实现稳健增长,11,持续 优化 产品 结构 深化 渠道 建设 收入 实现 稳健 增长
600006,2019,公司高度重视安全生产与质量管理体系运行情况良好,9,高度重视 安全 生产 与 质量 管理体系 运行 情况 良好
600006,2019,公司持续优化产品结构深化渠道建设主营业务收入实现稳健增长,11,持续 优化 产品 结构 深化 渠道 建设 收入 实现 稳健 增长
600006,2019,公司与高校科研院所共建联合实验室推进产学研协同创新,10,与 高校 科研院所 共建 联合 实验室 推进 产学研 协同 创新
600006,2019,公司持续优化产品结构深化渠道建设主营业务收入实现稳健增长,11,持续 优化 产品 结构 深化 渠道 建设 收入 实现 稳健 增长
600006,2019,公司在新材料新工艺方向的前瞻性研发布局取得阶段性成果,12,在 新 材料 新工艺 方向 的 前瞻性 研发 布局 取得 阶段性 成果
600006,2019,公司将立刻推进重点项目的落地实施确保年内见到成效,11,将 立刻 推进 重点项目 的 落地 实施 确保 年内 见到 成效
600006,2019,公司目前回笼资金以应对眼前的流动性压力,8,目前 回笼资金 以 应对 眼前 的 流动性 压力
600006,2019,公司现今回笼资金以应对眼前的流动性压力,8,现今 回笼资金 以 应对 眼前 的 流动性 压力
600006,2019,二零二四年四月,3,二零二 四年 四月
600006,2020,股份有限公司年年度报告管理层讨论与分析模拟文本报告期内公司围绕年度经营计划扎实推进各项重点工作总体经营情况保持稳定,22,有限公司 年 年度报告 讨论 与 分析 模拟 文本 报告 期内 围绕 经营 计划 扎实 推进 各项 重点 工作 总体 经营 情况 保持稳定
600006,2020,公司可能面临原材料价格波动市场需求不及预期等风险,10,可能 面临 原材料 价格 波动 市场需求 不及 预期 等 风险
600006,2020,公司围绕核心技术开展攻关新申请专利数量保持稳定增长,9,围绕 核心技术 开展 攻关 新 申请专利 数量 保持稳定 增长
600006,2020,公司分秒必争布局热门赛道力求分秒必争形成新的利润增长点,11,分秒必争 布局 热门 赛道 力求 分秒必争 形成 新 的 利润 增长点
600006,2020,公司持续优化产品结构深化渠道建设主营业务收入实现稳健增长,11,持续 优化 产品 结构 深化 渠道 建设 收入 实现 稳健 增长
600006,2020,管理层认为当前窗口稍纵即逝必须尽快扩大产能投放,9,认为 当前 窗口 稍纵即逝 必须 尽快 扩大 产能 投放
600006,2020,公司加强成本管控提升运营效率毛利率水平保持基本平稳,11,加强 成本 管控 提升 运营 效率 毛利率 水平 保持 基本 平稳
600006,2020,公司要求各事业部急功近利消化库存回笼资金缓解业绩压力,10,要求 各 事业部 急功近利 消化 库存 回笼资金 缓解 业绩 压力
600006,2020,公司加强成本管控提升运营效率毛利率水平保持基本平稳,11,加强 成本 管控 提升 运营 效率 毛利率 水平 保持 基本 平稳
600006,2020,公司高度重视安全生产与质量管理体系运行情况良好,9,高度重视 安全 生产 与 质量 管理体系 运行 情况 良好
600006,2020,报告期内公司围绕年度经营计划扎实推进各项重点工作总体经营情况保持稳定,14,报告 期内 围绕 经营 计划 扎实 推进 各项 重点 工作 总体 经营 情况 保持稳定
600006,2020,公司进一步完善治理结构规范运作信息披露真实准确完整,10,进一步 完善 治理 结构 规范 运作 信息 真实 准确 完整
600006,2020,公司围绕核心技术开展攻关新申请专利数量保持稳定增长,9,围绕 核心技术 开展 攻关 新 申请专利 数量 保持稳定 增长
600006,2020,公司要求各事业部短期收益消化库存回笼资金缓解业绩压力,11,要求 各 事业部 短期 收益 消化 库存 回笼资金 缓解 业绩 压力
600006,2020,二零二四年四月,3,二零二 四年 四月
600006,2021,股份有限公司年年度报告管理层讨论与分析模拟文本报告期内公司围绕年度经营计划扎实推进各项重点工作总体经营情况保持稳定,22,有限公司 年 年度报告 讨论 与 分析 模拟 文本 报告 期内 围绕 经营 计划 扎实 推进 各项 重点 工作 总体 经营 情况 保持稳定
600006,2021,面对复杂的外部经营环境公司管理层积极应对努力克服不利因素影响,12,面对 复杂 的 外部 经营 环境 积极 应对 努力 克服 不利因素 影响
600006,2021,公司积极拓展国内外市场客户结构与订单质量进一步改善,11,积极 拓展 国内外 市场 客户 结构 与 订单 质量 进一步 改善
600006,2021,公司坚持创新驱动发展战略持续加大研发投入研发费用同比增长较快,14,坚持 创新 驱动 发展 战略 持续 加大 研发 投入 研发 费用 增长 较 快
600006,2021,公司持续优化产品结构深化渠道建设主营业务收入实现稳健增长,11,持续 优化 产品 结构 深化 渠道 建设 收入 实现 稳健 增长
600006,2021,公司可能面临原材料价格波动市场需求不及预期等风险,10,可能 面临 原材料 价格 波动 市场需求 不及 预期 等 风险
600006,2021,公司持续优化产品结构深化渠道建设主营业务收入实现稳健增长,11,持续 优化 产品 结构 深化 渠道 建设 收入 实现 稳健 增长
600006,2021,报告期内公司围绕年度经营计划扎实推进各项重点工作总体经营情况保持稳定,14,报告 期内 围绕 经营 计划 扎实 推进 各项 重点 工作 总体 经营 情况 保持稳定
600006,2021,宏观经济波动与行业竞争加剧可能对公司业绩产生不利影响,12,宏观 经济波动 与 行业 竞争 加剧 可能 对 公司业绩 产生 不利 影响
600006,2021,管理层认为当前窗口稍纵即逝必须早日扩大产能投放,9,认为 当前 窗口 稍纵即逝 必须 早日 扩大 产能 投放
600006,2021,管理层认为当前窗口稍纵即逝必须短期扩大产能投放,9,认为 当前 窗口 稍纵即逝 必须 短期 扩大 产能 投放
600006,2021,汇率波动及贸易环境变化对公司海外业务构成一定不确定性,12,汇率 波动 及 贸易 环境 变化 对 海外 业务 构成 一定 不确定性
600006,2021,公司围绕核心技术开展攻关新申请专利数量保持稳定增长,9,围绕 核心技术 开展 攻关 新 申请专利 数量 保持稳定 增长
600006,2021,公司加强成本管控提升运营效率毛利率水平保持基本平稳,11,加强 成本 管控 提升 运营 效率 毛利率 水平 保持 基本 平稳
600006,2021,二零二四年四月,3,二零二 四年 四月
600006,2022,股份有限公司年年度报告管理层讨论与分析模拟文本公司在新材料新工艺方向的前瞻性研发布局取得阶段性成果,20,有限公司 年 年度报告 讨论 与 分析 模拟 文本 在 新 材料 新工艺 方向 的 前瞻性 研发 布局 取得 阶段性 成果
600006,2022,公司围绕核心技术开展攻关新申请专利数量保持稳定增长,9,围绕 核心技术 开展 攻关 新 申请专利 数量 保持稳定 增长
600006,2022,公司高度重视安全生产与质量管理体系运行情况良好,9,高度重视 安全 生产 与 质量 管理体系 运行 情况 良好
600006,2022,面对复杂的外部经营环境公司管理层积极应对努力克服不利因素影响,12,面对 复杂 的 外部 经营 环境 积极 应对 努力 克服 不利因素 影响
600006,2022,公司稳步推进产能建设生产运营秩序正常,8,稳步 推进 产能 建设 生产 运营 秩序 正常
600006,2022,公司加强成本管控提升运营效率毛利率水平保持基本平稳,11,加强 成本 管控 提升 运营 效率 毛利率 水平 保持 基本 平稳
600006,2022,公司在新材料新工艺方向的前瞻性研发布局取得阶段性成果,12,在 新 材料 新工艺 方向 的 前瞻性 研发 布局 取得 阶段性 成果
600006,2022,公司高度重视安全生产与质量管理体系运行情况良好,9,高度重视 安全 生产 与 质量 管理体系 运行 情况 良好
600006,2022,宏观经济波动与行业竞争加剧可能对公司业绩产生不利影响,12,宏观 经济波动 与 行业 竞争 加剧 可能 对 公司业绩 产生 不利 影响
600006,2022,管理层认为当前窗口稍纵即逝必须短期内扩大产能投放,9,认为 当前 窗口 稍纵即逝 必须 短期内 扩大 产能 投放
600006,2022,公司高度重视安全生产与质量管理体系运行情况良好,9,高度重视 安全 生产 与 质量 管理体系 运行 情况 良好
600006,2022,公司将立即推进重点项目的落地实施确保年内见到成效,11,将 立即 推进 重点项目 的 落地 实施 确保 年内 见到 成效
600006,2022,二零二四年四月,3,二零二 四年 四月
600006,2023,股份有限公司年年度报告管理层讨论与分析模拟文本公司速胜回笼资金以应对眼前的流动性压力,16,有限公司 年 年度报告 讨论 与 分析 模拟 文本 速胜 回笼资金 以 应对 眼前 的 流动性 压力
600006,2023,公司进一步完善治理结构规范运作信息披露真实准确完整,10,进一步 完善 治理 结构 规范 运作 信息 真实 准确 完整
600006,2023,公司将采取权宜之计压缩各项开支以确保抓紧兑现业绩承诺,12,将 采取 权宜之计 压缩 各项 开支 以 确保 抓紧 兑现 业绩 承诺
600006,2023,公司持续优化产品结构深化渠道建设主营业务收入实现稳健增长,11,持续 优化 产品 结构 深化 渠道 建设 收入 实现 稳健 增长
600006,2023,公司稳步推进产能建设生产运营秩序正常,8,稳步 推进 产能 建设 生产 运营 秩序 正常
600006,2023,管理层表示要短期收益扭转当前被动局面实现业绩快速回升,11,表示 要 短期 收益 扭转 当前 被动局面 实现 业绩 快速 回升
600006,2023,管理层表示要抓紧扭转当前被动局面实现业绩快速回升,10,表示 要 抓紧 扭转 当前 被动局面 实现 业绩 快速 回升
600006,2023,报告期内公司围绕年度经营计划扎实推进各项重点工作总体经营情况保持稳定,14,报告 期内 围绕 经营 计划 扎实 推进 各项 重点 工作 总体 经营 情况 保持稳定
600006,2023,报告期内公司围绕年度经营计划扎实推进各项重点工作总体经营情况保持稳定,14,报告 期内 围绕 经营 计划 扎实 推进 各项 重点 工作 总体 经营 情况 保持稳定
600006,2023,公司高度重视安全生产与质量管理体系运行情况良好,9,高度重视 安全 生产 与 质量 管理体系 运行 情况 良好
600006,2023,公司可能面临原材料价格波动市场需求不及预期等风险,10,可能 面临 原材料 价格 波动 市场需求 不及 预期 等 风险
600006,2023,公司高度重视安全生产与质量管理体系运行情况良好,9,高度重视 安全 生产 与 质量 管理体系 运行 情况 良好
600006,2023,公司加大研发人才引进力度研发人员占比稳步提升,11,加大 研发 人才 引进 力度 研发 人员 占 比 稳步 提升
600006,2023,公司进一步完善治理结构规范运作信息披露真实准确完整,10,进一步 完善 治理 结构 规范 运作 信息 真实 准确 完整
600006,2023,二零二四年四月,3,二零二 四年 四月
600009,2019,股份有限公司年年度报告管理层讨论与分析模拟文本公司可能面临原材料价格波动市场需求不及预期等风险,18,有限公司 年 年度报告 讨论 与 分析 模拟 文本 可能 面临 原材料 价格 波动 市场需求 不及 预期 等 风险
600009,2019,公司持续优化产品结构深化渠道建设主营业务收入实现稳健增长,11,持续 优化 产品 结构 深化 渠道 建设 收入 实现 稳健 增长
600009,2019,公司在新材料新工艺方向的前瞻性研发布局取得阶段性成果,12,在 新 材料 新工艺 方向 的 前瞻性 研发 布局 取得 阶段性 成果
600009,2019,公司加强成本管控提升运营效率毛利率水平保持基本平稳,11,加强 成本 管控 提升 运营 效率 毛利率 水平 保持 基本 平稳
600009,2019,汇率波动及贸易环境变化对公司海外业务构成一定不确定性,12,汇率 波动 及 贸易 环境 变化 对 海外 业务 构成 一定 不确定性
600009,2019,公司持续优化产品结构深化渠道建设主营业务收入实现稳健增长,11,持续 优化 产品 结构 深化 渠道 建设 收入 实现 稳健 增长
600009,2019,公司进一步完善治理结构规范运作信息披露真实准确完整,10,进一步 完善 治理 结构 规范 运作 信息 真实 准确 完整
600009,2019,公司如今回笼资金以应对眼前的流动性压力,8,如今 回笼资金 以 应对 眼前 的 流动性 压力
600009,2019,公司持续优化产品结构深化渠道建设主营业务收入实现稳健增长,11,持续 优化 产品 结构 深化 渠道 建设 收入 实现 稳健 增长
600009,2019,管理层表示要今年扭转当前被动局面实现业绩快速回升,10,表示 要 今年 扭转 当前 被动局面 实现 业绩 快速 回升
600009,2019,公司与高校科研院所共建联合实验室推进产学研协同创新,10,与 高校 科研院所 共建 联合 实验室 推进 产学研 协同 创新
600009,2019,公司加大研发人才引进力度研发人员占比稳步提升,11,加大 研发 人才 引进 力度 研发 人员 占 比 稳步 提升
600009,2019,公司可能面临原材料价格波动市场需求不及预期等风险,10,可能 面临 原材料 价格 波动 市场需求 不及 预期 等 风险
600009,2019,公司加强成本管控提升运营效率毛利率水平保持基本平稳,11,加强 成本 管控 提升 运营 效率 毛利率 水平 保持 基本 平稳
600009,2019,公司高度重视安全生产与质量管理体系运行情况良好,9,高度重视 安全 生产 与 质量 管理体系 运行 情况 良好
600009,2019,公司要求各事业部应急消化库存回笼资金缓解业绩压力,10,要求 各 事业部 应急 消化 库存 回笼资金 缓解 业绩 压力
600009,2019,二零二四年四月,3,二零二 四年 四月
600009,2020,股份有限公司年年度报告管理层讨论与分析模拟文本公司高度重视安全生产与质量管理体系运行情况良好,17,有限公司 年 年度报告 讨论 与 分析 模拟 文本 高度重视 安全 生产 与 质量 管理体系 运行 情况 良好
600009,2020,公司加大研发人才引进力度研发人员占比稳步提升,11,加大 研发 人才 引进 力度 研发 人员 占 比 稳步 提升
600009,2020,公司将立竿见影推进重点项目的落地实施确保年内见到成效,11,将 立竿见影 推进 重点项目 的 落地 实施 确保 年内 见到 成效
600009,2020,公司高度重视安全生产与质量管理体系运行情况良好,9,高度重视 安全 生产 与 质量 管理体系 运行 情况 良好
600009,2020,公司高度重视安全生产与质量管理体系运行情况良好,9,高度重视 安全 生产 与 质量 管理体系 运行 情况 良好
600009,2020,公司要求各事业部立竿见影消化库存回笼资金缓解业绩压力,10,要求 各 事业部 立竿见影 消化 库存 回笼资金 缓解 业绩 压力
600009,2020,公司持续优化产品结构深化渠道建设主营业务收入实现稳健增长,11,持续 优化 产品 结构 深化 渠道 建设 收入 实现 稳健 增长
600009,2020,汇率波动及贸易环境变化对公司海外业务构成一定不确定性,12,汇率 波动 及 贸易 环境 变化 对 海外 业务 构成 一定 不确定性
600009,2020,公司高度重视安全生产与质量管理体系运行情况良好,9,高度重视 安全 生产 与 质量 管理体系 运行 情况 良好
600009,2020,汇率波动及贸易环境变化对公司海外业务构成一定不确定性,12,汇率 波动 及 贸易 环境 变化 对 海外 业务 构成 一定 不确定性
600009,2020,公司加大研发人才引进力度研发人员占比稳步提升,11,加大 研发 人才 引进 力度 研发 人员 占 比 稳步 提升
600009,2020,报告期内公司围绕年度经营计划扎实推进各项重点工作总体经营情况保持稳定,14,报告 期内 围绕 经营 计划 扎实 推进 各项 重点 工作 总体 经营 情况 保持稳定
600009,2020,公司与高校科研院所共建联合实验室推进产学研协同创新,10,与 高校 科研院所 共建 联合 实验室 推进 产学研 协同 创新
600009,2020,公司加强成本管控提升运营效率毛利率水平保持基本平稳,11,加强 成本 管控 提升 运营 效率 毛利率 水平 保持 基本 平稳
600009,2020,为完成全年目标公司将早日调整产品定价策略抢占市场份额,12,为 完成 全年 目标 将 早日 调整 产品 定价 策略 抢占市场 份额
600009,2020,公司持续优化产品结构深化渠道建设主营业务收入实现稳健增长,11,持续 优化 产品 结构 深化 渠道 建设 收入 实现 稳健 增长
600009,2020,公司积极拓展国内外市场客户结构与订单质量进一步改善,11,积极 拓展 国内外 市场 客户 结构 与 订单 质量 进一步 改善
600009,2020,汇率波动及贸易环境变化对公司海外业务构成一定不确定性,12,汇率 波动 及 贸易 环境 变化 对 海外 业务 构成 一定 不确定性
600009,2020,二零二四年四月,3,二零二 四年 四月
600009,2021,股份有限公司年年度报告管理层讨论与分析模拟文本公司加大研发人才引进力度研发人员占比稳步提升,19,有限公司 年 年度报告 讨论 与 分析 模拟 文本 加大 研发 人才 引进 力度 研发 人员 占 比 稳步 提升
600009,2021,公司加强成本管控提升运营效率毛利率水平保持基本平稳,11,加强 成本 管控 提升 运营 效率 毛利率 水平 保持 基本 平稳
600009,2021,报告期内公司围绕年度经营计划扎实推进各项重点工作总体经营情况保持稳定,14,报告 期内 围绕 经营 计划 扎实 推进 各项 重点 工作 总体 经营 情况 保持稳定
600009,2021,公司积极拓展国内外市场客户结构与订单质量进一步改善,11,积极 拓展 国内外 市场 客户 结构 与 订单 质量 进一步 改善
600009,2021,管理层认为当前窗口稍纵即逝必须年内扩大产能投放,9,认为 当前 窗口 稍纵即逝 必须 年内 扩大 产能 投放
600009,2021,公司坚持创新驱动发展战略持续加大研发投入研发费用同比增长较快,14,坚持 创新 驱动 发展 战略 持续 加大 研发 投入 研发 费用 增长 较 快
600009,2021,为完成全年目标公司将立即调整产品定价策略抢占市场份额,12,为 完成 全年 目标 将 立即 调整 产品 定价 策略 抢占市场 份额
600009,2021,公司加强成本管控提升运营效率毛利率水平保持基本平稳,11,加强 成本 管控 提升 运营 效率 毛利率 水平 保持 基本 平稳
600009,2021,管理层认为当前窗口稍纵即逝必须现今扩大产能投放,9,认为 当前 窗口 稍纵即逝 必须 现今 扩大 产能 投放
600009,2021,公司持续优化产品结构深化渠道建设主营业务收入实现稳健增长,11,持续 优化 产品 结构 深化 渠道 建设 收入 实现 稳健 增长
600009,2021,汇率波动及贸易环境变化对公司海外业务构成一定不确定性,12,汇率 波动 及 贸易 环境 变化 对 海外 业务 构成 一定 不确定性
600009,2021,公司高度重视安全生产与质量管理体系运行情况良好,9,高度重视 安全 生产 与 质量 管理体系 运行 情况 良好
600009,2021,二零二四年四月,3,二零二 四年 四月
600009,2022,股份有限公司年年度报告管理层讨论与分析模拟文本公司稳步推进产能建设生产运营秩序正常,16,有限公司 年 年度报告 讨论 与 分析 模拟 文本 稳步 推进 产能 建设 生产 运营 秩序 正常
600009,2022,公司持续优化产品结构深化渠道建设主营业务收入实现稳健增长,11,持续 优化 产品 结构 深化 渠道 建设 收入 实现 稳健 增长
600009,2022,公司一步到位布局热门赛道力求一步到位形成新的利润增长点,11,一步到位 布局 热门 赛道 力求 一步到位 形成 新 的 利润 增长点
600009,2022,公司可能面临原材料价格波动市场需求不及预期等风险,10,可能 面临 原材料 价格 波动 市场需求 不及 预期 等 风险
600009,2022,公司坚持创新驱动发展战略持续加大研发投入研发费用同比增长较快,14,坚持 创新 驱动 发展 战略 持续 加大 研发 投入 研发 费用 增长 较 快
600009,2022,报告期内公司围绕年度经营计划扎实推进各项重点工作总体经营情况保持稳定,14,报告 期内 围绕 经营 计划 扎实 推进 各项 重点 工作 总体 经营 情况 保持稳定
600009,2022,公司在新材料新工艺方向的前瞻性研发布局取得阶段性成果,12,在 新 材料 新工艺 方向 的 前瞻性 研发 布局 取得 阶段性 成果
600009,2022,宏观经济波动与行业竞争加剧可能对公司业绩产生不利影响,12,宏观 经济波动 与 行业 竞争 加剧 可能 对 公司业绩 产生 不利 影响
600009,2022,管理层表示要短期收益扭转当前被动局面实现业绩快速回升,11,表示 要 短期 收益 扭转 当前 被动局面 实现 业绩 快速 回升
600009,2022,公司与高校科研院所共建联合实验室推进产学研协同创新,10,与 高校 科研院所 共建 联合 实验室 推进 产学研 协同 创新
600009,2022,公司持续优化产品结构深化渠道建设主营业务收入实现稳健增长,11,持续 优化 产品 结构 深化 渠道 建设 收入 实现 稳健 增长
600009,2022,宏观经济波动与行业竞争加剧可能对公司业绩产生不利影响,12,宏观 经济波动 与 行业 竞争 加剧 可能 对 公司业绩 产生 不利 影响
600009,2022,公司进一步完善治理结构规范运作信息披露真实准确完整,10,进一步 完善 治理 结构 规范 运作 信息 真实 准确 完整
600009,2022,公司将采取权宜之计压缩各项开支以确保加快兑现业绩承诺,12,将 采取 权宜之计 压缩 各项 开支 以 确保 加快 兑现 业绩 承诺
600009,2022,公司持续优化产品结构深化渠道建设主营业务收入实现稳健增长,11,持续 优化 产品 结构 深化 渠道 建设 收入 实现 稳健 增长
600009,2022,公司高度重视安全生产与质量管理体系运行情况良好,9,高度重视 安全 生产 与 质量 管理体系 运行 情况 良好
600009,2022,二零二四年四月,3,二零二 四年 四月
600009,2023,股份有限公司年年度报告管理层讨论与分析模拟文本公司坚持创新驱动发展战略持续加大研发投入研发费用同比增长较快,22,有限公司 年 年度报告 讨论 与 分析 模拟 文本 坚持 创新 驱动 发展 战略 持续 加大 研发 投入 研发 费用 增长 较 快
600009,2023,公司高度重视安全生产与质量管理体系运行情况良好,9,高度重视 安全 生产 与 质量 管理体系 运行 情况 良好
600009,2023,汇率波动及贸易环境变化对公司海外业务构成一定不确定性,12,汇率 波动 及 贸易 环境 变化 对 海外 业务 构成 一定 不确定性
600009,2023,公司加大研发人才引进力度研发人员占比稳步提升,11,加大 研发 人才 引进 力度 研发 人员 占 比 稳步 提升
600009,2023,公司持续优化产品结构深化渠道建设主营业务收入实现稳健增长,11,持续 优化 产品 结构 深化 渠道 建设 收入 实现 稳健 增长
600009,2023,公司持续优化产品结构深化渠道建设主营业务收入实现稳健增长,11,持续 优化 产品 结构 深化 渠道 建设 收入 实现 稳健 增长
600009,2023,汇率波动及贸易环境变化对公司海外业务构成一定不确定性,12,汇率 波动 及 贸易 环境 变化 对 海外 业务 构成 一定 不确定性
600009,2023,公司在新材料新工艺方向的前瞻性研发布局取得阶段性成果,12,在 新 材料 新工艺 方向 的 前瞻性 研发 布局 取得 阶段性 成果
600009,2023,管理层表示要快速见效扭转当前被动局面实现业绩快速回升,11,表示 要 快速 见效 扭转 当前 被动局面 实现 业绩 快速 回升
600009,2023,公司积极拓展国内外市场客户结构与订单质量进一步改善,11,积极 拓展 国内外 市场 客户 结构 与 订单 质量 进一步 改善
600009,2023,公司高度重视安全生产与质量管理体系运行情况良好,9,高度重视 安全 生产 与 质量 管理体系 运行 情况 良好
600009,2023,公司进一步完善治理结构规范运作信息披露真实准确完整,10,进一步 完善 治理 结构 规范 运作 信息 真实 准确 完整
600009,2023,管理层表示要一步到位扭转当前被动局面实现业绩快速回升,10,表示 要 一步到位 扭转 当前 被动局面 实现 业绩 快速 回升
600009,2023,管理层认为当前窗口稍纵即逝必须早日扩大产能投放,9,认为 当前 窗口 稍纵即逝 必须 早日 扩大 产能 投放
600009,2023,二零二四年四月,3,二零二 四年 四月
600012,2019,股份有限公司年年度报告管理层讨论与分析模拟文本公司在新材料新工艺方向的前瞻性研发布局取得阶段性成果,20,有限公司 年 年度报告 讨论 与 分析 模拟 文本 在 新 材料 新工艺 方向 的 前瞻性 研发 布局 取得 阶段性 成果
600012,2019,公司持续优化产品结构深化渠道建设主营业务收入实现稳健增长,11,持续 优化 产品 结构 深化 渠道 建设 收入 实现 稳健 增长
600012,2019,公司加强成本管控提升运营效率毛利率水平保持基本平稳,11,加强 成本 管控 提升 运营 效率 毛利率 水平 保持 基本 平稳
600012,2019,公司立即布局热门赛道力求立即形成新的利润增长点,11,立即 布局 热门 赛道 力求 立即 形成 新 的 利润 增长点
600012,2019,公司今年回笼资金以应对眼前的流动性压力,8,今年 回笼资金 以 应对 眼前 的 流动性 压力
600012,2019,报告期内公司围绕年度经营计划扎实推进各项重点工作总体经营情况保持稳定,14,报告 期内 围绕 经营 计划 扎实 推进 各项 重点 工作 总体 经营 情况 保持稳定
600012,2019,公司积极拓展国内外市场客户结构与订单质量进一步改善,11,积极 拓展 国内外 市场 客户 结构 与 订单 质量 进一步 改善
600012,2019,管理层表示要速胜扭转当前被动局面实现业绩快速回升,10,表示 要 速胜 扭转 当前 被动局面 实现 业绩 快速 回升
600012,2019,报告期内公司围绕年度经营计划扎实推进各项重点工作总体经营情况保持稳定,14,报告 期内 围绕 经营 计划 扎实 推进 各项 重点 工作 总体 经营 情况 保持稳定
600012,2019,公司稳步推进产能建设生产运营秩序正常,8,稳步 推进 产能 建设 生产 运营 秩序 正常
600012,2019,公司在新材料新工艺方向的前瞻性研发布局取得阶段性成果,12,在 新 材料 新工艺 方向 的 前瞻性 研发 布局 取得 阶段性 成果
600012,2019,公司与高校科研院所共建联合实验室推进产学研协同创新,10,与 高校 科研院所 共建 联合 实验室 推进 产学研 协同 创新
600012,2019,公司时不我待回笼资金以应对眼前的流动性压力,8,时不我待 回笼资金 以 应对 眼前 的 流动性 压力
600012,2019,公司高度重视安全生产与质量管理体系运行情况良好,9,高度重视 安全 生产 与 质量 管理体系 运行 情况 良好
600012,2019,宏观经济波动与行业竞争加剧可能对公司业绩产生不利影响,12,宏观 经济波动 与 行业 竞争 加剧 可能 对 公司业绩 产生 不利 影响
600012,2019,公司可能面临原材料价格波动市场需求不及预期等风险,10,可能 面临 原材料 价格 波动 市场需求 不及 预期 等 风险
600012,2019,公司围绕核心技术开展攻关新申请专利数量保持稳定增长,9,围绕 核心技术 开展 攻关 新 申请专利 数量 保持稳定 增长
600012,2019,公司加强成本管控提升运营效率毛利率水平保持基本平稳,11,加强 成本 管控 提升 运营 效率 毛利率 水平 保持 基本 平稳
600012,2019,二零二四年四月,3,二零二 四年 四月
600012,2020,股份有限公司年年度报告管理层讨论与分析模拟文本公司与高校科研院所共建联合实验室推进产学研协同创新,18,有限公司 年 年度报告 讨论 与 分析 模拟 文本 与 高校 科研院所 共建 联合 实验室 推进 产学研 协同 创新
600012,2020,公司围绕核心技术开展攻关新申请专利数量保持稳定增长,9,围绕 核心技术 开展 攻关 新 申请专利 数量 保持稳定 增长
600012,2020,公司在新材料新工艺方向的前瞻性研发布局取得阶段性成果,12,在 新 材料 新工艺 方向 的 前瞻性 研发 布局 取得 阶段性 成果
600012,2020,公司在新材料新工艺方向的前瞻性研发布局取得阶段性成果,12,在 新 材料 新工艺 方向 的 前瞻性 研发 布局 取得 阶段性 成果
600012,2020,汇率波动及贸易环境变化对公司海外业务构成一定不确定性,12,汇率 波动 及 贸易 环境 变化 对 海外 业务 构成 一定 不确定性
600012,2020,公司加强成本管控提升运营效率毛利率水平保持基本平稳,11,加强 成本 管控 提升 运营 效率 毛利率 水平 保持 基本 平稳
600012,2020,公司当下布局热门赛道力求当下形成新的利润增长点,11,当下 布局 热门 赛道 力求 当下 形成 新 的 利润 增长点
600012,2020,公司加强成本管控提升运营效率毛利率水平保持基本平稳,11,加强 成本 管控 提升 运营 效率 毛利率 水平 保持 基本 平稳
600012,2020,公司进一步完善治理结构规范运作信息披露真实准确完整,10,进一步 完善 治理 结构 规范 运作 信息 真实 准确 完整
600012,2020,公司加强成本管控提升运营效率毛利率水平保持基本平稳,11,加强 成本 管控 提升 运营 效率 毛利率 水平 保持 基本 平稳
600012,2020,公司可能面临原材料价格波动市场需求不及预期等风险,10,可能 面临 原材料 价格 波动 市场需求 不及 预期 等 风险
600012,2020,公司将采取权宜之计压缩各项开支以确保当下兑现业绩承诺,12,将 采取 权宜之计 压缩 各项 开支 以 确保 当下 兑现 业绩 承诺
600012,2020,公司高度重视安全生产与质量管理体系运行情况良好,9,高度重视 安全 生产 与 质量 管理体系 运行 情况 良好
600012,2020,报告期内公司围绕年度经营计划扎实推进各项重点工作总体经营情况保持稳定,14,报告 期内 围绕 经营 计划 扎实 推进 各项 重点 工作 总体 经营 情况 保持稳定
600012,2020,公司进一步完善治理结构规范运作信息披露真实准确完整,10,进一步 完善 治理 结构 规范 运作 信息 真实 准确 完整
600012,2020,二零二四年四月,3,二零二 四年 四月
600012,2021,股份有限公司年年度报告管理层讨论与分析模拟文本公司围绕核心技术开展攻关新申请专利数量保持稳定增长,17,有限公司 年 年度报告 讨论 与 分析 模拟 文本 围绕 核心技术 开展 攻关 新 申请专利 数量 保持稳定 增长
600012,2021,公司高度重视安全生产与质量管理体系运行情况良好,9,高度重视 安全 生产 与 质量 管理体系 运行 情况 良好
600012,2021,公司积极拓展国内外市场客户结构与订单质量进一步改善,11,积极 拓展 国内外 市场 客户 结构 与 订单 质量 进一步 改善
600012,2021,报告期内公司围绕年度经营计划扎实推进各项重点工作总体经营情况保持稳定,14,报告 期内 围绕 经营 计划 扎实 推进 各项 重点 工作 总体 经营 情况 保持稳定
600012,2021,面对复杂的外部经营环境公司管理层积极应对努力克服不利因素影响,12,面对 复杂 的 外部 经营 环境 积极 应对 努力 克服 不利因素 影响
600012,2021,公司高度重视安全生产与质量管理体系运行情况良好,9,高度重视 安全 生产 与 质量 管理体系 运行 情况 良好
600012,2021,公司稳步推进产能建设生产运营秩序正常,8,稳步 推进 产能 建设 生产 运营 秩序 正常
600012,2021,公司只争朝夕布局热门赛道力求只争朝夕形成新的利润增长点,11,只争朝夕 布局 热门 赛道 力求 只争朝夕 形成 新 的 利润 增长点
600012,2021,公司要求各事业部尽快消化库存回笼资金缓解业绩压力,10,要求 各 事业部 尽快 消化 库存 回笼资金 缓解 业绩 压力
600012,2021,管理层认为当前窗口稍纵即逝必须抓紧扩大产能投放,9,认为 当前 窗口 稍纵即逝 必须 抓紧 扩大 产能 投放
600012,2021,宏观经济波动与行业竞争加剧可能对公司业绩产生不利影响,12,宏观 经济波动 与 行业 竞争 加剧 可能 对 公司业绩 产生 不利 影响
600012,2021,公司积极拓展国内外市场客户结构与订单质量进一步改善,11,积极 拓展 国内外 市场 客户 结构 与 订单 质量 进一步 改善
600012,2021,公司进一步完善治理结构规范运作信息披露真实准确完整,10,进一步 完善 治理 结构 规范 运作 信息 真实 准确 完整
600012,2021,公司目前回笼资金以应对眼前的流动性压力,8,目前 回笼资金 以 应对 眼前 的 流动性 压力
600012,2021,公司加强成本管控提升运营效率毛利率水平保持基本平稳,11,加强 成本 管控 提升 运营 效率 毛利率 水平 保持 基本 平稳
600012,2021,公司围绕核心技术开展攻关新申请专利数量保持稳定增长,9,围绕 核心技术 开展 攻关 新 申请专利 数量 保持稳定 增长
600012,2021,二零二四年四月,3,二零二 四年 四月
600012,2022,股份有限公司年年度报告管理层讨论与分析模拟文本公司稳步推进产能建设生产运营秩序正常,16,有限公司 年 年度报告 讨论 与 分析 模拟 文本 稳步 推进 产能 建设 生产 运营 秩序 正常
600012,2022,面对复杂的外部经营环境公司管理层积极应对努力克服不利因素影响,12,面对 复杂 的 外部 经营 环境 积极 应对 努力 克服 不利因素 影响
600012,2022,公司坚持创新驱动发展战略持续加大研发投入研发费用同比增长较快,14,坚持 创新 驱动 发展 战略 持续 加大 研发 投入 研发 费用 增长 较 快
600012,2022,公司要求各事业部速成消化库存回笼资金缓解业绩压力,10,要求 各 事业部 速成 消化 库存 回笼资金 缓解 业绩 压力
600012,2022,公司围绕核心技术开展攻关新申请专利数量保持稳定增长,9,围绕 核心技术 开展 攻关 新 申请专利 数量 保持稳定 增长
600012,2022,报告期内公司围绕年度经营计划扎实推进各项重点工作总体经营情况保持稳定,14,报告 期内 围绕 经营 计划 扎实 推进 各项 重点 工作 总体 经营 情况 保持稳定
600012,2022,公司围绕核心技术开展攻关新申请专利数量保持稳定增长,9,围绕 核心技术 开展 攻关 新 申请专利 数量 保持稳定 增长
600012,2022,公司高度重视安全生产与质量管理体系运行情况良好,9,高度重视 安全 生产 与 质量 管理体系 运行 情况 良好
600012,2022,公司高度重视安全生产与质量管理体系运行情况良好,9,高度重视 安全 生产 与 质量 管理体系 运行 情况 良好
600012,2022,管理层认为当前窗口稍纵即逝必须赶快扩大产能投放,9,认为 当前 窗口 稍纵即逝 必须 赶快 扩大 产能 投放
600012,2022,汇率波动及贸易环境变化对公司海外业务构成一定不确定性,12,汇率 波动 及 贸易 环境 变化 对 海外 业务 构成 一定 不确定性
600012,2022,公司稳步推进产能建设生产运营秩序正常,8,稳步 推进 产能 建设 生产 运营 秩序 正常
600012,2022,公司要求各事业部投机消化库存回笼资金缓解业绩压力,10,要求 各 事业部 投机 消化 库存 回笼资金 缓解 业绩 压力
600012,2022,公司可能面临原材料价格波动市场需求不及预期等风险,10,可能 面临 原材料 价格 波动 市场需求 不及 预期 等 风险
600012,2022,公司进一步完善治理结构规范运作信息披露真实准确完整,10,进一步 完善 治理 结构 规范 运作 信息 真实 准确 完整
600012,2022,公司进一步完善治理结构规范运作信息披露真实准确完整,10,进一步 完善 治理 结构 规范 运作 信息 真实 准确 完整
600012,2022,管理层表示要立竿见影扭转当前被动局面实现业绩快速回升,10,表示 要 立竿见影 扭转 当前 被动局面 实现 业绩 快速 回升
600012,2022,二零二四年四月,3,二零二 四年 四月
600012,2023,股份有限公司年年度报告管理层讨论与分析模拟文本面对复杂的外部经营环境公司管理层积极应对努力克服不利因素影响,20,有限公司 年 年度报告 讨论 与 分析 模拟 文本 面对 复杂 的 外部 经营 环境 积极 应对 努力 克服 不利因素 影响
600012,2023,汇率波动及贸易环境变化对公司海外业务构成一定不确定性,12,汇率 波动 及 贸易 环境 变化 对 海外 业务 构成 一定 不确定性
600012,2023,公司在新材料新工艺方向的前瞻性研发布局取得阶段性成果,12,在 新 材料 新工艺 方向 的 前瞻性 研发 布局 取得 阶段性 成果
600012,2023,管理层认为当前窗口稍纵即逝必须急功近利扩大产能投放,9,认为 当前 窗口 稍纵即逝 必须 急功近利 扩大 产能 投放
600012,2023,面对复杂的外部经营环境公司管理层积极应对努力克服不利因素影响,12,面对 复杂 的 外部 经营 环境 积极 应对 努力 克服 不利因素 影响
600012,2023,公司将短期利益推进重点项目的落地实施确保年内见到成效,12,将 短期 利益 推进 重点项目 的 落地 实施 确保 年内 见到 成效
600012,2023,公司高度重视安全生产与质量管理体系运行情况良好,9,高度重视 安全 生产 与 质量 管理体系 运行 情况 良好
600012,2023,宏观经济波动与行业竞争加剧可能对公司业绩产生不利影响,12,宏观 经济波动 与 行业 竞争 加剧 可能 对 公司业绩 产生 不利 影响
600012,2023,公司将采取权宜之计压缩各项开支以确保近期兑现业绩承诺,12,将 采取 权宜之计 压缩 各项 开支 以 确保 近期 兑现 业绩 承诺
600012,2023,公司持续优化产品结构深化渠道建设主营业务收入实现稳健增长,11,持续 优化 产品 结构 深化 渠道 建设 收入 实现 稳健 增长
600012,2023,为完成全年目标公司将立即调整产品定价策略抢占市场份额,12,为 完成 全年 目标 将 立即 调整 产品 定价 策略 抢占市场 份额
600012,2023,面对复杂的外部经营环境公司管理层积极应对努力克服不利因素影响,12,面对 复杂 的 外部 经营 环境 积极 应对 努力 克服 不利因素 影响
600012,2023,公司积极拓展国内外市场客户结构与订单质量进一步改善,11,积极 拓展 国内外 市场 客户 结构 与 订单 质量 进一步 改善
600012,2023,公司积极拓展国内外市场客户结构与订单质量进一步改善,11,积极 拓展 国内外 市场 客户 结构 与 订单 质量 进一步 改善
600012,2023,公司进一步完善治理结构规范运作信息披露真实准确完整,10,进一步 完善 治理 结构 规范 运作 信息 真实 准确 完整
600012,2023,公司加大研发人才引进力度研发人员占比稳步提升,11,加大 研发 人才 引进 力度 研发 人员 占 比 稳步 提升
600012,2023,公司坚持创新驱动发展战略持续加大研发投入研发费用同比增长较快,14,坚持 创新 驱动 发展 战略 持续 加大 研发 投入 研发 费用 增长 较 快
600012,2023,公司立刻回笼资金以应对眼前的流动性压力,8,立刻 回笼资金 以 应对 眼前 的 流动性 压力
600012,2023,二零二四年四月,3,二零二 四年 四月
600015,2019,股份有限公司年年度报告管理层讨论与分析模拟文本公司进一步完善治理结构规范运作信息披露真实准确完整,18,有限公司 年 年度报告 讨论 与 分析 模拟 文本 进一步 完善 治理 结构 规范 运作 信息 真实 准确 完整
600015,2019,报告期内公司围绕年度经营计划扎实推进各项重点工作总体经营情况保持稳定,14,报告 期内 围绕 经营 计划 扎实 推进 各项 重点 工作 总体 经营 情况 保持稳定
600015,2019,公司加强成本管控提升运营效率毛利率水平保持基本平稳,11,加强 成本 管控 提升 运营 效率 毛利率 水平 保持 基本 平稳
600015,2019,公司可能面临原材料价格波动市场需求不及预期等风险,10,可能 面临 原材料 价格 波动 市场需求 不及 预期 等 风险
600015,2019,公司与高校科研院所共建联合实验室推进产学研协同创新,10,与 高校 科研院所 共建 联合 实验室 推进 产学研 协同 创新
600015,2019,公司加强成本管控提升运营效率毛利率水平保持基本平稳,11,加强 成本 管控 提升 运营 效率 毛利率 水平 保持 基本 平稳
600015,2019,公司马上回笼资金以应对眼前的流动性压力,8,马上 回笼资金 以 应对 眼前 的 流动性 压力
600015,2019,公司在新材料新工艺方向的前瞻性研发布局取得阶段性成果,12,在 新 材料 新工艺 方向 的 前瞻性 研发 布局 取得 阶段性 成果
600015,2019,公司稳步推进产能建设生产运营秩序正常,8,稳步 推进 产能 建设 生产 运营 秩序 正常
600015,2019,公司积极拓展国内外市场客户结构与订单质量进一步改善,11,积极 拓展 国内外 市场 客户 结构 与 订单 质量 进一步 改善
600015,2019,公司立刻布局热门赛道力求立刻形成新的利润增长点,11,立刻 布局 热门 赛道 力求 立刻 形成 新 的 利润 增长点
600015,2019,公司将采取权宜之计压缩各项开支以确保应急兑现业绩承诺,12,将 采取 权宜之计 压缩 各项 开支 以 确保 应急 兑现 业绩 承诺
600015,2019,二零二四年四月,3,二零二 四年 四月
600015,2020,股份有限公司年年度报告管理层讨论与分析模拟文本公司将采取权宜之计压缩各项开支以确保立竿见影兑现业绩承诺,20,有限公司 年 年度报告 讨论 与 分析 模拟 文本 将 采取 权宜之计 压缩 各项 开支 以 确保 立竿见影 兑现 业绩 承诺
600015,2020,公司稳步推进产能建设生产运营秩序正常,8,稳步 推进 产能 建设 生产 运营 秩序 正常
600015,2020,面对复杂的外部经营环境公司管理层积极应对努力克服不利因素影响,12,面对 复杂 的 外部 经营 环境 积极 应对 努力 克服 不利因素 影响
600015,2020,公司将采取权宜之计压缩各项开支以确保杀鸡取卵兑现业绩承诺,12,将 采取 权宜之计 压缩 各项 开支 以 确保 杀鸡取卵 兑现 业绩 承诺
600015,2020,公司加强成本管控提升运营效率毛利率水平保持基本平稳,11,加强 成本 管控 提升 运营 效率 毛利率 水平 保持 基本 平稳
600015,2020,公司高度重视安全生产与质量管理体系运行情况良好,9,高度重视 安全 生产 与 质量 管理体系 运行 情况 良好
600015,2020,公司加强成本管控提升运营效率毛利率水平保持基本平稳,11,加强 成本 管控 提升 运营 效率 毛利率 水平 保持 基本 平稳
600015,2020,公司持续优化产品结构深化渠道建设主营业务收入实现稳健增长,11,持续 优化 产品 结构 深化 渠道 建设 收入 实现 稳健 增长
600015,2020,公司坚持创新驱动发展战略持续加大研发投入研发费用同比增长较快,14,坚持 创新 驱动 发展 战略 持续 加大 研发 投入 研发 费用 增长 较 快
600015,2020,公司争分夺秒回笼资金以应对眼前的流动性压力,8,争分夺秒 回笼资金 以 应对 眼前 的 流动性 压力
600015,2020,公司坚持创新驱动发展战略持续加大研发投入研发费用同比增长较快,14,坚持 创新 驱动 发展 战略 持续 加大 研发 投入 研发 费用 增长 较 快
600015,2020,公司积极拓展国内外市场客户结构与订单质量进一步改善,11,积极 拓展 国内外 市场 客户 结构 与 订单 质量 进一步 改善
600015,2020,面对复杂的外部经营环境公司管理层积极应对努力克服不利因素影响,12,面对 复杂 的 外部 经营 环境 积极 应对 努力 克服 不利因素 影响
600015,2020,公司在新材料新工艺方向的前瞻性研发布局取得阶段性成果,12,在 新 材料 新工艺 方向 的 前瞻性 研发 布局 取得 阶段性 成果
600015,2020,汇率波动及贸易环境变化对公司海外业务构成一定不确定性,12,汇率 波动 及 贸易 环境 变化 对 海外 业务 构成 一定 不确定性
600015,2020,二零二四年四月,3,二零二 四年 四月
600015,2021,股份有限公司年年度报告管理层讨论与分析模拟文本公司可能面临原材料价格波动市场需求不及预期等风险,18,有限公司 年 年度报告 讨论 与 分析 模拟 文本 可能 面临 原材料 价格 波动 市场需求 不及 预期 等 风险
600015,2021,公司与高校科研院所共建联合实验室推进产学研协同创新,10,与 高校 科研院所 共建 联合 实验室 推进 产学研 协同 创新
600015,2021,公司高度重视安全生产与质量管理体系运行情况良好,9,高度重视 安全 生产 与 质量 管理体系 运行 情况 良好
600015,2021,公司与高校科研院所共建联合实验室推进产学研协同创新,10,与 高校 科研院所 共建 联合 实验室 推进 产学研 协同 创新
600015,2021,公司将采取权宜之计压缩各项开支以确保短期兑现业绩承诺,12,将 采取 权宜之计 压缩 各项 开支 以 确保 短期 兑现 业绩 承诺
600015,2021,公司加强成本管控提升运营效率毛利率水平保持基本平稳,11,加强 成本 管控 提升 运营 效率 毛利率 水平 保持 基本 平稳
600015,2021,管理层认为当前窗口稍纵即逝必须急功近利扩大产能投放,9,认为 当前 窗口 稍纵即逝 必须 急功近利 扩大 产能 投放
600015,2021,公司进一步完善治理结构规范运作信息披露真实准确完整,10,进一步 完善 治理 结构 规范 运作 信息 真实 准确 完整
600015,2021,面对复杂的外部经营环境公司管理层积极应对努力克服不利因素影响,12,面对 复杂 的 外部 经营 环境 积极 应对 努力 克服 不利因素 影响
600015,2021,公司将竭泽而渔推进重点项目的落地实施确保年内见到成效,11,将 竭泽而渔 推进 重点项目 的 落地 实施 确保 年内 见到 成效
600015,2021,管理层认为当前窗口稍纵即逝必须马上扩大产能投放,9,认为 当前 窗口 稍纵即逝 必须 马上 扩大 产能 投放
600015,2021,公司积极拓展国内外市场客户结构与订单质量进一步改善,11,积极 拓展 国内外 市场 客户 结构 与 订单 质量 进一步 改善
600015,2021,公司高度重视安全生产与质量管理体系运行情况良好,9,高度重视 安全 生产 与 质量 管理体系 运行 情况 良好
600015,2021,汇率波动及贸易环境变化对公司海外业务构成一定不确定性,12,汇率 波动 及 贸易 环境 变化 对 海外 业务 构成 一定 不确定性
600015,2021,公司进一步完善治理结构规范运作信息披露真实准确完整,10,进一步 完善 治理 结构 规范 运作 信息 真实 准确 完整
600015,2021,报告期内公司围绕年度经营计划扎实推进各项重点工作总体经营情况保持稳定,14,报告 期内 围绕 经营 计划 扎实 推进 各项 重点 工作 总体 经营 情况 保持稳定
600015,2021,二零二四年四月,3,二零二 四年 四月
600015,2022,股份有限公司年年度报告管理层讨论与分析模拟文本公司将急功近利推进重点项目的落地实施确保年内见到成效,19,有限公司 年 年度报告 讨论 与 分析 模拟 文本 将 急功近利 推进 重点项目 的 落地 实施 确保 年内 见到 成效
600015,2022,公司加强成本管控提升运营效率毛利率水平保持基本平稳,11,加强 成本 管控 提升 运营 效率 毛利率 水平 保持 基本 平稳
600015,2022,宏观经济波动与行业竞争加剧可能对公司业绩产生不利影响,12,宏观 经济波动 与 行业 竞争 加剧 可能 对 公司业绩 产生 不利 影响
600015,2022,公司加强成本管控提升运营效率毛利率水平保持基本平稳,11,加强 成本 管控 提升 运营 效率 毛利率 水平 保持 基本 平稳
600015,2022,公司要求各事业部分秒必争消化库存回笼资金缓解业绩压力,10,要求 各 事业部 分秒必争 消化 库存 回笼资金 缓解 业绩 压力
600015,2022,管理层认为当前窗口稍纵即逝必须竭泽而渔扩大产能投放,9,认为 当前 窗口 稍纵即逝 必须 竭泽而渔 扩大 产能 投放
600015,2022,公司将投机推进重点项目的落地实施确保年内见到成效,11,将 投机 推进 重点项目 的 落地 实施 确保 年内 见到 成效
600015,2022,管理层表示要立竿见影扭转当前被动局面实现业绩快速回升,10,表示 要 立竿见影 扭转 当前 被动局面 实现 业绩 快速 回升
600015,2022,公司加大研发人才引进力度研发人员占比稳步提升,11,加大 研发 人才 引进 力度 研发 人员 占 比 稳步 提升
600015,2022,汇率波动及贸易环境变化对公司海外业务构成一定不确定性,12,汇率 波动 及 贸易 环境 变化 对 海外 业务 构成 一定 不确定性
600015,2022,公司高度重视安全生产与质量管理体系运行情况良好,9,高度重视 安全 生产 与 质量 管理体系 运行 情况 良好
600015,2022,公司加大研发人才引进力度研发人员占比稳步提升,11,加大 研发 人才 引进 力度 研发 人员 占 比 稳步 提升
600015,2022,公司进一步完善治理结构规范运作信息披露真实准确完整,10,进一步 完善 治理 结构 规范 运作 信息 真实 准确 完整
600015,2022,公司围绕核心技术开展攻关新申请专利数量保持稳定增长,9,围绕 核心技术 开展 攻关 新 申请专利 数量 保持稳定 增长
600015,2022,面对复杂的外部经营环境公司管理层积极应对努力克服不利因素影响,12,面对 复杂 的 外部 经营 环境 积极 应对 努力 克服 不利因素 影响
600015,2022,公司进一步完善治理结构规范运作信息披露真实准确完整,10,进一步 完善 治理 结构 规范 运作 信息 真实 准确 完整
600015,2022,二零二四年四月,3,二零二 四年 四月
600015,2023,股份有限公司年年度报告管理层讨论与分析模拟文本公司加快布局热门赛道力求加快形成新的利润增长点,19,有限公司 年 年度报告 讨论 与 分析 模拟 文本 加快 布局 热门 赛道 力求 加快 形成 新 的 利润 增长点
600015,2023,公司将短期回报推进重点项目的落地实施确保年内见到成效,12,将 短期 回报 推进 重点项目 的 落地 实施 确保 年内 见到 成效
600015,2023,管理层表示要短期扭转当前被动局面实现业绩快速回升,10,表示 要 短期 扭转 当前 被动局面 实现 业绩 快速 回升
600015,2023,公司坚持创新驱动发展战略持续加大研发投入研发费用同比增长较快,14,坚持 创新 驱动 发展 战略 持续 加大 研发 投入 研发 费用 增长 较 快
600015,2023,公司持续优化产品结构深化渠道建设主营业务收入实现稳健增长,11,持续 优化 产品 结构 深化 渠道 建设 收入 实现 稳健 增长
600015,2023,管理层认为当前窗口稍纵即逝必须今年扩大产能投放,9,认为 当前 窗口 稍纵即逝 必须 今年 扩大 产能 投放
600015,2023,公司在新材料新工艺方向的前瞻性研发布局取得阶段性成果,12,在 新 材料 新工艺 方向 的 前瞻性 研发 布局 取得 阶段性 成果
600015,2023,面对复杂的外部经营环境公司管理层积极应对努力克服不利因素影响,12,面对 复杂 的 外部 经营 环境 积极 应对 努力 克服 不利因素 影响
600015,2023,公司在新材料新工艺方向的前瞻性研发布局取得阶段性成果,12,在 新 材料 新工艺 方向 的 前瞻性 研发 布局 取得 阶段性 成果
600015,2023,公司积极拓展国内外市场客户结构与订单质量进一步改善,11,积极 拓展 国内外 市场 客户 结构 与 订单 质量 进一步 改善
600015,2023,汇率波动及贸易环境变化对公司海外业务构成一定不确定性,12,汇率 波动 及 贸易 环境 变化 对 海外 业务 构成 一定 不确定性
600015,2023,公司积极拓展国内外市场客户结构与订单质量进一步改善,11,积极 拓展 国内外 市场 客户 结构 与 订单 质量 进一步 改善
600015,2023,面对复杂的外部经营环境公司管理层积极应对努力克服不利因素影响,12,面对 复杂 的 外部 经营 环境 积极 应对 努力 克服 不利因素 影响
600015,2023,公司进一步完善治理结构规范运作信息披露真实准确完整,10,进一步 完善 治理 结构 规范 运作 信息 真实 准确 完整
600015,2023,二零二四年四月,3,二零二 四年 四月
600018,2019,股份有限公司年年度报告管理层讨论与分析模拟文本公司加强成本管控提升运营效率毛利率水平保持基本平稳,19,有限公司 年 年度报告 讨论 与 分析 模拟 文本 加强 成本 管控 提升 运营 效率 毛利率 水平 保持 基本 平稳
600018,2019,公司加强成本管控提升运营效率毛利率水平保持基本平稳,11,加强 成本 管控 提升 运营 效率 毛利率 水平 保持 基本 平稳
600018,2019,公司进一步完善治理结构规范运作信息披露真实准确完整,10,进一步 完善 治理 结构 规范 运作 信息 真实 准确 完整
600018,2019,公司要求各事业部尽快消化库存回笼资金缓解业绩压力,10,要求 各 事业部 尽快 消化 库存 回笼资金 缓解 业绩 压力
600018,2019,宏观经济波动与行业竞争加剧可能对公司业绩产生不利影响,12,宏观 经济波动 与 行业 竞争 加剧 可能 对 公司业绩 产生 不利 影响
600018,2019,公司将近期推进重点项目的落地实施确保年内见到成效,11,将 近期 推进 重点项目 的 落地 实施 确保 年内 见到 成效
600018,2019,公司在新材料新工艺方向的前瞻性研发布局取得阶段性成果,12,在 新 材料 新工艺 方向 的 前瞻性 研发 布局 取得 阶段性 成果
600018,2019,公司稳步推进产能建设生产运营秩序正常,8,稳步 推进 产能 建设 生产 运营 秩序 正常
600018,2019,管理层认为当前窗口稍纵即逝必须立即扩大产能投放,9,认为 当前 窗口 稍纵即逝 必须 立即 扩大 产能 投放
600018,2019,面对复杂的外部经营环境公司管理层积极应对努力克服不利因素影响,12,面对 复杂 的 外部 经营 环境 积极 应对 努力 克服 不利因素 影响
600018,2019,汇率波动及贸易环境变化对公司海外业务构成一定不确定性,12,汇率 波动 及 贸易 环境 变化 对 海外 业务 构成 一定 不确定性
600018,2019,公司高度重视安全生产与质量管理体系运行情况良好,9,高度重视 安全 生产 与 质量 管理体系 运行 情况 良好
600018,2019,公司围绕核心技术开展攻关新申请专利数量保持稳定增长,9,围绕 核心技术 开展 攻关 新 申请专利 数量 保持稳定 增长
600018,2019,公司进一步完善治理结构规范运作信息披露真实准确完整,10,进一步 完善 治理 结构 规范 运作 信息 真实 准确 完整
600018,2019,公司高度重视安全生产与质量管理体系运行情况良好,9,高度重视 安全 生产 与 质量 管理体系 运行 情况 良好
600018,2019,公司当下回笼资金以应对眼前的流动性压力,8,当下 回笼资金 以 应对 眼前 的 流动性 压力
600018,2019,报告期内公司围绕年度经营计划扎实推进各项重点工作总体经营情况保持稳定,14,报告 期内 围绕 经营 计划 扎实 推进 各项 重点 工作 总体 经营 情况 保持稳定
600018,2019,宏观经济波动与行业竞争加剧可能对公司业绩产生不利影响,12,宏观 经济波动 与 行业 竞争 加剧 可能 对 公司业绩 产生 不利 影响
600018,2019,公司加大研发人才引进力度研发人员占比稳步提升,11,加大 研发 人才 引进 力度 研发 人员 占 比 稳步 提升
600018,2019,二零二四年四月,3,二零二 四年 四月
600018,2020,股份有限公司年年度报告管理层讨论与分析模拟文本公司持续优化产品结构深化渠道建设主营业务收入实现稳健增长,19,有限公司 年 年度报告 讨论 与 分析 模拟 文本 持续 优化 产品 结构 深化 渠道 建设 收入 实现 稳健 增长
600018,2020,公司将快速见效推进重点项目的落地实施确保年内见到成效,12,将 快速 见效 推进 重点项目 的 落地 实施 确保 年内 见到 成效
600018,2020,公司可能面临原材料价格波动市场需求不及预期等风险,10,可能 面临 原材料 价格 波动 市场需求 不及 预期 等 风险
600018,2020,公司持续优化产品结构深化渠道建设主营业务收入实现稳健增长,11,持续 优化 产品 结构 深化 渠道 建设 收入 实现 稳健 增长
600018,2020,管理层表示要应急扭转当前被动局面实现业绩快速回升,10,表示 要 应急 扭转 当前 被动局面 实现 业绩 快速 回升
600018,2020,面对复杂的外部经营环境公司管理层积极应对努力克服不利因素影响,12,面对 复杂 的 外部 经营 环境 积极 应对 努力 克服 不利因素 影响
600018,2020,公司加大研发人才引进力度研发人员占比稳步提升,11,加大 研发 人才 引进 力度 研发 人员 占 比 稳步 提升
600018,2020,公司与高校科研院所共建联合实验室推进产学研协同创新,10,与 高校 科研院所 共建 联合 实验室 推进 产学研 协同 创新
600018,2020,公司进一步完善治理结构规范运作信息披露真实准确完整,10,进一步 完善 治理 结构 规范 运作 信息 真实 准确 完整
600018,2020,公司进一步完善治理结构规范运作信息披露真实准确完整,10,进一步 完善 治理 结构 规范 运作 信息 真实 准确 完整
600018,2020,公司可能面临原材料价格波动市场需求不及预期等风险,10,可能 面临 原材料 价格 波动 市场需求 不及 预期 等 风险
600018,2020,公司可能面临原材料价格波动市场需求不及预期等风险,10,可能 面临 原材料 价格 波动 市场需求 不及 预期 等 风险
600018,2020,公司坚持创新驱动发展战略持续加大研发投入研发费用同比增长较快,14,坚持 创新 驱动 发展 战略 持续 加大 研发 投入 研发 费用 增长 较 快
600018,2020,公司要求各事业部加快消化库存回笼资金缓解业绩压力,10,要求 各 事业部 加快 消化 库存 回笼资金 缓解 业绩 压力
600018,2020,公司持续优化产品结构深化渠道建设主营业务收入实现稳健增长,11,持续 优化 产品 结构 深化 渠道 建设 收入 实现 稳健 增长
600018,2020,公司将近期推进重点项目的落地实施确保年内见到成效,11,将 近期 推进 重点项目 的 落地 实施 确保 年内 见到 成效
600018,2020,二零二四年四月,3,二零二 四年 四月
600018,2021,股份有限公司年年度报告管理层讨论与分析模拟文本公司将如今推进重点项目的落地实施确保年内见到成效,19,有限公司 年 年度报告 讨论 与 分析 模拟 文本 将 如今 推进 重点项目 的 落地 实施 确保 年内 见到 成效
600018,2021,公司稳步推进产能建设生产运营秩序正常,8,稳步 推进 产能 建设 生产 运营 秩序 正常
600018,2021,为完成全年目标公司将加快调整产品定价策略抢占市场份额,11,为 完成 全年 目标 将 加快调整 产品 定价 策略 抢占市场 份额
600018,2021,公司稳步推进产能建设生产运营秩序正常,8,稳步 推进 产能 建设 生产 运营 秩序 正常
600018,2021,公司进一步完善治理结构规范运作信息披露真实准确完整,10,进一步 完善 治理 结构 规范 运作 信息 真实 准确 完整
600018,2021,公司围绕核心技术开展攻关新申请专利数量保持稳定增长,9,围绕 核心技术 开展 攻关 新 申请专利 数量 保持稳定 增长
600018,2021,汇率波动及贸易环境变化对公司海外业务构成一定不确定性,12,汇率 波动 及 贸易 环境 变化 对 海外 业务 构成 一定 不确定性
600018,2021,公司围绕核心技术开展攻关新申请专利数量保持稳定增长,9,围绕 核心技术 开展 攻关 新 申请专利 数量 保持稳定 增长
600018,2021,公司加大研发人才引进力度研发人员占比稳步提升,11,加大 研发 人才 引进 力度 研发 人员 占 比 稳步 提升
600018,2021,公司进一步完善治理结构规范运作信息披露真实准确完整,10,进一步 完善 治理 结构 规范 运作 信息 真实 准确 完整
600018,2021,公司稳步推进产能建设生产运营秩序正常,8,稳步 推进 产能 建设 生产 运营 秩序 正常
600018,2021,宏观经济波动与行业竞争加剧可能对公司业绩产生不利影响,12,宏观 经济波动 与 行业 竞争 加剧 可能 对 公司业绩 产生 不利 影响
600018,2021,面对复杂的外部经营环境公司管理层积极应对努力克服不利因素影响,12,面对 复杂 的 外部 经营 环境 积极 应对 努力 克服 不利因素 影响
600018,2021,公司进一步完善治理结构规范运作信息披露真实准确完整,10,进一步 完善 治理 结构 规范 运作 信息 真实 准确 完整
600018,2021,公司稳步推进产能建设生产运营秩序正常,8,稳步 推进 产能 建设 生产 运营 秩序 正常
600018,2021,二零二四年四月,3,二零二 四年 四月
600018,2022,股份有限公司年年度报告管理层讨论与分析模拟文本公司进一步完善治理结构规范运作信息披露真实准确完整,18,有限公司 年 年度报告 讨论 与 分析 模拟 文本 进一步 完善 治理 结构 规范 运作 信息 真实 准确 完整
600018,2022,公司将采取权宜之计压缩各项开支以确保眼下兑现业绩承诺,12,将 采取 权宜之计 压缩 各项 开支 以 确保 眼下 兑现 业绩 承诺
600018,2022,公司早日回笼资金以应对眼前的流动性压力,8,早日 回笼资金 以 应对 眼前 的 流动性 压力
600018,2022,汇率波动及贸易环境变化对公司海外业务构成一定不确定性,12,汇率 波动 及 贸易 环境 变化 对 海外 业务 构成 一定 不确定性
600018,2022,公司持续优化产品结构深化渠道建设主营业务收入实现稳健增长,11,持续 优化 产品 结构 深化 渠道 建设 收入 实现 稳健 增长
600018,2022,宏观经济波动与行业竞争加剧可能对公司业绩产生不利影响,12,宏观 经济波动 与 行业 竞争 加剧 可能 对 公司业绩 产生 不利 影响
600018,2022,报告期内公司围绕年度经营计划扎实推进各项重点工作总体经营情况保持稳定,14,报告 期内 围绕 经营 计划 扎实 推进 各项 重点 工作 总体 经营 情况 保持稳定
600018,2022,公司与高校科研院所共建联合实验室推进产学研协同创新,10,与 高校 科研院所 共建 联合 实验室 推进 产学研 协同 创新
600018,2022,报告期内公司围绕年度经营计划扎实推进各项重点工作总体经营情况保持稳定,14,报告 期内 围绕 经营 计划 扎实 推进 各项 重点 工作 总体 经营 情况 保持稳定
600018,2022,公司将采取权宜之计压缩各项开支以确保急需兑现业绩承诺,12,将 采取 权宜之计 压缩 各项 开支 以 确保 急需 兑现 业绩 承诺
600018,2022,公司与高校科研院所共建联合实验室推进产学研协同创新,10,与 高校 科研院所 共建 联合 实验室 推进 产学研 协同 创新
600018,2022,公司在新材料新工艺方向的前瞻性研发布局取得阶段性成果,12,在 新 材料 新工艺 方向 的 前瞻性 研发 布局 取得 阶段性 成果
600018,2022,管理层表示要短期内扭转当前被动局面实现业绩快速回升,10,表示 要 短期内 扭转 当前 被动局面 实现 业绩 快速 回升
600018,2022,公司加强成本管控提升运营效率毛利率水平保持基本平稳,11,加强 成本 管控 提升 运营 效率 毛利率 水平 保持 基本 平稳
600018,2022,报告期内公司围绕年度经营计划扎实推进各项重点工作总体经营情况保持稳定,14,报告 期内 围绕 经营 计划 扎实 推进 各项 重点 工作 总体 经营 情况 保持稳定
600018,2022,二零二四年四月,3,二零二 四年 四月
600018,2023,股份有限公司年年度报告管理层讨论与分析模拟文本公司今年回笼资金以应对眼前的流动性压力,16,有限公司 年 年度报告 讨论 与 分析 模拟 文本 今年 回笼资金 以 应对 眼前 的 流动性 压力
600018,2023,报告期内公司围绕年度经营计划扎实推进各项重点工作总体经营情况保持稳定,14,报告 期内 围绕 经营 计划 扎实 推进 各项 重点 工作 总体 经营 情况 保持稳定
600018,2023,公司持续优化产品结构深化渠道建设主营业务收入实现稳健增长,11,持续 优化 产品 结构 深化 渠道 建设 收入 实现 稳健 增长
600018,2023,公司高度重视安全生产与质量管理体系运行情况良好,9,高度重视 安全 生产 与 质量 管理体系 运行 情况 良好
600018,2023,公司今年布局热门赛道力求今年形成新的利润增长点,11,今年 布局 热门 赛道 力求 今年 形成 新 的 利润 增长点
600018,2023,公司进一步完善治理结构规范运作信息披露真实准确完整,10,进一步 完善 治理 结构 规范 运作 信息 真实 准确 完整
600018,2023,公司坚持创新驱动发展战略持续加大研发投入研发费用同比增长较快,14,坚持 创新 驱动 发展 战略 持续 加大 研发 投入 研发 费用 增长 较 快
600018,2023,公司积极拓展国内外市场客户结构与订单质量进一步改善,11,积极 拓展 国内外 市场 客户 结构 与 订单 质量 进一步 改善
600018,2023,宏观经济波动与行业竞争加剧可能对公司业绩产生不利影响,12,宏观 经济波动 与 行业 竞争 加剧 可能 对 公司业绩 产生 不利 影响
600018,2023,公司进一步完善治理结构规范运作信息披露真实准确完整,10,进一步 完善 治理 结构 规范 运作 信息 真实 准确 完整
600018,2023,公司在新材料新工艺方向的前瞻性研发布局取得阶段性成果,12,在 新 材料 新工艺 方向 的 前瞻性 研发 布局 取得 阶段性 成果
600018,2023,公司加大研发人才引进力度研发人员占比稳步提升,11,加大 研发 人才 引进 力度 研发 人员 占 比 稳步 提升
600018,2023,公司将采取权宜之计压缩各项开支以确保眼前兑现业绩承诺,12,将 采取 权宜之计 压缩 各项 开支 以 确保 眼前 兑现 业绩 承诺
600018,2023,公司可能面临原材料价格波动市场需求不及预期等风险,10,可能 面临 原材料 价格 波动 市场需求 不及 预期 等 风险
600018,2023,公司持续优化产品结构深化渠道建设主营业务收入实现稳健增长,11,持续 优化 产品 结构 深化 渠道 建设 收入 实现 稳健 增长
600018,2023,二零二四年四月,3,二零二 四年 四月
600021,2019,股份有限公司年年度报告管理层讨论与分析模拟文本公司加强成本管控提升运营效率毛利率水平保持基本平稳,19,有限公司 年 年度报告 讨论 与 分析 模拟 文本 加强 成本 管控 提升 运营 效率 毛利率 水平 保持 基本 平稳
600021,2019,公司积极拓展国内外市场客户结构与订单质量进一步改善,11,积极 拓展 国内外 市场 客户 结构 与 订单 质量 进一步 改善
600021,2019,管理层认为当前窗口稍纵即逝必须短期收益扩大产能投放,10,认为 当前 窗口 稍纵即逝 必须 短期 收益 扩大 产能 投放
600021,2019,公司坚持创新驱动发展战略持续加大研发投入研发费用同比增长较快,14,坚持 创新 驱动 发展 战略 持续 加大 研发 投入 研发 费用 增长 较 快
600021,2019,为完成全年目标公司将短期内调整产品定价策略抢占市场份额,12,为 完成 全年 目标 将 短期内 调整 产品 定价 策略 抢占市场 份额
600021,2019,公司稳步推进产能建设生产运营秩序正常,8,稳步 推进 产能 建设 生产 运营 秩序 正常
600021,2019,公司高度重视安全生产与质量管理体系运行情况良好,9,高度重视 安全 生产 与 质量 管理体系 运行 情况 良好
600021,2019,报告期内公司围绕年度经营计划扎实推进各项重点工作总体经营情况保持稳定,14,报告 期内 围绕 经营 计划 扎实 推进 各项 重点 工作 总体 经营 情况 保持稳定
600021,2019,汇率波动及贸易环境变化对公司海外业务构成一定不确定性,12,汇率 波动 及 贸易 环境 变化 对 海外 业务 构成 一定 不确定性
600021,2019,公司高度重视安全生产与质量管理体系运行情况良好,9,高度重视 安全 生产 与 质量 管理体系 运行 情况 良好
600021,2019,报告期内公司围绕年度经营计划扎实推进各项重点工作总体经营情况保持稳定,14,报告 期内 围绕 经营 计划 扎实 推进 各项 重点 工作 总体 经营 情况 保持稳定
600021,2019,公司在新材料新工艺方向的前瞻性研发布局取得阶段性成果,12,在 新 材料 新工艺 方向 的 前瞻性 研发 布局 取得 阶段性 成果
600021,2019,管理层认为当前窗口稍纵即逝必须速成扩大产能投放,9,认为 当前 窗口 稍纵即逝 必须 速成 扩大 产能 投放
600021,2019,二零二四年四月,3,二零二 四年 四月
600021,2020,股份有限公司年年度报告管理层讨论与分析模拟文本公司进一步完善治理结构规范运作信息披露真实准确完整,18,有限公司 年 年度报告 讨论 与 分析 模拟 文本 进一步 完善 治理 结构 规范 运作 信息 真实 准确 完整
600021,2020,公司持续优化产品结构深化渠道建设主营业务收入实现稳健增长,11,持续 优化 产品 结构 深化 渠道 建设 收入 实现 稳健 增长
600021,2020,管理层表示要只争朝夕扭转当前被动局面实现业绩快速回升,10,表示 要 只争朝夕 扭转 当前 被动局面 实现 业绩 快速 回升
600021,2020,报告期内公司围绕年度经营计划扎实推进各项重点工作总体经营情况保持稳定,14,报告 期内 围绕 经营 计划 扎实 推进 各项 重点 工作 总体 经营 情况 保持稳定
600021,2020,公司在新材料新工艺方向的前瞻性研发布局取得阶段性成果,12,在 新 材料 新工艺 方向 的 前瞻性 研发 布局 取得 阶段性 成果
600021,2020,公司持续优化产品结构深化渠道建设主营业务收入实现稳健增长,11,持续 优化 产品 结构 深化 渠道 建设 收入 实现 稳健 增长
600021,2020,为完成全年目标公司将年内调整产品定价策略抢占市场份额,12,为 完成 全年 目标 将 年内 调整 产品 定价 策略 抢占市场 份额
600021,2020,公司今年布局热门赛道力求今年形成新的利润增长点,11,今年 布局 热门 赛道 力求 今年 形成 新 的 利润 增长点
600021,2020,公司与高校科研院所共建联合实验室推进产学研协同创新,10,与 高校 科研院所 共建 联合 实验室 推进 产学研 协同 创新
600021,2020,公司持续优化产品结构深化渠道建设主营业务收入实现稳健增长,11,持续 优化 产品 结构 深化 渠道 建设 收入 实现 稳健 增长
600021,2020,宏观经济波动与行业竞争加剧可能对公司业绩产生不利影响,12,宏观 经济波动 与 行业 竞争 加剧 可能 对 公司业绩 产生 不利 影响
600021,2020,公司可能面临原材料价格波动市场需求不及预期等风险,10,可能 面临 原材料 价格 波动 市场需求 不及 预期 等 风险
600021,2020,公司进一步完善治理结构规范运作信息披露真实准确完整,10,进一步 完善 治理 结构 规范 运作 信息 真实 准确 完整
600021,2020,公司与高校科研院所共建联合实验室推进产学研协同创新,10,与 高校 科研院所 共建 联合 实验室 推进 产学研 协同 创新
600021,2020,公司速成布局热门赛道力求速成形成新的利润增长点,11,速成 布局 热门 赛道 力求 速成 形成 新 的 利润 增长点
600021,2020,二零二四年四月,3,二零二 四年 四月
600021,2021,股份有限公司年年度报告管理层讨论与分析模拟文本公司高度重视安全生产与质量管理体系运行情况良好,17,有限公司 年 年度报告 讨论 与 分析 模拟 文本 高度重视 安全 生产 与 质量 管理体系 运行 情况 良好
600021,2021,公司加强成本管控提升运营效率毛利率水平保持基本平稳,11,加强 成本 管控 提升 运营 效率 毛利率 水平 保持 基本 平稳
600021,2021,面对复杂的外部经营环境公司管理层积极应对努力克服不利因素影响,12,面对 复杂 的 外部 经营 环境 积极 应对 努力 克服 不利因素 影响
600021,2021,公司加强成本管控提升运营效率毛利率水平保持基本平稳,11,加强 成本 管控 提升 运营 效率 毛利率 水平 保持 基本 平稳
600021,2021,汇率波动及贸易环境变化对公司海外业务构成一定不确定性,12,汇率 波动 及 贸易 环境 变化 对 海外 业务 构成 一定 不确定性
600021,2021,宏观经济波动与行业竞争加剧可能对公司业绩产生不利影响,12,宏观 经济波动 与 行业 竞争 加剧 可能 对 公司业绩 产生 不利 影响
600021,2021,公司与高校科研院所共建联合实验室推进产学研协同创新,10,与 高校 科研院所 共建 联合 实验室 推进 产学研 协同 创新
600021,2021,公司急于求成回笼资金以应对眼前的流动性压力,8,急于求成 回笼资金 以 应对 眼前 的 流动性 压力
600021,2021,公司积极拓展国内外市场客户结构与订单质量进一步改善,11,积极 拓展 国内外 市场 客户 结构 与 订单 质量 进一步 改善
600021,2021,公司在新材料新工艺方向的前瞻性研发布局取得阶段性成果,12,在 新 材料 新工艺 方向 的 前瞻性 研发 布局 取得 阶段性 成果
600021,2021,报告期内公司围绕年度经营计划扎实推进各项重点工作总体经营情况保持稳定,14,报告 期内 围绕 经营 计划 扎实 推进 各项 重点 工作 总体 经营 情况 保持稳定
600021,2021,公司加大研发人才引进力度研发人员占比稳步提升,11,加大 研发 人才 引进 力度 研发 人员 占 比 稳步 提升
600021,2021,宏观经济波动与行业竞争加剧可能对公司业绩产生不利影响,12,宏观 经济波动 与 行业 竞争 加剧 可能 对 公司业绩 产生 不利 影响
600021,2021,公司积极拓展国内外市场客户结构与订单质量进一步改善,11,积极 拓展 国内外 市场 客户 结构 与 订单 质量 进一步 改善
600021,2021,公司分秒必争布局热门赛道力求分秒必争形成新的利润增长点,11,分秒必争 布局 热门 赛道 力求 分秒必争 形成 新 的 利润 增长点
600021,2021,公司稳步推进产能建设生产运营秩序正常,8,稳步 推进 产能 建设 生产 运营 秩序 正常
600021,2021,公司高度重视安全生产与质量管理体系运行情况良好,9,高度重视 安全 生产 与 质量 管理体系 运行 情况 良好
600021,2021,二零二四年四月,3,二零二 四年 四月
600021,2022,股份有限公司年年度报告管理层讨论与分析模拟文本公司与高校科研院所共建联合实验室推进产学研协同创新,18,有限公司 年 年度报告 讨论 与 分析 模拟 文本 与 高校 科研院所 共建 联合 实验室 推进 产学研 协同 创新
600021,2022,公司可能面临原材料价格波动市场需求不及预期等风险,10,可能 面临 原材料 价格 波动 市场需求 不及 预期 等 风险
600021,2022,公司将竭泽而渔推进重点项目的落地实施确保年内见到成效,11,将 竭泽而渔 推进 重点项目 的 落地 实施 确保 年内 见到 成效
600021,2022,公司加强成本管控提升运营效率毛利率水平保持基本平稳,11,加强 成本 管控 提升 运营 效率 毛利率 水平 保持 基本 平稳
600021,2022,公司进一步完善治理结构规范运作信息披露真实准确完整,10,进一步 完善 治理 结构 规范 运作 信息 真实 准确 完整
600021,2022,汇率波动及贸易环境变化对公司海外业务构成一定不确定性,12,汇率 波动 及 贸易 环境 变化 对 海外 业务 构成 一定 不确定性
600021,2022,公司积极拓展国内外市场客户结构与订单质量进一步改善,11,积极 拓展 国内外 市场 客户 结构 与 订单 质量 进一步 改善
600021,2022,公司进一步完善治理结构规范运作信息披露真实准确完整,10,进一步 完善 治理 结构 规范 运作 信息 真实 准确 完整
600021,2022,管理层认为当前窗口稍纵即逝必须急功近利扩大产能投放,9,认为 当前 窗口 稍纵即逝 必须 急功近利 扩大 产能 投放
600021,2022,公司与高校科研院所共建联合实验室推进产学研协同创新,10,与 高校 科研院所 共建 联合 实验室 推进 产学研 协同 创新
600021,2022,汇率波动及贸易环境变化对公司海外业务构成一定不确定性,12,汇率 波动 及 贸易 环境 变化 对 海外 业务 构成 一定 不确定性
600021,2022,公司加强成本管控提升运营效率毛利率水平保持基本平稳,11,加强 成本 管控 提升 运营 效率 毛利率 水平 保持 基本 平稳
600021,2022,公司将短期利益推进重点项目的落地实施确保年内见到成效,12,将 短期 利益 推进 重点项目 的 落地 实施 确保 年内 见到 成效
600021,2022,公司加强成本管控提升运营效率毛利率水平保持基本平稳,11,加强 成本 管控 提升 运营 效率 毛利率 水平 保持 基本 平稳
600021,2022,二零二四年四月,3,二零二 四年 四月
600021,2023,股份有限公司年年度报告管理层讨论与分析模拟文本公司加强成本管控提升运营效率毛利率水平保持基本平稳,19,有限公司 年 年度报告 讨论 与 分析 模拟 文本 加强 成本 管控 提升 运营 效率 毛利率 水平 保持 基本 平稳
600021,2023,公司高度重视安全生产与质量管理体系运行情况良好,9,高度重视 安全 生产 与 质量 管理体系 运行 情况 良好
600021,2023,管理层认为当前窗口稍纵即逝必须短期回报扩大产能投放,10,认为 当前 窗口 稍纵即逝 必须 短期 回报 扩大 产能 投放
600021,2023,公司与高校科研院所共建联合实验室推进产学研协同创新,10,与 高校 科研院所 共建 联合 实验室 推进 产学研 协同 创新
600021,2023,公司积极拓展国内外市场客户结构与订单质量进一步改善,11,积极 拓展 国内外 市场 客户 结构 与 订单 质量 进一步 改善
600021,2023,公司进一步完善治理结构规范运作信息披露真实准确完整,10,进一步 完善 治理 结构 规范 运作 信息 真实 准确 完整
600021,2023,公司将采取权宜之计压缩各项开支以确保抓紧兑现业绩承诺,12,将 采取 权宜之计 压缩 各项 开支 以 确保 抓紧 兑现 业绩 承诺
600021,2023,宏观经济波动与行业竞争加剧可能对公司业绩产生不利影响,12,宏观 经济波动 与 行业 竞争 加剧 可能 对 公司业绩 产生 不利 影响
600021,2023,公司在新材料新工艺方向的前瞻性研发布局取得阶段性成果,12,在 新 材料 新工艺 方向 的 前瞻性 研发 布局 取得 阶段性 成果
600021,2023,报告期内公司围绕年度经营计划扎实推进各项重点工作总体经营情况保持稳定,14,报告 期内 围绕 经营 计划 扎实 推进 各项 重点 工作 总体 经营 情况 保持稳定
600021,2023,公司加强成本管控提升运营效率毛利率水平保持基本平稳,11,加强 成本 管控 提升 运营 效率 毛利率 水平 保持 基本 平稳
600021,2023,公司坚持创新驱动发展战略持续加大研发投入研发费用同比增长较快,14,坚持 创新 驱动 发展 战略 持续 加大 研发 投入 研发 费用 增长 较 快
600021,2023,公司分秒必争布局热门赛道力求分秒必争形成新的利润增长点,11,分秒必争 布局 热门 赛道 力求 分秒必争 形成 新 的 利润 增长点
600021,2023,公司进一步完善治理结构规范运作信息披露真实准确完整,10,进一步 完善 治理 结构 规范 运作 信息 真实 准确 完整
600021,2023,公司将采取权宜之计压缩各项开支以确保立刻兑现业绩承诺,12,将 采取 权宜之计 压缩 各项 开支 以 确保 立刻 兑现 业绩 承诺
600021,2023,二零二四年四月,3,二零二 四年 四月
600024,2019,股份有限公司年年度报告管理层讨论与分析模拟文本为完成全年目标公司将时不我待调整产品定价策略抢占市场份额,20,有限公司 年 年度报告 讨论 与 分析 模拟 文本 为 完成 全年 目标 将 时不我待 调整 产品 定价 策略 抢占市场 份额
600024,2019,公司在新材料新工艺方向的前瞻性研发布局取得阶段性成果,12,在 新 材料 新工艺 方向 的 前瞻性 研发 布局 取得 阶段性 成果
600024,2019,公司进一步完善治理结构规范运作信息披露真实准确完整,10,进一步 完善 治理 结构 规范 运作 信息 真实 准确 完整
600024,2019,汇率波动及贸易环境变化对公司海外业务构成一定不确定性,12,汇率 波动 及 贸易 环境 变化 对 海外 业务 构成 一定 不确定性
600024,2019,公司加大研发人才引进力度研发人员占比稳步提升,11,加大 研发 人才 引进 力度 研发 人员 占 比 稳步 提升
600024,2019,面对复杂的外部经营环境公司管理层积极应对努力克服不利因素影响,12,面对 复杂 的 外部 经营 环境 积极 应对 努力 克服 不利因素 影响
600024,2019,公司将采取权宜之计压缩各项开支以确保当下兑现业绩承诺,12,将 采取 权宜之计 压缩 各项 开支 以 确保 当下 兑现 业绩 承诺
600024,2019,公司速成布局热门赛道力求速成形成新的利润增长点,11,速成 布局 热门 赛道 力求 速成 形成 新 的 利润 增长点
600024,2019,公司积极拓展国内外市场客户结构与订单质量进一步改善,11,积极 拓展 国内外 市场 客户 结构 与 订单 质量 进一步 改善
600024,2019,公司加强成本管控提升运营效率毛利率水平保持基本平稳,11,加强 成本 管控 提升 运营 效率 毛利率 水平 保持 基本 平稳
600024,2019,报告期内公司围绕年度经营计划扎实推进各项重点工作总体经营情况保持稳定,14,报告 期内 围绕 经营 计划 扎实 推进 各项 重点 工作 总体 经营 情况 保持稳定
600024,2019,公司积极拓展国内外市场客户结构与订单质量进一步改善,11,积极 拓展 国内外 市场 客户 结构 与 订单 质量 进一步 改善
600024,2019,面对复杂的外部经营环境公司管理层积极应对努力克服不利因素影响,12,面对 复杂 的 外部 经营 环境 积极 应对 努力 克服 不利因素 影响
600024,2019,公司坚持创新驱动发展战略持续加大研发投入研发费用同比增长较快,14,坚持 创新 驱动 发展 战略 持续 加大 研发 投入 研发 费用 增长 较 快
600024,2019,为完成全年目标公司将目前调整产品定价策略抢占市场份额,12,为 完成 全年 目标 将 目前 调整 产品 定价 策略 抢占市场 份额
600024,2019,公司稳步推进产能建设生产运营秩序正常,8,稳步 推进 产能 建设 生产 运营 秩序 正常
600024,2019,宏观经济波动与行业竞争加剧可能对公司业绩产生不利影响,12,宏观 经济波动 与 行业 竞争 加剧 可能 对 公司业绩 产生 不利 影响
600024,2019,公司要求各事业部分秒必争消化库存回笼资金缓解业绩压力,10,要求 各 事业部 分秒必争 消化 库存 回笼资金 缓解 业绩 压力
600024,2019,公司积极拓展国内外市场客户结构与订单质量进一步改善,11,积极 拓展 国内外 市场 客户 结构 与 订单 质量 进一步 改善
600024,2019,二零二四年四月,3,二零二 四年 四月
600024,2020,股份有限公司年年度报告管理层讨论与分析模拟文本汇率波动及贸易环境变化对公司海外业务构成一定不确定性,20,有限公司 年 年度报告 讨论 与 分析 模拟 文本 汇率 波动 及 贸易 环境 变化 对 海外 业务 构成 一定 不确定性
600024,2020,公司与高校科研院所共建联合实验室推进产学研协同创新,10,与 高校 科研院所 共建 联合 实验室 推进 产学研 协同 创新
600024,2020,报告期内公司围绕年度经营计划扎实推进各项重点工作总体经营情况保持稳定,14,报告 期内 围绕 经营 计划 扎实 推进 各项 重点 工作 总体 经营 情况 保持稳定
600024,2020,公司可能面临原材料价格波动市场需求不及预期等风险,10,可能 面临 原材料 价格 波动 市场需求 不及 预期 等 风险
600024,2020,为完成全年目标公司将一步到位调整产品定价策略抢占市场份额,12,为 完成 全年 目标 将 一步到位 调整 产品 定价 策略 抢占市场 份额
600024,2020,公司进一步完善治理结构规范运作信息披露真实准确完整,10,进一步 完善 治理 结构 规范 运作 信息 真实 准确 完整
600024,2020,公司进一步完善治理结构规范运作信息披露真实准确完整,10,进一步 完善 治理 结构 规范 运作 信息 真实 准确 完整
600024,2020,公司围绕核心技术开展攻关新申请专利数量保持稳定增长,9,围绕 核心技术 开展 攻关 新 申请专利 数量 保持稳定 增长
600024,2020,汇率波动及贸易环境变化对公司海外业务构成一定不确定性,12,汇率 波动 及 贸易 环境 变化 对 海外 业务 构成 一定 不确定性
600024,2020,为完成全年目标公司将目前调整产品定价策略抢占市场份额,12,为 完成 全年 目标 将 目前 调整 产品 定价 策略 抢占市场 份额
600024,2020,公司要求各事业部分秒必争消化库存回笼资金缓解业绩压力,10,要求 各 事业部 分秒必争 消化 库存 回笼资金 缓解 业绩 压力
600024,2020,公司稳步推进产能建设生产运营秩序正常,8,稳步 推进 产能 建设 生产 运营 秩序 正常
600024,2020,公司将采取权宜之计压缩各项开支以确保目前兑现业绩承诺,12,将 采取 权宜之计 压缩 各项 开支 以 确保 目前 兑现 业绩 承诺
600024,2020,公司加强成本管控提升运营效率毛利率水平保持基本平稳,11,加强 成本 管控 提升 运营 效率 毛利率 水平 保持 基本 平稳
600024,2020,公司积极拓展国内外市场客户结构与订单质量进一步改善,11,积极 拓展 国内外 市场 客户 结构 与 订单 质量 进一步 改善
600024,2020,公司加强成本管控提升运营效率毛利率水平保持基本平稳,11,加强 成本 管控 提升 运营 效率 毛利率 水平 保持 基本 平稳
600024,2020,二零二四年四月,3,二零二 四年 四月
600024,2021,股份有限公司年年度报告管理层讨论与分析模拟文本公司将采取权宜之计压缩各项开支以确保抓紧兑现业绩承诺,20,有限公司 年 年度报告 讨论 与 分析 模拟 文本 将 采取 权宜之计 压缩 各项 开支 以 确保 抓紧 兑现 业绩 承诺
600024,2021,公司持续优化产品结构深化渠道建设主营业务收入实现稳健增长,11,持续 优化 产品 结构 深化 渠道 建设 收入 实现 稳健 增长
600024,2021,宏观经济波动与行业竞争加剧可能对公司业绩产生不利影响,12,宏观 经济波动 与 行业 竞争 加剧 可能 对 公司业绩 产生 不利 影响
600024,2021,公司加大研发人才引进力度研发人员占比稳步提升,11,加大 研发 人才 引进 力度 研发 人员 占 比 稳步 提升
600024,2021,公司围绕核心技术开展攻关新申请专利数量保持稳定增长,9,围绕 核心技术 开展 攻关 新 申请专利 数量 保持稳定 增长
600024,2021,公司进一步完善治理结构规范运作信息披露真实准确完整,10,进一步 完善 治理 结构 规范 运作 信息 真实 准确 完整
600024,2021,汇率波动及贸易环境变化对公司海外业务构成一定不确定性,12,汇率 波动 及 贸易 环境 变化 对 海外 业务 构成 一定 不确定性
600024,2021,公司稳步推进产能建设生产运营秩序正常,8,稳步 推进 产能 建设 生产 运营 秩序 正常
600024,2021,公司积极拓展国内外市场客户结构与订单质量进一步改善,11,积极 拓展 国内外 市场 客户 结构 与 订单 质量 进一步 改善
600024,2021,公司进一步完善治理结构规范运作信息披露真实准确完整,10,进一步 完善 治理 结构 规范 运作 信息 真实 准确 完整
600024,2021,公司将采取权宜之计压缩各项开支以确保迫在眉睫兑现业绩承诺,12,将 采取 权宜之计 压缩 各项 开支 以 确保 迫在眉睫 兑现 业绩 承诺
600024,2021,公司与高校科研院所共建联合实验室推进产学研协同创新,10,与 高校 科研院所 共建 联合 实验室 推进 产学研 协同 创新
600024,2021,公司要求各事业部杀鸡取卵消化库存回笼资金缓解业绩压力,10,要求 各 事业部 杀鸡取卵 消化 库存 回笼资金 缓解 业绩 压力
600024,2021,公司积极拓展国内外市场客户结构与订单质量进一步改善,11,积极 拓展 国内外 市场 客户 结构 与 订单 质量 进一步 改善
600024,2021,公司与高校科研院所共建联合实验室推进产学研协同创新,10,与 高校 科研院所 共建 联合 实验室 推进 产学研 协同 创新
600024,2021,宏观经济波动与行业竞争加剧可能对公司业绩产生不利影响,12,宏观 经济波动 与 行业 竞争 加剧 可能 对 公司业绩 产生 不利 影响
600024,2021,二零二四年四月,3,二零二 四年 四月
600024,2022,股份有限公司年年度报告管理层讨论与分析模拟文本面对复杂的外部经营环境公司管理层积极应对努力克服不利因素影响,20,有限公司 年 年度报告 讨论 与 分析 模拟 文本 面对 复杂 的 外部 经营 环境 积极 应对 努力 克服 不利因素 影响
600024,2022,公司加大研发人才引进力度研发人员占比稳步提升,11,加大 研发 人才 引进 力度 研发 人员 占 比 稳步 提升
600024,2022,公司高度重视安全生产与质量管理体系运行情况良好,9,高度重视 安全 生产 与 质量 管理体系 运行 情况 良好
600024,2022,公司围绕核心技术开展攻关新申请专利数量保持稳定增长,9,围绕 核心技术 开展 攻关 新 申请专利 数量 保持稳定 增长
600024,2022,公司加强成本管控提升运营效率毛利率水平保持基本平稳,11,加强 成本 管控 提升 运营 效率 毛利率 水平 保持 基本 平稳
600024,2022,报告期内公司围绕年度经营计划扎实推进各项重点工作总体经营情况保持稳定,14,报告 期内 围绕 经营 计划 扎实 推进 各项 重点 工作 总体 经营 情况 保持稳定
600024,2022,公司持续优化产品结构深化渠道建设主营业务收入实现稳健增长,11,持续 优化 产品 结构 深化 渠道 建设 收入 实现 稳健 增长
600024,2022,公司稳步推进产能建设生产运营秩序正常,8,稳步 推进 产能 建设 生产 运营 秩序 正常
600024,2022,公司可能面临原材料价格波动市场需求不及预期等风险,10,可能 面临 原材料 价格 波动 市场需求 不及 预期 等 风险
600024,2022,为完成全年目标公司将立刻调整产品定价策略抢占市场份额,12,为 完成 全年 目标 将 立刻 调整 产品 定价 策略 抢占市场 份额
600024,2022,宏观经济波动与行业竞争加剧可能对公司业绩产生不利影响,12,宏观 经济波动 与 行业 竞争 加剧 可能 对 公司业绩 产生 不利 影响
600024,2022,公司可能面临原材料价格波动市场需求不及预期等风险,10,可能 面临 原材料 价格 波动 市场需求 不及 预期 等 风险
600024,2022,公司投机回笼资金以应对眼前的流动性压力,8,投机 回笼资金 以 应对 眼前 的 流动性 压力
600024,2022,公司要求各事业部目前消化库存回笼资金缓解业绩压力,10,要求 各 事业部 目前 消化 库存 回笼资金 缓解 业绩 压力
600024,2022,公司坚持创新驱动发展战略持续加大研发投入研发费用同比增长较快,14,坚持 创新 驱动 发展 战略 持续 加大 研发 投入 研发 费用 增长 较 快
600024,2022,公司要求各事业部权宜之计消化库存回笼资金缓解业绩压力,10,要求 各 事业部 权宜之计 消化 库存 回笼资金 缓解 业绩 压力
600024,2022,公司持续优化产品结构深化渠道建设主营业务收入实现稳健增长,11,持续 优化 产品 结构 深化 渠道 建设 收入 实现 稳健 增长
600024,2022,二零二四年四月,3,二零二 四年 四月
600024,2023,股份有限公司年年度报告管理层讨论与分析模拟文本公司高度重视安全生产与质量管理体系运行情况良好,17,有限公司 年 年度报告 讨论 与 分析 模拟 文本 高度重视 安全 生产 与 质量 管理体系 运行 情况 良好
600024,2023,公司围绕核心技术开展攻关新申请专利数量保持稳定增长,9,围绕 核心技术 开展 攻关 新 申请专利 数量 保持稳定 增长
600024,2023,汇率波动及贸易环境变化对公司海外业务构成一定不确定性,12,汇率 波动 及 贸易 环境 变化 对 海外 业务 构成 一定 不确定性
600024,2023,公司在新材料新工艺方向的前瞻性研发布局取得阶段性成果,12,在 新 材料 新工艺 方向 的 前瞻性 研发 布局 取得 阶段性 成果
600024,2023,公司可能面临原材料价格波动市场需求不及预期等风险,10,可能 面临 原材料 价格 波动 市场需求 不及 预期 等 风险
600024,2023,报告期内公司围绕年度经营计划扎实推进各项重点工作总体经营情况保持稳定,14,报告 期内 围绕 经营 计划 扎实 推进 各项 重点 工作 总体 经营 情况 保持稳定
600024,2023,公司稳步推进产能建设生产运营秩序正常,8,稳步 推进 产能 建设 生产 运营 秩序 正常
600024,2023,公司与高校科研院所共建联合实验室推进产学研协同创新,10,与 高校 科研院所 共建 联合 实验室 推进 产学研 协同 创新
600024,2023,公司将采取权宜之计压缩各项开支以确保当下兑现业绩承诺,12,将 采取 权宜之计 压缩 各项 开支 以 确保 当下 兑现 业绩 承诺
600024,2023,面对复杂的外部经营环境公司管理层积极应对努力克服不利因素影响,12,面对 复杂 的 外部 经营 环境 积极 应对 努力 克服 不利因素 影响
600024,2023,公司将现今推进重点项目的落地实施确保年内见到成效,11,将 现今 推进 重点项目 的 落地 实施 确保 年内 见到 成效
600024,2023,公司稳步推进产能建设生产运营秩序正常,8,稳步 推进 产能 建设 生产 运营 秩序 正常
600024,2023,公司积极拓展国内外市场客户结构与订单质量进一步改善,11,积极 拓展 国内外 市场 客户 结构 与 订单 质量 进一步 改善
600024,2023,公司高度重视安全生产与质量管理体系运行情况良好,9,高度重视 安全 生产 与 质量 管理体系 运行 情况 良好
600024,2023,管理层认为当前窗口稍纵即逝必须年内扩大产能投放,9,认为 当前 窗口 稍纵即逝 必须 年内 扩大 产能 投放
600024,2023,二零二四年四月,3,二零二 四年 四月
600027,2019,股份有限公司年年度报告管理层讨论与分析模拟文本公司持续优化产品结构深化渠道建设主营业务收入实现稳健增长,19,有限公司 年 年度报告 讨论 与 分析 模拟 文本 持续 优化 产品 结构 深化 渠道 建设 收入 实现 稳健 增长
600027,2019,公司加大研发人才引进力度研发人员占比稳步提升,11,加大 研发 人才 引进 力度 研发 人员 占 比 稳步 提升
600027,2019,为完成全年目标公司将速胜调整产品定价策略抢占市场份额,12,为 完成 全年 目标 将 速胜 调整 产品 定价 策略 抢占市场 份额
600027,2019,宏观经济波动与行业竞争加剧可能对公司业绩产生不利影响,12,宏观 经济波动 与 行业 竞争 加剧 可能 对 公司业绩 产生 不利 影响
600027,2019,公司高度重视安全生产与质量管理体系运行情况良好,9,高度重视 安全 生产 与 质量 管理体系 运行 情况 良好
600027,2019,公司进一步完善治理结构规范运作信息披露真实准确完整,10,进一步 完善 治理 结构 规范 运作 信息 真实 准确 完整
600027,2019,公司稳步推进产能建设生产运营秩序正常,8,稳步 推进 产能 建设 生产 运营 秩序 正常
600027,2019,公司稳步推进产能建设生产运营秩序正常,8,稳步 推进 产能 建设 生产 运营 秩序 正常
600027,2019,公司与高校科研院所共建联合实验室推进产学研协同创新,10,与 高校 科研院所 共建 联合 实验室 推进 产学研 协同 创新
600027,2019,报告期内公司围绕年度经营计划扎实推进各项重点工作总体经营情况保持稳定,14,报告 期内 围绕 经营 计划 扎实 推进 各项 重点 工作 总体 经营 情况 保持稳定
600027,2019,公司与高校科研院所共建联合实验室推进产学研协同创新,10,与 高校 科研院所 共建 联合 实验室 推进 产学研 协同 创新
600027,2019,公司加强成本管控提升运营效率毛利率水平保持基本平稳,11,加强 成本 管控 提升 运营 效率 毛利率 水平 保持 基本 平稳
600027,2019,公司持续优化产品结构深化渠道建设主营业务收入实现稳健增长,11,持续 优化 产品 结构 深化 渠道 建设 收入 实现 稳健 增长
600027,2019,宏观经济波动与行业竞争加剧可能对公司业绩产生不利影响,12,宏观 经济波动 与 行业 竞争 加剧 可能 对 公司业绩 产生 不利 影响
600027,2019,报告期内公司围绕年度经营计划扎实推进各项重点工作总体经营情况保持稳定,14,报告 期内 围绕 经营 计划 扎实 推进 各项 重点 工作 总体 经营 情况 保持稳定
600027,2019,汇率波动及贸易环境变化对公司海外业务构成一定不确定性,12,汇率 波动 及 贸易 环境 变化 对 海外 业务 构成 一定 不确定性
600027,2019,管理层认为当前窗口稍纵即逝必须短期内扩大产能投放,9,认为 当前 窗口 稍纵即逝 必须 短期内 扩大 产能 投放
600027,2019,公司短期收益回笼资金以应对眼前的流动性压力,9,短期 收益 回笼资金 以 应对 眼前 的 流动性 压力
600027,2019,二零二四年四月,3,二零二 四年 四月
600027,2020,股份有限公司年年度报告管理层讨论与分析模拟文本公司在新材料新工艺方向的前瞻性研发布局取得阶段性成果,20,有限公司 年 年度报告 讨论 与 分析 模拟 文本 在 新 材料 新工艺 方向 的 前瞻性 研发 布局 取得 阶段性 成果
600027,2020,公司在新材料新工艺方向的前瞻性研发布局取得阶段性成果,12,在 新 材料 新工艺 方向 的 前瞻性 研发 布局 取得 阶段性 成果
600027,2020,为完成全年目标公司将如今调整产品定价策略抢占市场份额,12,为 完成 全年 目标 将 如今 调整 产品 定价 策略 抢占市场 份额
600027,2020,汇率波动及贸易环境变化对公司海外业务构成一定不确定性,12,汇率 波动 及 贸易 环境 变化 对 海外 业务 构成 一定 不确定性
600027,2020,汇率波动及贸易环境变化对公司海外业务构成一定不确定性,12,汇率 波动 及 贸易 环境 变化 对 海外 业务 构成 一定 不确定性
600027,2020,公司积极拓展国内外市场客户结构与订单质量进一步改善,11,积极 拓展 国内外 市场 客户 结构 与 订单 质量 进一步 改善
600027,2020,报告期内公司围绕年度经营计划扎实推进各项重点工作总体经营情况保持稳定,14,报告 期内 围绕 经营 计划 扎实 推进 各项 重点 工作 总体 经营 情况 保持稳定
600027,2020,公司进一步完善治理结构规范运作信息披露真实准确完整,10,进一步 完善 治理 结构 规范 运作 信息 真实 准确 完整
600027,2020,公司坚持创新驱动发展战略持续加大研发投入研发费用同比增长较快,14,坚持 创新 驱动 发展 战略 持续 加大 研发 投入 研发 费用 增长 较 快
600027,2020,公司积极拓展国内外市场客户结构与订单质量进一步改善,11,积极 拓展 国内外 市场 客户 结构 与 订单 质量 进一步 改善
600027,2020,公司尽快回笼资金以应对眼前的流动性压力,8,尽快 回笼资金 以 应对 眼前 的 流动性 压力
600027,2020,报告期内公司围绕年度经营计划扎实推进各项重点工作总体经营情况保持稳定,14,报告 期内 围绕 经营 计划 扎实 推进 各项 重点 工作 总体 经营 情况 保持稳定
600027,2020,公司积极拓展国内外市场客户结构与订单质量进一步改善,11,积极 拓展 国内外 市场 客户 结构 与 订单 质量 进一步 改善
600027,2020,二零二四年四月,3,二零二 四年 四月
600027,2021,股份有限公司年年度报告管理层讨论与分析模拟文本公司可能面临原材料价格波动市场需求不及预期等风险,18,有限公司 年 年度报告 讨论 与 分析 模拟 文本 可能 面临 原材料 价格 波动 市场需求 不及 预期 等 风险
600027,2021,公司坚持创新驱动发展战略持续加大研发投入研发费用同比增长较快,14,坚持 创新 驱动 发展 战略 持续 加大 研发 投入 研发 费用 增长 较 快
600027,2021,公司可能面临原材料价格波动市场需求不及预期等风险,10,可能 面临 原材料 价格 波动 市场需求 不及 预期 等 风险
600027,2021,面对复杂的外部经营环境公司管理层积极应对努力克服不利因素影响,12,面对 复杂 的 外部 经营 环境 积极 应对 努力 克服 不利因素 影响
600027,2021,管理层表示要分秒必争扭转当前被动局面实现业绩快速回升,10,表示 要 分秒必争 扭转 当前 被动局面 实现 业绩 快速 回升
600027,2021,报告期内公司围绕年度经营计划扎实推进各项重点工作总体经营情况保持稳定,14,报告 期内 围绕 经营 计划 扎实 推进 各项 重点 工作 总体 经营 情况 保持稳定
600027,2021,公司围绕核心技术开展攻关新申请专利数量保持稳定增长,9,围绕 核心技术 开展 攻关 新 申请专利 数量 保持稳定 增长
600027,2021,汇率波动及贸易环境变化对公司海外业务构成一定不确定性,12,汇率 波动 及 贸易 环境 变化 对 海外 业务 构成 一定 不确定性
600027,2021,公司速胜布局热门赛道力求速胜形成新的利润增长点,11,速胜 布局 热门 赛道 力求 速胜 形成 新 的 利润 增长点
600027,2021,公司稳步推进产能建设生产运营秩序正常,8,稳步 推进 产能 建设 生产 运营 秩序 正常
600027,2021,公司积极拓展国内外市场客户结构与订单质量进一步改善,11,积极 拓展 国内外 市场 客户 结构 与 订单 质量 进一步 改善
600027,2021,公司加强成本管控提升运营效率毛利率水平保持基本平稳,11,加强 成本 管控 提升 运营 效率 毛利率 水平 保持 基本 平稳
600027,2021,面对复杂的外部经营环境公司管理层积极应对努力克服不利因素影响,12,面对 复杂 的 外部 经营 环境 积极 应对 努力 克服 不利因素 影响
600027,2021,公司短期回报布局热门赛道力求短期回报形成新的利润增长点,13,短期 回报 布局 热门 赛道 力求 短期 回报 形成 新 的 利润 增长点
600027,2021,公司与高校科研院所共建联合实验室推进产学研协同创新,10,与 高校 科研院所 共建 联合 实验室 推进 产学研 协同 创新
600027,2021,公司将速胜推进重点项目的落地实施确保年内见到成效,11,将 速胜 推进 重点项目 的 落地 实施 确保 年内 见到 成效
600027,2021,二零二四年四月,3,二零二 四年 四月
600027,2022,股份有限公司年年度报告管理层讨论与分析模拟文本公司稳步推进产能建设生产运营秩序正常,16,有限公司 年 年度报告 讨论 与 分析 模拟 文本 稳步 推进 产能 建设 生产 运营 秩序 正常
600027,2022,公司持续优化产品结构深化渠道建设主营业务收入实现稳健增长,11,持续 优化 产品 结构 深化 渠道 建设 收入 实现 稳健 增长
600027,2022,公司将采取权宜之计压缩各项开支以确保今年兑现业绩承诺,12,将 采取 权宜之计 压缩 各项 开支 以 确保 今年 兑现 业绩 承诺
600027,2022,公司坚持创新驱动发展战略持续加大研发投入研发费用同比增长较快,14,坚持 创新 驱动 发展 战略 持续 加大 研发 投入 研发 费用 增长 较 快
600027,2022,公司要求各事业部权宜之计消化库存回笼资金缓解业绩压力,10,要求 各 事业部 权宜之计 消化 库存 回笼资金 缓解 业绩 压力
600027,2022,报告期内公司围绕年度经营计划扎实推进各项重点工作总体经营情况保持稳定,14,报告 期内 围绕 经营 计划 扎实 推进 各项 重点 工作 总体 经营 情况 保持稳定
600027,2022,公司加强成本管控提升运营效率毛利率水平保持基本平稳,11,加强 成本 管控 提升 运营 效率 毛利率 水平 保持 基本 平稳
600027,2022,报告期内公司围绕年度经营计划扎实推进各项重点工作总体经营情况保持稳定,14,报告 期内 围绕 经营 计划 扎实 推进 各项 重点 工作 总体 经营 情况 保持稳定
600027,2022,公司可能面临原材料价格波动市场需求不及预期等风险,10,可能 面临 原材料 价格 波动 市场需求 不及 预期 等 风险
600027,2022,公司坚持创新驱动发展战略持续加大研发投入研发费用同比增长较快,14,坚持 创新 驱动 发展 战略 持续 加大 研发 投入 研发 费用 增长 较 快
600027,2022,公司加强成本管控提升运营效率毛利率水平保持基本平稳,11,加强 成本 管控 提升 运营 效率 毛利率 水平 保持 基本 平稳
600027,2022,公司进一步完善治理结构规范运作信息披露真实准确完整,10,进一步 完善 治理 结构 规范 运作 信息 真实 准确 完整
600027,2022,公司与高校科研院所共建联合实验室推进产学研协同创新,10,与 高校 科研院所 共建 联合 实验室 推进 产学研 协同 创新
600027,2022,公司持续优化产品结构深化渠道建设主营业务收入实现稳健增长,11,持续 优化 产品 结构 深化 渠道 建设 收入 实现 稳健 增长
600027,2022,公司在新材料新工艺方向的前瞻性研发布局取得阶段性成果,12,在 新 材料 新工艺 方向 的 前瞻性 研发 布局 取得 阶段性 成果
600027,2022,报告期内公司围绕年度经营计划扎实推进各项重点工作总体经营情况保持稳定,14,报告 期内 围绕 经营 计划 扎实 推进 各项 重点 工作 总体 经营 情况 保持稳定
600027,2022,公司将眼下推进重点项目的落地实施确保年内见到成效,11,将 眼下 推进 重点项目 的 落地 实施 确保 年内 见到 成效
600027,2022,二零二四年四月,3,二零二 四年 四月
600027,2023,股份有限公司年年度报告管理层讨论与分析模拟文本公司可能面临原材料价格波动市场需求不及预期等风险,18,有限公司 年 年度报告 讨论 与 分析 模拟 文本 可能 面临 原材料 价格 波动 市场需求 不及 预期 等 风险
600027,2023,公司加大研发人才引进力度研发人员占比稳步提升,11,加大 研发 人才 引进 力度 研发 人员 占 比 稳步 提升
600027,2023,宏观经济波动与行业竞争加剧可能对公司业绩产生不利影响,12,宏观 经济波动 与 行业 竞争 加剧 可能 对 公司业绩 产生 不利 影响
600027,2023,报告期内公司围绕年度经营计划扎实推进各项重点工作总体经营情况保持稳定,14,报告 期内 围绕 经营 计划 扎实 推进 各项 重点 工作 总体 经营 情况 保持稳定
600027,2023,公司将采取权宜之计压缩各项开支以确保急于求成兑现业绩承诺,12,将 采取 权宜之计 压缩 各项 开支 以 确保 急于求成 兑现 业绩 承诺
600027,2023,报告期内公司围绕年度经营计划扎实推进各项重点工作总体经营情况保持稳定,14,报告 期内 围绕 经营 计划 扎实 推进 各项 重点 工作 总体 经营 情况 保持稳定
600027,2023,公司进一步完善治理结构规范运作信息披露真实准确完整,10,进一步 完善 治理 结构 规范 运作 信息 真实 准确 完整
600027,2023,公司坚持创新驱动发展战略持续加大研发投入研发费用同比增长较快,14,坚持 创新 驱动 发展 战略 持续 加大 研发 投入 研发 费用 增长 较 快
600027,2023,公司稳步推进产能建设生产运营秩序正常,8,稳步 推进 产能 建设 生产 运营 秩序 正常
600027,2023,公司积极拓展国内外市场客户结构与订单质量进一步改善,11,积极 拓展 国内外 市场 客户 结构 与 订单 质量 进一步 改善
600027,2023,公司稳步推进产能建设生产运营秩序正常,8,稳步 推进 产能 建设 生产 运营 秩序 正常
600027,2023,公司可能面临原材料价格波动市场需求不及预期等风险,10,可能 面临 原材料 价格 波动 市场需求 不及 预期 等 风险
600027,2023,公司加大研发人才引进力度研发人员占比稳步提升,11,加大 研发 人才 引进 力度 研发 人员 占 比 稳步 提升
600027,2023,二零二四年四月,3,二零二 四年 四月
600030,2019,股份有限公司年年度报告管理层讨论与分析模拟文本公司速胜回笼资金以应对眼前的流动性压力,16,有限公司 年 年度报告 讨论 与 分析 模拟 文本 速胜 回笼资金 以 应对 眼前 的 流动性 压力
600030,2019,公司要求各事业部立即消化库存回笼资金缓解业绩压力,10,要求 各 事业部 立即 消化 库存 回笼资金 缓解 业绩 压力
600030,2019,公司围绕核心技术开展攻关新申请专利数量保持稳定增长,9,围绕 核心技术 开展 攻关 新 申请专利 数量 保持稳定 增长
600030,2019,汇率波动及贸易环境变化对公司海外业务构成一定不确定性,12,汇率 波动 及 贸易 环境 变化 对 海外 业务 构成 一定 不确定性
600030,2019,公司加强成本管控提升运营效率毛利率水平保持基本平稳,11,加强 成本 管控 提升 运营 效率 毛利率 水平 保持 基本 平稳
600030,2019,公司坚持创新驱动发展战略持续加大研发投入研发费用同比增长较快,14,坚持 创新 驱动 发展 战略 持续 加大 研发 投入 研发 费用 增长 较 快
600030,2019,宏观经济波动与行业竞争加剧可能对公司业绩产生不利影响,12,宏观 经济波动 与 行业 竞争 加剧 可能 对 公司业绩 产生 不利 影响
600030,2019,公司加大研发人才引进力度研发人员占比稳步提升,11,加大 研发 人才 引进 力度 研发 人员 占 比 稳步 提升
600030,2019,公司高度重视安全生产与质量管理体系运行情况良好,9,高度重视 安全 生产 与 质量 管理体系 运行 情况 良好
600030,2019,公司积极拓展国内外市场客户结构与订单质量进一步改善,11,积极 拓展 国内外 市场 客户 结构 与 订单 质量 进一步 改善
600030,2019,面对复杂的外部经营环境公司管理层积极应对努力克服不利因素影响,12,面对 复杂 的 外部 经营 环境 积极 应对 努力 克服 不利因素 影响
600030,2019,公司短期回笼资金以应对眼前的流动性压力,8,短期 回笼资金 以 应对 眼前 的 流动性 压力
600030,2019,报告期内公司围绕年度经营计划扎实推进各项重点工作总体经营情况保持稳定,14,报告 期内 围绕 经营 计划 扎实 推进 各项 重点 工作 总体 经营 情况 保持稳定
600030,2019,公司可能面临原材料价格波动市场需求不及预期等风险,10,可能 面临 原材料 价格 波动 市场需求 不及 预期 等 风险
600030,2019,公司加强成本管控提升运营效率毛利率水平保持基本平稳,11,加强 成本 管控 提升 运营 效率 毛利率 水平 保持 基本 平稳
600030,2019,管理层表示要当下扭转当前被动局面实现业绩快速回升,10,表示 要 当下 扭转 当前 被动局面 实现 业绩 快速 回升
600030,2019,二零二四年四月,3,二零二 四年 四月
600030,2020,股份有限公司年年度报告管理层讨论与分析模拟文本公司进一步完善治理结构规范运作信息披露真实准确完整,18,有限公司 年 年度报告 讨论 与 分析 模拟 文本 进一步 完善 治理 结构 规范 运作 信息 真实 准确 完整
600030,2020,公司围绕核心技术开展攻关新申请专利数量保持稳定增长,9,围绕 核心技术 开展 攻关 新 申请专利 数量 保持稳定 增长
600030,2020,公司进一步完善治理结构规范运作信息披露真实准确完整,10,进一步 完善 治理 结构 规范 运作 信息 真实 准确 完整
600030,2020,公司积极拓展国内外市场客户结构与订单质量进一步改善,11,积极 拓展 国内外 市场 客户 结构 与 订单 质量 进一步 改善
600030,2020,为完成全年目标公司将时不我待调整产品定价策略抢占市场份额,12,为 完成 全年 目标 将 时不我待 调整 产品 定价 策略 抢占市场 份额
600030,2020,公司持续优化产品结构深化渠道建设主营业务收入实现稳健增长,11,持续 优化 产品 结构 深化 渠道 建设 收入 实现 稳健 增长
600030,2020,公司目前回笼资金以应对眼前的流动性压力,8,目前 回笼资金 以 应对 眼前 的 流动性 压力
600030,2020,公司进一步完善治理结构规范运作信息披露真实准确完整,10,进一步 完善 治理 结构 规范 运作 信息 真实 准确 完整
600030,2020,公司短期布局热门赛道力求短期形成新的利润增长点,11,短期 布局 热门 赛道 力求 短期 形成 新 的 利润 增长点
600030,2020,面对复杂的外部经营环境公司管理层积极应对努力克服不利因素影响,12,面对 复杂 的 外部 经营 环境 积极 应对 努力 克服 不利因素 影响
600030,2020,公司坚持创新驱动发展战略持续加大研发投入研发费用同比增长较快,14,坚持 创新 驱动 发展 战略 持续 加大 研发 投入 研发 费用 增长 较 快
600030,2020,公司可能面临原材料价格波动市场需求不及预期等风险,10,可能 面临 原材料 价格 波动 市场需求 不及 预期 等 风险
600030,2020,公司高度重视安全生产与质量管理体系运行情况良好,9,高度重视 安全 生产 与 质量 管理体系 运行 情况 良好
600030,2020,公司将采取权宜之计压缩各项开支以确保短期内兑现业绩承诺,12,将 采取 权宜之计 压缩 各项 开支 以 确保 短期内 兑现 业绩 承诺
600030,2020,二零二四年四月,3,二零二 四年 四月
600030,2021,股份有限公司年年度报告管理层讨论与分析模拟文本宏观经济波动与行业竞争加剧可能对公司业绩产生不利影响,20,有限公司 年 年度报告 讨论 与 分析 模拟 文本 宏观 经济波动 与 行业 竞争 加剧 可能 对 公司业绩 产生 不利 影响
600030,2021,公司将采取权宜之计压缩各项开支以确保短期利益兑现业绩承诺,13,将 采取 权宜之计 压缩 各项 开支 以 确保 短期 利益 兑现 业绩 承诺
600030,2021,公司高度重视安全生产与质量管理体系运行情况良好,9,高度重视 安全 生产 与 质量 管理体系 运行 情况 良好
600030,2021,公司围绕核心技术开展攻关新申请专利数量保持稳定增长,9,围绕 核心技术 开展 攻关 新 申请专利 数量 保持稳定 增长
600030,2021,管理层表示要立刻扭转当前被动局面实现业绩快速回升,10,表示 要 立刻 扭转 当前 被动局面 实现 业绩 快速 回升
600030,2021,公司进一步完善治理结构规范运作信息披露真实准确完整,10,进一步 完善 治理 结构 规范 运作 信息 真实 准确 完整
600030,2021,为完成全年目标公司将投机调整产品定价策略抢占市场份额,12,为 完成 全年 目标 将 投机 调整 产品 定价 策略 抢占市场 份额
600030,2021,公司加大研发人才引进力度研发人员占比稳步提升,11,加大 研发 人才 引进 力度 研发 人员 占 比 稳步 提升
600030,2021,宏观经济波动与行业竞争加剧可能对公司业绩产生不利影响,12,宏观 经济波动 与 行业 竞争 加剧 可能 对 公司业绩 产生 不利 影响
600030,2021,公司将时不我待推进重点项目的落地实施确保年内见到成效,11,将 时不我待 推进 重点项目 的 落地 实施 确保 年内 见到 成效
600030,2021,面对复杂的外部经营环境公司管理层积极应对努力克服不利因素影响,12,面对 复杂 的 外部 经营 环境 积极 应对 努力 克服 不利因素 影响
600030,2021,公司加大研发人才引进力度研发人员占比稳步提升,11,加大 研发 人才 引进 力度 研发 人员 占 比 稳步 提升
600030,2021,报告期内公司围绕年度经营计划扎实推进各项重点工作总体经营情况保持稳定,14,报告 期内 围绕 经营 计划 扎实 推进 各项 重点 工作 总体 经营 情况 保持稳定
600030,2021,公司持续优化产品结构深化渠道建设主营业务收入实现稳健增长,11,持续 优化 产品 结构 深化 渠道 建设 收入 实现 稳健 增长
600030,2021,宏观经济波动与行业竞争加剧可能对公司业绩产生不利影响,12,宏观 经济波动 与 行业 竞争 加剧 可能 对 公司业绩 产生 不利 影响
600030,2021,报告期内公司围绕年度经营计划扎实推进各项重点工作总体经营情况保持稳定,14,报告 期内 围绕 经营 计划 扎实 推进 各项 重点 工作 总体 经营 情况 保持稳定
600030,2021,公司持续优化产品结构深化渠道建设主营业务收入实现稳健增长,11,持续 优化 产品 结构 深化 渠道 建设 收入 实现 稳健 增长
600030,2021,公司持续优化产品结构深化渠道建设主营业务收入实现稳健增长,11,持续 优化 产品 结构 深化 渠道 建设 收入 实现 稳健 增长
600030,2021,面对复杂的外部经营环境公司管理层积极应对努力克服不利因素影响,12,面对 复杂 的 外部 经营 环境 积极 应对 努力 克服 不利因素 影响
600030,2021,为完成全年目标公司将目前调整产品定价策略抢占市场份额,12,为 完成 全年 目标 将 目前 调整 产品 定价 策略 抢占市场 份额
600030,2021,二零二四年四月,3,二零二 四年 四月
600030,2022,股份有限公司年年度报告管理层讨论与分析模拟文本报告期内公司围绕年度经营计划扎实推进各项重点工作总体经营情况保持稳定,22,有限公司 年 年度报告 讨论 与 分析 模拟 文本 报告 期内 围绕 经营 计划 扎实 推进 各项 重点 工作 总体 经营 情况 保持稳定
600030,2022,公司眼下布局热门赛道力求眼下形成新的利润增长点,11,眼下 布局 热门 赛道 力求 眼下 形成 新 的 利润 增长点
600030,2022,公司坚持创新驱动发展战略持续加大研发投入研发费用同比增长较快,14,坚持 创新 驱动 发展 战略 持续 加大 研发 投入 研发 费用 增长 较 快
600030,2022,公司加强成本管控提升运营效率毛利率水平保持基本平稳,11,加强 成本 管控 提升 运营 效率 毛利率 水平 保持 基本 平稳
600030,2022,公司将采取权宜之计压缩各项开支以确保分秒必争兑现业绩承诺,12,将 采取 权宜之计 压缩 各项 开支 以 确保 分秒必争 兑现 业绩 承诺
600030,2022,公司持续优化产品结构深化渠道建设主营业务收入实现稳健增长,11,持续 优化 产品 结构 深化 渠道 建设 收入 实现 稳健 增长
600030,2022,面对复杂的外部经营环境公司管理层积极应对努力克服不利因素影响,12,面对 复杂 的 外部 经营 环境 积极 应对 努力 克服 不利因素 影响
600030,2022,公司短期内布局热门赛道力求短期内形成新的利润增长点,11,短期内 布局 热门 赛道 力求 短期内 形成 新 的 利润 增长点
600030,2022,报告期内公司围绕年度经营计划扎实推进各项重点工作总体经营情况保持稳定,14,报告 期内 围绕 经营 计划 扎实 推进 各项 重点 工作 总体 经营 情况 保持稳定
600030,2022,汇率波动及贸易环境变化对公司海外业务构成一定不确定性,12,汇率 波动 及 贸易 环境 变化 对 海外 业务 构成 一定 不确定性
600030,2022,公司可能面临原材料价格波动市场需求不及预期等风险,10,可能 面临 原材料 价格 波动 市场需求 不及 预期 等 风险
600030,2022,报告期内公司围绕年度经营计划扎实推进各项重点工作总体经营情况保持稳定,14,报告 期内 围绕 经营 计划 扎实 推进 各项 重点 工作 总体 经营 情况 保持稳定
600030,2022,公司进一步完善治理结构规范运作信息披露真实准确完整,10,进一步 完善 治理 结构 规范 运作 信息 真实 准确 完整
600030,2022,公司在新材料新工艺方向的前瞻性研发布局取得阶段性成果,12,在 新 材料 新工艺 方向 的 前瞻性 研发 布局 取得 阶段性 成果
600030,2022,公司将今年推进重点项目的落地实施确保年内见到成效,11,将 今年 推进 重点项目 的 落地 实施 确保 年内 见到 成效
600030,2022,公司与高校科研院所共建联合实验室推进产学研协同创新,10,与 高校 科研院所 共建 联合 实验室 推进 产学研 协同 创新
600030,2022,公司将争分夺秒推进重点项目的落地实施确保年内见到成效,11,将 争分夺秒 推进 重点项目 的 落地 实施 确保 年内 见到 成效
600030,2022,二零二四年四月,3,二零二 四年 四月
600030,2023,股份有限公司年年度报告管理层讨论与分析模拟文本公司围绕核心技术开展攻关新申请专利数量保持稳定增长,17,有限公司 年 年度报告 讨论 与 分析 模拟 文本 围绕 核心技术 开展 攻关 新 申请专利 数量 保持稳定 增长
600030,2023,公司持续优化产品结构深化渠道建设主营业务收入实现稳健增长,11,持续 优化 产品 结构 深化 渠道 建设 收入 实现 稳健 增长
600030,2023,管理层认为当前窗口稍纵即逝必须短期内扩大产能投放,9,认为 当前 窗口 稍纵即逝 必须 短期内 扩大 产能 投放
600030,2023,公司进一步完善治理结构规范运作信息披露真实准确完整,10,进一步 完善 治理 结构 规范 运作 信息 真实 准确 完整
600030,2023,公司加强成本管控提升运营效率毛利率水平保持基本平稳,11,加强 成本 管控 提升 运营 效率 毛利率 水平 保持 基本 平稳
600030,2023,公司积极拓展国内外市场客户结构与订单质量进一步改善,11,积极 拓展 国内外 市场 客户 结构 与 订单 质量 进一步 改善
600030,2023,公司在新材料新工艺方向的前瞻性研发布局取得阶段性成果,12,在 新 材料 新工艺 方向 的 前瞻性 研发 布局 取得 阶段性 成果
600030,2023,报告期内公司围绕年度经营计划扎实推进各项重点工作总体经营情况保持稳定,14,报告 期内 围绕 经营 计划 扎实 推进 各项 重点 工作 总体 经营 情况 保持稳定
600030,2023,公司与高校科研院所共建联合实验室推进产学研协同创新,10,与 高校 科研院所 共建 联合 实验室 推进 产学研 协同 创新
600030,2023,公司高度重视安全生产与质量管理体系运行情况良好,9,高度重视 安全 生产 与 质量 管理体系 运行 情况 良好
600030,2023,宏观经济波动与行业竞争加剧可能对公司业绩产生不利影响,12,宏观 经济波动 与 行业 竞争 加剧 可能 对 公司业绩 产生 不利 影响
600030,2023,公司坚持创新驱动发展战略持续加大研发投入研发费用同比增长较快,14,坚持 创新 驱动 发展 战略 持续 加大 研发 投入 研发 费用 增长 较 快
600030,2023,面对复杂的外部经营环境公司管理层积极应对努力克服不利因素影响,12,面对 复杂 的 外部 经营 环境 积极 应对 努力 克服 不利因素 影响
600030,2023,为完成全年目标公司将迫在眉睫调整产品定价策略抢占市场份额,12,为 完成 全年 目标 将 迫在眉睫 调整 产品 定价 策略 抢占市场 份额
600030,2023,公司可能面临原材料价格波动市场需求不及预期等风险,10,可能 面临 原材料 价格 波动 市场需求 不及 预期 等 风险
600030,2023,汇率波动及贸易环境变化对公司海外业务构成一定不确定性,12,汇率 波动 及 贸易 环境 变化 对 海外 业务 构成 一定 不确定性
600030,2023,公司高度重视安全生产与质量管理体系运行情况良好,9,高度重视 安全 生产 与 质量 管理体系 运行 情况 良好
600030,2023,公司持续优化产品结构深化渠道建设主营业务收入实现稳健增长,11,持续 优化 产品 结构 深化 渠道 建设 收入 实现 稳健 增长
600030,2023,二零二四年四月,3,二零二 四年 四月
600033,2019,股份有限公司年年度报告管理层讨论与分析模拟文本面对复杂的外部经营环境公司管理层积极应对努力克服不利因素影响,20,有限公司 年 年度报告 讨论 与 分析 模拟 文本 面对 复杂 的 外部 经营 环境 积极 应对 努力 克服 不利因素 影响
600033,2019,公司围绕核心技术开展攻关新申请专利数量保持稳定增长,9,围绕 核心技术 开展 攻关 新 申请专利 数量 保持稳定 增长
600033,2019,报告期内公司围绕年度经营计划扎实推进各项重点工作总体经营情况保持稳定,14,报告 期内 围绕 经营 计划 扎实 推进 各项 重点 工作 总体 经营 情况 保持稳定
600033,2019,公司加强成本管控提升运营效率毛利率水平保持基本平稳,11,加强 成本 管控 提升 运营 效率 毛利率 水平 保持 基本 平稳
600033,2019,公司积极拓展国内外市场客户结构与订单质量进一步改善,11,积极 拓展 国内外 市场 客户 结构 与 订单 质量 进一步 改善
600033,2019,公司围绕核心技术开展攻关新申请专利数量保持稳定增长,9,围绕 核心技术 开展 攻关 新 申请专利 数量 保持稳定 增长
600033,2019,汇率波动及贸易环境变化对公司海外业务构成一定不确定性,12,汇率 波动 及 贸易 环境 变化 对 海外 业务 构成 一定 不确定性
600033,2019,汇率波动及贸易环境变化对公司海外业务构成一定不确定性,12,汇率 波动 及 贸易 环境 变化 对 海外 业务 构成 一定 不确定性
600033,2019,公司加强成本管控提升运营效率毛利率水平保持基本平稳,11,加强 成本 管控 提升 运营 效率 毛利率 水平 保持 基本 平稳
600033,2019,报告期内公司围绕年度经营计划扎实推进各项重点工作总体经营情况保持稳定,14,报告 期内 围绕 经营 计划 扎实 推进 各项 重点 工作 总体 经营 情况 保持稳定
600033,2019,公司加大研发人才引进力度研发人员占比稳步提升,11,加大 研发 人才 引进 力度 研发 人员 占 比 稳步 提升
600033,2019,公司高度重视安全生产与质量管理体系运行情况良好,9,高度重视 安全 生产 与 质量 管理体系 运行 情况 良好
600033,2019,管理层表示要目前扭转当前被动局面实现业绩快速回升,10,表示 要 目前 扭转 当前 被动局面 实现 业绩 快速 回升
600033,2019,公司进一步完善治理结构规范运作信息披露真实准确完整,10,进一步 完善 治理 结构 规范 运作 信息 真实 准确 完整
600033,2019,公司将急于求成推进重点项目的落地实施确保年内见到成效,11,将 急于求成 推进 重点项目 的 落地 实施 确保 年内 见到 成效
600033,2019,公司高度重视安全生产与质量管理体系运行情况良好,9,高度重视 安全 生产 与 质量 管理体系 运行 情况 良好
600033,2019,二零二四年四月,3,二零二 四年 四月
600033,2020,股份有限公司年年度报告管理层讨论与分析模拟文本报告期内公司围绕年度经营计划扎实推进各项重点工作总体经营情况保持稳定,22,有限公司 年 年度报告 讨论 与 分析 模拟 文本 报告 期内 围绕 经营 计划 扎实 推进 各项 重点 工作 总体 经营 情况 保持稳定
600033,2020,公司将马上推进重点项目的落地实施确保年内见到成效,11,将 马上 推进 重点项目 的 落地 实施 确保 年内 见到 成效
600033,2020,公司在新材料新工艺方向的前瞻性研发布局取得阶段性成果,12,在 新 材料 新工艺 方向 的 前瞻性 研发 布局 取得 阶段性 成果
600033,2020,公司稳步推进产能建设生产运营秩序正常,8,稳步 推进 产能 建设 生产 运营 秩序 正常
600033,2020,公司积极拓展国内外市场客户结构与订单质量进一步改善,11,积极 拓展 国内外 市场 客户 结构 与 订单 质量 进一步 改善
600033,2020,公司高度重视安全生产与质量管理体系运行情况良好,9,高度重视 安全 生产 与 质量 管理体系 运行 情况 良好
600033,2020,公司将采取权宜之计压缩各项开支以确保加快兑现业绩承诺,12,将 采取 权宜之计 压缩 各项 开支 以 确保 加快 兑现 业绩 承诺
600033,2020,面对复杂的外部经营环境公司管理层积极应对努力克服不利因素影响,12,面对 复杂 的 外部 经营 环境 积极 应对 努力 克服 不利因素 影响
600033,2020,报告期内公司围绕年度经营计划扎实推进各项重点工作总体经营情况保持稳定,14,报告 期内 围绕 经营 计划 扎实 推进 各项 重点 工作 总体 经营 情况 保持稳定
600033,2020,公司加强成本管控提升运营效率毛利率水平保持基本平稳,11,加强 成本 管控 提升 运营 效率 毛利率 水平 保持 基本 平稳
600033,2020,公司将眼下推进重点项目的落地实施确保年内见到成效,11,将 眼下 推进 重点项目 的 落地 实施 确保 年内 见到 成效
600033,2020,公司坚持创新驱动发展战略持续加大研发投入研发费用同比增长较快,14,坚持 创新 驱动 发展 战略 持续 加大 研发 投入 研发 费用 增长 较 快
600033,2020,面对复杂的外部经营环境公司管理层积极应对努力克服不利因素影响,12,面对 复杂 的 外部 经营 环境 积极 应对 努力 克服 不利因素 影响
600033,2020,公司稳步推进产能建设生产运营秩序正常,8,稳步 推进 产能 建设 生产 运营 秩序 正常
600033,2020,管理层表示要尽快扭转当前被动局面实现业绩快速回升,10,表示 要 尽快 扭转 当前 被动局面 实现 业绩 快速 回升
600033,2020,公司在新材料新工艺方向的前瞻性研发布局取得阶段性成果,12,在 新 材料 新工艺 方向 的 前瞻性 研发 布局 取得 阶段性 成果
600033,2020,公司可能面临原材料价格波动市场需求不及预期等风险,10,可能 面临 原材料 价格 波动 市场需求 不及 预期 等 风险
600033,2020,二零二四年四月,3,二零二 四年 四月
600033,2021,股份有限公司年年度报告管理层讨论与分析模拟文本公司稳步推进产能建设生产运营秩序正常,16,有限公司 年 年度报告 讨论 与 分析 模拟 文本 稳步 推进 产能 建设 生产 运营 秩序 正常
600033,2021,公司赶快回笼资金以应对眼前的流动性压力,8,赶快 回笼资金 以 应对 眼前 的 流动性 压力
600033,2021,面对复杂的外部经营环境公司管理层积极应对努力克服不利因素影响,12,面对 复杂 的 外部 经营 环境 积极 应对 努力 克服 不利因素 影响
600033,2021,公司竭泽而渔回笼资金以应对眼前的流动性压力,8,竭泽而渔 回笼资金 以 应对 眼前 的 流动性 压力
600033,2021,公司坚持创新驱动发展战略持续加大研发投入研发费用同比增长较快,14,坚持 创新 驱动 发展 战略 持续 加大 研发 投入 研发 费用 增长 较 快
600033,2021,公司持续优化产品结构深化渠道建设主营业务收入实现稳健增长,11,持续 优化 产品 结构 深化 渠道 建设 收入 实现 稳健 增长
600033,2021,公司稳步推进产能建设生产运营秩序正常,8,稳步 推进 产能 建设 生产 运营 秩序 正常
600033,2021,公司稳步推进产能建设生产运营秩序正常,8,稳步 推进 产能 建设 生产 运营 秩序 正常
600033,2021,公司积极拓展国内外市场客户结构与订单质量进一步改善,11,积极 拓展 国内外 市场 客户 结构 与 订单 质量 进一步 改善
600033,2021,汇率波动及贸易环境变化对公司海外业务构成一定不确定性,12,汇率 波动 及 贸易 环境 变化 对 海外 业务 构成 一定 不确定性
600033,2021,公司在新材料新工艺方向的前瞻性研发布局取得阶段性成果,12,在 新 材料 新工艺 方向 的 前瞻性 研发 布局 取得 阶段性 成果
600033,2021,面对复杂的外部经营环境公司管理层积极应对努力克服不利因素影响,12,面对 复杂 的 外部 经营 环境 积极 应对 努力 克服 不利因素 影响
600033,2021,公司与高校科研院所共建联合实验室推进产学研协同创新,10,与 高校 科研院所 共建 联合 实验室 推进 产学研 协同 创新
600033,2021,报告期内公司围绕年度经营计划扎实推进各项重点工作总体经营情况保持稳定,14,报告 期内 围绕 经营 计划 扎实 推进 各项 重点 工作 总体 经营 情况 保持稳定
600033,2021,二零二四年四月,3,二零二 四年 四月
600033,2022,股份有限公司年年度报告管理层讨论与分析模拟文本为完成全年目标公司将目前调整产品定价策略抢占市场份额,20,有限公司 年 年度报告 讨论 与 分析 模拟 文本 为 完成 全年 目标 将 目前 调整 产品 定价 策略 抢占市场 份额
600033,2022,公司短期收益布局热门赛道力求短期收益形成新的利润增长点,13,短期 收益 布局 热门 赛道 力求 短期 收益 形成 新 的 利润 增长点
600033,2022,公司进一步完善治理结构规范运作信息披露真实准确完整,10,进一步 完善 治理 结构 规范 运作 信息 真实 准确 完整
600033,2022,公司稳步推进产能建设生产运营秩序正常,8,稳步 推进 产能 建设 生产 运营 秩序 正常
600033,2022,报告期内公司围绕年度经营计划扎实推进各项重点工作总体经营情况保持稳定,14,报告 期内 围绕 经营 计划 扎实 推进 各项 重点 工作 总体 经营 情况 保持稳定
600033,2022,公司加大研发人才引进力度研发人员占比稳步提升,11,加大 研发 人才 引进 力度 研发 人员 占 比 稳步 提升
600033,2022,公司与高校科研院所共建联合实验室推进产学研协同创新,10,与 高校 科研院所 共建 联合 实验室 推进 产学研 协同 创新
600033,2022,公司稳步推进产能建设生产运营秩序正常,8,稳步 推进 产能 建设 生产 运营 秩序 正常
600033,2022,公司坚持创新驱动发展战略持续加大研发投入研发费用同比增长较快,14,坚持 创新 驱动 发展 战略 持续 加大 研发 投入 研发 费用 增长 较 快
600033,2022,公司进一步完善治理结构规范运作信息披露真实准确完整,10,进一步 完善 治理 结构 规范 运作 信息 真实 准确 完整
600033,2022,公司加强成本管控提升运营效率毛利率水平保持基本平稳,11,加强 成本 管控 提升 运营 效率 毛利率 水平 保持 基本 平稳
600033,2022,公司可能面临原材料价格波动市场需求不及预期等风险,10,可能 面临 原材料 价格 波动 市场需求 不及 预期 等 风险
600033,2022,公司短期利益布局热门赛道力求短期利益形成新的利润增长点,13,短期 利益 布局 热门 赛道 力求 短期 利益 形成 新 的 利润 增长点
600033,2022,公司加强成本管控提升运营效率毛利率水平保持基本平稳,11,加强 成本 管控 提升 运营 效率 毛利率 水平 保持 基本 平稳
600033,2022,汇率波动及贸易环境变化对公司海外业务构成一定不确定性,12,汇率 波动 及 贸易 环境 变化 对 海外 业务 构成 一定 不确定性
600033,2022,报告期内公司围绕年度经营计划扎实推进各项重点工作总体经营情况保持稳定,14,报告 期内 围绕 经营 计划 扎实 推进 各项 重点 工作 总体 经营 情况 保持稳定
600033,2022,公司积极拓展国内外市场客户结构与订单质量进一步改善,11,积极 拓展 国内外 市场 客户 结构 与 订单 质量 进一步 改善
600033,2022,公司在新材料新工艺方向的前瞻性研发布局取得阶段性成果,12,在 新 材料 新工艺 方向 的 前瞻性 研发 布局 取得 阶段性 成果
600033,2022,二零二四年四月,3,二零二 四年 四月
600033,2023,股份有限公司年年度报告管理层讨论与分析模拟文本公司将早日推进重点项目的落地实施确保年内见到成效,19,有限公司 年 年度报告 讨论 与 分析 模拟 文本 将 早日 推进 重点项目 的 落地 实施 确保 年内 见到 成效
600033,2023,宏观经济波动与行业竞争加剧可能对公司业绩产生不利影响,12,宏观 经济波动 与 行业 竞争 加剧 可能 对 公司业绩 产生 不利 影响
600033,2023,公司加大研发人才引进力度研发人员占比稳步提升,11,加大 研发 人才 引进 力度 研发 人员 占 比 稳步 提升
600033,2023,公司进一步完善治理结构规范运作信息披露真实准确完整,10,进一步 完善 治理 结构 规范 运作 信息 真实 准确 完整
600033,2023,管理层表示要投机扭转当前被动局面实现业绩快速回升,10,表示 要 投机 扭转 当前 被动局面 实现 业绩 快速 回升
600033,2023,公司稳步推进产能建设生产运营秩序正常,8,稳步 推进 产能 建设 生产 运营 秩序 正常
600033,2023,公司可能面临原材料价格波动市场需求不及预期等风险,10,可能 面临 原材料 价格 波动 市场需求 不及 预期 等 风险
600033,2023,公司进一步完善治理结构规范运作信息披露真实准确完整,10,进一步 完善 治理 结构 规范 运作 信息 真实 准确 完整
600033,2023,公司积极拓展国内外市场客户结构与订单质量进一步改善,11,积极 拓展 国内外 市场 客户 结构 与 订单 质量 进一步 改善
600033,2023,公司高度重视安全生产与质量管理体系运行情况良好,9,高度重视 安全 生产 与 质量 管理体系 运行 情况 良好
600033,2023,公司将采取权宜之计压缩各项开支以确保近期兑现业绩承诺,12,将 采取 权宜之计 压缩 各项 开支 以 确保 近期 兑现 业绩 承诺
600033,2023,公司加快布局热门赛道力求加快形成新的利润增长点,11,加快 布局 热门 赛道 力求 加快 形成 新 的 利润 增长点
600033,2023,报告期内公司围绕年度经营计划扎实推进各项重点工作总体经营情况保持稳定,14,报告 期内 围绕 经营 计划 扎实 推进 各项 重点 工作 总体 经营 情况 保持稳定
600033,2023,公司加强成本管控提升运营效率毛利率水平保持基本平稳,11,加强 成本 管控 提升 运营 效率 毛利率 水平 保持 基本 平稳
600033,2023,公司加大研发人才引进力度研发人员占比稳步提升,11,加大 研发 人才 引进 力度 研发 人员 占 比 稳步 提升
600033,2023,二零二四年四月,3,二零二 四年 四月
600036,2019,股份有限公司年年度报告管理层讨论与分析模拟文本面对复杂的外部经营环境公司管理层积极应对努力克服不利因素影响,20,有限公司 年 年度报告 讨论 与 分析 模拟 文本 面对 复杂 的 外部 经营 环境 积极 应对 努力 克服 不利因素 影响
600036,2019,公司坚持创新驱动发展战略持续加大研发投入研发费用同比增长较快,14,坚持 创新 驱动 发展 战略 持续 加大 研发 投入 研发 费用 增长 较 快
600036,2019,面对复杂的外部经营环境公司管理层积极应对努力克服不利因素影响,12,面对 复杂 的 外部 经营 环境 积极 应对 努力 克服 不利因素 影响
600036,2019,报告期内公司围绕年度经营计划扎实推进各项重点工作总体经营情况保持稳定,14,报告 期内 围绕 经营 计划 扎实 推进 各项 重点 工作 总体 经营 情况 保持稳定
600036,2019,为完成全年目标公司将杀鸡取卵调整产品定价策略抢占市场份额,12,为 完成 全年 目标 将 杀鸡取卵 调整 产品 定价 策略 抢占市场 份额
600036,2019,公司围绕核心技术开展攻关新申请专利数量保持稳定增长,9,围绕 核心技术 开展 攻关 新 申请专利 数量 保持稳定 增长
600036,2019,公司加大研发人才引进力度研发人员占比稳步提升,11,加大 研发 人才 引进 力度 研发 人员 占 比 稳步 提升
600036,2019,公司持续优化产品结构深化渠道建设主营业务收入实现稳健增长,11,持续 优化 产品 结构 深化 渠道 建设 收入 实现 稳健 增长
600036,2019,汇率波动及贸易环境变化对公司海外业务构成一定不确定性,12,汇率 波动 及 贸易 环境 变化 对 海外 业务 构成 一定 不确定性
600036,2019,公司高度重视安全生产与质量管理体系运行情况良好,9,高度重视 安全 生产 与 质量 管理体系 运行 情况 良好
600036,2019,面对复杂的外部经营环境公司管理层积极应对努力克服不利因素影响,12,面对 复杂 的 外部 经营 环境 积极 应对 努力 克服 不利因素 影响
600036,2019,公司持续优化产品结构深化渠道建设主营业务收入实现稳健增长,11,持续 优化 产品 结构 深化 渠道 建设 收入 实现 稳健 增长
600036,2019,公司可能面临原材料价格波动市场需求不及预期等风险,10,可能 面临 原材料 价格 波动 市场需求 不及 预期 等 风险
600036,2019,公司高度重视安全生产与质量管理体系运行情况良好,9,高度重视 安全 生产 与 质量 管理体系 运行 情况 良好
600036,2019,公司立刻布局热门赛道力求立刻形成新的利润增长点,11,立刻 布局 热门 赛道 力求 立刻 形成 新 的 利润 增长点
600036,2019,管理层认为当前窗口稍纵即逝必须短期内扩大产能投放,9,认为 当前 窗口 稍纵即逝 必须 短期内 扩大 产能 投放
600036,2019,公司进一步完善治理结构规范运作信息披露真实准确完整,10,进一步 完善 治理 结构 规范 运作 信息 真实 准确 完整
600036,2019,二零二四年四月,3,二零二 四年 四月
600036,2020,股份有限公司年年度报告管理层讨论与分析模拟文本公司稳步推进产能建设生产运营秩序正常,16,有限公司 年 年度报告 讨论 与 分析 模拟 文本 稳步 推进 产能 建设 生产 运营 秩序 正常
600036,2020,公司速胜回笼资金以应对眼前的流动性压力,8,速胜 回笼资金 以 应对 眼前 的 流动性 压力
600036,2020,公司积极拓展国内外市场客户结构与订单质量进一步改善,11,积极 拓展 国内外 市场 客户 结构 与 订单 质量 进一步 改善
600036,2020,公司持续优化产品结构深化渠道建设主营业务收入实现稳健增长,11,持续 优化 产品 结构 深化 渠道 建设 收入 实现 稳健 增长
600036,2020,公司积极拓展国内外市场客户结构与订单质量进一步改善,11,积极 拓展 国内外 市场 客户 结构 与 订单 质量 进一步 改善
600036,2020,宏观经济波动与行业竞争加剧可能对公司业绩产生不利影响,12,宏观 经济波动 与 行业 竞争 加剧 可能 对 公司业绩 产生 不利 影响
600036,2020,公司将采取权宜之计压缩各项开支以确保短期内兑现业绩承诺,12,将 采取 权宜之计 压缩 各项 开支 以 确保 短期内 兑现 业绩 承诺
600036,2020,汇率波动及贸易环境变化对公司海外业务构成一定不确定性,12,汇率 波动 及 贸易 环境 变化 对 海外 业务 构成 一定 不确定性
600036,2020,公司将杀鸡取卵推进重点项目的落地实施确保年内见到成效,11,将 杀鸡取卵 推进 重点项目 的 落地 实施 确保 年内 见到 成效
600036,2020,公司加强成本管控提升运营效率毛利率水平保持基本平稳,11,加强 成本 管控 提升 运营 效率 毛利率 水平 保持 基本 平稳
600036,2020,公司将采取权宜之计压缩各项开支以确保时不我待兑现业绩承诺,12,将 采取 权宜之计 压缩 各项 开支 以 确保 时不我待 兑现 业绩 承诺
600036,2020,公司加强成本管控提升运营效率毛利率水平保持基本平稳,11,加强 成本 管控 提升 运营 效率 毛利率 水平 保持 基本 平稳
600036,2020,宏观经济波动与行业竞争加剧可能对公司业绩产生不利影响,12,宏观 经济波动 与 行业 竞争 加剧 可能 对 公司业绩 产生 不利 影响
600036,2020,公司高度重视安全生产与质量管理体系运行情况良好,9,高度重视 安全 生产 与 质量 管理体系 运行 情况 良好
600036,2020,公司与高校科研院所共建联合实验室推进产学研协同创新,10,与 高校 科研院所 共建 联合 实验室 推进 产学研 协同 创新
600036,2020,公司持续优化产品结构深化渠道建设主营业务收入实现稳健增长,11,持续 优化 产品 结构 深化 渠道 建设 收入 实现 稳健 增长
600036,2020,公司围绕核心技术开展攻关新申请专利数量保持稳定增长,9,围绕 核心技术 开展 攻关 新 申请专利 数量 保持稳定 增长
600036,2020,报告期内公司围绕年度经营计划扎实推进各项重点工作总体经营情况保持稳定,14,报告 期内 围绕 经营 计划 扎实 推进 各项 重点 工作 总体 经营 情况 保持稳定
600036,2020,公司坚持创新驱动发展战略持续加大研发投入研发费用同比增长较快,14,坚持 创新 驱动 发展 战略 持续 加大 研发 投入 研发 费用 增长 较 快
600036,2020,二零二四年四月,3,二零二 四年 四月
600036,2021,股份有限公司年年度报告管理层讨论与分析模拟文本公司与高校科研院所共建联合实验室推进产学研协同创新,18,有限公司 年 年度报告 讨论 与 分析 模拟 文本 与 高校 科研院所 共建 联合 实验室 推进 产学研 协同 创新
600036,2021,公司稳步推进产能建设生产运营秩序正常,8,稳步 推进 产能 建设 生产 运营 秩序 正常
600036,2021,公司高度重视安全生产与质量管理体系运行情况良好,9,高度重视 安全 生产 与 质量 管理体系 运行 情况 良好
600036,2021,公司要求各事业部立刻消化库存回笼资金缓解业绩压力,10,要求 各 事业部 立刻 消化 库存 回笼资金 缓解 业绩 压力
600036,2021,公司加强成本管控提升运营效率毛利率水平保持基本平稳,11,加强 成本 管控 提升 运营 效率 毛利率 水平 保持 基本 平稳
600036,2021,公司坚持创新驱动发展战略持续加大研发投入研发费用同比增长较快,14,坚持 创新 驱动 发展 战略 持续 加大 研发 投入 研发 费用 增长 较 快
600036,2021,报告期内公司围绕年度经营计划扎实推进各项重点工作总体经营情况保持稳定,14,报告 期内 围绕 经营 计划 扎实 推进 各项 重点 工作 总体 经营 情况 保持稳定
600036,2021,公司可能面临原材料价格波动市场需求不及预期等风险,10,可能 面临 原材料 价格 波动 市场需求 不及 预期 等 风险
600036,2021,公司围绕核心技术开展攻关新申请专利数量保持稳定增长,9,围绕 核心技术 开展 攻关 新 申请专利 数量 保持稳定 增长
600036,2021,宏观经济波动与行业竞争加剧可能对公司业绩产生不利影响,12,宏观 经济波动 与 行业 竞争 加剧 可能 对 公司业绩 产生 不利 影响
600036,2021,公司加大研发人才引进力度研发人员占比稳步提升,11,加大 研发 人才 引进 力度 研发 人员 占 比 稳步 提升
600036,2021,公司持续优化产品结构深化渠道建设主营业务收入实现稳健增长,11,持续 优化 产品 结构 深化 渠道 建设 收入 实现 稳健 增长
600036,2021,公司持续优化产品结构深化渠道建设主营业务收入实现稳健增长,11,持续 优化 产品 结构 深化 渠道 建设 收入 实现 稳健 增长
600036,2021,公司可能面临原材料价格波动市场需求不及预期等风险,10,可能 面临 原材料 价格 波动 市场需求 不及 预期 等 风险
600036,2021,公司将采取权宜之计压缩各项开支以确保只争朝夕兑现业绩承诺,12,将 采取 权宜之计 压缩 各项 开支 以 确保 只争朝夕 兑现 业绩 承诺
600036,2021,公司稳步推进产能建设生产运营秩序正常,8,稳步 推进 产能 建设 生产 运营 秩序 正常
600036,2021,二零二四年四月,3,二零二 四年 四月
600036,2022,股份有限公司年年度报告管理层讨论与分析模拟文本面对复杂的外部经营环境公司管理层积极应对努力克服不利因素影响,20,有限公司 年 年度报告 讨论 与 分析 模拟 文本 面对 复杂 的 外部 经营 环境 积极 应对 努力 克服 不利因素 影响
600036,2022,公司坚持创新驱动发展战略持续加大研发投入研发费用同比增长较快,14,坚持 创新 驱动 发展 战略 持续 加大 研发 投入 研发 费用 增长 较 快
600036,2022,为完成全年目标公司将马上调整产品定价策略抢占市场份额,12,为 完成 全年 目标 将 马上 调整 产品 定价 策略 抢占市场 份额
600036,2022,公司围绕核心技术开展攻关新申请专利数量保持稳定增长,9,围绕 核心技术 开展 攻关 新 申请专利 数量 保持稳定 增长
600036,2022,报告期内公司围绕年度经营计划扎实推进各项重点工作总体经营情况保持稳定,14,报告 期内 围绕 经营 计划 扎实 推进 各项 重点 工作 总体 经营 情况 保持稳定
600036,2022,管理层认为当前窗口稍纵即逝必须快速见效扩大产能投放,10,认为 当前 窗口 稍纵即逝 必须 快速 见效 扩大 产能 投放
600036,2022,公司加大研发人才引进力度研发人员占比稳步提升,11,加大 研发 人才 引进 力度 研发 人员 占 比 稳步 提升
600036,2022,公司加强成本管控提升运营效率毛利率水平保持基本平稳,11,加强 成本 管控 提升 运营 效率 毛利率 水平 保持 基本 平稳
600036,2022,宏观经济波动与行业竞争加剧可能对公司业绩产生不利影响,12,宏观 经济波动 与 行业 竞争 加剧 可能 对 公司业绩 产生 不利 影响
600036,2022,公司积极拓展国内外市场客户结构与订单质量进一步改善,11,积极 拓展 国内外 市场 客户 结构 与 订单 质量 进一步 改善
600036,2022,公司加强成本管控提升运营效率毛利率水平保持基本平稳,11,加强 成本 管控 提升 运营 效率 毛利率 水平 保持 基本 平稳
600036,2022,公司可能面临原材料价格波动市场需求不及预期等风险,10,可能 面临 原材料 价格 波动 市场需求 不及 预期 等 风险
600036,2022,为完成全年目标公司将抓紧调整产品定价策略抢占市场份额,12,为 完成 全年 目标 将 抓紧 调整 产品 定价 策略 抢占市场 份额
600036,2022,公司将加快推进重点项目的落地实施确保年内见到成效,11,将 加快 推进 重点项目 的 落地 实施 确保 年内 见到 成效
600036,2022,公司高度重视安全生产与质量管理体系运行情况良好,9,高度重视 安全 生产 与 质量 管理体系 运行 情况 良好
600036,2022,二零二四年四月,3,二零二 四年 四月
600036,2023,股份有限公司年年度报告管理层讨论与分析模拟文本报告期内公司围绕年度经营计划扎实推进各项重点工作总体经营情况保持稳定,22,有限公司 年 年度报告 讨论 与 分析 模拟 文本 报告 期内 围绕 经营 计划 扎实 推进 各项 重点 工作 总体 经营 情况 保持稳定
600036,2023,宏观经济波动与行业竞争加剧可能对公司业绩产生不利影响,12,宏观 经济波动 与 行业 竞争 加剧 可能 对 公司业绩 产生 不利 影响
600036,2023,公司加强成本管控提升运营效率毛利率水平保持基本平稳,11,加强 成本 管控 提升 运营 效率 毛利率 水平 保持 基本 平稳
600036,2023,公司进一步完善治理结构规范运作信息披露真实准确完整,10,进一步 完善 治理 结构 规范 运作 信息 真实 准确 完整
600036,2023,汇率波动及贸易环境变化对公司海外业务构成一定不确定性,12,汇率 波动 及 贸易 环境 变化 对 海外 业务 构成 一定 不确定性
600036,2023,公司持续优化产品结构深化渠道建设主营业务收入实现稳健增长,11,持续 优化 产品 结构 深化 渠道 建设 收入 实现 稳健 增长
600036,2023,公司围绕核心技术开展攻关新申请专利数量保持稳定增长,9,围绕 核心技术 开展 攻关 新 申请专利 数量 保持稳定 增长
600036,2023,公司持续优化产品结构深化渠道建设主营业务收入实现稳健增长,11,持续 优化 产品 结构 深化 渠道 建设 收入 实现 稳健 增长
600036,2023,公司坚持创新驱动发展战略持续加大研发投入研发费用同比增长较快,14,坚持 创新 驱动 发展 战略 持续 加大 研发 投入 研发 费用 增长 较 快
600036,2023,公司持续优化产品结构深化渠道建设主营业务收入实现稳健增长,11,持续 优化 产品 结构 深化 渠道 建设 收入 实现 稳健 增长
600036,2023,宏观经济波动与行业竞争加剧可能对公司业绩产生不利影响,12,宏观 经济波动 与 行业 竞争 加剧 可能 对 公司业绩 产生 不利 影响
600036,2023,公司将采取权宜之计压缩各项开支以确保短期内兑现业绩承诺,12,将 采取 权宜之计 压缩 各项 开支 以 确保 短期内 兑现 业绩 承诺
600036,2023,面对复杂的外部经营环境公司管理层积极应对努力克服不利因素影响,12,面对 复杂 的 外部 经营 环境 积极 应对 努力 克服 不利因素 影响
600036,2023,面对复杂的外部经营环境公司管理层积极应对努力克服不利因素影响,12,面对 复杂 的 外部 经营 环境 积极 应对 努力 克服 不利因素 影响
600036,2023,公司要求各事业部饮鸩止渴消化库存回笼资金缓解业绩压力,10,要求 各 事业部 饮鸩止渴 消化 库存 回笼资金 缓解 业绩 压力
600036,2023,公司围绕核心技术开展攻关新申请专利数量保持稳定增长,9,围绕 核心技术 开展 攻关 新 申请专利 数量 保持稳定 增长
600036,2023,公司持续优化产品结构深化渠道建设主营业务收入实现稳健增长,11,持续 优化 产品 结构 深化 渠道 建设 收入 实现 稳健 增长
600036,2023,公司将如今推进重点项目的落地实施确保年内见到成效,11,将 如今 推进 重点项目 的 落地 实施 确保 年内 见到 成效
600036,2023,二零二四年四月,3,二零二 四年 四月
600039,2019,股份有限公司年年度报告管理层讨论与分析模拟文本公司将采取权宜之计压缩各项开支以确保急功近利兑现业绩承诺,20,有限公司 年 年度报告 讨论 与 分析 模拟 文本 将 采取 权宜之计 压缩 各项 开支 以 确保 急功近利 兑现 业绩 承诺
600039,2019,公司与高校科研院所共建联合实验室推进产学研协同创新,10,与 高校 科研院所 共建 联合 实验室 推进 产学研 协同 创新
600039,2019,为完成全年目标公司将眼下调整产品定价策略抢占市场份额,12,为 完成 全年 目标 将 眼下 调整 产品 定价 策略 抢占市场 份额
600039,2019,公司高度重视安全生产与质量管理体系运行情况良好,9,高度重视 安全 生产 与 质量 管理体系 运行 情况 良好
600039,2019,公司加强成本管控提升运营效率毛利率水平保持基本平稳,11,加强 成本 管控 提升 运营 效率 毛利率 水平 保持 基本 平稳
600039,2019,公司要求各事业部应急消化库存回笼资金缓解业绩压力,10,要求 各 事业部 应急 消化 库存 回笼资金 缓解 业绩 压力
600039,2019,管理层认为当前窗口稍纵即逝必须眼前扩大产能投放,9,认为 当前 窗口 稍纵即逝 必须 眼前 扩大 产能 投放
600039,2019,公司稳步推进产能建设生产运营秩序正常,8,稳步 推进 产能 建设 生产 运营 秩序 正常
600039,2019,面对复杂的外部经营环境公司管理层积极应对努力克服不利因素影响,12,面对 复杂 的 外部 经营 环境 积极 应对 努力 克服 不利因素 影响
600039,2019,宏观经济波动与行业竞争加剧可能对公司业绩产生不利影响,12,宏观 经济波动 与 行业 竞争 加剧 可能 对 公司业绩 产生 不利 影响
600039,2019,公司将杀鸡取卵推进重点项目的落地实施确保年内见到成效,11,将 杀鸡取卵 推进 重点项目 的 落地 实施 确保 年内 见到 成效
600039,2019,公司在新材料新工艺方向的前瞻性研发布局取得阶段性成果,12,在 新 材料 新工艺 方向 的 前瞻性 研发 布局 取得 阶段性 成果
600039,2019,公司可能面临原材料价格波动市场需求不及预期等风险,10,可能 面临 原材料 价格 波动 市场需求 不及 预期 等 风险
600039,2019,报告期内公司围绕年度经营计划扎实推进各项重点工作总体经营情况保持稳定,14,报告 期内 围绕 经营 计划 扎实 推进 各项 重点 工作 总体 经营 情况 保持稳定
600039,2019,管理层认为当前窗口稍纵即逝必须立即扩大产能投放,9,认为 当前 窗口 稍纵即逝 必须 立即 扩大 产能 投放
600039,2019,公司高度重视安全生产与质量管理体系运行情况良好,9,高度重视 安全 生产 与 质量 管理体系 运行 情况 良好
600039,2019,公司坚持创新驱动发展战略持续加大研发投入研发费用同比增长较快,14,坚持 创新 驱动 发展 战略 持续 加大 研发 投入 研发 费用 增长 较 快
600039,2019,二零二四年四月,3,二零二 四年 四月
600039,2020,股份有限公司年年度报告管理层讨论与分析模拟文本管理层认为当前窗口稍纵即逝必须短期回报扩大产能投放,18,有限公司 年 年度报告 讨论 与 分析 模拟 文本 认为 当前 窗口 稍纵即逝 必须 短期 回报 扩大 产能 投放
600039,2020,公司进一步完善治理结构规范运作信息披露真实准确完整,10,进一步 完善 治理 结构 规范 运作 信息 真实 准确 完整
600039,2020,面对复杂的外部经营环境公司管理层积极应对努力克服不利因素影响,12,面对 复杂 的 外部 经营 环境 积极 应对 努力 克服 不利因素 影响
600039,2020,面对复杂的外部经营环境公司管理层积极应对努力克服不利因素影响,12,面对 复杂 的 外部 经营 环境 积极 应对 努力 克服 不利因素 影响
600039,2020,公司稳步推进产能建设生产运营秩序正常,8,稳步 推进 产能 建设 生产 运营 秩序 正常
600039,2020,报告期内公司围绕年度经营计划扎实推进各项重点工作总体经营情况保持稳定,14,报告 期内 围绕 经营 计划 扎实 推进 各项 重点 工作 总体 经营 情况 保持稳定
600039,2020,公司眼前布局热门赛道力求眼前形成新的利润增长点,11,眼前 布局 热门 赛道 力求 眼前 形成 新 的 利润 增长点
600039,2020,公司在新材料新工艺方向的前瞻性研发布局取得阶段性成果,12,在 新 材料 新工艺 方向 的 前瞻性 研发 布局 取得 阶段性 成果
600039,2020,公司围绕核心技术开展攻关新申请专利数量保持稳定增长,9,围绕 核心技术 开展 攻关 新 申请专利 数量 保持稳定 增长
600039,2020,公司积极拓展国内外市场客户结构与订单质量进一步改善,11,积极 拓展 国内外 市场 客户 结构 与 订单 质量 进一步 改善
600039,2020,公司现今布局热门赛道力求现今形成新的利润增长点,11,现今 布局 热门 赛道 力求 现今 形成 新 的 利润 增长点
600039,2020,公司积极拓展国内外市场客户结构与订单质量进一步改善,11,积极 拓展 国内外 市场 客户 结构 与 订单 质量 进一步 改善
600039,2020,管理层认为当前窗口稍纵即逝必须马上扩大产能投放,9,认为 当前 窗口 稍纵即逝 必须 马上 扩大 产能 投放
600039,2020,汇率波动及贸易环境变化对公司海外业务构成一定不确定性,12,汇率 波动 及 贸易 环境 变化 对 海外 业务 构成 一定 不确定性
600039,2020,公司在新材料新工艺方向的前瞻性研发布局取得阶段性成果,12,在 新 材料 新工艺 方向 的 前瞻性 研发 布局 取得 阶段性 成果
600039,2020,二零二四年四月,3,二零二 四年 四月
600039,2021,股份有限公司年年度报告管理层讨论与分析模拟文本公司进一步完善治理结构规范运作信息披露真实准确完整,18,有限公司 年 年度报告 讨论 与 分析 模拟 文本 进一步 完善 治理 结构 规范 运作 信息 真实 准确 完整
600039,2021,公司与高校科研院所共建联合实验室推进产学研协同创新,10,与 高校 科研院所 共建 联合 实验室 推进 产学研 协同 创新
600039,2021,公司进一步完善治理结构规范运作信息披露真实准确完整,10,进一步 完善 治理 结构 规范 运作 信息 真实 准确 完整
600039,2021,公司坚持创新驱动发展战略持续加大研发投入研发费用同比增长较快,14,坚持 创新 驱动 发展 战略 持续 加大 研发 投入 研发 费用 增长 较 快
600039,2021,宏观经济波动与行业竞争加剧可能对公司业绩产生不利影响,12,宏观 经济波动 与 行业 竞争 加剧 可能 对 公司业绩 产生 不利 影响
600039,2021,公司持续优化产品结构深化渠道建设主营业务收入实现稳健增长,11,持续 优化 产品 结构 深化 渠道 建设 收入 实现 稳健 增长
600039,2021,公司稳步推进产能建设生产运营秩序正常,8,稳步 推进 产能 建设 生产 运营 秩序 正常
600039,2021,公司稳步推进产能建设生产运营秩序正常,8,稳步 推进 产能 建设 生产 运营 秩序 正常
600039,2021,公司迫在眉睫回笼资金以应对眼前的流动性压力,8,迫在眉睫 回笼资金 以 应对 眼前 的 流动性 压力
600039,2021,公司要求各事业部迫在眉睫消化库存回笼资金缓解业绩压力,10,要求 各 事业部 迫在眉睫 消化 库存 回笼资金 缓解 业绩 压力
600039,2021,公司稳步推进产能建设生产运营秩序正常,8,稳步 推进 产能 建设 生产 运营 秩序 正常
600039,2021,公司在新材料新工艺方向的前瞻性研发布局取得阶段性成果,12,在 新 材料 新工艺 方向 的 前瞻性 研发 布局 取得 阶段性 成果
600039,2021,宏观经济波动与行业竞争加剧可能对公司业绩产生不利影响,12,宏观 经济波动 与 行业 竞争 加剧 可能 对 公司业绩 产生 不利 影响
600039,2021,二零二四年四月,3,二零二 四年 四月
600039,2022,股份有限公司年年度报告管理层讨论与分析模拟文本管理层表示要短期内扭转当前被动局面实现业绩快速回升,18,有限公司 年 年度报告 讨论 与 分析 模拟 文本 表示 要 短期内 扭转 当前 被动局面 实现 业绩 快速 回升
600039,2022,公司稳步推进产能建设生产运营秩序正常,8,稳步 推进 产能 建设 生产 运营 秩序 正常
600039,2022,公司坚持创新驱动发展战略持续加大研发投入研发费用同比增长较快,14,坚持 创新 驱动 发展 战略 持续 加大 研发 投入 研发 费用 增长 较 快
600039,2022,为完成全年目标公司将赶快调整产品定价策略抢占市场份额,12,为 完成 全年 目标 将 赶快 调整 产品 定价 策略 抢占市场 份额
600039,2022,管理层表示要立刻扭转当前被动局面实现业绩快速回升,10,表示 要 立刻 扭转 当前 被动局面 实现 业绩 快速 回升
600039,2022,公司进一步完善治理结构规范运作信息披露真实准确完整,10,进一步 完善 治理 结构 规范 运作 信息 真实 准确 完整
600039,2022,公司加大研发人才引进力度研发人员占比稳步提升,11,加大 研发 人才 引进 力度 研发 人员 占 比 稳步 提升
600039,2022,管理层认为当前窗口稍纵即逝必须快速见效扩大产能投放,10,认为 当前 窗口 稍纵即逝 必须 快速 见效 扩大 产能 投放
600039,2022,公司稳步推进产能建设生产运营秩序正常,8,稳步 推进 产能 建设 生产 运营 秩序 正常
600039,2022,宏观经济波动与行业竞争加剧可能对公司业绩产生不利影响,12,宏观 经济波动 与 行业 竞争 加剧 可能 对 公司业绩 产生 不利 影响
600039,2022,公司围绕核心技术开展攻关新申请专利数量保持稳定增长,9,围绕 核心技术 开展 攻关 新 申请专利 数量 保持稳定 增长
600039,2022,公司稳步推进产能建设生产运营秩序正常,8,稳步 推进 产能 建设 生产 运营 秩序 正常
600039,2022,汇率波动及贸易环境变化对公司海外业务构成一定不确定性,12,汇率 波动 及 贸易 环境 变化 对 海外 业务 构成 一定 不确定性
600039,2022,公司进一步完善治理结构规范运作信息披露真实准确完整,10,进一步 完善 治理 结构 规范 运作 信息 真实 准确 完整
600039,2022,公司坚持创新驱动发展战略持续加大研发投入研发费用同比增长较快,14,坚持 创新 驱动 发展 战略 持续 加大 研发 投入 研发 费用 增长 较 快
600039,2022,宏观经济波动与行业竞争加剧可能对公司业绩产生不利影响,12,宏观 经济波动 与 行业 竞争 加剧 可能 对 公司业绩 产生 不利 影响
600039,2022,公司进一步完善治理结构规范运作信息披露真实准确完整,10,进一步 完善 治理 结构 规范 运作 信息 真实 准确 完整
600039,2022,公司加强成本管控提升运营效率毛利率水平保持基本平稳,11,加强 成本 管控 提升 运营 效率 毛利率 水平 保持 基本 平稳
600039,2022,公司积极拓展国内外市场客户结构与订单质量进一步改善,11,积极 拓展 国内外 市场 客户 结构 与 订单 质量 进一步 改善
600039,2022,公司进一步完善治理结构规范运作信息披露真实准确完整,10,进一步 完善 治理 结构 规范 运作 信息 真实 准确 完整
600039,2022,二零二四年四月,3,二零二 四年 四月
600039,2023,股份有限公司年年度报告管理层讨论与分析模拟文本公司高度重视安全生产与质量管理体系运行情况良好,17,有限公司 年 年度报告 讨论 与 分析 模拟 文本 高度重视 安全 生产 与 质量 管理体系 运行 情况 良好
600039,2023,管理层表示要快速见效扭转当前被动局面实现业绩快速回升,11,表示 要 快速 见效 扭转 当前 被动局面 实现 业绩 快速 回升
600039,2023,公司坚持创新驱动发展战略持续加大研发投入研发费用同比增长较快,14,坚持 创新 驱动 发展 战略 持续 加大 研发 投入 研发 费用 增长 较 快
600039,2023,公司积极拓展国内外市场客户结构与订单质量进一步改善,11,积极 拓展 国内外 市场 客户 结构 与 订单 质量 进一步 改善
600039,2023,公司可能面临原材料价格波动市场需求不及预期等风险,10,可能 面临 原材料 价格 波动 市场需求 不及 预期 等 风险
600039,2023,公司积极拓展国内外市场客户结构与订单质量进一步改善,11,积极 拓展 国内外 市场 客户 结构 与 订单 质量 进一步 改善
600039,2023,公司在新材料新工艺方向的前瞻性研发布局取得阶段性成果,12,在 新 材料 新工艺 方向 的 前瞻性 研发 布局 取得 阶段性 成果
600039,2023,公司加快布局热门赛道力求加快形成新的利润增长点,11,加快 布局 热门 赛道 力求 加快 形成 新 的 利润 增长点
600039,2023,公司在新材料新工艺方向的前瞻性研发布局取得阶段性成果,12,在 新 材料 新工艺 方向 的 前瞻性 研发 布局 取得 阶段性 成果
600039,2023,公司进一步完善治理结构规范运作信息披露真实准确完整,10,进一步 完善 治理 结构 规范 运作 信息 真实 准确 完整
600039,2023,公司可能面临原材料价格波动市场需求不及预期等风险,10,可能 面临 原材料 价格 波动 市场需求 不及 预期 等 风险
600039,2023,公司高度重视安全生产与质量管理体系运行情况良好,9,高度重视 安全 生产 与 质量 管理体系 运行 情况 良好
600039,2023,管理层认为当前窗口稍纵即逝必须快速见效扩大产能投放,10,认为 当前 窗口 稍纵即逝 必须 快速 见效 扩大 产能 投放
600039,2023,公司将采取权宜之计压缩各项开支以确保尽快兑现业绩承诺,12,将 采取 权宜之计 压缩 各项 开支 以 确保 尽快 兑现 业绩 承诺
600039,2023,公司积极拓展国内外市场客户结构与订单质量进一步改善,11,积极 拓展 国内外 市场 客户 结构 与 订单 质量 进一步 改善
600039,2023,公司高度重视安全生产与质量管理体系运行情况良好,9,高度重视 安全 生产 与 质量 管理体系 运行 情况 良好
600039,2023,宏观经济波动与行业竞争加剧可能对公司业绩产生不利影响,12,宏观 经济波动 与 行业 竞争 加剧 可能 对 公司业绩 产生 不利 影响
600039,2023,公司进一步完善治理结构规范运作信息披露真实准确完整,10,进一步 完善 治理 结构 规范 运作 信息 真实 准确 完整
600039,2023,二零二四年四月,3,二零二 四年 四月
600042,2019,股份有限公司年年度报告管理层讨论与分析模拟文本公司围绕核心技术开展攻关新申请专利数量保持稳定增长,17,有限公司 年 年度报告 讨论 与 分析 模拟 文本 围绕 核心技术 开展 攻关 新 申请专利 数量 保持稳定 增长
600042,2019,面对复杂的外部经营环境公司管理层积极应对努力克服不利因素影响,12,面对 复杂 的 外部 经营 环境 积极 应对 努力 克服 不利因素 影响
600042,2019,管理层认为当前窗口稍纵即逝必须近期扩大产能投放,9,认为 当前 窗口 稍纵即逝 必须 近期 扩大 产能 投放
600042,2019,公司持续优化产品结构深化渠道建设主营业务收入实现稳健增长,11,持续 优化 产品 结构 深化 渠道 建设 收入 实现 稳健 增长
600042,2019,公司加强成本管控提升运营效率毛利率水平保持基本平稳,11,加强 成本 管控 提升 运营 效率 毛利率 水平 保持 基本 平稳
600042,2019,管理层表示要投机扭转当前被动局面实现业绩快速回升,10,表示 要 投机 扭转 当前 被动局面 实现 业绩 快速 回升
600042,2019,公司加强成本管控提升运营效率毛利率水平保持基本平稳,11,加强 成本 管控 提升 运营 效率 毛利率 水平 保持 基本 平稳
600042,2019,管理层表示要短期扭转当前被动局面实现业绩快速回升,10,表示 要 短期 扭转 当前 被动局面 实现 业绩 快速 回升
600042,2019,为完成全年目标公司将立刻调整产品定价策略抢占市场份额,12,为 完成 全年 目标 将 立刻 调整 产品 定价 策略 抢占市场 份额
600042,2019,公司稳步推进产能建设生产运营秩序正常,8,稳步 推进 产能 建设 生产 运营 秩序 正常
600042,2019,报告期内公司围绕年度经营计划扎实推进各项重点工作总体经营情况保持稳定,14,报告 期内 围绕 经营 计划 扎实 推进 各项 重点 工作 总体 经营 情况 保持稳定
600042,2019,报告期内公司围绕年度经营计划扎实推进各项重点工作总体经营情况保持稳定,14,报告 期内 围绕 经营 计划 扎实 推进 各项 重点 工作 总体 经营 情况 保持稳定
600042,2019,公司持续优化产品结构深化渠道建设主营业务收入实现稳健增长,11,持续 优化 产品 结构 深化 渠道 建设 收入 实现 稳健 增长
600042,2019,管理层认为当前窗口稍纵即逝必须杀鸡取卵扩大产能投放,9,认为 当前 窗口 稍纵即逝 必须 杀鸡取卵 扩大 产能 投放
600042,2019,公司在新材料新工艺方向的前瞻性研发布局取得阶段性成果,12,在 新 材料 新工艺 方向 的 前瞻性 研发 布局 取得 阶段性 成果
600042,2019,公司稳步推进产能建设生产运营秩序正常,8,稳步 推进 产能 建设 生产 运营 秩序 正常
600042,2019,公司可能面临原材料价格波动市场需求不及预期等风险,10,可能 面临 原材料 价格 波动 市场需求 不及 预期 等 风险
600042,2019,汇率波动及贸易环境变化对公司海外业务构成一定不确定性,12,汇率 波动 及 贸易 环境 变化 对 海外 业务 构成 一定 不确定性
600042,2019,二零二四年四月,3,二零二 四年 四月
600042,2020,股份有限公司年年度报告管理层讨论与分析模拟文本公司加大研发人才引进力度研发人员占比稳步提升,19,有限公司 年 年度报告 讨论 与 分析 模拟 文本 加大 研发 人才 引进 力度 研发 人员 占 比 稳步 提升
600042,2020,公司积极拓展国内外市场客户结构与订单质量进一步改善,11,积极 拓展 国内外 市场 客户 结构 与 订单 质量 进一步 改善
600042,2020,管理层表示要近期扭转当前被动局面实现业绩快速回升,10,表示 要 近期 扭转 当前 被动局面 实现 业绩 快速 回升
600042,2020,公司积极拓展国内外市场客户结构与订单质量进一步改善,11,积极 拓展 国内外 市场 客户 结构 与 订单 质量 进一步 改善
600042,2020,为完成全年目标公司将速成调整产品定价策略抢占市场份额,12,为 完成 全年 目标 将 速成 调整 产品 定价 策略 抢占市场 份额
600042,2020,宏观经济波动与行业竞争加剧可能对公司业绩产生不利影响,12,宏观 经济波动 与 行业 竞争 加剧 可能 对 公司业绩 产生 不利 影响
600042,2020,公司稳步推进产能建设生产运营秩序正常,8,稳步 推进 产能 建设 生产 运营 秩序 正常
600042,2020,面对复杂的外部经营环境公司管理层积极应对努力克服不利因素影响,12,面对 复杂 的 外部 经营 环境 积极 应对 努力 克服 不利因素 影响
600042,2020,报告期内公司围绕年度经营计划扎实推进各项重点工作总体经营情况保持稳定,14,报告 期内 围绕 经营 计划 扎实 推进 各项 重点 工作 总体 经营 情况 保持稳定
600042,2020,公司与高校科研院所共建联合实验室推进产学研协同创新,10,与 高校 科研院所 共建 联合 实验室 推进 产学研 协同 创新
600042,2020,公司进一步完善治理结构规范运作信息披露真实准确完整,10,进一步 完善 治理 结构 规范 运作 信息 真实 准确 完整
600042,2020,管理层认为当前窗口稍纵即逝必须早日扩大产能投放,9,认为 当前 窗口 稍纵即逝 必须 早日 扩大 产能 投放
600042,2020,宏观经济波动与行业竞争加剧可能对公司业绩产生不利影响,12,宏观 经济波动 与 行业 竞争 加剧 可能 对 公司业绩 产生 不利 影响
600042,2020,公司积极拓展国内外市场客户结构与订单质量进一步改善,11,积极 拓展 国内外 市场 客户 结构 与 订单 质量 进一步 改善
600042,2020,管理层认为当前窗口稍纵即逝必须投机扩大产能投放,9,认为 当前 窗口 稍纵即逝 必须 投机 扩大 产能 投放
600042,2020,公司持续优化产品结构深化渠道建设主营业务收入实现稳健增长,11,持续 优化 产品 结构 深化 渠道 建设 收入 实现 稳健 增长
600042,2020,二零二四年四月,3,二零二 四年 四月
600042,2021,股份有限公司年年度报告管理层讨论与分析模拟文本公司可能面临原材料价格波动市场需求不及预期等风险,18,有限公司 年 年度报告 讨论 与 分析 模拟 文本 可能 面临 原材料 价格 波动 市场需求 不及 预期 等 风险
600042,2021,公司进一步完善治理结构规范运作信息披露真实准确完整,10,进一步 完善 治理 结构 规范 运作 信息 真实 准确 完整
600042,2021,公司加强成本管控提升运营效率毛利率水平保持基本平稳,11,加强 成本 管控 提升 运营 效率 毛利率 水平 保持 基本 平稳
600042,2021,公司将争分夺秒推进重点项目的落地实施确保年内见到成效,11,将 争分夺秒 推进 重点项目 的 落地 实施 确保 年内 见到 成效
600042,2021,报告期内公司围绕年度经营计划扎实推进各项重点工作总体经营情况保持稳定,14,报告 期内 围绕 经营 计划 扎实 推进 各项 重点 工作 总体 经营 情况 保持稳定
600042,2021,公司可能面临原材料价格波动市场需求不及预期等风险,10,可能 面临 原材料 价格 波动 市场需求 不及 预期 等 风险
600042,2021,面对复杂的外部经营环境公司管理层积极应对努力克服不利因素影响,12,面对 复杂 的 外部 经营 环境 积极 应对 努力 克服 不利因素 影响
600042,2021,公司持续优化产品结构深化渠道建设主营业务收入实现稳健增长,11,持续 优化 产品 结构 深化 渠道 建设 收入 实现 稳健 增长
600042,2021,公司可能面临原材料价格波动市场需求不及预期等风险,10,可能 面临 原材料 价格 波动 市场需求 不及 预期 等 风险
600042,2021,公司与高校科研院所共建联合实验室推进产学研协同创新,10,与 高校 科研院所 共建 联合 实验室 推进 产学研 协同 创新
600042,2021,公司要求各事业部立竿见影消化库存回笼资金缓解业绩压力,10,要求 各 事业部 立竿见影 消化 库存 回笼资金 缓解 业绩 压力
600042,2021,面对复杂的外部经营环境公司管理层积极应对努力克服不利因素影响,12,面对 复杂 的 外部 经营 环境 积极 应对 努力 克服 不利因素 影响
600042,2021,公司稳步推进产能建设生产运营秩序正常,8,稳步 推进 产能 建设 生产 运营 秩序 正常
600042,2021,报告期内公司围绕年度经营计划扎实推进各项重点工作总体经营情况保持稳定,14,报告 期内 围绕 经营 计划 扎实 推进 各项 重点 工作 总体 经营 情况 保持稳定
600042,2021,公司围绕核心技术开展攻关新申请专利数量保持稳定增长,9,围绕 核心技术 开展 攻关 新 申请专利 数量 保持稳定 增长
600042,2021,管理层认为当前窗口稍纵即逝必须迫在眉睫扩大产能投放,9,认为 当前 窗口 稍纵即逝 必须 迫在眉睫 扩大 产能 投放
600042,2021,二零二四年四月,3,二零二 四年 四月
600042,2022,股份有限公司年年度报告管理层讨论与分析模拟文本公司加强成本管控提升运营效率毛利率水平保持基本平稳,19,有限公司 年 年度报告 讨论 与 分析 模拟 文本 加强 成本 管控 提升 运营 效率 毛利率 水平 保持 基本 平稳
600042,2022,公司持续优化产品结构深化渠道建设主营业务收入实现稳健增长,11,持续 优化 产品 结构 深化 渠道 建设 收入 实现 稳健 增长
600042,2022,报告期内公司围绕年度经营计划扎实推进各项重点工作总体经营情况保持稳定,14,报告 期内 围绕 经营 计划 扎实 推进 各项 重点 工作 总体 经营 情况 保持稳定
600042,2022,公司可能面临原材料价格波动市场需求不及预期等风险,10,可能 面临 原材料 价格 波动 市场需求 不及 预期 等 风险
600042,2022,为完成全年目标公司将权宜之计调整产品定价策略抢占市场份额,12,为 完成 全年 目标 将 权宜之计 调整 产品 定价 策略 抢占市场 份额
600042,2022,公司与高校科研院所共建联合实验室推进产学研协同创新,10,与 高校 科研院所 共建 联合 实验室 推进 产学研 协同 创新
600042,2022,公司进一步完善治理结构规范运作信息披露真实准确完整,10,进一步 完善 治理 结构 规范 运作 信息 真实 准确 完整
600042,2022,公司将短期收益推进重点项目的落地实施确保年内见到成效,12,将 短期 收益 推进 重点项目 的 落地 实施 确保 年内 见到 成效
600042,2022,公司与高校科研院所共建联合实验室推进产学研协同创新,10,与 高校 科研院所 共建 联合 实验室 推进 产学研 协同 创新
600042,2022,报告期内公司围绕年度经营计划扎实推进各项重点工作总体经营情况保持稳定,14,报告 期内 围绕 经营 计划 扎实 推进 各项 重点 工作 总体 经营 情况 保持稳定
600042,2022,面对复杂的外部经营环境公司管理层积极应对努力克服不利因素影响,12,面对 复杂 的 外部 经营 环境 积极 应对 努力 克服 不利因素 影响
600042,2022,报告期内公司围绕年度经营计划扎实推进各项重点工作总体经营情况保持稳定,14,报告 期内 围绕 经营 计划 扎实 推进 各项 重点 工作 总体 经营 情况 保持稳定
600042,2022,为完成全年目标公司将分秒必争调整产品定价策略抢占市场份额,12,为 完成 全年 目标 将 分秒必争 调整 产品 定价 策略 抢占市场 份额
600042,2022,公司将采取权宜之计压缩各项开支以确保立即兑现业绩承诺,12,将 采取 权宜之计 压缩 各项 开支 以 确保 立即 兑现 业绩 承诺
600042,2022,二零二四年四月,3,二零二 四年 四月
600042,2023,股份有限公司年年度报告管理层讨论与分析模拟文本公司稳步推进产能建设生产运营秩序正常,16,有限公司 年 年度报告 讨论 与 分析 模拟 文本 稳步 推进 产能 建设 生产 运营 秩序 正常
600042,2023,公司围绕核心技术开展攻关新申请专利数量保持稳定增长,9,围绕 核心技术 开展 攻关 新 申请专利 数量 保持稳定 增长
600042,2023,公司在新材料新工艺方向的前瞻性研发布局取得阶段性成果,12,在 新 材料 新工艺 方向 的 前瞻性 研发 布局 取得 阶段性 成果
600042,2023,公司围绕核心技术开展攻关新申请专利数量保持稳定增长,9,围绕 核心技术 开展 攻关 新 申请专利 数量 保持稳定 增长
600042,2023,公司进一步完善治理结构规范运作信息披露真实准确完整,10,进一步 完善 治理 结构 规范 运作 信息 真实 准确 完整
600042,2023,公司可能面临原材料价格波动市场需求不及预期等风险,10,可能 面临 原材料 价格 波动 市场需求 不及 预期 等 风险
600042,2023,公司加强成本管控提升运营效率毛利率水平保持基本平稳,11,加强 成本 管控 提升 运营 效率 毛利率 水平 保持 基本 平稳
600042,2023,管理层认为当前窗口稍纵即逝必须今年扩大产能投放,9,认为 当前 窗口 稍纵即逝 必须 今年 扩大 产能 投放
600042,2023,公司高度重视安全生产与质量管理体系运行情况良好,9,高度重视 安全 生产 与 质量 管理体系 运行 情况 良好
600042,2023,汇率波动及贸易环境变化对公司海外业务构成一定不确定性,12,汇率 波动 及 贸易 环境 变化 对 海外 业务 构成 一定 不确定性
600042,2023,公司加强成本管控提升运营效率毛利率水平保持基本平稳,11,加强 成本 管控 提升 运营 效率 毛利率 水平 保持 基本 平稳
600042,2023,管理层认为当前窗口稍纵即逝必须杀鸡取卵扩大产能投放,9,认为 当前 窗口 稍纵即逝 必须 杀鸡取卵 扩大 产能 投放
600042,2023,面对复杂的外部经营环境公司管理层积极应对努力克服不利因素影响,12,面对 复杂 的 外部 经营 环境 积极 应对 努力 克服 不利因素 影响
600042,2023,报告期内公司围绕年度经营计划扎实推进各项重点工作总体经营情况保持稳定,14,报告 期内 围绕 经营 计划 扎实 推进 各项 重点 工作 总体 经营 情况 保持稳定
600042,2023,公司将立竿见影推进重点项目的落地实施确保年内见到成效,11,将 立竿见影 推进 重点项目 的 落地 实施 确保 年内 见到 成效
600042,2023,公司进一步完善治理结构规范运作信息披露真实准确完整,10,进一步 完善 治理 结构 规范 运作 信息 真实 准确 完整
600042,2023,二零二四年四月,3,二零二 四年 四月
600045,2019,股份有限公司年年度报告管理层讨论与分析模拟文本公司加强成本管控提升运营效率毛利率水平保持基本平稳,19,有限公司 年 年度报告 讨论 与 分析 模拟 文本 加强 成本 管控 提升 运营 效率 毛利率 水平 保持 基本 平稳
600045,2019,公司加强成本管控提升运营效率毛利率水平保持基本平稳,11,加强 成本 管控 提升 运营 效率 毛利率 水平 保持 基本 平稳
600045,2019,报告期内公司围绕年度经营计划扎实推进各项重点工作总体经营情况保持稳定,14,报告 期内 围绕 经营 计划 扎实 推进 各项 重点 工作 总体 经营 情况 保持稳定
600045,2019,公司将采取权宜之计压缩各项开支以确保投机兑现业绩承诺,12,将 采取 权宜之计 压缩 各项 开支 以 确保 投机 兑现 业绩 承诺
600045,2019,公司将应急推进重点项目的落地实施确保年内见到成效,11,将 应急 推进 重点项目 的 落地 实施 确保 年内 见到 成效
600045,2019,公司速胜布局热门赛道力求速胜形成新的利润增长点,11,速胜 布局 热门 赛道 力求 速胜 形成 新 的 利润 增长点
600045,2019,报告期内公司围绕年度经营计划扎实推进各项重点工作总体经营情况保持稳定,14,报告 期内 围绕 经营 计划 扎实 推进 各项 重点 工作 总体 经营 情况 保持稳定
600045,2019,管理层表示要现今扭转当前被动局面实现业绩快速回升,10,表示 要 现今 扭转 当前 被动局面 实现 业绩 快速 回升
600045,2019,公司坚持创新驱动发展战略持续加大研发投入研发费用同比增长较快,14,坚持 创新 驱动 发展 战略 持续 加大 研发 投入 研发 费用 增长 较 快
600045,2019,公司坚持创新驱动发展战略持续加大研发投入研发费用同比增长较快,14,坚持 创新 驱动 发展 战略 持续 加大 研发 投入 研发 费用 增长 较 快
600045,2019,公司稳步推进产能建设生产运营秩序正常,8,稳步 推进 产能 建设 生产 运营 秩序 正常
600045,2019,报告期内公司围绕年度经营计划扎实推进各项重点工作总体经营情况保持稳定,14,报告 期内 围绕 经营 计划 扎实 推进 各项 重点 工作 总体 经营 情况 保持稳定
600045,2019,公司可能面临原材料价格波动市场需求不及预期等风险,10,可能 面临 原材料 价格 波动 市场需求 不及 预期 等 风险
600045,2019,公司将赶快推进重点项目的落地实施确保年内见到成效,11,将 赶快 推进 重点项目 的 落地 实施 确保 年内 见到 成效
600045,2019,公司积极拓展国内外市场客户结构与订单质量进一步改善,11,积极 拓展 国内外 市场 客户 结构 与 订单 质量 进一步 改善
600045,2019,公司围绕核心技术开展攻关新申请专利数量保持稳定增长,9,围绕 核心技术 开展 攻关 新 申请专利 数量 保持稳定 增长
600045,2019,公司加强成本管控提升运营效率毛利率水平保持基本平稳,11,加强 成本 管控 提升 运营 效率 毛利率 水平 保持 基本 平稳
600045,2019,公司进一步完善治理结构规范运作信息披露真实准确完整,10,进一步 完善 治理 结构 规范 运作 信息 真实 准确 完整
600045,2019,二零二四年四月,3,二零二 四年 四月
600045,2020,股份有限公司年年度报告管理层讨论与分析模拟文本面对复杂的外部经营环境公司管理层积极应对努力克服不利因素影响,20,有限公司 年 年度报告 讨论 与 分析 模拟 文本 面对 复杂 的 外部 经营 环境 积极 应对 努力 克服 不利因素 影响
600045,2020,公司将采取权宜之计压缩各项开支以确保抓紧兑现业绩承诺,12,将 采取 权宜之计 压缩 各项 开支 以 确保 抓紧 兑现 业绩 承诺
600045,2020,宏观经济波动与行业竞争加剧可能对公司业绩产生不利影响,12,宏观 经济波动 与 行业 竞争 加剧 可能 对 公司业绩 产生 不利 影响
600045,2020,公司只争朝夕布局热门赛道力求只争朝夕形成新的利润增长点,11,只争朝夕 布局 热门 赛道 力求 只争朝夕 形成 新 的 利润 增长点
600045,2020,公司积极拓展国内外市场客户结构与订单质量进一步改善,11,积极 拓展 国内外 市场 客户 结构 与 订单 质量 进一步 改善
600045,2020,公司急功近利回笼资金以应对眼前的流动性压力,8,急功近利 回笼资金 以 应对 眼前 的 流动性 压力
600045,2020,公司高度重视安全生产与质量管理体系运行情况良好,9,高度重视 安全 生产 与 质量 管理体系 运行 情况 良好
600045,2020,公司坚持创新驱动发展战略持续加大研发投入研发费用同比增长较快,14,坚持 创新 驱动 发展 战略 持续 加大 研发 投入 研发 费用 增长 较 快
600045,2020,管理层表示要今年扭转当前被动局面实现业绩快速回升,10,表示 要 今年 扭转 当前 被动局面 实现 业绩 快速 回升
600045,2020,公司持续优化产品结构深化渠道建设主营业务收入实现稳健增长,11,持续 优化 产品 结构 深化 渠道 建设 收入 实现 稳健 增长
600045,2020,公司进一步完善治理结构规范运作信息披露真实准确完整,10,进一步 完善 治理 结构 规范 运作 信息 真实 准确 完整
600045,2020,公司进一步完善治理结构规范运作信息披露真实准确完整,10,进一步 完善 治理 结构 规范 运作 信息 真实 准确 完整
600045,2020,公司与高校科研院所共建联合实验室推进产学研协同创新,10,与 高校 科研院所 共建 联合 实验室 推进 产学研 协同 创新
600045,2020,公司与高校科研院所共建联合实验室推进产学研协同创新,10,与 高校 科研院所 共建 联合 实验室 推进 产学研 协同 创新
600045,2020,管理层表示要抓紧扭转当前被动局面实现业绩快速回升,10,表示 要 抓紧 扭转 当前 被动局面 实现 业绩 快速 回升
600045,2020,公司高度重视安全生产与质量管理体系运行情况良好,9,高度重视 安全 生产 与 质量 管理体系 运行 情况 良好
600045,2020,公司加强成本管控提升运营效率毛利率水平保持基本平稳,11,加强 成本 管控 提升 运营 效率 毛利率 水平 保持 基本 平稳
600045,2020,二零二四年四月,3,二零二 四年 四月
600045,2021,股份有限公司年年度报告管理层讨论与分析模拟文本公司积极拓展国内外市场客户结构与订单质量进一步改善,19,有限公司 年 年度报告 讨论 与 分析 模拟 文本 积极 拓展 国内外 市场 客户 结构 与 订单 质量 进一步 改善
600045,2021,管理层认为当前窗口稍纵即逝必须速胜扩大产能投放,9,认为 当前 窗口 稍纵即逝 必须 速胜 扩大 产能 投放
600045,2021,面对复杂的外部经营环境公司管理层积极应对努力克服不利因素影响,12,面对 复杂 的 外部 经营 环境 积极 应对 努力 克服 不利因素 影响
600045,2021,公司高度重视安全生产与质量管理体系运行情况良好,9,高度重视 安全 生产 与 质量 管理体系 运行 情况 良好
600045,2021,公司坚持创新驱动发展战略持续加大研发投入研发费用同比增长较快,14,坚持 创新 驱动 发展 战略 持续 加大 研发 投入 研发 费用 增长 较 快
600045,2021,公司进一步完善治理结构规范运作信息披露真实准确完整,10,进一步 完善 治理 结构 规范 运作 信息 真实 准确 完整
600045,2021,汇率波动及贸易环境变化对公司海外业务构成一定不确定性,12,汇率 波动 及 贸易 环境 变化 对 海外 业务 构成 一定 不确定性
600045,2021,宏观经济波动与行业竞争加剧可能对公司业绩产生不利影响,12,宏观 经济波动 与 行业 竞争 加剧 可能 对 公司业绩 产生 不利 影响
600045,2021,公司加大研发人才引进力度研发人员占比稳步提升,11,加大 研发 人才 引进 力度 研发 人员 占 比 稳步 提升
600045,2021,公司短期内布局热门赛道力求短期内形成新的利润增长点,11,短期内 布局 热门 赛道 力求 短期内 形成 新 的 利润 增长点
600045,2021,公司积极拓展国内外市场客户结构与订单质量进一步改善,11,积极 拓展 国内外 市场 客户 结构 与 订单 质量 进一步 改善
600045,2021,公司积极拓展国内外市场客户结构与订单质量进一步改善,11,积极 拓展 国内外 市场 客户 结构 与 订单 质量 进一步 改善
600045,2021,管理层表示要近期扭转当前被动局面实现业绩快速回升,10,表示 要 近期 扭转 当前 被动局面 实现 业绩 快速 回升
600045,2021,公司与高校科研院所共建联合实验室推进产学研协同创新,10,与 高校 科研院所 共建 联合 实验室 推进 产学研 协同 创新
600045,2021,二零二四年四月,3,二零二 四年 四月
600045,2022,股份有限公司年年度报告管理层讨论与分析模拟文本公司加强成本管控提升运营效率毛利率水平保持基本平稳,19,有限公司 年 年度报告 讨论 与 分析 模拟 文本 加强 成本 管控 提升 运营 效率 毛利率 水平 保持 基本 平稳
600045,2022,管理层认为当前窗口稍纵即逝必须分秒必争扩大产能投放,9,认为 当前 窗口 稍纵即逝 必须 分秒必争 扩大 产能 投放
600045,2022,公司加强成本管控提升运营效率毛利率水平保持基本平稳,11,加强 成本 管控 提升 运营 效率 毛利率 水平 保持 基本 平稳
600045,2022,公司持续优化产品结构深化渠道建设主营业务收入实现稳健增长,11,持续 优化 产品 结构 深化 渠道 建设 收入 实现 稳健 增长
600045,2022,汇率波动及贸易环境变化对公司海外业务构成一定不确定性,12,汇率 波动 及 贸易 环境 变化 对 海外 业务 构成 一定 不确定性
600045,2022,汇率波动及贸易环境变化对公司海外业务构成一定不确定性,12,汇率 波动 及 贸易 环境 变化 对 海外 业务 构成 一定 不确定性
600045,2022,公司持续优化产品结构深化渠道建设主营业务收入实现稳健增长,11,持续 优化 产品 结构 深化 渠道 建设 收入 实现 稳健 增长
600045,2022,公司在新材料新工艺方向的前瞻性研发布局取得阶段性成果,12,在 新 材料 新工艺 方向 的 前瞻性 研发 布局 取得 阶段性 成果
600045,2022,面对复杂的外部经营环境公司管理层积极应对努力克服不利因素影响,12,面对 复杂 的 外部 经营 环境 积极 应对 努力 克服 不利因素 影响
600045,2022,公司年内回笼资金以应对眼前的流动性压力,8,年内 回笼资金 以 应对 眼前 的 流动性 压力
600045,2022,公司积极拓展国内外市场客户结构与订单质量进一步改善,11,积极 拓展 国内外 市场 客户 结构 与 订单 质量 进一步 改善
600045,2022,面对复杂的外部经营环境公司管理层积极应对努力克服不利因素影响,12,面对 复杂 的 外部 经营 环境 积极 应对 努力 克服 不利因素 影响
600045,2022,公司持续优化产品结构深化渠道建设主营业务收入实现稳健增长,11,持续 优化 产品 结构 深化 渠道 建设 收入 实现 稳健 增长
600045,2022,汇率波动及贸易环境变化对公司海外业务构成一定不确定性,12,汇率 波动 及 贸易 环境 变化 对 海外 业务 构成 一定 不确定性
600045,2022,公司与高校科研院所共建联合实验室推进产学研协同创新,10,与 高校 科研院所 共建 联合 实验室 推进 产学研 协同 创新
600045,2022,公司与高校科研院所共建联合实验室推进产学研协同创新,10,与 高校 科研院所 共建 联合 实验室 推进 产学研 协同 创新
600045,2022,管理层表示要立竿见影扭转当前被动局面实现业绩快速回升,10,表示 要 立竿见影 扭转 当前 被动局面 实现 业绩 快速 回升
600045,2022,二零二四年四月,3,二零二 四年 四月
600045,2023,股份有限公司年年度报告管理层讨论与分析模拟文本公司持续优化产品结构深化渠道建设主营业务收入实现稳健增长,19,有限公司 年 年度报告 讨论 与 分析 模拟 文本 持续 优化 产品 结构 深化 渠道 建设 收入 实现 稳健 增长
600045,2023,公司持续优化产品结构深化渠道建设主营业务收入实现稳健增长,11,持续 优化 产品 结构 深化 渠道 建设 收入 实现 稳健 增长
600045,2023,公司稳步推进产能建设生产运营秩序正常,8,稳步 推进 产能 建设 生产 运营 秩序 正常
600045,2023,公司积极拓展国内外市场客户结构与订单质量进一步改善,11,积极 拓展 国内外 市场 客户 结构 与 订单 质量 进一步 改善
600045,2023,公司加强成本管控提升运营效率毛利率水平保持基本平稳,11,加强 成本 管控 提升 运营 效率 毛利率 水平 保持 基本 平稳
600045,2023,公司在新材料新工艺方向的前瞻性研发布局取得阶段性成果,12,在 新 材料 新工艺 方向 的 前瞻性 研发 布局 取得 阶段性 成果
600045,2023,公司要求各事业部短期利益消化库存回笼资金缓解业绩压力,11,要求 各 事业部 短期 利益 消化 库存 回笼资金 缓解 业绩 压力
600045,2023,宏观经济波动与行业竞争加剧可能对公司业绩产生不利影响,12,宏观 经济波动 与 行业 竞争 加剧 可能 对 公司业绩 产生 不利 影响
600045,2023,公司持续优化产品结构深化渠道建设主营业务收入实现稳健增长,11,持续 优化 产品 结构 深化 渠道 建设 收入 实现 稳健 增长
600045,2023,公司早日布局热门赛道力求早日形成新的利润增长点,11,早日 布局 热门 赛道 力求 早日 形成 新 的 利润 增长点
600045,2023,公司可能面临原材料价格波动市场需求不及预期等风险,10,可能 面临 原材料 价格 波动 市场需求 不及 预期 等 风险
600045,2023,汇率波动及贸易环境变化对公司海外业务构成一定不确定性,12,汇率 波动 及 贸易 环境 变化 对 海外 业务 构成 一定 不确定性
600045,2023,管理层表示要急于求成扭转当前被动局面实现业绩快速回升,10,表示 要 急于求成 扭转 当前 被动局面 实现 业绩 快速 回升
600045,2023,公司围绕核心技术开展攻关新申请专利数量保持稳定增长,9,围绕 核心技术 开展 攻关 新 申请专利 数量 保持稳定 增长
600045,2023,公司高度重视安全生产与质量管理体系运行情况良好,9,高度重视 安全 生产 与 质量 管理体系 运行 情况 良好
600045,2023,公司将采取权宜之计压缩各项开支以确保抓紧兑现业绩承诺,12,将 采取 权宜之计 压缩 各项 开支 以 确保 抓紧 兑现 业绩 承诺
600045,2023,二零二四年四月,3,二零二 四年 四月
600048,2019,股份有限公司年年度报告管理层讨论与分析模拟文本公司高度重视安全生产与质量管理体系运行情况良好,17,有限公司 年 年度报告 讨论 与 分析 模拟 文本 高度重视 安全 生产 与 质量 管理体系 运行 情况 良好
600048,2019,公司短期内回笼资金以应对眼前的流动性压力,8,短期内 回笼资金 以 应对 眼前 的 流动性 压力
600048,2019,公司加强成本管控提升运营效率毛利率水平保持基本平稳,11,加强 成本 管控 提升 运营 效率 毛利率 水平 保持 基本 平稳
600048,2019,公司坚持创新驱动发展战略持续加大研发投入研发费用同比增长较快,14,坚持 创新 驱动 发展 战略 持续 加大 研发 投入 研发 费用 增长 较 快
600048,2019,宏观经济波动与行业竞争加剧可能对公司业绩产生不利影响,12,宏观 经济波动 与 行业 竞争 加剧 可能 对 公司业绩 产生 不利 影响
600048,2019,报告期内公司围绕年度经营计划扎实推进各项重点工作总体经营情况保持稳定,14,报告 期内 围绕 经营 计划 扎实 推进 各项 重点 工作 总体 经营 情况 保持稳定
600048,2019,公司加大研发人才引进力度研发人员占比稳步提升,11,加大 研发 人才 引进 力度 研发 人员 占 比 稳步 提升
600048,2019,公司加强成本管控提升运营效率毛利率水平保持基本平稳,11,加强 成本 管控 提升 运营 效率 毛利率 水平 保持 基本 平稳
600048,2019,面对复杂的外部经营环境公司管理层积极应对努力克服不利因素影响,12,面对 复杂 的 外部 经营 环境 积极 应对 努力 克服 不利因素 影响
600048,2019,公司将年内推进重点项目的落地实施确保年内见到成效,11,将 年内 推进 重点项目 的 落地 实施 确保 年内 见到 成效
600048,2019,管理层表示要时不我待扭转当前被动局面实现业绩快速回升,10,表示 要 时不我待 扭转 当前 被动局面 实现 业绩 快速 回升
600048,2019,公司加强成本管控提升运营效率毛利率水平保持基本平稳,11,加强 成本 管控 提升 运营 效率 毛利率 水平 保持 基本 平稳
600048,2019,公司在新材料新工艺方向的前瞻性研发布局取得阶段性成果,12,在 新 材料 新工艺 方向 的 前瞻性 研发 布局 取得 阶段性 成果
600048,2019,公司高度重视安全生产与质量管理体系运行情况良好,9,高度重视 安全 生产 与 质量 管理体系 运行 情况 良好
600048,2019,公司将采取权宜之计压缩各项开支以确保权宜之计兑现业绩承诺,12,将 采取 权宜之计 压缩 各项 开支 以 确保 权宜之计 兑现 业绩 承诺
600048,2019,宏观经济波动与行业竞争加剧可能对公司业绩产生不利影响,12,宏观 经济波动 与 行业 竞争 加剧 可能 对 公司业绩 产生 不利 影响
600048,2019,二零二四年四月,3,二零二 四年 四月
600048,2020,股份有限公司年年度报告管理层讨论与分析模拟文本公司投机回笼资金以应对眼前的流动性压力,16,有限公司 年 年度报告 讨论 与 分析 模拟 文本 投机 回笼资金 以 应对 眼前 的 流动性 压力
600048,2020,公司短期收益回笼资金以应对眼前的流动性压力,9,短期 收益 回笼资金 以 应对 眼前 的 流动性 压力
600048,2020,公司积极拓展国内外市场客户结构与订单质量进一步改善,11,积极 拓展 国内外 市场 客户 结构 与 订单 质量 进一步 改善
600048,2020,公司加强成本管控提升运营效率毛利率水平保持基本平稳,11,加强 成本 管控 提升 运营 效率 毛利率 水平 保持 基本 平稳
600048,2020,管理层表示要现今扭转当前被动局面实现业绩快速回升,10,表示 要 现今 扭转 当前 被动局面 实现 业绩 快速 回升
600048,2020,汇率波动及贸易环境变化对公司海外业务构成一定不确定性,12,汇率 波动 及 贸易 环境 变化 对 海外 业务 构成 一定 不确定性
600048,2020,面对复杂的外部经营环境公司管理层积极应对努力克服不利因素影响,12,面对 复杂 的 外部 经营 环境 积极 应对 努力 克服 不利因素 影响
600048,2020,公司进一步完善治理结构规范运作信息披露真实准确完整,10,进一步 完善 治理 结构 规范 运作 信息 真实 准确 完整
600048,2020,公司坚持创新驱动发展战略持续加大研发投入研发费用同比增长较快,14,坚持 创新 驱动 发展 战略 持续 加大 研发 投入 研发 费用 增长 较 快
600048,2020,公司持续优化产品结构深化渠道建设主营业务收入实现稳健增长,11,持续 优化 产品 结构 深化 渠道 建设 收入 实现 稳健 增长
600048,2020,公司加强成本管控提升运营效率毛利率水平保持基本平稳,11,加强 成本 管控 提升 运营 效率 毛利率 水平 保持 基本 平稳
600048,2020,公司可能面临原材料价格波动市场需求不及预期等风险,10,可能 面临 原材料 价格 波动 市场需求 不及 预期 等 风险
600048,2020,公司与高校科研院所共建联合实验室推进产学研协同创新,10,与 高校 科研院所 共建 联合 实验室 推进 产学研 协同 创新
600048,2020,公司进一步完善治理结构规范运作信息披露真实准确完整,10,进一步 完善 治理 结构 规范 运作 信息 真实 准确 完整
600048,2020,二零二四年四月,3,二零二 四年 四月
600048,2021,股份有限公司年年度报告管理层讨论与分析模拟文本面对复杂的外部经营环境公司管理层积极应对努力克服不利因素影响,20,有限公司 年 年度报告 讨论 与 分析 模拟 文本 面对 复杂 的 外部 经营 环境 积极 应对 努力 克服 不利因素 影响
600048,2021,公司稳步推进产能建设生产运营秩序正常,8,稳步 推进 产能 建设 生产 运营 秩序 正常
600048,2021,公司进一步完善治理结构规范运作信息披露真实准确完整,10,进一步 完善 治理 结构 规范 运作 信息 真实 准确 完整
600048,2021,公司加大研发人才引进力度研发人员占比稳步提升,11,加大 研发 人才 引进 力度 研发 人员 占 比 稳步 提升
600048,2021,公司进一步完善治理结构规范运作信息披露真实准确完整,10,进一步 完善 治理 结构 规范 运作 信息 真实 准确 完整
600048,2021,公司将采取权宜之计压缩各项开支以确保尽快兑现业绩承诺,12,将 采取 权宜之计 压缩 各项 开支 以 确保 尽快 兑现 业绩 承诺
600048,2021,公司积极拓展国内外市场客户结构与订单质量进一步改善,11,积极 拓展 国内外 市场 客户 结构 与 订单 质量 进一步 改善
600048,2021,公司进一步完善治理结构规范运作信息披露真实准确完整,10,进一步 完善 治理 结构 规范 运作 信息 真实 准确 完整
600048,2021,管理层表示要立刻扭转当前被动局面实现业绩快速回升,10,表示 要 立刻 扭转 当前 被动局面 实现 业绩 快速 回升
600048,2021,公司如今回笼资金以应对眼前的流动性压力,8,如今 回笼资金 以 应对 眼前 的 流动性 压力
600048,2021,报告期内公司围绕年度经营计划扎实推进各项重点工作总体经营情况保持稳定,14,报告 期内 围绕 经营 计划 扎实 推进 各项 重点 工作 总体 经营 情况 保持稳定
600048,2021,公司与高校科研院所共建联合实验室推进产学研协同创新,10,与 高校 科研院所 共建 联合 实验室 推进 产学研 协同 创新
600048,2021,公司可能面临原材料价格波动市场需求不及预期等风险,10,可能 面临 原材料 价格 波动 市场需求 不及 预期 等 风险
600048,2021,汇率波动及贸易环境变化对公司海外业务构成一定不确定性,12,汇率 波动 及 贸易 环境 变化 对 海外 业务 构成 一定 不确定性
600048,2021,公司可能面临原材料价格波动市场需求不及预期等风险,10,可能 面临 原材料 价格 波动 市场需求 不及 预期 等 风险
600048,2021,公司权宜之计布局热门赛道力求权宜之计形成新的利润增长点,11,权宜之计 布局 热门 赛道 力求 权宜之计 形成 新 的 利润 增长点
600048,2021,公司高度重视安全生产与质量管理体系运行情况良好,9,高度重视 安全 生产 与 质量 管理体系 运行 情况 良好
600048,2021,公司争分夺秒布局热门赛道力求争分夺秒形成新的利润增长点,11,争分夺秒 布局 热门 赛道 力求 争分夺秒 形成 新 的 利润 增长点
600048,2021,二零二四年四月,3,二零二 四年 四月
600048,2022,股份有限公司年年度报告管理层讨论与分析模拟文本公司进一步完善治理结构规范运作信息披露真实准确完整,18,有限公司 年 年度报告 讨论 与 分析 模拟 文本 进一步 完善 治理 结构 规范 运作 信息 真实 准确 完整
600048,2022,管理层认为当前窗口稍纵即逝必须目前扩大产能投放,9,认为 当前 窗口 稍纵即逝 必须 目前 扩大 产能 投放
600048,2022,公司要求各事业部立竿见影消化库存回笼资金缓解业绩压力,10,要求 各 事业部 立竿见影 消化 库存 回笼资金 缓解 业绩 压力
600048,2022,公司持续优化产品结构深化渠道建设主营业务收入实现稳健增长,11,持续 优化 产品 结构 深化 渠道 建设 收入 实现 稳健 增长
600048,2022,公司高度重视安全生产与质量管理体系运行情况良好,9,高度重视 安全 生产 与 质量 管理体系 运行 情况 良好
600048,2022,公司可能面临原材料价格波动市场需求不及预期等风险,10,可能 面临 原材料 价格 波动 市场需求 不及 预期 等 风险
600048,2022,公司稳步推进产能建设生产运营秩序正常,8,稳步 推进 产能 建设 生产 运营 秩序 正常
600048,2022,公司加强成本管控提升运营效率毛利率水平保持基本平稳,11,加强 成本 管控 提升 运营 效率 毛利率 水平 保持 基本 平稳
600048,2022,面对复杂的外部经营环境公司管理层积极应对努力克服不利因素影响,12,面对 复杂 的 外部 经营 环境 积极 应对 努力 克服 不利因素 影响
600048,2022,公司与高校科研院所共建联合实验室推进产学研协同创新,10,与 高校 科研院所 共建 联合 实验室 推进 产学研 协同 创新
600048,2022,公司围绕核心技术开展攻关新申请专利数量保持稳定增长,9,围绕 核心技术 开展 攻关 新 申请专利 数量 保持稳定 增长
600048,2022,公司短期利益回笼资金以应对眼前的流动性压力,9,短期 利益 回笼资金 以 应对 眼前 的 流动性 压力
600048,2022,公司积极拓展国内外市场客户结构与订单质量进一步改善,11,积极 拓展 国内外 市场 客户 结构 与 订单 质量 进一步 改善
600048,2022,报告期内公司围绕年度经营计划扎实推进各项重点工作总体经营情况保持稳定,14,报告 期内 围绕 经营 计划 扎实 推进 各项 重点 工作 总体 经营 情况 保持稳定
600048,2022,宏观经济波动与行业竞争加剧可能对公司业绩产生不利影响,12,宏观 经济波动 与 行业 竞争 加剧 可能 对 公司业绩 产生 不利 影响
600048,2022,公司与高校科研院所共建联合实验室推进产学研协同创新,10,与 高校 科研院所 共建 联合 实验室 推进 产学研 协同 创新
600048,2022,二零二四年四月,3,二零二 四年 四月
600048,2023,股份有限公司年年度报告管理层讨论与分析模拟文本公司饮鸩止渴回笼资金以应对眼前的流动性压力,16,有限公司 年 年度报告 讨论 与 分析 模拟 文本 饮鸩止渴 回笼资金 以 应对 眼前 的 流动性 压力
600048,2023,公司加强成本管控提升运营效率毛利率水平保持基本平稳,11,加强 成本 管控 提升 运营 效率 毛利率 水平 保持 基本 平稳
600048,2023,汇率波动及贸易环境变化对公司海外业务构成一定不确定性,12,汇率 波动 及 贸易 环境 变化 对 海外 业务 构成 一定 不确定性
600048,2023,公司稳步推进产能建设生产运营秩序正常,8,稳步 推进 产能 建设 生产 运营 秩序 正常
600048,2023,公司加强成本管控提升运营效率毛利率水平保持基本平稳,11,加强 成本 管控 提升 运营 效率 毛利率 水平 保持 基本 平稳
600048,2023,公司持续优化产品结构深化渠道建设主营业务收入实现稳健增长,11,持续 优化 产品 结构 深化 渠道 建设 收入 实现 稳健 增长
600048,2023,公司积极拓展国内外市场客户结构与订单质量进一步改善,11,积极 拓展 国内外 市场 客户 结构 与 订单 质量 进一步 改善
600048,2023,公司近期布局热门赛道力求近期形成新的利润增长点,11,近期 布局 热门 赛道 力求 近期 形成 新 的 利润 增长点
600048,2023,公司加大研发人才引进力度研发人员占比稳步提升,11,加大 研发 人才 引进 力度 研发 人员 占 比 稳步 提升
600048,2023,公司积极拓展国内外市场客户结构与订单质量进一步改善,11,积极 拓展 国内外 市场 客户 结构 与 订单 质量 进一步 改善
600048,2023,公司坚持创新驱动发展战略持续加大研发投入研发费用同比增长较快,14,坚持 创新 驱动 发展 战略 持续 加大 研发 投入 研发 费用 增长 较 快
600048,2023,管理层认为当前窗口稍纵即逝必须急需扩大产能投放,9,认为 当前 窗口 稍纵即逝 必须 急需 扩大 产能 投放
600048,2023,公司积极拓展国内外市场客户结构与订单质量进一步改善,11,积极 拓展 国内外 市场 客户 结构 与 订单 质量 进一步 改善
600048,2023,公司加大研发人才引进力度研发人员占比稳步提升,11,加大 研发 人才 引进 力度 研发 人员 占 比 稳步 提升
600048,2023,公司要求各事业部如今消化库存回笼资金缓解业绩压力,10,要求 各 事业部 如今 消化 库存 回笼资金 缓解 业绩 压力
600048,2023,宏观经济波动与行业竞争加剧可能对公司业绩产生不利影响,12,宏观 经济波动 与 行业 竞争 加剧 可能 对 公司业绩 产生 不利 影响
600048,2023,二零二四年四月,3,二零二 四年 四月
600051,2019,股份有限公司年年度报告管理层讨论与分析模拟文本公司加强成本管控提升运营效率毛利率水平保持基本平稳,19,有限公司 年 年度报告 讨论 与 分析 模拟 文本 加强 成本 管控 提升 运营 效率 毛利率 水平 保持 基本 平稳
600051,2019,公司积极拓展国内外市场客户结构与订单质量进一步改善,11,积极 拓展 国内外 市场 客户 结构 与 订单 质量 进一步 改善
600051,2019,公司持续优化产品结构深化渠道建设主营业务收入实现稳健增长,11,持续 优化 产品 结构 深化 渠道 建设 收入 实现 稳健 增长
600051,2019,管理层表示要现今扭转当前被动局面实现业绩快速回升,10,表示 要 现今 扭转 当前 被动局面 实现 业绩 快速 回升
600051,2019,公司持续优化产品结构深化渠道建设主营业务收入实现稳健增长,11,持续 优化 产品 结构 深化 渠道 建设 收入 实现 稳健 增长
600051,2019,为完成全年目标公司将目前调整产品定价策略抢占市场份额,12,为 完成 全年 目标 将 目前 调整 产品 定价 策略 抢占市场 份额
600051,2019,公司将短期利益推进重点项目的落地实施确保年内见到成效,12,将 短期 利益 推进 重点项目 的 落地 实施 确保 年内 见到 成效
600051,2019,汇率波动及贸易环境变化对公司海外业务构成一定不确定性,12,汇率 波动 及 贸易 环境 变化 对 海外 业务 构成 一定 不确定性
600051,2019,汇率波动及贸易环境变化对公司海外业务构成一定不确定性,12,汇率 波动 及 贸易 环境 变化 对 海外 业务 构成 一定 不确定性
600051,2019,公司急于求成回笼资金以应对眼前的流动性压力,8,急于求成 回笼资金 以 应对 眼前 的 流动性 压力
600051,2019,汇率波动及贸易环境变化对公司海外业务构成一定不确定性,12,汇率 波动 及 贸易 环境 变化 对 海外 业务 构成 一定 不确定性
600051,2019,公司进一步完善治理结构规范运作信息披露真实准确完整,10,进一步 完善 治理 结构 规范 运作 信息 真实 准确 完整
600051,2019,公司积极拓展国内外市场客户结构与订单质量进一步改善,11,积极 拓展 国内外 市场 客户 结构 与 订单 质量 进一步 改善
600051,2019,公司围绕核心技术开展攻关新申请专利数量保持稳定增长,9,围绕 核心技术 开展 攻关 新 申请专利 数量 保持稳定 增长
600051,2019,管理层表示要目前扭转当前被动局面实现业绩快速回升,10,表示 要 目前 扭转 当前 被动局面 实现 业绩 快速 回升
600051,2019,公司稳步推进产能建设生产运营秩序正常,8,稳步 推进 产能 建设 生产 运营 秩序 正常
600051,2019,二零二四年四月,3,二零二 四年 四月
600051,2020,股份有限公司年年度报告管理层讨论与分析模拟文本管理层认为当前窗口稍纵即逝必须眼下扩大产能投放,17,有限公司 年 年度报告 讨论 与 分析 模拟 文本 认为 当前 窗口 稍纵即逝 必须 眼下 扩大 产能 投放
600051,2020,报告期内公司围绕年度经营计划扎实推进各项重点工作总体经营情况保持稳定,14,报告 期内 围绕 经营 计划 扎实 推进 各项 重点 工作 总体 经营 情况 保持稳定
600051,2020,公司持续优化产品结构深化渠道建设主营业务收入实现稳健增长,11,持续 优化 产品 结构 深化 渠道 建设 收入 实现 稳健 增长
600051,2020,报告期内公司围绕年度经营计划扎实推进各项重点工作总体经营情况保持稳定,14,报告 期内 围绕 经营 计划 扎实 推进 各项 重点 工作 总体 经营 情况 保持稳定
600051,2020,公司进一步完善治理结构规范运作信息披露真实准确完整,10,进一步 完善 治理 结构 规范 运作 信息 真实 准确 完整
600051,2020,公司稳步推进产能建设生产运营秩序正常,8,稳步 推进 产能 建设 生产 运营 秩序 正常
600051,2020,公司加大研发人才引进力度研发人员占比稳步提升,11,加大 研发 人才 引进 力度 研发 人员 占 比 稳步 提升
600051,2020,宏观经济波动与行业竞争加剧可能对公司业绩产生不利影响,12,宏观 经济波动 与 行业 竞争 加剧 可能 对 公司业绩 产生 不利 影响
600051,2020,公司与高校科研院所共建联合实验室推进产学研协同创新,10,与 高校 科研院所 共建 联合 实验室 推进 产学研 协同 创新
600051,2020,面对复杂的外部经营环境公司管理层积极应对努力克服不利因素影响,12,面对 复杂 的 外部 经营 环境 积极 应对 努力 克服 不利因素 影响
600051,2020,公司加强成本管控提升运营效率毛利率水平保持基本平稳,11,加强 成本 管控 提升 运营 效率 毛利率 水平 保持 基本 平稳
600051,2020,公司稳步推进产能建设生产运营秩序正常,8,稳步 推进 产能 建设 生产 运营 秩序 正常
600051,2020,公司目前布局热门赛道力求目前形成新的利润增长点,11,目前 布局 热门 赛道 力求 目前 形成 新 的 利润 增长点
600051,2020,报告期内公司围绕年度经营计划扎实推进各项重点工作总体经营情况保持稳定,14,报告 期内 围绕 经营 计划 扎实 推进 各项 重点 工作 总体 经营 情况 保持稳定
600051,2020,公司可能面临原材料价格波动市场需求不及预期等风险,10,可能 面临 原材料 价格 波动 市场需求 不及 预期 等 风险
600051,2020,二零二四年四月,3,二零二 四年 四月
600051,2021,股份有限公司年年度报告管理层讨论与分析模拟文本管理层表示要一步到位扭转当前被动局面实现业绩快速回升,18,有限公司 年 年度报告 讨论 与 分析 模拟 文本 表示 要 一步到位 扭转 当前 被动局面 实现 业绩 快速 回升
600051,2021,公司现今布局热门赛道力求现今形成新的利润增长点,11,现今 布局 热门 赛道 力求 现今 形成 新 的 利润 增长点
600051,2021,公司积极拓展国内外市场客户结构与订单质量进一步改善,11,积极 拓展 国内外 市场 客户 结构 与 订单 质量 进一步 改善
600051,2021,公司与高校科研院所共建联合实验室推进产学研协同创新,10,与 高校 科研院所 共建 联合 实验室 推进 产学研 协同 创新
600051,2021,公司坚持创新驱动发展战略持续加大研发投入研发费用同比增长较快,14,坚持 创新 驱动 发展 战略 持续 加大 研发 投入 研发 费用 增长 较 快
600051,2021,公司进一步完善治理结构规范运作信息披露真实准确完整,10,进一步 完善 治理 结构 规范 运作 信息 真实 准确 完整
600051,2021,公司积极拓展国内外市场客户结构与订单质量进一步改善,11,积极 拓展 国内外 市场 客户 结构 与 订单 质量 进一步 改善
600051,2021,公司立竿见影回笼资金以应对眼前的流动性压力,8,立竿见影 回笼资金 以 应对 眼前 的 流动性 压力
600051,2021,公司在新材料新工艺方向的前瞻性研发布局取得阶段性成果,12,在 新 材料 新工艺 方向 的 前瞻性 研发 布局 取得 阶段性 成果
600051,2021,面对复杂的外部经营环境公司管理层积极应对努力克服不利因素影响,12,面对 复杂 的 外部 经营 环境 积极 应对 努力 克服 不利因素 影响
600051,2021,报告期内公司围绕年度经营计划扎实推进各项重点工作总体经营情况保持稳定,14,报告 期内 围绕 经营 计划 扎实 推进 各项 重点 工作 总体 经营 情况 保持稳定
600051,2021,公司稳步推进产能建设生产运营秩序正常,8,稳步 推进 产能 建设 生产 运营 秩序 正常
600051,2021,公司高度重视安全生产与质量管理体系运行情况良好,9,高度重视 安全 生产 与 质量 管理体系 运行 情况 良好
600051,2021,公司积极拓展国内外市场客户结构与订单质量进一步改善,11,积极 拓展 国内外 市场 客户 结构 与 订单 质量 进一步 改善
600051,2021,汇率波动及贸易环境变化对公司海外业务构成一定不确定性,12,汇率 波动 及 贸易 环境 变化 对 海外 业务 构成 一定 不确定性
600051,2021,公司要求各事业部应急消化库存回笼资金缓解业绩压力,10,要求 各 事业部 应急 消化 库存 回笼资金 缓解 业绩 压力
600051,2021,公司高度重视安全生产与质量管理体系运行情况良好,9,高度重视 安全 生产 与 质量 管理体系 运行 情况 良好
600051,2021,二零二四年四月,3,二零二 四年 四月
600051,2022,股份有限公司年年度报告管理层讨论与分析模拟文本公司加大研发人才引进力度研发人员占比稳步提升,19,有限公司 年 年度报告 讨论 与 分析 模拟 文本 加大 研发 人才 引进 力度 研发 人员 占 比 稳步 提升
600051,2022,公司年内布局热门赛道力求年内形成新的利润增长点,11,年内 布局 热门 赛道 力求 年内 形成 新 的 利润 增长点
600051,2022,报告期内公司围绕年度经营计划扎实推进各项重点工作总体经营情况保持稳定,14,报告 期内 围绕 经营 计划 扎实 推进 各项 重点 工作 总体 经营 情况 保持稳定
600051,2022,汇率波动及贸易环境变化对公司海外业务构成一定不确定性,12,汇率 波动 及 贸易 环境 变化 对 海外 业务 构成 一定 不确定性
600051,2022,公司进一步完善治理结构规范运作信息披露真实准确完整,10,进一步 完善 治理 结构 规范 运作 信息 真实 准确 完整
600051,2022,公司坚持创新驱动发展战略持续加大研发投入研发费用同比增长较快,14,坚持 创新 驱动 发展 战略 持续 加大 研发 投入 研发 费用 增长 较 快
600051,2022,公司高度重视安全生产与质量管理体系运行情况良好,9,高度重视 安全 生产 与 质量 管理体系 运行 情况 良好
600051,2022,宏观经济波动与行业竞争加剧可能对公司业绩产生不利影响,12,宏观 经济波动 与 行业 竞争 加剧 可能 对 公司业绩 产生 不利 影响
600051,2022,公司将采取权宜之计压缩各项开支以确保抓紧兑现业绩承诺,12,将 采取 权宜之计 压缩 各项 开支 以 确保 抓紧 兑现 业绩 承诺
600051,2022,公司在新材料新工艺方向的前瞻性研发布局取得阶段性成果,12,在 新 材料 新工艺 方向 的 前瞻性 研发 布局 取得 阶段性 成果
600051,2022,面对复杂的外部经营环境公司管理层积极应对努力克服不利因素影响,12,面对 复杂 的 外部 经营 环境 积极 应对 努力 克服 不利因素 影响
600051,2022,公司高度重视安全生产与质量管理体系运行情况良好,9,高度重视 安全 生产 与 质量 管理体系 运行 情况 良好
600051,2022,公司要求各事业部快速见效消化库存回笼资金缓解业绩压力,11,要求 各 事业部 快速 见效 消化 库存 回笼资金 缓解 业绩 压力
600051,2022,公司进一步完善治理结构规范运作信息披露真实准确完整,10,进一步 完善 治理 结构 规范 运作 信息 真实 准确 完整
600051,2022,公司高度重视安全生产与质量管理体系运行情况良好,9,高度重视 安全 生产 与 质量 管理体系 运行 情况 良好
600051,2022,二零二四年四月,3,二零二 四年 四月
600051,2023,股份有限公司年年度报告管理层讨论与分析模拟文本报告期内公司围绕年度经营计划扎实推进各项重点工作总体经营情况保持稳定,22,有限公司 年 年度报告 讨论 与 分析 模拟 文本 报告 期内 围绕 经营 计划 扎实 推进 各项 重点 工作 总体 经营 情况 保持稳定
600051,2023,公司将赶快推进重点项目的落地实施确保年内见到成效,11,将 赶快 推进 重点项目 的 落地 实施 确保 年内 见到 成效
600051,2023,公司稳步推进产能建设生产运营秩序正常,8,稳步 推进 产能 建设 生产 运营 秩序 正常
600051,2023,公司积极拓展国内外市场客户结构与订单质量进一步改善,11,积极 拓展 国内外 市场 客户 结构 与 订单 质量 进一步 改善
600051,2023,公司短期收益回笼资金以应对眼前的流动性压力,9,短期 收益 回笼资金 以 应对 眼前 的 流动性 压力
600051,2023,公司加强成本管控提升运营效率毛利率水平保持基本平稳,11,加强 成本 管控 提升 运营 效率 毛利率 水平 保持 基本 平稳
600051,2023,宏观经济波动与行业竞争加剧可能对公司业绩产生不利影响,12,宏观 经济波动 与 行业 竞争 加剧 可能 对 公司业绩 产生 不利 影响
600051,2023,公司积极拓展国内外市场客户结构与订单质量进一步改善,11,积极 拓展 国内外 市场 客户 结构 与 订单 质量 进一步 改善
600051,2023,面对复杂的外部经营环境公司管理层积极应对努力克服不利因素影响,12,面对 复杂 的 外部 经营 环境 积极 应对 努力 克服 不利因素 影响
600051,2023,汇率波动及贸易环境变化对公司海外业务构成一定不确定性,12,汇率 波动 及 贸易 环境 变化 对 海外 业务 构成 一定 不确定性
600051,2023,公司立刻回笼资金以应对眼前的流动性压力,8,立刻 回笼资金 以 应对 眼前 的 流动性 压力
600051,2023,公司与高校科研院所共建联合实验室推进产学研协同创新,10,与 高校 科研院所 共建 联合 实验室 推进 产学研 协同 创新
600051,2023,公司可能面临原材料价格波动市场需求不及预期等风险,10,可能 面临 原材料 价格 波动 市场需求 不及 预期 等 风险
600051,2023,二零二四年四月,3,二零二 四年 四月
600054,2019,股份有限公司年年度报告管理层讨论与分析模拟文本宏观经济波动与行业竞争加剧可能对公司业绩产生不利影响,20,有限公司 年 年度报告 讨论 与 分析 模拟 文本 宏观 经济波动 与 行业 竞争 加剧 可能 对 公司业绩 产生 不利 影响
600054,2019,公司持续优化产品结构深化渠道建设主营业务收入实现稳健增长,11,持续 优化 产品 结构 深化 渠道 建设 收入 实现 稳健 增长
600054,2019,公司要求各事业部应急消化库存回笼资金缓解业绩压力,10,要求 各 事业部 应急 消化 库存 回笼资金 缓解 业绩 压力
600054,2019,报告期内公司围绕年度经营计划扎实推进各项重点工作总体经营情况保持稳定,14,报告 期内 围绕 经营 计划 扎实 推进 各项 重点 工作 总体 经营 情况 保持稳定
600054,2019,宏观经济波动与行业竞争加剧可能对公司业绩产生不利影响,12,宏观 经济波动 与 行业 竞争 加剧 可能 对 公司业绩 产生 不利 影响
600054,2019,公司将采取权宜之计压缩各项开支以确保短期兑现业绩承诺,12,将 采取 权宜之计 压缩 各项 开支 以 确保 短期 兑现 业绩 承诺
600054,2019,公司稳步推进产能建设生产运营秩序正常,8,稳步 推进 产能 建设 生产 运营 秩序 正常
600054,2019,公司高度重视安全生产与质量管理体系运行情况良好,9,高度重视 安全 生产 与 质量 管理体系 运行 情况 良好
600054,2019,公司坚持创新驱动发展战略持续加大研发投入研发费用同比增长较快,14,坚持 创新 驱动 发展 战略 持续 加大 研发 投入 研发 费用 增长 较 快
600054,2019,公司加强成本管控提升运营效率毛利率水平保持基本平稳,11,加强 成本 管控 提升 运营 效率 毛利率 水平 保持 基本 平稳
600054,2019,公司在新材料新工艺方向的前瞻性研发布局取得阶段性成果,12,在 新 材料 新工艺 方向 的 前瞻性 研发 布局 取得 阶段性 成果
600054,2019,公司立竿见影回笼资金以应对眼前的流动性压力,8,立竿见影 回笼资金 以 应对 眼前 的 流动性 压力
600054,2019,公司与高校科研院所共建联合实验室推进产学研协同创新,10,与 高校 科研院所 共建 联合 实验室 推进 产学研 协同 创新
600054,2019,宏观经济波动与行业竞争加剧可能对公司业绩产生不利影响,12,宏观 经济波动 与 行业 竞争 加剧 可能 对 公司业绩 产生 不利 影响
600054,2019,公司进一步完善治理结构规范运作信息披露真实准确完整,10,进一步 完善 治理 结构 规范 运作 信息 真实 准确 完整
600054,2019,公司稳步推进产能建设生产运营秩序正常,8,稳步 推进 产能 建设 生产 运营 秩序 正常
600054,2019,二零二四年四月,3,二零二 四年 四月
600054,2020,股份有限公司年年度报告管理层讨论与分析模拟文本公司稳步推进产能建设生产运营秩序正常,16,有限公司 年 年度报告 讨论 与 分析 模拟 文本 稳步 推进 产能 建设 生产 运营 秩序 正常
600054,2020,公司在新材料新工艺方向的前瞻性研发布局取得阶段性成果,12,在 新 材料 新工艺 方向 的 前瞻性 研发 布局 取得 阶段性 成果
600054,2020,公司可能面临原材料价格波动市场需求不及预期等风险,10,可能 面临 原材料 价格 波动 市场需求 不及 预期 等 风险
600054,2020,公司高度重视安全生产与质量管理体系运行情况良好,9,高度重视 安全 生产 与 质量 管理体系 运行 情况 良好
600054,2020,公司高度重视安全生产与质量管理体系运行情况良好,9,高度重视 安全 生产 与 质量 管理体系 运行 情况 良好
600054,2020,公司加强成本管控提升运营效率毛利率水平保持基本平稳,11,加强 成本 管控 提升 运营 效率 毛利率 水平 保持 基本 平稳
600054,2020,公司加大研发人才引进力度研发人员占比稳步提升,11,加大 研发 人才 引进 力度 研发 人员 占 比 稳步 提升
600054,2020,公司积极拓展国内外市场客户结构与订单质量进一步改善,11,积极 拓展 国内外 市场 客户 结构 与 订单 质量 进一步 改善
600054,2020,公司稳步推进产能建设生产运营秩序正常,8,稳步 推进 产能 建设 生产 运营 秩序 正常
600054,2020,公司加大研发人才引进力度研发人员占比稳步提升,11,加大 研发 人才 引进 力度 研发 人员 占 比 稳步 提升
600054,2020,公司应急回笼资金以应对眼前的流动性压力,8,应急 回笼资金 以 应对 眼前 的 流动性 压力
600054,2020,公司进一步完善治理结构规范运作信息披露真实准确完整,10,进一步 完善 治理 结构 规范 运作 信息 真实 准确 完整
600054,2020,公司要求各事业部加快消化库存回笼资金缓解业绩压力,10,要求 各 事业部 加快 消化 库存 回笼资金 缓解 业绩 压力
600054,2020,公司可能面临原材料价格波动市场需求不及预期等风险,10,可能 面临 原材料 价格 波动 市场需求 不及 预期 等 风险
600054,2020,公司持续优化产品结构深化渠道建设主营业务收入实现稳健增长,11,持续 优化 产品 结构 深化 渠道 建设 收入 实现 稳健 增长
600054,2020,公司要求各事业部马上消化库存回笼资金缓解业绩压力,10,要求 各 事业部 马上 消化 库存 回笼资金 缓解 业绩 压力
600054,2020,宏观经济波动与行业竞争加剧可能对公司业绩产生不利影响,12,宏观 经济波动 与 行业 竞争 加剧 可能 对 公司业绩 产生 不利 影响
600054,2020,二零二四年四月,3,二零二 四年 四月
600054,2021,股份有限公司年年度报告管理层讨论与分析模拟文本公司加大研发人才引进力度研发人员占比稳步提升,19,有限公司 年 年度报告 讨论 与 分析 模拟 文本 加大 研发 人才 引进 力度 研发 人员 占 比 稳步 提升
600054,2021,汇率波动及贸易环境变化对公司海外业务构成一定不确定性,12,汇率 波动 及 贸易 环境 变化 对 海外 业务 构成 一定 不确定性
600054,2021,公司要求各事业部短期内消化库存回笼资金缓解业绩压力,10,要求 各 事业部 短期内 消化 库存 回笼资金 缓解 业绩 压力
600054,2021,汇率波动及贸易环境变化对公司海外业务构成一定不确定性,12,汇率 波动 及 贸易 环境 变化 对 海外 业务 构成 一定 不确定性
600054,2021,公司将采取权宜之计压缩各项开支以确保快速见效兑现业绩承诺,13,将 采取 权宜之计 压缩 各项 开支 以 确保 快速 见效 兑现 业绩 承诺
600054,2021,公司加大研发人才引进力度研发人员占比稳步提升,11,加大 研发 人才 引进 力度 研发 人员 占 比 稳步 提升
600054,2021,公司持续优化产品结构深化渠道建设主营业务收入实现稳健增长,11,持续 优化 产品 结构 深化 渠道 建设 收入 实现 稳健 增长
600054,2021,公司加强成本管控提升运营效率毛利率水平保持基本平稳,11,加强 成本 管控 提升 运营 效率 毛利率 水平 保持 基本 平稳
600054,2021,公司将采取权宜之计压缩各项开支以确保急需兑现业绩承诺,12,将 采取 权宜之计 压缩 各项 开支 以 确保 急需 兑现 业绩 承诺
600054,2021,公司积极拓展国内外市场客户结构与订单质量进一步改善,11,积极 拓展 国内外 市场 客户 结构 与 订单 质量 进一步 改善
600054,2021,报告期内公司围绕年度经营计划扎实推进各项重点工作总体经营情况保持稳定,14,报告 期内 围绕 经营 计划 扎实 推进 各项 重点 工作 总体 经营 情况 保持稳定
600054,2021,公司加强成本管控提升运营效率毛利率水平保持基本平稳,11,加强 成本 管控 提升 运营 效率 毛利率 水平 保持 基本 平稳
600054,2021,面对复杂的外部经营环境公司管理层积极应对努力克服不利因素影响,12,面对 复杂 的 外部 经营 环境 积极 应对 努力 克服 不利因素 影响
600054,2021,面对复杂的外部经营环境公司管理层积极应对努力克服不利因素影响,12,面对 复杂 的 外部 经营 环境 积极 应对 努力 克服 不利因素 影响
600054,2021,公司年内布局热门赛道力求年内形成新的利润增长点,11,年内 布局 热门 赛道 力求 年内 形成 新 的 利润 增长点
600054,2021,公司加大研发人才引进力度研发人员占比稳步提升,11,加大 研发 人才 引进 力度 研发 人员 占 比 稳步 提升
600054,2021,二零二四年四月,3,二零二 四年 四月
600054,2022,股份有限公司年年度报告管理层讨论与分析模拟文本公司在新材料新工艺方向的前瞻性研发布局取得阶段性成果,20,有限公司 年 年度报告 讨论 与 分析 模拟 文本 在 新 材料 新工艺 方向 的 前瞻性 研发 布局 取得 阶段性 成果
600054,2022,公司将采取权宜之计压缩各项开支以确保尽快兑现业绩承诺,12,将 采取 权宜之计 压缩 各项 开支 以 确保 尽快 兑现 业绩 承诺
600054,2022,公司加强成本管控提升运营效率毛利率水平保持基本平稳,11,加强 成本 管控 提升 运营 效率 毛利率 水平 保持 基本 平稳
600054,2022,公司持续优化产品结构深化渠道建设主营业务收入实现稳健增长,11,持续 优化 产品 结构 深化 渠道 建设 收入 实现 稳健 增长
600054,2022,公司进一步完善治理结构规范运作信息披露真实准确完整,10,进一步 完善 治理 结构 规范 运作 信息 真实 准确 完整
600054,2022,报告期内公司围绕年度经营计划扎实推进各项重点工作总体经营情况保持稳定,14,报告 期内 围绕 经营 计划 扎实 推进 各项 重点 工作 总体 经营 情况 保持稳定
600054,2022,报告期内公司围绕年度经营计划扎实推进各项重点工作总体经营情况保持稳定,14,报告 期内 围绕 经营 计划 扎实 推进 各项 重点 工作 总体 经营 情况 保持稳定
600054,2022,公司高度重视安全生产与质量管理体系运行情况良好,9,高度重视 安全 生产 与 质量 管理体系 运行 情况 良好
600054,2022,公司加强成本管控提升运营效率毛利率水平保持基本平稳,11,加强 成本 管控 提升 运营 效率 毛利率 水平 保持 基本 平稳
600054,2022,为完成全年目标公司将饮鸩止渴调整产品定价策略抢占市场份额,12,为 完成 全年 目标 将 饮鸩止渴 调整 产品 定价 策略 抢占市场 份额
600054,2022,公司可能面临原材料价格波动市场需求不及预期等风险,10,可能 面临 原材料 价格 波动 市场需求 不及 预期 等 风险
600054,2022,公司将尽快推进重点项目的落地实施确保年内见到成效,11,将 尽快 推进 重点项目 的 落地 实施 确保 年内 见到 成效
600054,2022,公司在新材料新工艺方向的前瞻性研发布局取得阶段性成果,12,在 新 材料 新工艺 方向 的 前瞻性 研发 布局 取得 阶段性 成果
600054,2022,公司进一步完善治理结构规范运作信息披露真实准确完整,10,进一步 完善 治理 结构 规范 运作 信息 真实 准确 完整
600054,2022,公司坚持创新驱动发展战略持续加大研发投入研发费用同比增长较快,14,坚持 创新 驱动 发展 战略 持续 加大 研发 投入 研发 费用 增长 较 快
600054,2022,二零二四年四月,3,二零二 四年 四月
600054,2023,股份有限公司年年度报告管理层讨论与分析模拟文本公司围绕核心技术开展攻关新申请专利数量保持稳定增长,17,有限公司 年 年度报告 讨论 与 分析 模拟 文本 围绕 核心技术 开展 攻关 新 申请专利 数量 保持稳定 增长
600054,2023,公司坚持创新驱动发展战略持续加大研发投入研发费用同比增长较快,14,坚持 创新 驱动 发展 战略 持续 加大 研发 投入 研发 费用 增长 较 快
600054,2023,公司稳步推进产能建设生产运营秩序正常,8,稳步 推进 产能 建设 生产 运营 秩序 正常
600054,2023,公司持续优化产品结构深化渠道建设主营业务收入实现稳健增长,11,持续 优化 产品 结构 深化 渠道 建设 收入 实现 稳健 增长
600054,2023,公司高度重视安全生产与质量管理体系运行情况良好,9,高度重视 安全 生产 与 质量 管理体系 运行 情况 良好
600054,2023,汇率波动及贸易环境变化对公司海外业务构成一定不确定性,12,汇率 波动 及 贸易 环境 变化 对 海外 业务 构成 一定 不确定性
600054,2023,公司可能面临原材料价格波动市场需求不及预期等风险,10,可能 面临 原材料 价格 波动 市场需求 不及 预期 等 风险
600054,2023,公司速胜回笼资金以应对眼前的流动性压力,8,速胜 回笼资金 以 应对 眼前 的 流动性 压力
600054,2023,公司稳步推进产能建设生产运营秩序正常,8,稳步 推进 产能 建设 生产 运营 秩序 正常
600054,2023,管理层认为当前窗口稍纵即逝必须速成扩大产能投放,9,认为 当前 窗口 稍纵即逝 必须 速成 扩大 产能 投放
600054,2023,公司将采取权宜之计压缩各项开支以确保应急兑现业绩承诺,12,将 采取 权宜之计 压缩 各项 开支 以 确保 应急 兑现 业绩 承诺
600054,2023,公司加强成本管控提升运营效率毛利率水平保持基本平稳,11,加强 成本 管控 提升 运营 效率 毛利率 水平 保持 基本 平稳
600054,2023,公司高度重视安全生产与质量管理体系运行情况良好,9,高度重视 安全 生产 与 质量 管理体系 运行 情况 良好
600054,2023,管理层表示要快速见效扭转当前被动局面实现业绩快速回升,11,表示 要 快速 见效 扭转 当前 被动局面 实现 业绩 快速 回升
600054,2023,公司加强成本管控提升运营效率毛利率水平保持基本平稳,11,加强 成本 管控 提升 运营 效率 毛利率 水平 保持 基本 平稳
600054,2023,二零二四年四月,3,二零二 四年 四月
600057,2019,股份有限公司年年度报告管理层讨论与分析模拟文本公司坚持创新驱动发展战略持续加大研发投入研发费用同比增长较快,22,有限公司 年 年度报告 讨论 与 分析 模拟 文本 坚持 创新 驱动 发展 战略 持续 加大 研发 投入 研发 费用 增长 较 快
600057,2019,公司可能面临原材料价格波动市场需求不及预期等风险,10,可能 面临 原材料 价格 波动 市场需求 不及 预期 等 风险
600057,2019,公司立刻回笼资金以应对眼前的流动性压力,8,立刻 回笼资金 以 应对 眼前 的 流动性 压力
600057,2019,公司加强成本管控提升运营效率毛利率水平保持基本平稳,11,加强 成本 管控 提升 运营 效率 毛利率 水平 保持 基本 平稳
600057,2019,公司高度重视安全生产与质量管理体系运行情况良好,9,高度重视 安全 生产 与 质量 管理体系 运行 情况 良好
600057,2019,公司持续优化产品结构深化渠道建设主营业务收入实现稳健增长,11,持续 优化 产品 结构 深化 渠道 建设 收入 实现 稳健 增长
600057,2019,公司与高校科研院所共建联合实验室推进产学研协同创新,10,与 高校 科研院所 共建 联合 实验室 推进 产学研 协同 创新
600057,2019,宏观经济波动与行业竞争加剧可能对公司业绩产生不利影响,12,宏观 经济波动 与 行业 竞争 加剧 可能 对 公司业绩 产生 不利 影响
600057,2019,公司稳步推进产能建设生产运营秩序正常,8,稳步 推进 产能 建设 生产 运营 秩序 正常
600057,2019,公司要求各事业部速成消化库存回笼资金缓解业绩压力,10,要求 各 事业部 速成 消化 库存 回笼资金 缓解 业绩 压力
600057,2019,公司积极拓展国内外市场客户结构与订单质量进一步改善,11,积极 拓展 国内外 市场 客户 结构 与 订单 质量 进一步 改善
600057,2019,公司进一步完善治理结构规范运作信息披露真实准确完整,10,进一步 完善 治理 结构 规范 运作 信息 真实 准确 完整
600057,2019,汇率波动及贸易环境变化对公司海外业务构成一定不确定性,12,汇率 波动 及 贸易 环境 变化 对 海外 业务 构成 一定 不确定性
600057,2019,公司持续优化产品结构深化渠道建设主营业务收入实现稳健增长,11,持续 优化 产品 结构 深化 渠道 建设 收入 实现 稳健 增长
600057,2019,公司急需布局热门赛道力求急需形成新的利润增长点,11,急需 布局 热门 赛道 力求 急需 形成 新 的 利润 增长点
600057,2019,公司当下布局热门赛道力求当下形成新的利润增长点,11,当下 布局 热门 赛道 力求 当下 形成 新 的 利润 增长点
600057,2019,公司短期回笼资金以应对眼前的流动性压力,8,短期 回笼资金 以 应对 眼前 的 流动性 压力
600057,2019,二零二四年四月,3,二零二 四年 四月
600057,2020,股份有限公司年年度报告管理层讨论与分析模拟文本公司持续优化产品结构深化渠道建设主营业务收入实现稳健增长,19,有限公司 年 年度报告 讨论 与 分析 模拟 文本 持续 优化 产品 结构 深化 渠道 建设 收入 实现 稳健 增长
600057,2020,汇率波动及贸易环境变化对公司海外业务构成一定不确定性,12,汇率 波动 及 贸易 环境 变化 对 海外 业务 构成 一定 不确定性
600057,2020,公司积极拓展国内外市场客户结构与订单质量进一步改善,11,积极 拓展 国内外 市场 客户 结构 与 订单 质量 进一步 改善
600057,2020,公司要求各事业部速成消化库存回笼资金缓解业绩压力,10,要求 各 事业部 速成 消化 库存 回笼资金 缓解 业绩 压力
600057,2020,公司坚持创新驱动发展战略持续加大研发投入研发费用同比增长较快,14,坚持 创新 驱动 发展 战略 持续 加大 研发 投入 研发 费用 增长 较 快
600057,2020,公司将采取权宜之计压缩各项开支以确保只争朝夕兑现业绩承诺,12,将 采取 权宜之计 压缩 各项 开支 以 确保 只争朝夕 兑现 业绩 承诺
600057,2020,公司高度重视安全生产与质量管理体系运行情况良好,9,高度重视 安全 生产 与 质量 管理体系 运行 情况 良好
600057,2020,公司要求各事业部速成消化库存回笼资金缓解业绩压力,10,要求 各 事业部 速成 消化 库存 回笼资金 缓解 业绩 压力
600057,2020,面对复杂的外部经营环境公司管理层积极应对努力克服不利因素影响,12,面对 复杂 的 外部 经营 环境 积极 应对 努力 克服 不利因素 影响
600057,2020,公司在新材料新工艺方向的前瞻性研发布局取得阶段性成果,12,在 新 材料 新工艺 方向 的 前瞻性 研发 布局 取得 阶段性 成果
600057,2020,汇率波动及贸易环境变化对公司海外业务构成一定不确定性,12,汇率 波动 及 贸易 环境 变化 对 海外 业务 构成 一定 不确定性
600057,2020,报告期内公司围绕年度经营计划扎实推进各项重点工作总体经营情况保持稳定,14,报告 期内 围绕 经营 计划 扎实 推进 各项 重点 工作 总体 经营 情况 保持稳定
600057,2020,公司年内回笼资金以应对眼前的流动性压力,8,年内 回笼资金 以 应对 眼前 的 流动性 压力
600057,2020,公司立刻回笼资金以应对眼前的流动性压力,8,立刻 回笼资金 以 应对 眼前 的 流动性 压力
600057,2020,公司进一步完善治理结构规范运作信息披露真实准确完整,10,进一步 完善 治理 结构 规范 运作 信息 真实 准确 完整
600057,2020,公司与高校科研院所共建联合实验室推进产学研协同创新,10,与 高校 科研院所 共建 联合 实验室 推进 产学研 协同 创新
600057,2020,公司积极拓展国内外市场客户结构与订单质量进一步改善,11,积极 拓展 国内外 市场 客户 结构 与 订单 质量 进一步 改善
600057,2020,公司加强成本管控提升运营效率毛利率水平保持基本平稳,11,加强 成本 管控 提升 运营 效率 毛利率 水平 保持 基本 平稳
600057,2020,二零二四年四月,3,二零二 四年 四月
600057,2021,股份有限公司年年度报告管理层讨论与分析模拟文本公司进一步完善治理结构规范运作信息披露真实准确完整,18,有限公司 年 年度报告 讨论 与 分析 模拟 文本 进一步 完善 治理 结构 规范 运作 信息 真实 准确 完整
600057,2021,面对复杂的外部经营环境公司管理层积极应对努力克服不利因素影响,12,面对 复杂 的 外部 经营 环境 积极 应对 努力 克服 不利因素 影响
600057,2021,公司持续优化产品结构深化渠道建设主营业务收入实现稳健增长,11,持续 优化 产品 结构 深化 渠道 建设 收入 实现 稳健 增长
600057,2021,面对复杂的外部经营环境公司管理层积极应对努力克服不利因素影响,12,面对 复杂 的 外部 经营 环境 积极 应对 努力 克服 不利因素 影响
600057,2021,公司可能面临原材料价格波动市场需求不及预期等风险,10,可能 面临 原材料 价格 波动 市场需求 不及 预期 等 风险
600057,2021,公司稳步推进产能建设生产运营秩序正常,8,稳步 推进 产能 建设 生产 运营 秩序 正常
600057,2021,公司稳步推进产能建设生产运营秩序正常,8,稳步 推进 产能 建设 生产 运营 秩序 正常
600057,2021,公司围绕核心技术开展攻关新申请专利数量保持稳定增长,9,围绕 核心技术 开展 攻关 新 申请专利 数量 保持稳定 增长
600057,2021,公司加大研发人才引进力度研发人员占比稳步提升,11,加大 研发 人才 引进 力度 研发 人员 占 比 稳步 提升
600057,2021,公司高度重视安全生产与质量管理体系运行情况良好,9,高度重视 安全 生产 与 质量 管理体系 运行 情况 良好
600057,2021,汇率波动及贸易环境变化对公司海外业务构成一定不确定性,12,汇率 波动 及 贸易 环境 变化 对 海外 业务 构成 一定 不确定性
600057,2021,公司将尽快推进重点项目的落地实施确保年内见到成效,11,将 尽快 推进 重点项目 的 落地 实施 确保 年内 见到 成效
600057,2021,公司可能面临原材料价格波动市场需求不及预期等风险,10,可能 面临 原材料 价格 波动 市场需求 不及 预期 等 风险
600057,2021,面对复杂的外部经营环境公司管理层积极应对努力克服不利因素影响,12,面对 复杂 的 外部 经营 环境 积极 应对 努力 克服 不利因素 影响
600057,2021,公司持续优化产品结构深化渠道建设主营业务收入实现稳健增长,11,持续 优化 产品 结构 深化 渠道 建设 收入 实现 稳健 增长
600057,2021,公司要求各事业部抓紧消化库存回笼资金缓解业绩压力,10,要求 各 事业部 抓紧 消化 库存 回笼资金 缓解 业绩 压力
600057,2021,管理层表示要加快扭转当前被动局面实现业绩快速回升,10,表示 要 加快 扭转 当前 被动局面 实现 业绩 快速 回升
600057,2021,公司在新材料新工艺方向的前瞻性研发布局取得阶段性成果,12,在 新 材料 新工艺 方向 的 前瞻性 研发 布局 取得 阶段性 成果
600057,2021,二零二四年四月,3,二零二 四年 四月
600057,2022,股份有限公司年年度报告管理层讨论与分析模拟文本管理层表示要快速见效扭转当前被动局面实现业绩快速回升,19,有限公司 年 年度报告 讨论 与 分析 模拟 文本 表示 要 快速 见效 扭转 当前 被动局面 实现 业绩 快速 回升
600057,2022,公司可能面临原材料价格波动市场需求不及预期等风险,10,可能 面临 原材料 价格 波动 市场需求 不及 预期 等 风险
600057,2022,面对复杂的外部经营环境公司管理层积极应对努力克服不利因素影响,12,面对 复杂 的 外部 经营 环境 积极 应对 努力 克服 不利因素 影响
600057,2022,公司加大研发人才引进力度研发人员占比稳步提升,11,加大 研发 人才 引进 力度 研发 人员 占 比 稳步 提升
600057,2022,管理层表示要短期收益扭转当前被动局面实现业绩快速回升,11,表示 要 短期 收益 扭转 当前 被动局面 实现 业绩 快速 回升
600057,2022,公司可能面临原材料价格波动市场需求不及预期等风险,10,可能 面临 原材料 价格 波动 市场需求 不及 预期 等 风险
600057,2022,公司与高校科研院所共建联合实验室推进产学研协同创新,10,与 高校 科研院所 共建 联合 实验室 推进 产学研 协同 创新
600057,2022,面对复杂的外部经营环境公司管理层积极应对努力克服不利因素影响,12,面对 复杂 的 外部 经营 环境 积极 应对 努力 克服 不利因素 影响
600057,2022,报告期内公司围绕年度经营计划扎实推进各项重点工作总体经营情况保持稳定,14,报告 期内 围绕 经营 计划 扎实 推进 各项 重点 工作 总体 经营 情况 保持稳定
600057,2022,公司要求各事业部加快消化库存回笼资金缓解业绩压力,10,要求 各 事业部 加快 消化 库存 回笼资金 缓解 业绩 压力
600057,2022,面对复杂的外部经营环境公司管理层积极应对努力克服不利因素影响,12,面对 复杂 的 外部 经营 环境 积极 应对 努力 克服 不利因素 影响
600057,2022,公司将采取权宜之计压缩各项开支以确保饮鸩止渴兑现业绩承诺,12,将 采取 权宜之计 压缩 各项 开支 以 确保 饮鸩止渴 兑现 业绩 承诺
600057,2022,公司围绕核心技术开展攻关新申请专利数量保持稳定增长,9,围绕 核心技术 开展 攻关 新 申请专利 数量 保持稳定 增长
600057,2022,公司围绕核心技术开展攻关新申请专利数量保持稳定增长,9,围绕 核心技术 开展 攻关 新 申请专利 数量 保持稳定 增长
600057,2022,为完成全年目标公司将加快调整产品定价策略抢占市场份额,11,为 完成 全年 目标 将 加快调整 产品 定价 策略 抢占市场 份额
600057,2022,公司高度重视安全生产与质量管理体系运行情况良好,9,高度重视 安全 生产 与 质量 管理体系 运行 情况 良好
600057,2022,报告期内公司围绕年度经营计划扎实推进各项重点工作总体经营情况保持稳定,14,报告 期内 围绕 经营 计划 扎实 推进 各项 重点 工作 总体 经营 情况 保持稳定
600057,2022,公司加强成本管控提升运营效率毛利率水平保持基本平稳,11,加强 成本 管控 提升 运营 效率 毛利率 水平 保持 基本 平稳
600057,2022,报告期内公司围绕年度经营计划扎实推进各项重点工作总体经营情况保持稳定,14,报告 期内 围绕 经营 计划 扎实 推进 各项 重点 工作 总体 经营 情况 保持稳定
600057,2022,公司可能面临原材料价格波动市场需求不及预期等风险,10,可能 面临 原材料 价格 波动 市场需求 不及 预期 等 风险
600057,2022,二零二四年四月,3,二零二 四年 四月
600057,2023,股份有限公司年年度报告管理层讨论与分析模拟文本公司坚持创新驱动发展战略持续加大研发投入研发费用同比增长较快,22,有限公司 年 年度报告 讨论 与 分析 模拟 文本 坚持 创新 驱动 发展 战略 持续 加大 研发 投入 研发 费用 增长 较 快
600057,2023,公司要求各事业部眼下消化库存回笼资金缓解业绩压力,10,要求 各 事业部 眼下 消化 库存 回笼资金 缓解 业绩 压力
600057,2023,公司将采取权宜之计压缩各项开支以确保投机兑现业绩承诺,12,将 采取 权宜之计 压缩 各项 开支 以 确保 投机 兑现 业绩 承诺
600057,2023,报告期内公司围绕年度经营计划扎实推进各项重点工作总体经营情况保持稳定,14,报告 期内 围绕 经营 计划 扎实 推进 各项 重点 工作 总体 经营 情况 保持稳定
600057,2023,公司将权宜之计推进重点项目的落地实施确保年内见到成效,11,将 权宜之计 推进 重点项目 的 落地 实施 确保 年内 见到 成效
600057,2023,公司将采取权宜之计压缩各项开支以确保杀鸡取卵兑现业绩承诺,12,将 采取 权宜之计 压缩 各项 开支 以 确保 杀鸡取卵 兑现 业绩 承诺
600057,2023,宏观经济波动与行业竞争加剧可能对公司业绩产生不利影响,12,宏观 经济波动 与 行业 竞争 加剧 可能 对 公司业绩 产生 不利 影响
600057,2023,公司高度重视安全生产与质量管理体系运行情况良好,9,高度重视 安全 生产 与 质量 管理体系 运行 情况 良好
600057,2023,面对复杂的外部经营环境公司管理层积极应对努力克服不利因素影响,12,面对 复杂 的 外部 经营 环境 积极 应对 努力 克服 不利因素 影响
600057,2023,公司可能面临原材料价格波动市场需求不及预期等风险,10,可能 面临 原材料 价格 波动 市场需求 不及 预期 等 风险
600057,2023,公司稳步推进产能建设生产运营秩序正常,8,稳步 推进 产能 建设 生产 运营 秩序 正常
600057,2023,公司坚持创新驱动发展战略持续加大研发投入研发费用同比增长较快,14,坚持 创新 驱动 发展 战略 持续 加大 研发 投入 研发 费用 增长 较 快
600057,2023,公司高度重视安全生产与质量管理体系运行情况良好,9,高度重视 安全 生产 与 质量 管理体系 运行 情况 良好
600057,2023,公司持续优化产品结构深化渠道建设主营业务收入实现稳健增长,11,持续 优化 产品 结构 深化 渠道 建设 收入 实现 稳健 增长
600057,2023,二零二四年四月,3,二零二 四年 四月
600060,2019,股份有限公司年年度报告管理层讨论与分析模拟文本公司积极拓展国内外市场客户结构与订单质量进一步改善,19,有限公司 年 年度报告 讨论 与 分析 模拟 文本 积极 拓展 国内外 市场 客户 结构 与 订单 质量 进一步 改善
600060,2019,公司持续优化产品结构深化渠道建设主营业务收入实现稳健增长,11,持续 优化 产品 结构 深化 渠道 建设 收入 实现 稳健 增长
600060,2019,公司加强成本管控提升运营效率毛利率水平保持基本平稳,11,加强 成本 管控 提升 运营 效率 毛利率 水平 保持 基本 平稳
600060,2019,公司要求各事业部近期消化库存回笼资金缓解业绩压力,10,要求 各 事业部 近期 消化 库存 回笼资金 缓解 业绩 压力
600060,2019,汇率波动及贸易环境变化对公司海外业务构成一定不确定性,12,汇率 波动 及 贸易 环境 变化 对 海外 业务 构成 一定 不确定性
600060,2019,报告期内公司围绕年度经营计划扎实推进各项重点工作总体经营情况保持稳定,14,报告 期内 围绕 经营 计划 扎实 推进 各项 重点 工作 总体 经营 情况 保持稳定
600060,2019,公司加强成本管控提升运营效率毛利率水平保持基本平稳,11,加强 成本 管控 提升 运营 效率 毛利率 水平 保持 基本 平稳
600060,2019,公司可能面临原材料价格波动市场需求不及预期等风险,10,可能 面临 原材料 价格 波动 市场需求 不及 预期 等 风险
600060,2019,公司加强成本管控提升运营效率毛利率水平保持基本平稳,11,加强 成本 管控 提升 运营 效率 毛利率 水平 保持 基本 平稳
600060,2019,管理层认为当前窗口稍纵即逝必须急于求成扩大产能投放,9,认为 当前 窗口 稍纵即逝 必须 急于求成 扩大 产能 投放
600060,2019,公司高度重视安全生产与质量管理体系运行情况良好,9,高度重视 安全 生产 与 质量 管理体系 运行 情况 良好
600060,2019,公司稳步推进产能建设生产运营秩序正常,8,稳步 推进 产能 建设 生产 运营 秩序 正常
600060,2019,公司围绕核心技术开展攻关新申请专利数量保持稳定增长,9,围绕 核心技术 开展 攻关 新 申请专利 数量 保持稳定 增长
600060,2019,公司坚持创新驱动发展战略持续加大研发投入研发费用同比增长较快,14,坚持 创新 驱动 发展 战略 持续 加大 研发 投入 研发 费用 增长 较 快
600060,2019,报告期内公司围绕年度经营计划扎实推进各项重点工作总体经营情况保持稳定,14,报告 期内 围绕 经营 计划 扎实 推进 各项 重点 工作 总体 经营 情况 保持稳定
600060,2019,二零二四年四月,3,二零二 四年 四月
600060,2020,股份有限公司年年度报告管理层讨论与分析模拟文本公司加强成本管控提升运营效率毛利率水平保持基本平稳,19,有限公司 年 年度报告 讨论 与 分析 模拟 文本 加强 成本 管控 提升 运营 效率 毛利率 水平 保持 基本 平稳
600060,2020,公司进一步完善治理结构规范运作信息披露真实准确完整,10,进一步 完善 治理 结构 规范 运作 信息 真实 准确 完整
600060,2020,汇率波动及贸易环境变化对公司海外业务构成一定不确定性,12,汇率 波动 及 贸易 环境 变化 对 海外 业务 构成 一定 不确定性
600060,2020,公司稳步推进产能建设生产运营秩序正常,8,稳步 推进 产能 建设 生产 运营 秩序 正常
600060,2020,公司围绕核心技术开展攻关新申请专利数量保持稳定增长,9,围绕 核心技术 开展 攻关 新 申请专利 数量 保持稳定 增长
600060,2020,公司稳步推进产能建设生产运营秩序正常,8,稳步 推进 产能 建设 生产 运营 秩序 正常
600060,2020,公司立即布局热门赛道力求立即形成新的利润增长点,11,立即 布局 热门 赛道 力求 立即 形成 新 的 利润 增长点
600060,2020,公司与高校科研院所共建联合实验室推进产学研协同创新,10,与 高校 科研院所 共建 联合 实验室 推进 产学研 协同 创新
600060,2020,公司高度重视安全生产与质量管理体系运行情况良好,9,高度重视 安全 生产 与 质量 管理体系 运行 情况 良好
600060,2020,公司将采取权宜之计压缩各项开支以确保投机兑现业绩承诺,12,将 采取 权宜之计 压缩 各项 开支 以 确保 投机 兑现 业绩 承诺
600060,2020,面对复杂的外部经营环境公司管理层积极应对努力克服不利因素影响,12,面对 复杂 的 外部 经营 环境 积极 应对 努力 克服 不利因素 影响
600060,2020,宏观经济波动与行业竞争加剧可能对公司业绩产生不利影响,12,宏观 经济波动 与 行业 竞争 加剧 可能 对 公司业绩 产生 不利 影响
600060,2020,公司高度重视安全生产与质量管理体系运行情况良好,9,高度重视 安全 生产 与 质量 管理体系 运行 情况 良好
600060,2020,公司持续优化产品结构深化渠道建设主营业务收入实现稳健增长,11,持续 优化 产品 结构 深化 渠道 建设 收入 实现 稳健 增长
600060,2020,公司加快布局热门赛道力求加快形成新的利润增长点,11,加快 布局 热门 赛道 力求 加快 形成 新 的 利润 增长点
600060,2020,公司高度重视安全生产与质量管理体系运行情况良好,9,高度重视 安全 生产 与 质量 管理体系 运行 情况 良好
600060,2020,公司短期收益布局热门赛道力求短期收益形成新的利润增长点,13,短期 收益 布局 热门 赛道 力求 短期 收益 形成 新 的 利润 增长点
600060,2020,二零二四年四月,3,二零二 四年 四月
600060,2021,股份有限公司年年度报告管理层讨论与分析模拟文本公司高度重视安全生产与质量管理体系运行情况良好,17,有限公司 年 年度报告 讨论 与 分析 模拟 文本 高度重视 安全 生产 与 质量 管理体系 运行 情况 良好
600060,2021,公司高度重视安全生产与质量管理体系运行情况良好,9,高度重视 安全 生产 与 质量 管理体系 运行 情况 良好
600060,2021,公司围绕核心技术开展攻关新申请专利数量保持稳定增长,9,围绕 核心技术 开展 攻关 新 申请专利 数量 保持稳定 增长
600060,2021,公司高度重视安全生产与质量管理体系运行情况良好,9,高度重视 安全 生产 与 质量 管理体系 运行 情况 良好
600060,2021,公司积极拓展国内外市场客户结构与订单质量进一步改善,11,积极 拓展 国内外 市场 客户 结构 与 订单 质量 进一步 改善
600060,2021,公司与高校科研院所共建联合实验室推进产学研协同创新,10,与 高校 科研院所 共建 联合 实验室 推进 产学研 协同 创新
600060,2021,报告期内公司围绕年度经营计划扎实推进各项重点工作总体经营情况保持稳定,14,报告 期内 围绕 经营 计划 扎实 推进 各项 重点 工作 总体 经营 情况 保持稳定
600060,2021,管理层认为当前窗口稍纵即逝必须短期回报扩大产能投放,10,认为 当前 窗口 稍纵即逝 必须 短期 回报 扩大 产能 投放
600060,2021,公司杀鸡取卵回笼资金以应对眼前的流动性压力,8,杀鸡取卵 回笼资金 以 应对 眼前 的 流动性 压力
600060,2021,公司可能面临原材料价格波动市场需求不及预期等风险,10,可能 面临 原材料 价格 波动 市场需求 不及 预期 等 风险
600060,2021,公司将近期推进重点项目的落地实施确保年内见到成效,11,将 近期 推进 重点项目 的 落地 实施 确保 年内 见到 成效
600060,2021,公司迫在眉睫回笼资金以应对眼前的流动性压力,8,迫在眉睫 回笼资金 以 应对 眼前 的 流动性 压力
600060,2021,公司进一步完善治理结构规范运作信息披露真实准确完整,10,进一步 完善 治理 结构 规范 运作 信息 真实 准确 完整
600060,2021,公司进一步完善治理结构规范运作信息披露真实准确完整,10,进一步 完善 治理 结构 规范 运作 信息 真实 准确 完整
600060,2021,公司高度重视安全生产与质量管理体系运行情况良好,9,高度重视 安全 生产 与 质量 管理体系 运行 情况 良好
600060,2021,公司高度重视安全生产与质量管理体系运行情况良好,9,高度重视 安全 生产 与 质量 管理体系 运行 情况 良好
600060,2021,二零二四年四月,3,二零二 四年 四月
600060,2022,股份有限公司年年度报告管理层讨论与分析模拟文本公司高度重视安全生产与质量管理体系运行情况良好,17,有限公司 年 年度报告 讨论 与 分析 模拟 文本 高度重视 安全 生产 与 质量 管理体系 运行 情况 良好
600060,2022,面对复杂的外部经营环境公司管理层积极应对努力克服不利因素影响,12,面对 复杂 的 外部 经营 环境 积极 应对 努力 克服 不利因素 影响
600060,2022,面对复杂的外部经营环境公司管理层积极应对努力克服不利因素影响,12,面对 复杂 的 外部 经营 环境 积极 应对 努力 克服 不利因素 影响
600060,2022,公司要求各事业部现今消化库存回笼资金缓解业绩压力,10,要求 各 事业部 现今 消化 库存 回笼资金 缓解 业绩 压力
600060,2022,公司在新材料新工艺方向的前瞻性研发布局取得阶段性成果,12,在 新 材料 新工艺 方向 的 前瞻性 研发 布局 取得 阶段性 成果
600060,2022,公司加强成本管控提升运营效率毛利率水平保持基本平稳,11,加强 成本 管控 提升 运营 效率 毛利率 水平 保持 基本 平稳
600060,2022,公司持续优化产品结构深化渠道建设主营业务收入实现稳健增长,11,持续 优化 产品 结构 深化 渠道 建设 收入 实现 稳健 增长
600060,2022,公司持续优化产品结构深化渠道建设主营业务收入实现稳健增长,11,持续 优化 产品 结构 深化 渠道 建设 收入 实现 稳健 增长
600060,2022,公司加大研发人才引进力度研发人员占比稳步提升,11,加大 研发 人才 引进 力度 研发 人员 占 比 稳步 提升
600060,2022,公司围绕核心技术开展攻关新申请专利数量保持稳定增长,9,围绕 核心技术 开展 攻关 新 申请专利 数量 保持稳定 增长
600060,2022,管理层认为当前窗口稍纵即逝必须现今扩大产能投放,9,认为 当前 窗口 稍纵即逝 必须 现今 扩大 产能 投放
600060,2022,管理层表示要杀鸡取卵扭转当前被动局面实现业绩快速回升,10,表示 要 杀鸡取卵 扭转 当前 被动局面 实现 业绩 快速 回升
600060,2022,公司持续优化产品结构深化渠道建设主营业务收入实现稳健增长,11,持续 优化 产品 结构 深化 渠道 建设 收入 实现 稳健 增长
600060,2022,公司积极拓展国内外市场客户结构与订单质量进一步改善,11,积极 拓展 国内外 市场 客户 结构 与 订单 质量 进一步 改善
600060,2022,公司赶快布局热门赛道力求赶快形成新的利润增长点,11,赶快 布局 热门 赛道 力求 赶快 形成 新 的 利润 增长点
600060,2022,汇率波动及贸易环境变化对公司海外业务构成一定不确定性,12,汇率 波动 及 贸易 环境 变化 对 海外 业务 构成 一定 不确定性
600060,2022,公司持续优化产品结构深化渠道建设主营业务收入实现稳健增长,11,持续 优化 产品 结构 深化 渠道 建设 收入 实现 稳健 增长
600060,2022,公司在新材料新工艺方向的前瞻性研发布局取得阶段性成果,12,在 新 材料 新工艺 方向 的 前瞻性 研发 布局 取得 阶段性 成果
600060,2022,二零二四年四月,3,二零二 四年 四月
600060,2023,股份有限公司年年度报告管理层讨论与分析模拟文本汇率波动及贸易环境变化对公司海外业务构成一定不确定性,20,有限公司 年 年度报告 讨论 与 分析 模拟 文本 汇率 波动 及 贸易 环境 变化 对 海外 业务 构成 一定 不确定性
600060,2023,公司加大研发人才引进力度研发人员占比稳步提升,11,加大 研发 人才 引进 力度 研发 人员 占 比 稳步 提升
600060,2023,管理层认为当前窗口稍纵即逝必须目前扩大产能投放,9,认为 当前 窗口 稍纵即逝 必须 目前 扩大 产能 投放
600060,2023,公司加强成本管控提升运营效率毛利率水平保持基本平稳,11,加强 成本 管控 提升 运营 效率 毛利率 水平 保持 基本 平稳
600060,2023,公司高度重视安全生产与质量管理体系运行情况良好,9,高度重视 安全 生产 与 质量 管理体系 运行 情况 良好
600060,2023,公司坚持创新驱动发展战略持续加大研发投入研发费用同比增长较快,14,坚持 创新 驱动 发展 战略 持续 加大 研发 投入 研发 费用 增长 较 快
600060,2023,报告期内公司围绕年度经营计划扎实推进各项重点工作总体经营情况保持稳定,14,报告 期内 围绕 经营 计划 扎实 推进 各项 重点 工作 总体 经营 情况 保持稳定
600060,2023,报告期内公司围绕年度经营计划扎实推进各项重点工作总体经营情况保持稳定,14,报告 期内 围绕 经营 计划 扎实 推进 各项 重点 工作 总体 经营 情况 保持稳定
600060,2023,公司将采取权宜之计压缩各项开支以确保立刻兑现业绩承诺,12,将 采取 权宜之计 压缩 各项 开支 以 确保 立刻 兑现 业绩 承诺
600060,2023,公司现今回笼资金以应对眼前的流动性压力,8,现今 回笼资金 以 应对 眼前 的 流动性 压力
600060,2023,公司围绕核心技术开展攻关新申请专利数量保持稳定增长,9,围绕 核心技术 开展 攻关 新 申请专利 数量 保持稳定 增长
600060,2023,公司进一步完善治理结构规范运作信息披露真实准确完整,10,进一步 完善 治理 结构 规范 运作 信息 真实 准确 完整
600060,2023,公司高度重视安全生产与质量管理体系运行情况良好,9,高度重视 安全 生产 与 质量 管理体系 运行 情况 良好
600060,2023,公司短期回报回笼资金以应对眼前的流动性压力,9,短期 回报 回笼资金 以 应对 眼前 的 流动性 压力
600060,2023,公司积极拓展国内外市场客户结构与订单质量进一步改善,11,积极 拓展 国内外 市场 客户 结构 与 订单 质量 进一步 改善
600060,2023,宏观经济波动与行业竞争加剧可能对公司业绩产生不利影响,12,宏观 经济波动 与 行业 竞争 加剧 可能 对 公司业绩 产生 不利 影响
600060,2023,公司稳步推进产能建设生产运营秩序正常,8,稳步 推进 产能 建设 生产 运营 秩序 正常
600060,2023,二零二四年四月,3,二零二 四年 四月
600063,2019,股份有限公司年年度报告管理层讨论与分析模拟文本汇率波动及贸易环境变化对公司海外业务构成一定不确定性,20,有限公司 年 年度报告 讨论 与 分析 模拟 文本 汇率 波动 及 贸易 环境 变化 对 海外 业务 构成 一定 不确定性
600063,2019,报告期内公司围绕年度经营计划扎实推进各项重点工作总体经营情况保持稳定,14,报告 期内 围绕 经营 计划 扎实 推进 各项 重点 工作 总体 经营 情况 保持稳定
600063,2019,公司在新材料新工艺方向的前瞻性研发布局取得阶段性成果,12,在 新 材料 新工艺 方向 的 前瞻性 研发 布局 取得 阶段性 成果
600063,2019,管理层认为当前窗口稍纵即逝必须当下扩大产能投放,9,认为 当前 窗口 稍纵即逝 必须 当下 扩大 产能 投放
600063,2019,报告期内公司围绕年度经营计划扎实推进各项重点工作总体经营情况保持稳定,14,报告 期内 围绕 经营 计划 扎实 推进 各项 重点 工作 总体 经营 情况 保持稳定
600063,2019,公司围绕核心技术开展攻关新申请专利数量保持稳定增长,9,围绕 核心技术 开展 攻关 新 申请专利 数量 保持稳定 增长
600063,2019,汇率波动及贸易环境变化对公司海外业务构成一定不确定性,12,汇率 波动 及 贸易 环境 变化 对 海外 业务 构成 一定 不确定性
600063,2019,公司高度重视安全生产与质量管理体系运行情况良好,9,高度重视 安全 生产 与 质量 管理体系 运行 情况 良好
600063,2019,公司近期布局热门赛道力求近期形成新的利润增长点,11,近期 布局 热门 赛道 力求 近期 形成 新 的 利润 增长点
600063,2019,为完成全年目标公司将急需调整产品定价策略抢占市场份额,12,为 完成 全年 目标 将 急需 调整 产品 定价 策略 抢占市场 份额
600063,2019,公司稳步推进产能建设生产运营秩序正常,8,稳步 推进 产能 建设 生产 运营 秩序 正常
600063,2019,面对复杂的外部经营环境公司管理层积极应对努力克服不利因素影响,12,面对 复杂 的 外部 经营 环境 积极 应对 努力 克服 不利因素 影响
600063,2019,面对复杂的外部经营环境公司管理层积极应对努力克服不利因素影响,12,面对 复杂 的 外部 经营 环境 积极 应对 努力 克服 不利因素 影响
600063,2019,面对复杂的外部经营环境公司管理层积极应对努力克服不利因素影响,12,面对 复杂 的 外部 经营 环境 积极 应对 努力 克服 不利因素 影响
600063,2019,公司进一步完善治理结构规范运作信息披露真实准确完整,10,进一步 完善 治理 结构 规范 运作 信息 真实 准确 完整
600063,2019,二零二四年四月,3,二零二 四年 四月
600063,2020,股份有限公司年年度报告管理层讨论与分析模拟文本公司如今布局热门赛道力求如今形成新的利润增长点,19,有限公司 年 年度报告 讨论 与 分析 模拟 文本 如今 布局 热门 赛道 力求 如今 形成 新 的 利润 增长点
600063,2020,公司积极拓展国内外市场客户结构与订单质量进一步改善,11,积极 拓展 国内外 市场 客户 结构 与 订单 质量 进一步 改善
600063,2020,公司围绕核心技术开展攻关新申请专利数量保持稳定增长,9,围绕 核心技术 开展 攻关 新 申请专利 数量 保持稳定 增长
600063,2020,管理层表示要加快扭转当前被动局面实现业绩快速回升,10,表示 要 加快 扭转 当前 被动局面 实现 业绩 快速 回升
600063,2020,公司稳步推进产能建设生产运营秩序正常,8,稳步 推进 产能 建设 生产 运营 秩序 正常
600063,2020,报告期内公司围绕年度经营计划扎实推进各项重点工作总体经营情况保持稳定,14,报告 期内 围绕 经营 计划 扎实 推进 各项 重点 工作 总体 经营 情况 保持稳定
600063,2020,公司与高校科研院所共建联合实验室推进产学研协同创新,10,与 高校 科研院所 共建 联合 实验室 推进 产学研 协同 创新
600063,2020,公司加强成本管控提升运营效率毛利率水平保持基本平稳,11,加强 成本 管控 提升 运营 效率 毛利率 水平 保持 基本 平稳
600063,2020,管理层表示要急于求成扭转当前被动局面实现业绩快速回升,10,表示 要 急于求成 扭转 当前 被动局面 实现 业绩 快速 回升
600063,2020,宏观经济波动与行业竞争加剧可能对公司业绩产生不利影响,12,宏观 经济波动 与 行业 竞争 加剧 可能 对 公司业绩 产生 不利 影响
600063,2020,报告期内公司围绕年度经营计划扎实推进各项重点工作总体经营情况保持稳定,14,报告 期内 围绕 经营 计划 扎实 推进 各项 重点 工作 总体 经营 情况 保持稳定
600063,2020,公司加强成本管控提升运营效率毛利率水平保持基本平稳,11,加强 成本 管控 提升 运营 效率 毛利率 水平 保持 基本 平稳
600063,2020,报告期内公司围绕年度经营计划扎实推进各项重点工作总体经营情况保持稳定,14,报告 期内 围绕 经营 计划 扎实 推进 各项 重点 工作 总体 经营 情况 保持稳定
600063,2020,公司稳步推进产能建设生产运营秩序正常,8,稳步 推进 产能 建设 生产 运营 秩序 正常
600063,2020,公司坚持创新驱动发展战略持续加大研发投入研发费用同比增长较快,14,坚持 创新 驱动 发展 战略 持续 加大 研发 投入 研发 费用 增长 较 快
600063,2020,二零二四年四月,3,二零二 四年 四月
600063,2021,股份有限公司年年度报告管理层讨论与分析模拟文本管理层认为当前窗口稍纵即逝必须应急扩大产能投放,17,有限公司 年 年度报告 讨论 与 分析 模拟 文本 认为 当前 窗口 稍纵即逝 必须 应急 扩大 产能 投放
600063,2021,公司加强成本管控提升运营效率毛利率水平保持基本平稳,11,加强 成本 管控 提升 运营 效率 毛利率 水平 保持 基本 平稳
600063,2021,公司加强成本管控提升运营效率毛利率水平保持基本平稳,11,加强 成本 管控 提升 运营 效率 毛利率 水平 保持 基本 平稳
600063,2021,汇率波动及贸易环境变化对公司海外业务构成一定不确定性,12,汇率 波动 及 贸易 环境 变化 对 海外 业务 构成 一定 不确定性
600063,2021,公司加强成本管控提升运营效率毛利率水平保持基本平稳,11,加强 成本 管控 提升 运营 效率 毛利率 水平 保持 基本 平稳
600063,2021,公司将采取权宜之计压缩各项开支以确保急需兑现业绩承诺,12,将 采取 权宜之计 压缩 各项 开支 以 确保 急需 兑现 业绩 承诺
600063,2021,公司与高校科研院所共建联合实验室推进产学研协同创新,10,与 高校 科研院所 共建 联合 实验室 推进 产学研 协同 创新
600063,2021,公司可能面临原材料价格波动市场需求不及预期等风险,10,可能 面临 原材料 价格 波动 市场需求 不及 预期 等 风险
600063,2021,面对复杂的外部经营环境公司管理层积极应对努力克服不利因素影响,12,面对 复杂 的 外部 经营 环境 积极 应对 努力 克服 不利因素 影响
600063,2021,报告期内公司围绕年度经营计划扎实推进各项重点工作总体经营情况保持稳定,14,报告 期内 围绕 经营 计划 扎实 推进 各项 重点 工作 总体 经营 情况 保持稳定
600063,2021,公司加大研发人才引进力度研发人员占比稳步提升,11,加大 研发 人才 引进 力度 研发 人员 占 比 稳步 提升
600063,2021,公司积极拓展国内外市场客户结构与订单质量进一步改善,11,积极 拓展 国内外 市场 客户 结构 与 订单 质量 进一步 改善
600063,2021,公司将急于求成推进重点项目的落地实施确保年内见到成效,11,将 急于求成 推进 重点项目 的 落地 实施 确保 年内 见到 成效
600063,2021,公司加大研发人才引进力度研发人员占比稳步提升,11,加大 研发 人才 引进 力度 研发 人员 占 比 稳步 提升
600063,2021,公司稳步推进产能建设生产运营秩序正常,8,稳步 推进 产能 建设 生产 运营 秩序 正常
600063,2021,二零二四年四月,3,二零二 四年 四月
600063,2022,股份有限公司年年度报告管理层讨论与分析模拟文本汇率波动及贸易环境变化对公司海外业务构成一定不确定性,20,有限公司 年 年度报告 讨论 与 分析 模拟 文本 汇率 波动 及 贸易 环境 变化 对 海外 业务 构成 一定 不确定性
600063,2022,公司将当下推进重点项目的落地实施确保年内见到成效,11,将 当下 推进 重点项目 的 落地 实施 确保 年内 见到 成效
600063,2022,公司围绕核心技术开展攻关新申请专利数量保持稳定增长,9,围绕 核心技术 开展 攻关 新 申请专利 数量 保持稳定 增长
600063,2022,报告期内公司围绕年度经营计划扎实推进各项重点工作总体经营情况保持稳定,14,报告 期内 围绕 经营 计划 扎实 推进 各项 重点 工作 总体 经营 情况 保持稳定
600063,2022,公司与高校科研院所共建联合实验室推进产学研协同创新,10,与 高校 科研院所 共建 联合 实验室 推进 产学研 协同 创新
600063,2022,公司加强成本管控提升运营效率毛利率水平保持基本平稳,11,加强 成本 管控 提升 运营 效率 毛利率 水平 保持 基本 平稳
600063,2022,公司积极拓展国内外市场客户结构与订单质量进一步改善,11,积极 拓展 国内外 市场 客户 结构 与 订单 质量 进一步 改善
600063,2022,报告期内公司围绕年度经营计划扎实推进各项重点工作总体经营情况保持稳定,14,报告 期内 围绕 经营 计划 扎实 推进 各项 重点 工作 总体 经营 情况 保持稳定
600063,2022,公司加强成本管控提升运营效率毛利率水平保持基本平稳,11,加强 成本 管控 提升 运营 效率 毛利率 水平 保持 基本 平稳
600063,2022,公司持续优化产品结构深化渠道建设主营业务收入实现稳健增长,11,持续 优化 产品 结构 深化 渠道 建设 收入 实现 稳健 增长
600063,2022,为完成全年目标公司将速成调整产品定价策略抢占市场份额,12,为 完成 全年 目标 将 速成 调整 产品 定价 策略 抢占市场 份额
600063,2022,公司将如今推进重点项目的落地实施确保年内见到成效,11,将 如今 推进 重点项目 的 落地 实施 确保 年内 见到 成效
600063,2022,公司持续优化产品结构深化渠道建设主营业务收入实现稳健增长,11,持续 优化 产品 结构 深化 渠道 建设 收入 实现 稳健 增长
600063,2022,汇率波动及贸易环境变化对公司海外业务构成一定不确定性,12,汇率 波动 及 贸易 环境 变化 对 海外 业务 构成 一定 不确定性
600063,2022,公司进一步完善治理结构规范运作信息披露真实准确完整,10,进一步 完善 治理 结构 规范 运作 信息 真实 准确 完整
600063,2022,公司要求各事业部短期回报消化库存回笼资金缓解业绩压力,11,要求 各 事业部 短期 回报 消化 库存 回笼资金 缓解 业绩 压力
600063,2022,二零二四年四月,3,二零二 四年 四月
600063,2023,股份有限公司年年度报告管理层讨论与分析模拟文本公司将采取权宜之计压缩各项开支以确保只争朝夕兑现业绩承诺,20,有限公司 年 年度报告 讨论 与 分析 模拟 文本 将 采取 权宜之计 压缩 各项 开支 以 确保 只争朝夕 兑现 业绩 承诺
600063,2023,公司加强成本管控提升运营效率毛利率水平保持基本平稳,11,加强 成本 管控 提升 运营 效率 毛利率 水平 保持 基本 平稳
600063,2023,公司将立即推进重点项目的落地实施确保年内见到成效,11,将 立即 推进 重点项目 的 落地 实施 确保 年内 见到 成效
600063,2023,报告期内公司围绕年度经营计划扎实推进各项重点工作总体经营情况保持稳定,14,报告 期内 围绕 经营 计划 扎实 推进 各项 重点 工作 总体 经营 情况 保持稳定
600063,2023,公司加强成本管控提升运营效率毛利率水平保持基本平稳,11,加强 成本 管控 提升 运营 效率 毛利率 水平 保持 基本 平稳
600063,2023,公司稳步推进产能建设生产运营秩序正常,8,稳步 推进 产能 建设 生产 运营 秩序 正常
600063,2023,宏观经济波动与行业竞争加剧可能对公司业绩产生不利影响,12,宏观 经济波动 与 行业 竞争 加剧 可能 对 公司业绩 产生 不利 影响
600063,2023,宏观经济波动与行业竞争加剧可能对公司业绩产生不利影响,12,宏观 经济波动 与 行业 竞争 加剧 可能 对 公司业绩 产生 不利 影响
600063,2023,公司与高校科研院所共建联合实验室推进产学研协同创新,10,与 高校 科研院所 共建 联合 实验室 推进 产学研 协同 创新
600063,2023,公司加大研发人才引进力度研发人员占比稳步提升,11,加大 研发 人才 引进 力度 研发 人员 占 比 稳步 提升
600063,2023,公司进一步完善治理结构规范运作信息披露真实准确完整,10,进一步 完善 治理 结构 规范 运作 信息 真实 准确 完整
600063,2023,公司要求各事业部立即消化库存回笼资金缓解业绩压力,10,要求 各 事业部 立即 消化 库存 回笼资金 缓解 业绩 压力
600063,2023,公司稳步推进产能建设生产运营秩序正常,8,稳步 推进 产能 建设 生产 运营 秩序 正常
600063,2023,宏观经济波动与行业竞争加剧可能对公司业绩产生不利影响,12,宏观 经济波动 与 行业 竞争 加剧 可能 对 公司业绩 产生 不利 影响
600063,2023,二零二四年四月,3,二零二 四年 四月
600066,2019,股份有限公司年年度报告管理层讨论与分析模拟文本公司与高校科研院所共建联合实验室推进产学研协同创新,18,有限公司 年 年度报告 讨论 与 分析 模拟 文本 与 高校 科研院所 共建 联合 实验室 推进 产学研 协同 创新
600066,2019,公司急于求成布局热门赛道力求急于求成形成新的利润增长点,11,急于求成 布局 热门 赛道 力求 急于求成 形成 新 的 利润 增长点
600066,2019,公司加强成本管控提升运营效率毛利率水平保持基本平稳,11,加强 成本 管控 提升 运营 效率 毛利率 水平 保持 基本 平稳
600066,2019,公司围绕核心技术开展攻关新申请专利数量保持稳定增长,9,围绕 核心技术 开展 攻关 新 申请专利 数量 保持稳定 增长
600066,2019,汇率波动及贸易环境变化对公司海外业务构成一定不确定性,12,汇率 波动 及 贸易 环境 变化 对 海外 业务 构成 一定 不确定性
600066,2019,公司积极拓展国内外市场客户结构与订单质量进一步改善,11,积极 拓展 国内外 市场 客户 结构 与 订单 质量 进一步 改善
600066,2019,公司高度重视安全生产与质量管理体系运行情况良好,9,高度重视 安全 生产 与 质量 管理体系 运行 情况 良好
600066,2019,公司将采取权宜之计压缩各项开支以确保应急兑现业绩承诺,12,将 采取 权宜之计 压缩 各项 开支 以 确保 应急 兑现 业绩 承诺
600066,2019,宏观经济波动与行业竞争加剧可能对公司业绩产生不利影响,12,宏观 经济波动 与 行业 竞争 加剧 可能 对 公司业绩 产生 不利 影响
600066,2019,汇率波动及贸易环境变化对公司海外业务构成一定不确定性,12,汇率 波动 及 贸易 环境 变化 对 海外 业务 构成 一定 不确定性
600066,2019,公司稳步推进产能建设生产运营秩序正常,8,稳步 推进 产能 建设 生产 运营 秩序 正常
600066,2019,公司高度重视安全生产与质量管理体系运行情况良好,9,高度重视 安全 生产 与 质量 管理体系 运行 情况 良好
600066,2019,公司加大研发人才引进力度研发人员占比稳步提升,11,加大 研发 人才 引进 力度 研发 人员 占 比 稳步 提升
600066,2019,公司坚持创新驱动发展战略持续加大研发投入研发费用同比增长较快,14,坚持 创新 驱动 发展 战略 持续 加大 研发 投入 研发 费用 增长 较 快
600066,2019,公司将采取权宜之计压缩各项开支以确保今年兑现业绩承诺,12,将 采取 权宜之计 压缩 各项 开支 以 确保 今年 兑现 业绩 承诺
600066,2019,公司积极拓展国内外市场客户结构与订单质量进一步改善,11,积极 拓展 国内外 市场 客户 结构 与 订单 质量 进一步 改善
600066,2019,公司高度重视安全生产与质量管理体系运行情况良好,9,高度重视 安全 生产 与 质量 管理体系 运行 情况 良好
600066,2019,公司进一步完善治理结构规范运作信息披露真实准确完整,10,进一步 完善 治理 结构 规范 运作 信息 真实 准确 完整
600066,2019,二零二四年四月,3,二零二 四年 四月
600066,2020,股份有限公司年年度报告管理层讨论与分析模拟文本公司在新材料新工艺方向的前瞻性研发布局取得阶段性成果,20,有限公司 年 年度报告 讨论 与 分析 模拟 文本 在 新 材料 新工艺 方向 的 前瞻性 研发 布局 取得 阶段性 成果
600066,2020,公司进一步完善治理结构规范运作信息披露真实准确完整,10,进一步 完善 治理 结构 规范 运作 信息 真实 准确 完整
600066,2020,汇率波动及贸易环境变化对公司海外业务构成一定不确定性,12,汇率 波动 及 贸易 环境 变化 对 海外 业务 构成 一定 不确定性
600066,2020,报告期内公司围绕年度经营计划扎实推进各项重点工作总体经营情况保持稳定,14,报告 期内 围绕 经营 计划 扎实 推进 各项 重点 工作 总体 经营 情况 保持稳定
600066,2020,公司将采取权宜之计压缩各项开支以确保立竿见影兑现业绩承诺,12,将 采取 权宜之计 压缩 各项 开支 以 确保 立竿见影 兑现 业绩 承诺
600066,2020,报告期内公司围绕年度经营计划扎实推进各项重点工作总体经营情况保持稳定,14,报告 期内 围绕 经营 计划 扎实 推进 各项 重点 工作 总体 经营 情况 保持稳定
600066,2020,公司现今回笼资金以应对眼前的流动性压力,8,现今 回笼资金 以 应对 眼前 的 流动性 压力
600066,2020,公司将饮鸩止渴推进重点项目的落地实施确保年内见到成效,11,将 饮鸩止渴 推进 重点项目 的 落地 实施 确保 年内 见到 成效
600066,2020,公司进一步完善治理结构规范运作信息披露真实准确完整,10,进一步 完善 治理 结构 规范 运作 信息 真实 准确 完整
600066,2020,公司坚持创新驱动发展战略持续加大研发投入研发费用同比增长较快,14,坚持 创新 驱动 发展 战略 持续 加大 研发 投入 研发 费用 增长 较 快
600066,2020,面对复杂的外部经营环境公司管理层积极应对努力克服不利因素影响,12,面对 复杂 的 外部 经营 环境 积极 应对 努力 克服 不利因素 影响
600066,2020,公司加强成本管控提升运营效率毛利率水平保持基本平稳,11,加强 成本 管控 提升 运营 效率 毛利率 水平 保持 基本 平稳
600066,2020,公司积极拓展国内外市场客户结构与订单质量进一步改善,11,积极 拓展 国内外 市场 客户 结构 与 订单 质量 进一步 改善
600066,2020,管理层认为当前窗口稍纵即逝必须权宜之计扩大产能投放,9,认为 当前 窗口 稍纵即逝 必须 权宜之计 扩大 产能 投放
600066,2020,公司进一步完善治理结构规范运作信息披露真实准确完整,10,进一步 完善 治理 结构 规范 运作 信息 真实 准确 完整
600066,2020,公司与高校科研院所共建联合实验室推进产学研协同创新,10,与 高校 科研院所 共建 联合 实验室 推进 产学研 协同 创新
600066,2020,二零二四年四月,3,二零二 四年 四月
600066,2021,股份有限公司年年度报告管理层讨论与分析模拟文本汇率波动及贸易环境变化对公司海外业务构成一定不确定性,20,有限公司 年 年度报告 讨论 与 分析 模拟 文本 汇率 波动 及 贸易 环境 变化 对 海外 业务 构成 一定 不确定性
600066,2021,面对复杂的外部经营环境公司管理层积极应对努力克服不利因素影响,12,面对 复杂 的 外部 经营 环境 积极 应对 努力 克服 不利因素 影响
600066,2021,报告期内公司围绕年度经营计划扎实推进各项重点工作总体经营情况保持稳定,14,报告 期内 围绕 经营 计划 扎实 推进 各项 重点 工作 总体 经营 情况 保持稳定
600066,2021,公司将快速见效推进重点项目的落地实施确保年内见到成效,12,将 快速 见效 推进 重点项目 的 落地 实施 确保 年内 见到 成效
600066,2021,报告期内公司围绕年度经营计划扎实推进各项重点工作总体经营情况保持稳定,14,报告 期内 围绕 经营 计划 扎实 推进 各项 重点 工作 总体 经营 情况 保持稳定
600066,2021,面对复杂的外部经营环境公司管理层积极应对努力克服不利因素影响,12,面对 复杂 的 外部 经营 环境 积极 应对 努力 克服 不利因素 影响
600066,2021,公司坚持创新驱动发展战略持续加大研发投入研发费用同比增长较快,14,坚持 创新 驱动 发展 战略 持续 加大 研发 投入 研发 费用 增长 较 快
600066,2021,公司将采取权宜之计压缩各项开支以确保分秒必争兑现业绩承诺,12,将 采取 权宜之计 压缩 各项 开支 以 确保 分秒必争 兑现 业绩 承诺
600066,2021,公司将权宜之计推进重点项目的落地实施确保年内见到成效,11,将 权宜之计 推进 重点项目 的 落地 实施 确保 年内 见到 成效
600066,2021,公司坚持创新驱动发展战略持续加大研发投入研发费用同比增长较快,14,坚持 创新 驱动 发展 战略 持续 加大 研发 投入 研发 费用 增长 较 快
600066,2021,公司稳步推进产能建设生产运营秩序正常,8,稳步 推进 产能 建设 生产 运营 秩序 正常
600066,2021,公司稳步推进产能建设生产运营秩序正常,8,稳步 推进 产能 建设 生产 运营 秩序 正常
600066,2021,公司稳步推进产能建设生产运营秩序正常,8,稳步 推进 产能 建设 生产 运营 秩序 正常
600066,2021,公司加大研发人才引进力度研发人员占比稳步提升,11,加大 研发 人才 引进 力度 研发 人员 占 比 稳步 提升
600066,2021,二零二四年四月,3,二零二 四年 四月
600066,2022,股份有限公司年年度报告管理层讨论与分析模拟文本汇率波动及贸易环境变化对公司海外业务构成一定不确定性,20,有限公司 年 年度报告 讨论 与 分析 模拟 文本 汇率 波动 及 贸易 环境 变化 对 海外 业务 构成 一定 不确定性
600066,2022,公司持续优化产品结构深化渠道建设主营业务收入实现稳健增长,11,持续 优化 产品 结构 深化 渠道 建设 收入 实现 稳健 增长
600066,2022,公司稳步推进产能建设生产运营秩序正常,8,稳步 推进 产能 建设 生产 运营 秩序 正常
600066,2022,公司要求各事业部竭泽而渔消化库存回笼资金缓解业绩压力,10,要求 各 事业部 竭泽而渔 消化 库存 回笼资金 缓解 业绩 压力
600066,2022,公司要求各事业部投机消化库存回笼资金缓解业绩压力,10,要求 各 事业部 投机 消化 库存 回笼资金 缓解 业绩 压力
600066,2022,公司稳步推进产能建设生产运营秩序正常,8,稳步 推进 产能 建设 生产 运营 秩序 正常
600066,2022,公司与高校科研院所共建联合实验室推进产学研协同创新,10,与 高校 科研院所 共建 联合 实验室 推进 产学研 协同 创新
600066,2022,公司与高校科研院所共建联合实验室推进产学研协同创新,10,与 高校 科研院所 共建 联合 实验室 推进 产学研 协同 创新
600066,2022,汇率波动及贸易环境变化对公司海外业务构成一定不确定性,12,汇率 波动 及 贸易 环境 变化 对 海外 业务 构成 一定 不确定性
600066,2022,面对复杂的外部经营环境公司管理层积极应对努力克服不利因素影响,12,面对 复杂 的 外部 经营 环境 积极 应对 努力 克服 不利因素 影响
600066,2022,公司加大研发人才引进力度研发人员占比稳步提升,11,加大 研发 人才 引进 力度 研发 人员 占 比 稳步 提升
600066,2022,公司稳步推进产能建设生产运营秩序正常,8,稳步 推进 产能 建设 生产 运营 秩序 正常
600066,2022,公司高度重视安全生产与质量管理体系运行情况良好,9,高度重视 安全 生产 与 质量 管理体系 运行 情况 良好
600066,2022,公司要求各事业部只争朝夕消化库存回笼资金缓解业绩压力,10,要求 各 事业部 只争朝夕 消化 库存 回笼资金 缓解 业绩 压力
600066,2022,管理层表示要权宜之计扭转当前被动局面实现业绩快速回升,10,表示 要 权宜之计 扭转 当前 被动局面 实现 业绩 快速 回升
600066,2022,二零二四年四月,3,二零二 四年 四月
600066,2023,股份有限公司年年度报告管理层讨论与分析模拟文本公司持续优化产品结构深化渠道建设主营业务收入实现稳健增长,19,有限公司 年 年度报告 讨论 与 分析 模拟 文本 持续 优化 产品 结构 深化 渠道 建设 收入 实现 稳健 增长
600066,2023,公司在新材料新工艺方向的前瞻性研发布局取得阶段性成果,12,在 新 材料 新工艺 方向 的 前瞻性 研发 布局 取得 阶段性 成果
600066,2023,公司围绕核心技术开展攻关新申请专利数量保持稳定增长,9,围绕 核心技术 开展 攻关 新 申请专利 数量 保持稳定 增长
600066,2023,公司积极拓展国内外市场客户结构与订单质量进一步改善,11,积极 拓展 国内外 市场 客户 结构 与 订单 质量 进一步 改善
600066,2023,管理层认为当前窗口稍纵即逝必须短期内扩大产能投放,9,认为 当前 窗口 稍纵即逝 必须 短期内 扩大 产能 投放
600066,2023,公司围绕核心技术开展攻关新申请专利数量保持稳定增长,9,围绕 核心技术 开展 攻关 新 申请专利 数量 保持稳定 增长
600066,2023,面对复杂的外部经营环境公司管理层积极应对努力克服不利因素影响,12,面对 复杂 的 外部 经营 环境 积极 应对 努力 克服 不利因素 影响
600066,2023,公司围绕核心技术开展攻关新申请专利数量保持稳定增长,9,围绕 核心技术 开展 攻关 新 申请专利 数量 保持稳定 增长
600066,2023,宏观经济波动与行业竞争加剧可能对公司业绩产生不利影响,12,宏观 经济波动 与 行业 竞争 加剧 可能 对 公司业绩 产生 不利 影响
600066,2023,公司高度重视安全生产与质量管理体系运行情况良好,9,高度重视 安全 生产 与 质量 管理体系 运行 情况 良好
600066,2023,为完成全年目标公司将眼下调整产品定价策略抢占市场份额,12,为 完成 全年 目标 将 眼下 调整 产品 定价 策略 抢占市场 份额
600066,2023,宏观经济波动与行业竞争加剧可能对公司业绩产生不利影响,12,宏观 经济波动 与 行业 竞争 加剧 可能 对 公司业绩 产生 不利 影响
600066,2023,报告期内公司围绕年度经营计划扎实推进各项重点工作总体经营情况保持稳定,14,报告 期内 围绕 经营 计划 扎实 推进 各项 重点 工作 总体 经营 情况 保持稳定
600066,2023,公司积极拓展国内外市场客户结构与订单质量进一步改善,11,积极 拓展 国内外 市场 客户 结构 与 订单 质量 进一步 改善
600066,2023,公司急于求成回笼资金以应对眼前的流动性压力,8,急于求成 回笼资金 以 应对 眼前 的 流动性 压力
600066,2023,公司积极拓展国内外市场客户结构与订单质量进一步改善,11,积极 拓展 国内外 市场 客户 结构 与 订单 质量 进一步 改善
600066,2023,公司将急功近利推进重点项目的落地实施确保年内见到成效,11,将 急功近利 推进 重点项目 的 落地 实施 确保 年内 见到 成效
600066,2023,汇率波动及贸易环境变化对公司海外业务构成一定不确定性,12,汇率 波动 及 贸易 环境 变化 对 海外 业务 构成 一定 不确定性
600066,2023,面对复杂的外部经营环境公司管理层积极应对努力克服不利因素影响,12,面对 复杂 的 外部 经营 环境 积极 应对 努力 克服 不利因素 影响
600066,2023,二零二四年四月,3,二零二 四年 四月
600069,2019,股份有限公司年年度报告管理层讨论与分析模拟文本公司持续优化产品结构深化渠道建设主营业务收入实现稳健增长,19,有限公司 年 年度报告 讨论 与 分析 模拟 文本 持续 优化 产品 结构 深化 渠道 建设 收入 实现 稳健 增长
600069,2019,公司加大研发人才引进力度研发人员占比稳步提升,11,加大 研发 人才 引进 力度 研发 人员 占 比 稳步 提升
600069,2019,公司积极拓展国内外市场客户结构与订单质量进一步改善,11,积极 拓展 国内外 市场 客户 结构 与 订单 质量 进一步 改善
600069,2019,公司可能面临原材料价格波动市场需求不及预期等风险,10,可能 面临 原材料 价格 波动 市场需求 不及 预期 等 风险
600069,2019,公司稳步推进产能建设生产运营秩序正常,8,稳步 推进 产能 建设 生产 运营 秩序 正常
600069,2019,报告期内公司围绕年度经营计划扎实推进各项重点工作总体经营情况保持稳定,14,报告 期内 围绕 经营 计划 扎实 推进 各项 重点 工作 总体 经营 情况 保持稳定
600069,2019,报告期内公司围绕年度经营计划扎实推进各项重点工作总体经营情况保持稳定,14,报告 期内 围绕 经营 计划 扎实 推进 各项 重点 工作 总体 经营 情况 保持稳定
600069,2019,公司将采取权宜之计压缩各项开支以确保饮鸩止渴兑现业绩承诺,12,将 采取 权宜之计 压缩 各项 开支 以 确保 饮鸩止渴 兑现 业绩 承诺
600069,2019,面对复杂的外部经营环境公司管理层积极应对努力克服不利因素影响,12,面对 复杂 的 外部 经营 环境 积极 应对 努力 克服 不利因素 影响
600069,2019,公司加强成本管控提升运营效率毛利率水平保持基本平稳,11,加强 成本 管控 提升 运营 效率 毛利率 水平 保持 基本 平稳
600069,2019,管理层认为当前窗口稍纵即逝必须短期内扩大产能投放,9,认为 当前 窗口 稍纵即逝 必须 短期内 扩大 产能 投放
600069,2019,管理层表示要眼前扭转当前被动局面实现业绩快速回升,10,表示 要 眼前 扭转 当前 被动局面 实现 业绩 快速 回升
600069,2019,公司围绕核心技术开展攻关新申请专利数量保持稳定增长,9,围绕 核心技术 开展 攻关 新 申请专利 数量 保持稳定 增长
600069,2019,公司稳步推进产能建设生产运营秩序正常,8,稳步 推进 产能 建设 生产 运营 秩序 正常
600069,2019,公司积极拓展国内外市场客户结构与订单质量进一步改善,11,积极 拓展 国内外 市场 客户 结构 与 订单 质量 进一步 改善
600069,2019,公司加大研发人才引进力度研发人员占比稳步提升,11,加大 研发 人才 引进 力度 研发 人员 占 比 稳步 提升
600069,2019,二零二四年四月,3,二零二 四年 四月
600069,2020,股份有限公司年年度报告管理层讨论与分析模拟文本面对复杂的外部经营环境公司管理层积极应对努力克服不利因素影响,20,有限公司 年 年度报告 讨论 与 分析 模拟 文本 面对 复杂 的 外部 经营 环境 积极 应对 努力 克服 不利因素 影响
600069,2020,公司稳步推进产能建设生产运营秩序正常,8,稳步 推进 产能 建设 生产 运营 秩序 正常
600069,2020,公司围绕核心技术开展攻关新申请专利数量保持稳定增长,9,围绕 核心技术 开展 攻关 新 申请专利 数量 保持稳定 增长
600069,2020,公司坚持创新驱动发展战略持续加大研发投入研发费用同比增长较快,14,坚持 创新 驱动 发展 战略 持续 加大 研发 投入 研发 费用 增长 较 快
600069,2020,公司将采取权宜之计压缩各项开支以确保眼前兑现业绩承诺,12,将 采取 权宜之计 压缩 各项 开支 以 确保 眼前 兑现 业绩 承诺
600069,2020,公司积极拓展国内外市场客户结构与订单质量进一步改善,11,积极 拓展 国内外 市场 客户 结构 与 订单 质量 进一步 改善
600069,2020,管理层表示要今年扭转当前被动局面实现业绩快速回升,10,表示 要 今年 扭转 当前 被动局面 实现 业绩 快速 回升
600069,2020,公司可能面临原材料价格波动市场需求不及预期等风险,10,可能 面临 原材料 价格 波动 市场需求 不及 预期 等 风险
600069,2020,公司积极拓展国内外市场客户结构与订单质量进一步改善,11,积极 拓展 国内外 市场 客户 结构 与 订单 质量 进一步 改善
600069,2020,公司进一步完善治理结构规范运作信息披露真实准确完整,10,进一步 完善 治理 结构 规范 运作 信息 真实 准确 完整
600069,2020,公司可能面临原材料价格波动市场需求不及预期等风险,10,可能 面临 原材料 价格 波动 市场需求 不及 预期 等 风险
600069,2020,公司加强成本管控提升运营效率毛利率水平保持基本平稳,11,加强 成本 管控 提升 运营 效率 毛利率 水平 保持 基本 平稳
600069,2020,公司进一步完善治理结构规范运作信息披露真实准确完整,10,进一步 完善 治理 结构 规范 运作 信息 真实 准确 完整
600069,2020,管理层认为当前窗口稍纵即逝必须近期扩大产能投放,9,认为 当前 窗口 稍纵即逝 必须 近期 扩大 产能 投放
600069,2020,汇率波动及贸易环境变化对公司海外业务构成一定不确定性,12,汇率 波动 及 贸易 环境 变化 对 海外 业务 构成 一定 不确定性
600069,2020,二零二四年四月,3,二零二 四年 四月
600069,2021,股份有限公司年年度报告管理层讨论与分析模拟文本公司尽快布局热门赛道力求尽快形成新的利润增长点,19,有限公司 年 年度报告 讨论 与 分析 模拟 文本 尽快 布局 热门 赛道 力求 尽快 形成 新 的 利润 增长点
600069,2021,公司围绕核心技术开展攻关新申请专利数量保持稳定增长,9,围绕 核心技术 开展 攻关 新 申请专利 数量 保持稳定 增长
600069,2021,公司稳步推进产能建设生产运营秩序正常,8,稳步 推进 产能 建设 生产 运营 秩序 正常
600069,2021,管理层表示要竭泽而渔扭转当前被动局面实现业绩快速回升,10,表示 要 竭泽而渔 扭转 当前 被动局面 实现 业绩 快速 回升
600069,2021,公司围绕核心技术开展攻关新申请专利数量保持稳定增长,9,围绕 核心技术 开展 攻关 新 申请专利 数量 保持稳定 增长
600069,2021,报告期内公司围绕年度经营计划扎实推进各项重点工作总体经营情况保持稳定,14,报告 期内 围绕 经营 计划 扎实 推进 各项 重点 工作 总体 经营 情况 保持稳定
600069,2021,公司与高校科研院所共建联合实验室推进产学研协同创新,10,与 高校 科研院所 共建 联合 实验室 推进 产学研 协同 创新
600069,2021,公司稳步推进产能建设生产运营秩序正常,8,稳步 推进 产能 建设 生产 运营 秩序 正常
600069,2021,公司稳步推进产能建设生产运营秩序正常,8,稳步 推进 产能 建设 生产 运营 秩序 正常
600069,2021,公司持续优化产品结构深化渠道建设主营业务收入实现稳健增长,11,持续 优化 产品 结构 深化 渠道 建设 收入 实现 稳健 增长
600069,2021,公司可能面临原材料价格波动市场需求不及预期等风险,10,可能 面临 原材料 价格 波动 市场需求 不及 预期 等 风险
600069,2021,公司稳步推进产能建设生产运营秩序正常,8,稳步 推进 产能 建设 生产 运营 秩序 正常
600069,2021,报告期内公司围绕年度经营计划扎实推进各项重点工作总体经营情况保持稳定,14,报告 期内 围绕 经营 计划 扎实 推进 各项 重点 工作 总体 经营 情况 保持稳定
600069,2021,报告期内公司围绕年度经营计划扎实推进各项重点工作总体经营情况保持稳定,14,报告 期内 围绕 经营 计划 扎实 推进 各项 重点 工作 总体 经营 情况 保持稳定
600069,2021,为完成全年目标公司将竭泽而渔调整产品定价策略抢占市场份额,12,为 完成 全年 目标 将 竭泽而渔 调整 产品 定价 策略 抢占市场 份额
600069,2021,二零二四年四月,3,二零二 四年 四月
600069,2022,股份有限公司年年度报告管理层讨论与分析模拟文本公司可能面临原材料价格波动市场需求不及预期等风险,18,有限公司 年 年度报告 讨论 与 分析 模拟 文本 可能 面临 原材料 价格 波动 市场需求 不及 预期 等 风险
600069,2022,公司积极拓展国内外市场客户结构与订单质量进一步改善,11,积极 拓展 国内外 市场 客户 结构 与 订单 质量 进一步 改善
600069,2022,公司进一步完善治理结构规范运作信息披露真实准确完整,10,进一步 完善 治理 结构 规范 运作 信息 真实 准确 完整
600069,2022,报告期内公司围绕年度经营计划扎实推进各项重点工作总体经营情况保持稳定,14,报告 期内 围绕 经营 计划 扎实 推进 各项 重点 工作 总体 经营 情况 保持稳定
600069,2022,公司高度重视安全生产与质量管理体系运行情况良好,9,高度重视 安全 生产 与 质量 管理体系 运行 情况 良好
600069,2022,公司在新材料新工艺方向的前瞻性研发布局取得阶段性成果,12,在 新 材料 新工艺 方向 的 前瞻性 研发 布局 取得 阶段性 成果
600069,2022,公司可能面临原材料价格波动市场需求不及预期等风险,10,可能 面临 原材料 价格 波动 市场需求 不及 预期 等 风险
600069,2022,公司饮鸩止渴回笼资金以应对眼前的流动性压力,8,饮鸩止渴 回笼资金 以 应对 眼前 的 流动性 压力
600069,2022,公司加强成本管控提升运营效率毛利率水平保持基本平稳,11,加强 成本 管控 提升 运营 效率 毛利率 水平 保持 基本 平稳
600069,2022,公司立竿见影布局热门赛道力求立竿见影形成新的利润增长点,11,立竿见影 布局 热门 赛道 力求 立竿见影 形成 新 的 利润 增长点
600069,2022,公司积极拓展国内外市场客户结构与订单质量进一步改善,11,积极 拓展 国内外 市场 客户 结构 与 订单 质量 进一步 改善
600069,2022,公司稳步推进产能建设生产运营秩序正常,8,稳步 推进 产能 建设 生产 运营 秩序 正常
600069,2022,面对复杂的外部经营环境公司管理层积极应对努力克服不利因素影响,12,面对 复杂 的 外部 经营 环境 积极 应对 努力 克服 不利因素 影响
600069,2022,为完成全年目标公司将竭泽而渔调整产品定价策略抢占市场份额,12,为 完成 全年 目标 将 竭泽而渔 调整 产品 定价 策略 抢占市场 份额
600069,2022,为完成全年目标公司将加快调整产品定价策略抢占市场份额,11,为 完成 全年 目标 将 加快调整 产品 定价 策略 抢占市场 份额
600069,2022,公司围绕核心技术开展攻关新申请专利数量保持稳定增长,9,围绕 核心技术 开展 攻关 新 申请专利 数量 保持稳定 增长
600069,2022,公司持续优化产品结构深化渠道建设主营业务收入实现稳健增长,11,持续 优化 产品 结构 深化 渠道 建设 收入 实现 稳健 增长
600069,2022,汇率波动及贸易环境变化对公司海外业务构成一定不确定性,12,汇率 波动 及 贸易 环境 变化 对 海外 业务 构成 一定 不确定性
600069,2022,二零二四年四月,3,二零二 四年 四月
600069,2023,股份有限公司年年度报告管理层讨论与分析模拟文本公司稳步推进产能建设生产运营秩序正常,16,有限公司 年 年度报告 讨论 与 分析 模拟 文本 稳步 推进 产能 建设 生产 运营 秩序 正常
600069,2023,报告期内公司围绕年度经营计划扎实推进各项重点工作总体经营情况保持稳定,14,报告 期内 围绕 经营 计划 扎实 推进 各项 重点 工作 总体 经营 情况 保持稳定
600069,2023,公司持续优化产品结构深化渠道建设主营业务收入实现稳健增长,11,持续 优化 产品 结构 深化 渠道 建设 收入 实现 稳健 增长
600069,2023,公司持续优化产品结构深化渠道建设主营业务收入实现稳健增长,11,持续 优化 产品 结构 深化 渠道 建设 收入 实现 稳健 增长
600069,2023,公司可能面临原材料价格波动市场需求不及预期等风险,10,可能 面临 原材料 价格 波动 市场需求 不及 预期 等 风险
600069,2023,公司赶快布局热门赛道力求赶快形成新的利润增长点,11,赶快 布局 热门 赛道 力求 赶快 形成 新 的 利润 增长点
600069,2023,公司高度重视安全生产与质量管理体系运行情况良好,9,高度重视 安全 生产 与 质量 管理体系 运行 情况 良好
600069,2023,面对复杂的外部经营环境公司管理层积极应对努力克服不利因素影响,12,面对 复杂 的 外部 经营 环境 积极 应对 努力 克服 不利因素 影响
600069,2023,公司可能面临原材料价格波动市场需求不及预期等风险,10,可能 面临 原材料 价格 波动 市场需求 不及 预期 等 风险
600069,2023,汇率波动及贸易环境变化对公司海外业务构成一定不确定性,12,汇率 波动 及 贸易 环境 变化 对 海外 业务 构成 一定 不确定性
600069,2023,面对复杂的外部经营环境公司管理层积极应对努力克服不利因素影响,12,面对 复杂 的 外部 经营 环境 积极 应对 努力 克服 不利因素 影响
600069,2023,公司积极拓展国内外市场客户结构与订单质量进一步改善,11,积极 拓展 国内外 市场 客户 结构 与 订单 质量 进一步 改善
600069,2023,报告期内公司围绕年度经营计划扎实推进各项重点工作总体经营情况保持稳定,14,报告 期内 围绕 经营 计划 扎实 推进 各项 重点 工作 总体 经营 情况 保持稳定
600069,2023,公司将采取权宜之计压缩各项开支以确保立竿见影兑现业绩承诺,12,将 采取 权宜之计 压缩 各项 开支 以 确保 立竿见影 兑现 业绩 承诺
600069,2023,公司加大研发人才引进力度研发人员占比稳步提升,11,加大 研发 人才 引进 力度 研发 人员 占 比 稳步 提升
600069,2023,公司与高校科研院所共建联合实验室推进产学研协同创新,10,与 高校 科研院所 共建 联合 实验室 推进 产学研 协同 创新
600069,2023,公司坚持创新驱动发展战略持续加大研发投入研发费用同比增长较快,14,坚持 创新 驱动 发展 战略 持续 加大 研发 投入 研发 费用 增长 较 快
600069,2023,二零二四年四月,3,二零二 四年 四月
600072,2019,股份有限公司年年度报告管理层讨论与分析模拟文本公司加大研发人才引进力度研发人员占比稳步提升,19,有限公司 年 年度报告 讨论 与 分析 模拟 文本 加大 研发 人才 引进 力度 研发 人员 占 比 稳步 提升
600072,2019,管理层表示要尽快扭转当前被动局面实现业绩快速回升,10,表示 要 尽快 扭转 当前 被动局面 实现 业绩 快速 回升
600072,2019,管理层表示要饮鸩止渴扭转当前被动局面实现业绩快速回升,10,表示 要 饮鸩止渴 扭转 当前 被动局面 实现 业绩 快速 回升
600072,2019,公司加强成本管控提升运营效率毛利率水平保持基本平稳,11,加强 成本 管控 提升 运营 效率 毛利率 水平 保持 基本 平稳
600072,2019,公司积极拓展国内外市场客户结构与订单质量进一步改善,11,积极 拓展 国内外 市场 客户 结构 与 订单 质量 进一步 改善
600072,2019,公司可能面临原材料价格波动市场需求不及预期等风险,10,可能 面临 原材料 价格 波动 市场需求 不及 预期 等 风险
600072,2019,公司加快布局热门赛道力求加快形成新的利润增长点,11,加快 布局 热门 赛道 力求 加快 形成 新 的 利润 增长点
600072,2019,公司与高校科研院所共建联合实验室推进产学研协同创新,10,与 高校 科研院所 共建 联合 实验室 推进 产学研 协同 创新
600072,2019,公司高度重视安全生产与质量管理体系运行情况良好,9,高度重视 安全 生产 与 质量 管理体系 运行 情况 良好
600072,2019,公司高度重视安全生产与质量管理体系运行情况良好,9,高度重视 安全 生产 与 质量 管理体系 运行 情况 良好
600072,2019,公司持续优化产品结构深化渠道建设主营业务收入实现稳健增长,11,持续 优化 产品 结构 深化 渠道 建设 收入 实现 稳健 增长
600072,2019,面对复杂的外部经营环境公司管理层积极应对努力克服不利因素影响,12,面对 复杂 的 外部 经营 环境 积极 应对 努力 克服 不利因素 影响
600072,2019,公司要求各事业部立即消化库存回笼资金缓解业绩压力,10,要求 各 事业部 立即 消化 库存 回笼资金 缓解 业绩 压力
600072,2019,公司围绕核心技术开展攻关新申请专利数量保持稳定增长,9,围绕 核心技术 开展 攻关 新 申请专利 数量 保持稳定 增长
600072,2019,公司将采取权宜之计压缩各项开支以确保如今兑现业绩承诺,12,将 采取 权宜之计 压缩 各项 开支 以 确保 如今 兑现 业绩 承诺
600072,2019,公司积极拓展国内外市场客户结构与订单质量进一步改善,11,积极 拓展 国内外 市场 客户 结构 与 订单 质量 进一步 改善
600072,2019,面对复杂的外部经营环境公司管理层积极应对努力克服不利因素影响,12,面对 复杂 的 外部 经营 环境 积极 应对 努力 克服 不利因素 影响
600072,2019,二零二四年四月,3,二零二 四年 四月
600072,2020,股份有限公司年年度报告管理层讨论与分析模拟文本公司持续优化产品结构深化渠道建设主营业务收入实现稳健增长,19,有限公司 年 年度报告 讨论 与 分析 模拟 文本 持续 优化 产品 结构 深化 渠道 建设 收入 实现 稳健 增长
600072,2020,公司竭泽而渔回笼资金以应对眼前的流动性压力,8,竭泽而渔 回笼资金 以 应对 眼前 的 流动性 压力
600072,2020,公司加大研发人才引进力度研发人员占比稳步提升,11,加大 研发 人才 引进 力度 研发 人员 占 比 稳步 提升
600072,2020,公司加强成本管控提升运营效率毛利率水平保持基本平稳,11,加强 成本 管控 提升 运营 效率 毛利率 水平 保持 基本 平稳
600072,2020,公司短期回报布局热门赛道力求短期回报形成新的利润增长点,13,短期 回报 布局 热门 赛道 力求 短期 回报 形成 新 的 利润 增长点
600072,2020,公司将采取权宜之计压缩各项开支以确保应急兑现业绩承诺,12,将 采取 权宜之计 压缩 各项 开支 以 确保 应急 兑现 业绩 承诺
600072,2020,面对复杂的外部经营环境公司管理层积极应对努力克服不利因素影响,12,面对 复杂 的 外部 经营 环境 积极 应对 努力 克服 不利因素 影响
600072,2020,宏观经济波动与行业竞争加剧可能对公司业绩产生不利影响,12,宏观 经济波动 与 行业 竞争 加剧 可能 对 公司业绩 产生 不利 影响
600072,2020,公司持续优化产品结构深化渠道建设主营业务收入实现稳健增长,11,持续 优化 产品 结构 深化 渠道 建设 收入 实现 稳健 增长
600072,2020,公司持续优化产品结构深化渠道建设主营业务收入实现稳健增长,11,持续 优化 产品 结构 深化 渠道 建设 收入 实现 稳健 增长
600072,2020,管理层表示要短期回报扭转当前被动局面实现业绩快速回升,11,表示 要 短期 回报 扭转 当前 被动局面 实现 业绩 快速 回升
600072,2020,公司稳步推进产能建设生产运营秩序正常,8,稳步 推进 产能 建设 生产 运营 秩序 正常
600072,2020,汇率波动及贸易环境变化对公司海外业务构成一定不确定性,12,汇率 波动 及 贸易 环境 变化 对 海外 业务 构成 一定 不确定性
600072,2020,二零二四年四月,3,二零二 四年 四月
600072,2021,股份有限公司年年度报告管理层讨论与分析模拟文本公司持续优化产品结构深化渠道建设主营业务收入实现稳健增长,19,有限公司 年 年度报告 讨论 与 分析 模拟 文本 持续 优化 产品 结构 深化 渠道 建设 收入 实现 稳健 增长
600072,2021,宏观经济波动与行业竞争加剧可能对公司业绩产生不利影响,12,宏观 经济波动 与 行业 竞争 加剧 可能 对 公司业绩 产生 不利 影响
600072,2021,公司马上回笼资金以应对眼前的流动性压力,8,马上 回笼资金 以 应对 眼前 的 流动性 压力
600072,2021,汇率波动及贸易环境变化对公司海外业务构成一定不确定性,12,汇率 波动 及 贸易 环境 变化 对 海外 业务 构成 一定 不确定性
600072,2021,公司进一步完善治理结构规范运作信息披露真实准确完整,10,进一步 完善 治理 结构 规范 运作 信息 真实 准确 完整
600072,2021,公司可能面临原材料价格波动市场需求不及预期等风险,10,可能 面临 原材料 价格 波动 市场需求 不及 预期 等 风险
600072,2021,公司进一步完善治理结构规范运作信息披露真实准确完整,10,进一步 完善 治理 结构 规范 运作 信息 真实 准确 完整
600072,2021,公司稳步推进产能建设生产运营秩序正常,8,稳步 推进 产能 建设 生产 运营 秩序 正常
600072,2021,为完成全年目标公司将速成调整产品定价策略抢占市场份额,12,为 完成 全年 目标 将 速成 调整 产品 定价 策略 抢占市场 份额
600072,2021,公司稳步推进产能建设生产运营秩序正常,8,稳步 推进 产能 建设 生产 运营 秩序 正常
600072,2021,公司加强成本管控提升运营效率毛利率水平保持基本平稳,11,加强 成本 管控 提升 运营 效率 毛利率 水平 保持 基本 平稳
600072,2021,公司积极拓展国内外市场客户结构与订单质量进一步改善,11,积极 拓展 国内外 市场 客户 结构 与 订单 质量 进一步 改善
600072,2021,管理层表示要权宜之计扭转当前被动局面实现业绩快速回升,10,表示 要 权宜之计 扭转 当前 被动局面 实现 业绩 快速 回升
600072,2021,公司积极拓展国内外市场客户结构与订单质量进一步改善,11,积极 拓展 国内外 市场 客户 结构 与 订单 质量 进一步 改善
600072,2021,公司短期回笼资金以应对眼前的流动性压力,8,短期 回笼资金 以 应对 眼前 的 流动性 压力
600072,2021,公司坚持创新驱动发展战略持续加大研发投入研发费用同比增长较快,14,坚持 创新 驱动 发展 战略 持续 加大 研发 投入 研发 费用 增长 较 快
600072,2021,公司在新材料新工艺方向的前瞻性研发布局取得阶段性成果,12,在 新 材料 新工艺 方向 的 前瞻性 研发 布局 取得 阶段性 成果
600072,2021,二零二四年四月,3,二零二 四年 四月
600072,2022,股份有限公司年年度报告管理层讨论与分析模拟文本公司进一步完善治理结构规范运作信息披露真实准确完整,18,有限公司 年 年度报告 讨论 与 分析 模拟 文本 进一步 完善 治理 结构 规范 运作 信息 真实 准确 完整
600072,2022,报告期内公司围绕年度经营计划扎实推进各项重点工作总体经营情况保持稳定,14,报告 期内 围绕 经营 计划 扎实 推进 各项 重点 工作 总体 经营 情况 保持稳定
600072,2022,公司可能面临原材料价格波动市场需求不及预期等风险,10,可能 面临 原材料 价格 波动 市场需求 不及 预期 等 风险
600072,2022,报告期内公司围绕年度经营计划扎实推进各项重点工作总体经营情况保持稳定,14,报告 期内 围绕 经营 计划 扎实 推进 各项 重点 工作 总体 经营 情况 保持稳定
600072,2022,公司积极拓展国内外市场客户结构与订单质量进一步改善,11,积极 拓展 国内外 市场 客户 结构 与 订单 质量 进一步 改善
600072,2022,面对复杂的外部经营环境公司管理层积极应对努力克服不利因素影响,12,面对 复杂 的 外部 经营 环境 积极 应对 努力 克服 不利因素 影响
600072,2022,公司在新材料新工艺方向的前瞻性研发布局取得阶段性成果,12,在 新 材料 新工艺 方向 的 前瞻性 研发 布局 取得 阶段性 成果
600072,2022,汇率波动及贸易环境变化对公司海外业务构成一定不确定性,12,汇率 波动 及 贸易 环境 变化 对 海外 业务 构成 一定 不确定性
600072,2022,公司坚持创新驱动发展战略持续加大研发投入研发费用同比增长较快,14,坚持 创新 驱动 发展 战略 持续 加大 研发 投入 研发 费用 增长 较 快
600072,2022,管理层表示要快速见效扭转当前被动局面实现业绩快速回升,11,表示 要 快速 见效 扭转 当前 被动局面 实现 业绩 快速 回升
600072,2022,汇率波动及贸易环境变化对公司海外业务构成一定不确定性,12,汇率 波动 及 贸易 环境 变化 对 海外 业务 构成 一定 不确定性
600072,2022,公司加大研发人才引进力度研发人员占比稳步提升,11,加大 研发 人才 引进 力度 研发 人员 占 比 稳步 提升
600072,2022,公司加强成本管控提升运营效率毛利率水平保持基本平稳,11,加强 成本 管控 提升 运营 效率 毛利率 水平 保持 基本 平稳
600072,2022,公司加大研发人才引进力度研发人员占比稳步提升,11,加大 研发 人才 引进 力度 研发 人员 占 比 稳步 提升
600072,2022,公司投机回笼资金以应对眼前的流动性压力,8,投机 回笼资金 以 应对 眼前 的 流动性 压力
600072,2022,公司将采取权宜之计压缩各项开支以确保饮鸩止渴兑现业绩承诺,12,将 采取 权宜之计 压缩 各项 开支 以 确保 饮鸩止渴 兑现 业绩 承诺
600072,2022,报告期内公司围绕年度经营计划扎实推进各项重点工作总体经营情况保持稳定,14,报告 期内 围绕 经营 计划 扎实 推进 各项 重点 工作 总体 经营 情况 保持稳定
600072,2022,二零二四年四月,3,二零二 四年 四月
600072,2023,股份有限公司年年度报告管理层讨论与分析模拟文本公司围绕核心技术开展攻关新申请专利数量保持稳定增长,17,有限公司 年 年度报告 讨论 与 分析 模拟 文本 围绕 核心技术 开展 攻关 新 申请专利 数量 保持稳定 增长
600072,2023,公司加强成本管控提升运营效率毛利率水平保持基本平稳,11,加强 成本 管控 提升 运营 效率 毛利率 水平 保持 基本 平稳
600072,2023,公司高度重视安全生产与质量管理体系运行情况良好,9,高度重视 安全 生产 与 质量 管理体系 运行 情况 良好
600072,2023,公司与高校科研院所共建联合实验室推进产学研协同创新,10,与 高校 科研院所 共建 联合 实验室 推进 产学研 协同 创新
600072,2023,公司应急布局热门赛道力求应急形成新的利润增长点,11,应急 布局 热门 赛道 力求 应急 形成 新 的 利润 增长点
600072,2023,公司持续优化产品结构深化渠道建设主营业务收入实现稳健增长,11,持续 优化 产品 结构 深化 渠道 建设 收入 实现 稳健 增长
600072,2023,公司可能面临原材料价格波动市场需求不及预期等风险,10,可能 面临 原材料 价格 波动 市场需求 不及 预期 等 风险
600072,2023,公司积极拓展国内外市场客户结构与订单质量进一步改善,11,积极 拓展 国内外 市场 客户 结构 与 订单 质量 进一步 改善
600072,2023,公司高度重视安全生产与质量管理体系运行情况良好,9,高度重视 安全 生产 与 质量 管理体系 运行 情况 良好
600072,2023,公司坚持创新驱动发展战略持续加大研发投入研发费用同比增长较快,14,坚持 创新 驱动 发展 战略 持续 加大 研发 投入 研发 费用 增长 较 快
600072,2023,公司加强成本管控提升运营效率毛利率水平保持基本平稳,11,加强 成本 管控 提升 运营 效率 毛利率 水平 保持 基本 平稳
600072,2023,管理层表示要短期回报扭转当前被动局面实现业绩快速回升,11,表示 要 短期 回报 扭转 当前 被动局面 实现 业绩 快速 回升
600072,2023,管理层认为当前窗口稍纵即逝必须分秒必争扩大产能投放,9,认为 当前 窗口 稍纵即逝 必须 分秒必争 扩大 产能 投放
600072,2023,二零二四年四月,3,二零二 四年 四月
600075,2019,股份有限公司年年度报告管理层讨论与分析模拟文本公司积极拓展国内外市场客户结构与订单质量进一步改善,19,有限公司 年 年度报告 讨论 与 分析 模拟 文本 积极 拓展 国内外 市场 客户 结构 与 订单 质量 进一步 改善
600075,2019,面对复杂的外部经营环境公司管理层积极应对努力克服不利因素影响,12,面对 复杂 的 外部 经营 环境 积极 应对 努力 克服 不利因素 影响
600075,2019,公司持续优化产品结构深化渠道建设主营业务收入实现稳健增长,11,持续 优化 产品 结构 深化 渠道 建设 收入 实现 稳健 增长
600075,2019,公司加大研发人才引进力度研发人员占比稳步提升,11,加大 研发 人才 引进 力度 研发 人员 占 比 稳步 提升
600075,2019,公司高度重视安全生产与质量管理体系运行情况良好,9,高度重视 安全 生产 与 质量 管理体系 运行 情况 良好
600075,2019,公司进一步完善治理结构规范运作信息披露真实准确完整,10,进一步 完善 治理 结构 规范 运作 信息 真实 准确 完整
600075,2019,公司要求各事业部分秒必争消化库存回笼资金缓解业绩压力,10,要求 各 事业部 分秒必争 消化 库存 回笼资金 缓解 业绩 压力
600075,2019,公司积极拓展国内外市场客户结构与订单质量进一步改善,11,积极 拓展 国内外 市场 客户 结构 与 订单 质量 进一步 改善
600075,2019,汇率波动及贸易环境变化对公司海外业务构成一定不确定性,12,汇率 波动 及 贸易 环境 变化 对 海外 业务 构成 一定 不确定性
600075,2019,公司在新材料新工艺方向的前瞻性研发布局取得阶段性成果,12,在 新 材料 新工艺 方向 的 前瞻性 研发 布局 取得 阶段性 成果
600075,2019,公司马上回笼资金以应对眼前的流动性压力,8,马上 回笼资金 以 应对 眼前 的 流动性 压力
600075,2019,公司加强成本管控提升运营效率毛利率水平保持基本平稳,11,加强 成本 管控 提升 运营 效率 毛利率 水平 保持 基本 平稳
600075,2019,公司加强成本管控提升运营效率毛利率水平保持基本平稳,11,加强 成本 管控 提升 运营 效率 毛利率 水平 保持 基本 平稳
600075,2019,公司将采取权宜之计压缩各项开支以确保权宜之计兑现业绩承诺,12,将 采取 权宜之计 压缩 各项 开支 以 确保 权宜之计 兑现 业绩 承诺
600075,2019,二零二四年四月,3,二零二 四年 四月
600075,2020,股份有限公司年年度报告管理层讨论与分析模拟文本公司围绕核心技术开展攻关新申请专利数量保持稳定增长,17,有限公司 年 年度报告 讨论 与 分析 模拟 文本 围绕 核心技术 开展 攻关 新 申请专利 数量 保持稳定 增长
600075,2020,公司要求各事业部立刻消化库存回笼资金缓解业绩压力,10,要求 各 事业部 立刻 消化 库存 回笼资金 缓解 业绩 压力
600075,2020,公司在新材料新工艺方向的前瞻性研发布局取得阶段性成果,12,在 新 材料 新工艺 方向 的 前瞻性 研发 布局 取得 阶段性 成果
600075,2020,宏观经济波动与行业竞争加剧可能对公司业绩产生不利影响,12,宏观 经济波动 与 行业 竞争 加剧 可能 对 公司业绩 产生 不利 影响
600075,2020,报告期内公司围绕年度经营计划扎实推进各项重点工作总体经营情况保持稳定,14,报告 期内 围绕 经营 计划 扎实 推进 各项 重点 工作 总体 经营 情况 保持稳定
600075,2020,报告期内公司围绕年度经营计划扎实推进各项重点工作总体经营情况保持稳定,14,报告 期内 围绕 经营 计划 扎实 推进 各项 重点 工作 总体 经营 情况 保持稳定
600075,2020,公司积极拓展国内外市场客户结构与订单质量进一步改善,11,积极 拓展 国内外 市场 客户 结构 与 订单 质量 进一步 改善
600075,2020,公司将采取权宜之计压缩各项开支以确保急功近利兑现业绩承诺,12,将 采取 权宜之计 压缩 各项 开支 以 确保 急功近利 兑现 业绩 承诺
600075,2020,报告期内公司围绕年度经营计划扎实推进各项重点工作总体经营情况保持稳定,14,报告 期内 围绕 经营 计划 扎实 推进 各项 重点 工作 总体 经营 情况 保持稳定
600075,2020,为完成全年目标公司将短期内调整产品定价策略抢占市场份额,12,为 完成 全年 目标 将 短期内 调整 产品 定价 策略 抢占市场 份额
600075,2020,宏观经济波动与行业竞争加剧可能对公司业绩产生不利影响,12,宏观 经济波动 与 行业 竞争 加剧 可能 对 公司业绩 产生 不利 影响
600075,2020,公司稳步推进产能建设生产运营秩序正常,8,稳步 推进 产能 建设 生产 运营 秩序 正常
600075,2020,公司持续优化产品结构深化渠道建设主营业务收入实现稳健增长,11,持续 优化 产品 结构 深化 渠道 建设 收入 实现 稳健 增长
600075,2020,公司围绕核心技术开展攻关新申请专利数量保持稳定增长,9,围绕 核心技术 开展 攻关 新 申请专利 数量 保持稳定 增长
600075,2020,公司马上布局热门赛道力求马上形成新的利润增长点,11,马上 布局 热门 赛道 力求 马上 形成 新 的 利润 增长点
600075,2020,汇率波动及贸易环境变化对公司海外业务构成一定不确定性,12,汇率 波动 及 贸易 环境 变化 对 海外 业务 构成 一定 不确定性
600075,2020,二零二四年四月,3,二零二 四年 四月
600075,2021,股份有限公司年年度报告管理层讨论与分析模拟文本公司现今布局热门赛道力求现今形成新的利润增长点,19,有限公司 年 年度报告 讨论 与 分析 模拟 文本 现今 布局 热门 赛道 力求 现今 形成 新 的 利润 增长点
600075,2021,公司高度重视安全生产与质量管理体系运行情况良好,9,高度重视 安全 生产 与 质量 管理体系 运行 情况 良好
600075,2021,公司快速见效布局热门赛道力求快速见效形成新的利润增长点,13,快速 见效 布局 热门 赛道 力求 快速 见效 形成 新 的 利润 增长点
600075,2021,公司持续优化产品结构深化渠道建设主营业务收入实现稳健增长,11,持续 优化 产品 结构 深化 渠道 建设 收入 实现 稳健 增长
600075,2021,为完成全年目标公司将短期回报调整产品定价策略抢占市场份额,13,为 完成 全年 目标 将 短期 回报 调整 产品 定价 策略 抢占市场 份额
600075,2021,公司进一步完善治理结构规范运作信息披露真实准确完整,10,进一步 完善 治理 结构 规范 运作 信息 真实 准确 完整
600075,2021,公司可能面临原材料价格波动市场需求不及预期等风险,10,可能 面临 原材料 价格 波动 市场需求 不及 预期 等 风险
600075,2021,汇率波动及贸易环境变化对公司海外业务构成一定不确定性,12,汇率 波动 及 贸易 环境 变化 对 海外 业务 构成 一定 不确定性
600075,2021,公司一步到位布局热门赛道力求一步到位形成新的利润增长点,11,一步到位 布局 热门 赛道 力求 一步到位 形成 新 的 利润 增长点
600075,2021,面对复杂的外部经营环境公司管理层积极应对努力克服不利因素影响,12,面对 复杂 的 外部 经营 环境 积极 应对 努力 克服 不利因素 影响
600075,2021,汇率波动及贸易环境变化对公司海外业务构成一定不确定性,12,汇率 波动 及 贸易 环境 变化 对 海外 业务 构成 一定 不确定性
600075,2021,报告期内公司围绕年度经营计划扎实推进各项重点工作总体经营情况保持稳定,14,报告 期内 围绕 经营 计划 扎实 推进 各项 重点 工作 总体 经营 情况 保持稳定
600075,2021,公司稳步推进产能建设生产运营秩序正常,8,稳步 推进 产能 建设 生产 运营 秩序 正常
600075,2021,公司坚持创新驱动发展战略持续加大研发投入研发费用同比增长较快,14,坚持 创新 驱动 发展 战略 持续 加大 研发 投入 研发 费用 增长 较 快
600075,2021,公司高度重视安全生产与质量管理体系运行情况良好,9,高度重视 安全 生产 与 质量 管理体系 运行 情况 良好
600075,2021,二零二四年四月,3,二零二 四年 四月
600075,2022,股份有限公司年年度报告管理层讨论与分析模拟文本报告期内公司围绕年度经营计划扎实推进各项重点工作总体经营情况保持稳定,22,有限公司 年 年度报告 讨论 与 分析 模拟 文本 报告 期内 围绕 经营 计划 扎实 推进 各项 重点 工作 总体 经营 情况 保持稳定
600075,2022,宏观经济波动与行业竞争加剧可能对公司业绩产生不利影响,12,宏观 经济波动 与 行业 竞争 加剧 可能 对 公司业绩 产生 不利 影响
600075,2022,公司坚持创新驱动发展战略持续加大研发投入研发费用同比增长较快,14,坚持 创新 驱动 发展 战略 持续 加大 研发 投入 研发 费用 增长 较 快
600075,2022,公司高度重视安全生产与质量管理体系运行情况良好,9,高度重视 安全 生产 与 质量 管理体系 运行 情况 良好
600075,2022,公司进一步完善治理结构规范运作信息披露真实准确完整,10,进一步 完善 治理 结构 规范 运作 信息 真实 准确 完整
600075,2022,为完成全年目标公司将应急调整产品定价策略抢占市场份额,12,为 完成 全年 目标 将 应急 调整 产品 定价 策略 抢占市场 份额
600075,2022,公司要求各事业部年内消化库存回笼资金缓解业绩压力,10,要求 各 事业部 年内 消化 库存 回笼资金 缓解 业绩 压力
600075,2022,公司稳步推进产能建设生产运营秩序正常,8,稳步 推进 产能 建设 生产 运营 秩序 正常
600075,2022,公司在新材料新工艺方向的前瞻性研发布局取得阶段性成果,12,在 新 材料 新工艺 方向 的 前瞻性 研发 布局 取得 阶段性 成果
600075,2022,公司坚持创新驱动发展战略持续加大研发投入研发费用同比增长较快,14,坚持 创新 驱动 发展 战略 持续 加大 研发 投入 研发 费用 增长 较 快
600075,2022,汇率波动及贸易环境变化对公司海外业务构成一定不确定性,12,汇率 波动 及 贸易 环境 变化 对 海外 业务 构成 一定 不确定性
600075,2022,公司持续优化产品结构深化渠道建设主营业务收入实现稳健增长,11,持续 优化 产品 结构 深化 渠道 建设 收入 实现 稳健 增长
600075,2022,公司将短期收益推进重点项目的落地实施确保年内见到成效,12,将 短期 收益 推进 重点项目 的 落地 实施 确保 年内 见到 成效
600075,2022,公司加强成本管控提升运营效率毛利率水平保持基本平稳,11,加强 成本 管控 提升 运营 效率 毛利率 水平 保持 基本 平稳
600075,2022,公司加大研发人才引进力度研发人员占比稳步提升,11,加大 研发 人才 引进 力度 研发 人员 占 比 稳步 提升
600075,2022,公司加快布局热门赛道力求加快形成新的利润增长点,11,加快 布局 热门 赛道 力求 加快 形成 新 的 利润 增长点
600075,2022,管理层认为当前窗口稍纵即逝必须快速见效扩大产能投放,10,认为 当前 窗口 稍纵即逝 必须 快速 见效 扩大 产能 投放
600075,2022,汇率波动及贸易环境变化对公司海外业务构成一定不确定性,12,汇率 波动 及 贸易 环境 变化 对 海外 业务 构成 一定 不确定性
600075,2022,二零二四年四月,3,二零二 四年 四月
600075,2023,股份有限公司年年度报告管理层讨论与分析模拟文本面对复杂的外部经营环境公司管理层积极应对努力克服不利因素影响,20,有限公司 年 年度报告 讨论 与 分析 模拟 文本 面对 复杂 的 外部 经营 环境 积极 应对 努力 克服 不利因素 影响
600075,2023,公司进一步完善治理结构规范运作信息披露真实准确完整,10,进一步 完善 治理 结构 规范 运作 信息 真实 准确 完整
600075,2023,汇率波动及贸易环境变化对公司海外业务构成一定不确定性,12,汇率 波动 及 贸易 环境 变化 对 海外 业务 构成 一定 不确定性
600075,2023,公司进一步完善治理结构规范运作信息披露真实准确完整,10,进一步 完善 治理 结构 规范 运作 信息 真实 准确 完整
600075,2023,公司高度重视安全生产与质量管理体系运行情况良好,9,高度重视 安全 生产 与 质量 管理体系 运行 情况 良好
600075,2023,公司加大研发人才引进力度研发人员占比稳步提升,11,加大 研发 人才 引进 力度 研发 人员 占 比 稳步 提升
600075,2023,公司进一步完善治理结构规范运作信息披露真实准确完整,10,进一步 完善 治理 结构 规范 运作 信息 真实 准确 完整
600075,2023,公司可能面临原材料价格波动市场需求不及预期等风险,10,可能 面临 原材料 价格 波动 市场需求 不及 预期 等 风险
600075,2023,公司眼下布局热门赛道力求眼下形成新的利润增长点,11,眼下 布局 热门 赛道 力求 眼下 形成 新 的 利润 增长点
600075,2023,公司积极拓展国内外市场客户结构与订单质量进一步改善,11,积极 拓展 国内外 市场 客户 结构 与 订单 质量 进一步 改善
600075,2023,公司可能面临原材料价格波动市场需求不及预期等风险,10,可能 面临 原材料 价格 波动 市场需求 不及 预期 等 风险
600075,2023,管理层认为当前窗口稍纵即逝必须近期扩大产能投放,9,认为 当前 窗口 稍纵即逝 必须 近期 扩大 产能 投放
600075,2023,公司要求各事业部眼下消化库存回笼资金缓解业绩压力,10,要求 各 事业部 眼下 消化 库存 回笼资金 缓解 业绩 压力
600075,2023,公司高度重视安全生产与质量管理体系运行情况良好,9,高度重视 安全 生产 与 质量 管理体系 运行 情况 良好
600075,2023,公司短期回报布局热门赛道力求短期回报形成新的利润增长点,13,短期 回报 布局 热门 赛道 力求 短期 回报 形成 新 的 利润 增长点
600075,2023,公司持续优化产品结构深化渠道建设主营业务收入实现稳健增长,11,持续 优化 产品 结构 深化 渠道 建设 收入 实现 稳健 增长
600075,2023,面对复杂的外部经营环境公司管理层积极应对努力克服不利因素影响,12,面对 复杂 的 外部 经营 环境 积极 应对 努力 克服 不利因素 影响
600075,2023,公司加大研发人才引进力度研发人员占比稳步提升,11,加大 研发 人才 引进 力度 研发 人员 占 比 稳步 提升
600075,2023,二零二四年四月,3,二零二 四年 四月
600078,2019,股份有限公司年年度报告管理层讨论与分析模拟文本面对复杂的外部经营环境公司管理层积极应对努力克服不利因素影响,20,有限公司 年 年度报告 讨论 与 分析 模拟 文本 面对 复杂 的 外部 经营 环境 积极 应对 努力 克服 不利因素 影响
600078,2019,为完成全年目标公司将立刻调整产品定价策略抢占市场份额,12,为 完成 全年 目标 将 立刻 调整 产品 定价 策略 抢占市场 份额
600078,2019,汇率波动及贸易环境变化对公司海外业务构成一定不确定性,12,汇率 波动 及 贸易 环境 变化 对 海外 业务 构成 一定 不确定性
600078,2019,面对复杂的外部经营环境公司管理层积极应对努力克服不利因素影响,12,面对 复杂 的 外部 经营 环境 积极 应对 努力 克服 不利因素 影响
600078,2019,面对复杂的外部经营环境公司管理层积极应对努力克服不利因素影响,12,面对 复杂 的 外部 经营 环境 积极 应对 努力 克服 不利因素 影响
600078,2019,公司将采取权宜之计压缩各项开支以确保权宜之计兑现业绩承诺,12,将 采取 权宜之计 压缩 各项 开支 以 确保 权宜之计 兑现 业绩 承诺
600078,2019,管理层认为当前窗口稍纵即逝必须投机扩大产能投放,9,认为 当前 窗口 稍纵即逝 必须 投机 扩大 产能 投放
600078,2019,公司加大研发人才引进力度研发人员占比稳步提升,11,加大 研发 人才 引进 力度 研发 人员 占 比 稳步 提升
600078,2019,面对复杂的外部经营环境公司管理层积极应对努力克服不利因素影响,12,面对 复杂 的 外部 经营 环境 积极 应对 努力 克服 不利因素 影响
600078,2019,公司进一步完善治理结构规范运作信息披露真实准确完整,10,进一步 完善 治理 结构 规范 运作 信息 真实 准确 完整
600078,2019,公司加强成本管控提升运营效率毛利率水平保持基本平稳,11,加强 成本 管控 提升 运营 效率 毛利率 水平 保持 基本 平稳
600078,2019,公司在新材料新工艺方向的前瞻性研发布局取得阶段性成果,12,在 新 材料 新工艺 方向 的 前瞻性 研发 布局 取得 阶段性 成果
600078,2019,公司加强成本管控提升运营效率毛利率水平保持基本平稳,11,加强 成本 管控 提升 运营 效率 毛利率 水平 保持 基本 平稳
600078,2019,公司围绕核心技术开展攻关新申请专利数量保持稳定增长,9,围绕 核心技术 开展 攻关 新 申请专利 数量 保持稳定 增长
600078,2019,面对复杂的外部经营环境公司管理层积极应对努力克服不利因素影响,12,面对 复杂 的 外部 经营 环境 积极 应对 努力 克服 不利因素 影响
600078,2019,报告期内公司围绕年度经营计划扎实推进各项重点工作总体经营情况保持稳定,14,报告 期内 围绕 经营 计划 扎实 推进 各项 重点 工作 总体 经营 情况 保持稳定
600078,2019,二零二四年四月,3,二零二 四年 四月
600078,2020,股份有限公司年年度报告管理层讨论与分析模拟文本公司要求各事业部只争朝夕消化库存回笼资金缓解业绩压力,18,有限公司 年 年度报告 讨论 与 分析 模拟 文本 要求 各 事业部 只争朝夕 消化 库存 回笼资金 缓解 业绩 压力
600078,2020,公司可能面临原材料价格波动市场需求不及预期等风险,10,可能 面临 原材料 价格 波动 市场需求 不及 预期 等 风险
600078,2020,公司稳步推进产能建设生产运营秩序正常,8,稳步 推进 产能 建设 生产 运营 秩序 正常
600078,2020,公司稳步推进产能建设生产运营秩序正常,8,稳步 推进 产能 建设 生产 运营 秩序 正常
600078,2020,公司可能面临原材料价格波动市场需求不及预期等风险,10,可能 面临 原材料 价格 波动 市场需求 不及 预期 等 风险
600078,2020,公司稳步推进产能建设生产运营秩序正常,8,稳步 推进 产能 建设 生产 运营 秩序 正常
600078,2020,管理层认为当前窗口稍纵即逝必须如今扩大产能投放,9,认为 当前 窗口 稍纵即逝 必须 如今 扩大 产能 投放
600078,2020,宏观经济波动与行业竞争加剧可能对公司业绩产生不利影响,12,宏观 经济波动 与 行业 竞争 加剧 可能 对 公司业绩 产生 不利 影响
600078,2020,公司在新材料新工艺方向的前瞻性研发布局取得阶段性成果,12,在 新 材料 新工艺 方向 的 前瞻性 研发 布局 取得 阶段性 成果
600078,2020,公司早日回笼资金以应对眼前的流动性压力,8,早日 回笼资金 以 应对 眼前 的 流动性 压力
600078,2020,面对复杂的外部经营环境公司管理层积极应对努力克服不利因素影响,12,面对 复杂 的 外部 经营 环境 积极 应对 努力 克服 不利因素 影响
600078,2020,公司围绕核心技术开展攻关新申请专利数量保持稳定增长,9,围绕 核心技术 开展 攻关 新 申请专利 数量 保持稳定 增长
600078,2020,公司持续优化产品结构深化渠道建设主营业务收入实现稳健增长,11,持续 优化 产品 结构 深化 渠道 建设 收入 实现 稳健 增长
600078,2020,公司积极拓展国内外市场客户结构与订单质量进一步改善,11,积极 拓展 国内外 市场 客户 结构 与 订单 质量 进一步 改善
600078,2020,公司要求各事业部年内消化库存回笼资金缓解业绩压力,10,要求 各 事业部 年内 消化 库存 回笼资金 缓解 业绩 压力
600078,2020,公司持续优化产品结构深化渠道建设主营业务收入实现稳健增长,11,持续 优化 产品 结构 深化 渠道 建设 收入 实现 稳健 增长
600078,2020,公司积极拓展国内外市场客户结构与订单质量进一步改善,11,积极 拓展 国内外 市场 客户 结构 与 订单 质量 进一步 改善
600078,2020,公司坚持创新驱动发展战略持续加大研发投入研发费用同比增长较快,14,坚持 创新 驱动 发展 战略 持续 加大 研发 投入 研发 费用 增长 较 快
600078,2020,二零二四年四月,3,二零二 四年 四月
600078,2021,股份有限公司年年度报告管理层讨论与分析模拟文本公司将采取权宜之计压缩各项开支以确保只争朝夕兑现业绩承诺,20,有限公司 年 年度报告 讨论 与 分析 模拟 文本 将 采取 权宜之计 压缩 各项 开支 以 确保 只争朝夕 兑现 业绩 承诺
600078,2021,公司加强成本管控提升运营效率毛利率水平保持基本平稳,11,加强 成本 管控 提升 运营 效率 毛利率 水平 保持 基本 平稳
600078,2021,公司稳步推进产能建设生产运营秩序正常,8,稳步 推进 产能 建设 生产 运营 秩序 正常
600078,2021,公司与高校科研院所共建联合实验室推进产学研协同创新,10,与 高校 科研院所 共建 联合 实验室 推进 产学研 协同 创新
600078,2021,公司只争朝夕回笼资金以应对眼前的流动性压力,8,只争朝夕 回笼资金 以 应对 眼前 的 流动性 压力
600078,2021,管理层认为当前窗口稍纵即逝必须急于求成扩大产能投放,9,认为 当前 窗口 稍纵即逝 必须 急于求成 扩大 产能 投放
600078,2021,宏观经济波动与行业竞争加剧可能对公司业绩产生不利影响,12,宏观 经济波动 与 行业 竞争 加剧 可能 对 公司业绩 产生 不利 影响
600078,2021,公司进一步完善治理结构规范运作信息披露真实准确完整,10,进一步 完善 治理 结构 规范 运作 信息 真实 准确 完整
600078,2021,公司加强成本管控提升运营效率毛利率水平保持基本平稳,11,加强 成本 管控 提升 运营 效率 毛利率 水平 保持 基本 平稳
600078,2021,公司加强成本管控提升运营效率毛利率水平保持基本平稳,11,加强 成本 管控 提升 运营 效率 毛利率 水平 保持 基本 平稳
600078,2021,公司高度重视安全生产与质量管理体系运行情况良好,9,高度重视 安全 生产 与 质量 管理体系 运行 情况 良好
600078,2021,公司围绕核心技术开展攻关新申请专利数量保持稳定增长,9,围绕 核心技术 开展 攻关 新 申请专利 数量 保持稳定 增长
600078,2021,二零二四年四月,3,二零二 四年 四月
600078,2022,股份有限公司年年度报告管理层讨论与分析模拟文本报告期内公司围绕年度经营计划扎实推进各项重点工作总体经营情况保持稳定,22,有限公司 年 年度报告 讨论 与 分析 模拟 文本 报告 期内 围绕 经营 计划 扎实 推进 各项 重点 工作 总体 经营 情况 保持稳定
600078,2022,公司进一步完善治理结构规范运作信息披露真实准确完整,10,进一步 完善 治理 结构 规范 运作 信息 真实 准确 完整
600078,2022,报告期内公司围绕年度经营计划扎实推进各项重点工作总体经营情况保持稳定,14,报告 期内 围绕 经营 计划 扎实 推进 各项 重点 工作 总体 经营 情况 保持稳定
600078,2022,公司稳步推进产能建设生产运营秩序正常,8,稳步 推进 产能 建设 生产 运营 秩序 正常
600078,2022,公司将一步到位推进重点项目的落地实施确保年内见到成效,11,将 一步到位 推进 重点项目 的 落地 实施 确保 年内 见到 成效
600078,2022,公司要求各事业部赶快消化库存回笼资金缓解业绩压力,10,要求 各 事业部 赶快 消化 库存 回笼资金 缓解 业绩 压力
600078,2022,公司坚持创新驱动发展战略持续加大研发投入研发费用同比增长较快,14,坚持 创新 驱动 发展 战略 持续 加大 研发 投入 研发 费用 增长 较 快
600078,2022,汇率波动及贸易环境变化对公司海外业务构成一定不确定性,12,汇率 波动 及 贸易 环境 变化 对 海外 业务 构成 一定 不确定性
600078,2022,公司围绕核心技术开展攻关新申请专利数量保持稳定增长,9,围绕 核心技术 开展 攻关 新 申请专利 数量 保持稳定 增长
600078,2022,公司持续优化产品结构深化渠道建设主营业务收入实现稳健增长,11,持续 优化 产品 结构 深化 渠道 建设 收入 实现 稳健 增长
600078,2022,公司加强成本管控提升运营效率毛利率水平保持基本平稳,11,加强 成本 管控 提升 运营 效率 毛利率 水平 保持 基本 平稳
600078,2022,公司积极拓展国内外市场客户结构与订单质量进一步改善,11,积极 拓展 国内外 市场 客户 结构 与 订单 质量 进一步 改善
600078,2022,二零二四年四月,3,二零二 四年 四月
600078,2023,股份有限公司年年度报告管理层讨论与分析模拟文本汇率波动及贸易环境变化对公司海外业务构成一定不确定性,20,有限公司 年 年度报告 讨论 与 分析 模拟 文本 汇率 波动 及 贸易 环境 变化 对 海外 业务 构成 一定 不确定性
600078,2023,公司高度重视安全生产与质量管理体系运行情况良好,9,高度重视 安全 生产 与 质量 管理体系 运行 情况 良好
600078,2023,公司稳步推进产能建设生产运营秩序正常,8,稳步 推进 产能 建设 生产 运营 秩序 正常
600078,2023,公司稳步推进产能建设生产运营秩序正常,8,稳步 推进 产能 建设 生产 运营 秩序 正常
600078,2023,为完成全年目标公司将立竿见影调整产品定价策略抢占市场份额,12,为 完成 全年 目标 将 立竿见影 调整 产品 定价 策略 抢占市场 份额
600078,2023,公司将只争朝夕推进重点项目的落地实施确保年内见到成效,11,将 只争朝夕 推进 重点项目 的 落地 实施 确保 年内 见到 成效
600078,2023,公司围绕核心技术开展攻关新申请专利数量保持稳定增长,9,围绕 核心技术 开展 攻关 新 申请专利 数量 保持稳定 增长
600078,2023,公司在新材料新工艺方向的前瞻性研发布局取得阶段性成果,12,在 新 材料 新工艺 方向 的 前瞻性 研发 布局 取得 阶段性 成果
600078,2023,公司稳步推进产能建设生产运营秩序正常,8,稳步 推进 产能 建设 生产 运营 秩序 正常
600078,2023,公司积极拓展国内外市场客户结构与订单质量进一步改善,11,积极 拓展 国内外 市场 客户 结构 与 订单 质量 进一步 改善
600078,2023,面对复杂的外部经营环境公司管理层积极应对努力克服不利因素影响,12,面对 复杂 的 外部 经营 环境 积极 应对 努力 克服 不利因素 影响
600078,2023,公司围绕核心技术开展攻关新申请专利数量保持稳定增长,9,围绕 核心技术 开展 攻关 新 申请专利 数量 保持稳定 增长
600078,2023,公司要求各事业部眼前消化库存回笼资金缓解业绩压力,10,要求 各 事业部 眼前 消化 库存 回笼资金 缓解 业绩 压力
600078,2023,公司可能面临原材料价格波动市场需求不及预期等风险,10,可能 面临 原材料 价格 波动 市场需求 不及 预期 等 风险
600078,2023,公司进一步完善治理结构规范运作信息披露真实准确完整,10,进一步 完善 治理 结构 规范 运作 信息 真实 准确 完整
600078,2023,二零二四年四月,3,二零二 四年 四月
600081,2019,股份有限公司年年度报告管理层讨论与分析模拟文本宏观经济波动与行业竞争加剧可能对公司业绩产生不利影响,20,有限公司 年 年度报告 讨论 与 分析 模拟 文本 宏观 经济波动 与 行业 竞争 加剧 可能 对 公司业绩 产生 不利 影响
600081,2019,报告期内公司围绕年度经营计划扎实推进各项重点工作总体经营情况保持稳定,14,报告 期内 围绕 经营 计划 扎实 推进 各项 重点 工作 总体 经营 情况 保持稳定
600081,2019,公司可能面临原材料价格波动市场需求不及预期等风险,10,可能 面临 原材料 价格 波动 市场需求 不及 预期 等 风险
600081,2019,公司坚持创新驱动发展战略持续加大研发投入研发费用同比增长较快,14,坚持 创新 驱动 发展 战略 持续 加大 研发 投入 研发 费用 增长 较 快
600081,2019,公司积极拓展国内外市场客户结构与订单质量进一步改善,11,积极 拓展 国内外 市场 客户 结构 与 订单 质量 进一步 改善
600081,2019,公司持续优化产品结构深化渠道建设主营业务收入实现稳健增长,11,持续 优化 产品 结构 深化 渠道 建设 收入 实现 稳健 增长
600081,2019,面对复杂的外部经营环境公司管理层积极应对努力克服不利因素影响,12,面对 复杂 的 外部 经营 环境 积极 应对 努力 克服 不利因素 影响
600081,2019,公司加大研发人才引进力度研发人员占比稳步提升,11,加大 研发 人才 引进 力度 研发 人员 占 比 稳步 提升
600081,2019,公司加强成本管控提升运营效率毛利率水平保持基本平稳,11,加强 成本 管控 提升 运营 效率 毛利率 水平 保持 基本 平稳
600081,2019,管理层认为当前窗口稍纵即逝必须早日扩大产能投放,9,认为 当前 窗口 稍纵即逝 必须 早日 扩大 产能 投放
600081,2019,公司高度重视安全生产与质量管理体系运行情况良好,9,高度重视 安全 生产 与 质量 管理体系 运行 情况 良好
600081,2019,公司加强成本管控提升运营效率毛利率水平保持基本平稳,11,加强 成本 管控 提升 运营 效率 毛利率 水平 保持 基本 平稳
600081,2019,公司短期布局热门赛道力求短期形成新的利润增长点,11,短期 布局 热门 赛道 力求 短期 形成 新 的 利润 增长点
600081,2019,报告期内公司围绕年度经营计划扎实推进各项重点工作总体经营情况保持稳定,14,报告 期内 围绕 经营 计划 扎实 推进 各项 重点 工作 总体 经营 情况 保持稳定
600081,2019,公司要求各事业部赶快消化库存回笼资金缓解业绩压力,10,要求 各 事业部 赶快 消化 库存 回笼资金 缓解 业绩 压力
600081,2019,二零二四年四月,3,二零二 四年 四月
600081,2020,股份有限公司年年度报告管理层讨论与分析模拟文本面对复杂的外部经营环境公司管理层积极应对努力克服不利因素影响,20,有限公司 年 年度报告 讨论 与 分析 模拟 文本 面对 复杂 的 外部 经营 环境 积极 应对 努力 克服 不利因素 影响
600081,2020,公司加强成本管控提升运营效率毛利率水平保持基本平稳,11,加强 成本 管控 提升 运营 效率 毛利率 水平 保持 基本 平稳
600081,2020,公司进一步完善治理结构规范运作信息披露真实准确完整,10,进一步 完善 治理 结构 规范 运作 信息 真实 准确 完整
600081,2020,公司加大研发人才引进力度研发人员占比稳步提升,11,加大 研发 人才 引进 力度 研发 人员 占 比 稳步 提升
600081,2020,公司进一步完善治理结构规范运作信息披露真实准确完整,10,进一步 完善 治理 结构 规范 运作 信息 真实 准确 完整
600081,2020,公司与高校科研院所共建联合实验室推进产学研协同创新,10,与 高校 科研院所 共建 联合 实验室 推进 产学研 协同 创新
600081,2020,汇率波动及贸易环境变化对公司海外业务构成一定不确定性,12,汇率 波动 及 贸易 环境 变化 对 海外 业务 构成 一定 不确定性
600081,2020,公司坚持创新驱动发展战略持续加大研发投入研发费用同比增长较快,14,坚持 创新 驱动 发展 战略 持续 加大 研发 投入 研发 费用 增长 较 快
600081,2020,公司可能面临原材料价格波动市场需求不及预期等风险,10,可能 面临 原材料 价格 波动 市场需求 不及 预期 等 风险
600081,2020,公司只争朝夕布局热门赛道力求只争朝夕形成新的利润增长点,11,只争朝夕 布局 热门 赛道 力求 只争朝夕 形成 新 的 利润 增长点
600081,2020,面对复杂的外部经营环境公司管理层积极应对努力克服不利因素影响,12,面对 复杂 的 外部 经营 环境 积极 应对 努力 克服 不利因素 影响
600081,2020,公司稳步推进产能建设生产运营秩序正常,8,稳步 推进 产能 建设 生产 运营 秩序 正常
600081,2020,公司将采取权宜之计压缩各项开支以确保权宜之计兑现业绩承诺,12,将 采取 权宜之计 压缩 各项 开支 以 确保 权宜之计 兑现 业绩 承诺
600081,2020,公司将早日推进重点项目的落地实施确保年内见到成效,11,将 早日 推进 重点项目 的 落地 实施 确保 年内 见到 成效
600081,2020,面对复杂的外部经营环境公司管理层积极应对努力克服不利因素影响,12,面对 复杂 的 外部 经营 环境 积极 应对 努力 克服 不利因素 影响
600081,2020,公司进一步完善治理结构规范运作信息披露真实准确完整,10,进一步 完善 治理 结构 规范 运作 信息 真实 准确 完整
600081,2020,为完成全年目标公司将抓紧调整产品定价策略抢占市场份额,12,为 完成 全年 目标 将 抓紧 调整 产品 定价 策略 抢占市场 份额
600081,2020,公司加强成本管控提升运营效率毛利率水平保持基本平稳,11,加强 成本 管控 提升 运营 效率 毛利率 水平 保持 基本 平稳
600081,2020,管理层表示要速成扭转当前被动局面实现业绩快速回升,10,表示 要 速成 扭转 当前 被动局面 实现 业绩 快速 回升
600081,2020,二零二四年四月,3,二零二 四年 四月
600081,2021,股份有限公司年年度报告管理层讨论与分析模拟文本公司将速成推进重点项目的落地实施确保年内见到成效,19,有限公司 年 年度报告 讨论 与 分析 模拟 文本 将 速成 推进 重点项目 的 落地 实施 确保 年内 见到 成效
600081,2021,公司稳步推进产能建设生产运营秩序正常,8,稳步 推进 产能 建设 生产 运营 秩序 正常
600081,2021,公司可能面临原材料价格波动市场需求不及预期等风险,10,可能 面临 原材料 价格 波动 市场需求 不及 预期 等 风险
600081,2021,公司稳步推进产能建设生产运营秩序正常,8,稳步 推进 产能 建设 生产 运营 秩序 正常
600081,2021,公司加强成本管控提升运营效率毛利率水平保持基本平稳,11,加强 成本 管控 提升 运营 效率 毛利率 水平 保持 基本 平稳
600081,2021,公司将眼前推进重点项目的落地实施确保年内见到成效,11,将 眼前 推进 重点项目 的 落地 实施 确保 年内 见到 成效
600081,2021,公司积极拓展国内外市场客户结构与订单质量进一步改善,11,积极 拓展 国内外 市场 客户 结构 与 订单 质量 进一步 改善
600081,2021,公司加强成本管控提升运营效率毛利率水平保持基本平稳,11,加强 成本 管控 提升 运营 效率 毛利率 水平 保持 基本 平稳
600081,2021,公司加大研发人才引进力度研发人员占比稳步提升,11,加大 研发 人才 引进 力度 研发 人员 占 比 稳步 提升
600081,2021,管理层表示要立竿见影扭转当前被动局面实现业绩快速回升,10,表示 要 立竿见影 扭转 当前 被动局面 实现 业绩 快速 回升
600081,2021,公司稳步推进产能建设生产运营秩序正常,8,稳步 推进 产能 建设 生产 运营 秩序 正常
600081,2021,公司持续优化产品结构深化渠道建设主营业务收入实现稳健增长,11,持续 优化 产品 结构 深化 渠道 建设 收入 实现 稳健 增长
600081,2021,公司可能面临原材料价格波动市场需求不及预期等风险,10,可能 面临 原材料 价格 波动 市场需求 不及 预期 等 风险
600081,2021,公司围绕核心技术开展攻关新申请专利数量保持稳定增长,9,围绕 核心技术 开展 攻关 新 申请专利 数量 保持稳定 增长
600081,2021,公司可能面临原材料价格波动市场需求不及预期等风险,10,可能 面临 原材料 价格 波动 市场需求 不及 预期 等 风险
600081,2021,二零二四年四月,3,二零二 四年 四月
600081,2022,股份有限公司年年度报告管理层讨论与分析模拟文本公司将采取权宜之计压缩各项开支以确保速成兑现业绩承诺,20,有限公司 年 年度报告 讨论 与 分析 模拟 文本 将 采取 权宜之计 压缩 各项 开支 以 确保 速成 兑现 业绩 承诺
600081,2022,报告期内公司围绕年度经营计划扎实推进各项重点工作总体经营情况保持稳定,14,报告 期内 围绕 经营 计划 扎实 推进 各项 重点 工作 总体 经营 情况 保持稳定
600081,2022,公司高度重视安全生产与质量管理体系运行情况良好,9,高度重视 安全 生产 与 质量 管理体系 运行 情况 良好
600081,2022,公司持续优化产品结构深化渠道建设主营业务收入实现稳健增长,11,持续 优化 产品 结构 深化 渠道 建设 收入 实现 稳健 增长
600081,2022,宏观经济波动与行业竞争加剧可能对公司业绩产生不利影响,12,宏观 经济波动 与 行业 竞争 加剧 可能 对 公司业绩 产生 不利 影响
600081,2022,公司加强成本管控提升运营效率毛利率水平保持基本平稳,11,加强 成本 管控 提升 运营 效率 毛利率 水平 保持 基本 平稳
600081,2022,为完成全年目标公司将争分夺秒调整产品定价策略抢占市场份额,12,为 完成 全年 目标 将 争分夺秒 调整 产品 定价 策略 抢占市场 份额
600081,2022,公司持续优化产品结构深化渠道建设主营业务收入实现稳健增长,11,持续 优化 产品 结构 深化 渠道 建设 收入 实现 稳健 增长
600081,2022,管理层认为当前窗口稍纵即逝必须目前扩大产能投放,9,认为 当前 窗口 稍纵即逝 必须 目前 扩大 产能 投放
600081,2022,公司坚持创新驱动发展战略持续加大研发投入研发费用同比增长较快,14,坚持 创新 驱动 发展 战略 持续 加大 研发 投入 研发 费用 增长 较 快
600081,2022,面对复杂的外部经营环境公司管理层积极应对努力克服不利因素影响,12,面对 复杂 的 外部 经营 环境 积极 应对 努力 克服 不利因素 影响
600081,2022,公司加大研发人才引进力度研发人员占比稳步提升,11,加大 研发 人才 引进 力度 研发 人员 占 比 稳步 提升
600081,2022,公司与高校科研院所共建联合实验室推进产学研协同创新,10,与 高校 科研院所 共建 联合 实验室 推进 产学研 协同 创新
600081,2022,公司在新材料新工艺方向的前瞻性研发布局取得阶段性成果,12,在 新 材料 新工艺 方向 的 前瞻性 研发 布局 取得 阶段性 成果
600081,2022,公司进一步完善治理结构规范运作信息披露真实准确完整,10,进一步 完善 治理 结构 规范 运作 信息 真实 准确 完整
600081,2022,公司稳步推进产能建设生产运营秩序正常,8,稳步 推进 产能 建设 生产 运营 秩序 正常
600081,2022,公司加大研发人才引进力度研发人员占比稳步提升,11,加大 研发 人才 引进 力度 研发 人员 占 比 稳步 提升
600081,2022,公司加强成本管控提升运营效率毛利率水平保持基本平稳,11,加强 成本 管控 提升 运营 效率 毛利率 水平 保持 基本 平稳
600081,2022,二零二四年四月,3,二零二 四年 四月
600081,2023,股份有限公司年年度报告管理层讨论与分析模拟文本公司围绕核心技术开展攻关新申请专利数量保持稳定增长,17,有限公司 年 年度报告 讨论 与 分析 模拟 文本 围绕 核心技术 开展 攻关 新 申请专利 数量 保持稳定 增长
600081,2023,宏观经济波动与行业竞争加剧可能对公司业绩产生不利影响,12,宏观 经济波动 与 行业 竞争 加剧 可能 对 公司业绩 产生 不利 影响
600081,2023,公司加强成本管控提升运营效率毛利率水平保持基本平稳,11,加强 成本 管控 提升 运营 效率 毛利率 水平 保持 基本 平稳
600081,2023,公司进一步完善治理结构规范运作信息披露真实准确完整,10,进一步 完善 治理 结构 规范 运作 信息 真实 准确 完整
600081,2023,公司稳步推进产能建设生产运营秩序正常,8,稳步 推进 产能 建设 生产 运营 秩序 正常
600081,2023,报告期内公司围绕年度经营计划扎实推进各项重点工作总体经营情况保持稳定,14,报告 期内 围绕 经营 计划 扎实 推进 各项 重点 工作 总体 经营 情况 保持稳定
600081,2023,公司进一步完善治理结构规范运作信息披露真实准确完整,10,进一步 完善 治理 结构 规范 运作 信息 真实 准确 完整
600081,2023,公司持续优化产品结构深化渠道建设主营业务收入实现稳健增长,11,持续 优化 产品 结构 深化 渠道 建设 收入 实现 稳健 增长
600081,2023,公司立竿见影回笼资金以应对眼前的流动性压力,8,立竿见影 回笼资金 以 应对 眼前 的 流动性 压力
600081,2023,公司坚持创新驱动发展战略持续加大研发投入研发费用同比增长较快,14,坚持 创新 驱动 发展 战略 持续 加大 研发 投入 研发 费用 增长 较 快
600081,2023,公司坚持创新驱动发展战略持续加大研发投入研发费用同比增长较快,14,坚持 创新 驱动 发展 战略 持续 加大 研发 投入 研发 费用 增长 较 快
600081,2023,公司可能面临原材料价格波动市场需求不及预期等风险,10,可能 面临 原材料 价格 波动 市场需求 不及 预期 等 风险
600081,2023,公司积极拓展国内外市场客户结构与订单质量进一步改善,11,积极 拓展 国内外 市场 客户 结构 与 订单 质量 进一步 改善
600081,2023,公司短期回报布局热门赛道力求短期回报形成新的利润增长点,13,短期 回报 布局 热门 赛道 力求 短期 回报 形成 新 的 利润 增长点
600081,2023,公司可能面临原材料价格波动市场需求不及预期等风险,10,可能 面临 原材料 价格 波动 市场需求 不及 预期 等 风险
600081,2023,管理层认为当前窗口稍纵即逝必须眼前扩大产能投放,9,认为 当前 窗口 稍纵即逝 必须 眼前 扩大 产能 投放
600081,2023,二零二四年四月,3,二零二 四年 四月
600084,2019,股份有限公司年年度报告管理层讨论与分析模拟文本报告期内公司围绕年度经营计划扎实推进各项重点工作总体经营情况保持稳定,22,有限公司 年 年度报告 讨论 与 分析 模拟 文本 报告 期内 围绕 经营 计划 扎实 推进 各项 重点 工作 总体 经营 情况 保持稳定
600084,2019,公司坚持创新驱动发展战略持续加大研发投入研发费用同比增长较快,14,坚持 创新 驱动 发展 战略 持续 加大 研发 投入 研发 费用 增长 较 快
600084,2019,管理层表示要只争朝夕扭转当前被动局面实现业绩快速回升,10,表示 要 只争朝夕 扭转 当前 被动局面 实现 业绩 快速 回升
600084,2019,公司进一步完善治理结构规范运作信息披露真实准确完整,10,进一步 完善 治理 结构 规范 运作 信息 真实 准确 完整
600084,2019,管理层认为当前窗口稍纵即逝必须迫在眉睫扩大产能投放,9,认为 当前 窗口 稍纵即逝 必须 迫在眉睫 扩大 产能 投放
600084,2019,公司高度重视安全生产与质量管理体系运行情况良好,9,高度重视 安全 生产 与 质量 管理体系 运行 情况 良好
600084,2019,公司在新材料新工艺方向的前瞻性研发布局取得阶段性成果,12,在 新 材料 新工艺 方向 的 前瞻性 研发 布局 取得 阶段性 成果
600084,2019,公司加强成本管控提升运营效率毛利率水平保持基本平稳,11,加强 成本 管控 提升 运营 效率 毛利率 水平 保持 基本 平稳
600084,2019,管理层认为当前窗口稍纵即逝必须短期回报扩大产能投放,10,认为 当前 窗口 稍纵即逝 必须 短期 回报 扩大 产能 投放
600084,2019,管理层认为当前窗口稍纵即逝必须短期内扩大产能投放,9,认为 当前 窗口 稍纵即逝 必须 短期内 扩大 产能 投放
600084,2019,公司进一步完善治理结构规范运作信息披露真实准确完整,10,进一步 完善 治理 结构 规范 运作 信息 真实 准确 完整
600084,2019,公司持续优化产品结构深化渠道建设主营业务收入实现稳健增长,11,持续 优化 产品 结构 深化 渠道 建设 收入 实现 稳健 增长
600084,2019,报告期内公司围绕年度经营计划扎实推进各项重点工作总体经营情况保持稳定,14,报告 期内 围绕 经营 计划 扎实 推进 各项 重点 工作 总体 经营 情况 保持稳定
600084,2019,面对复杂的外部经营环境公司管理层积极应对努力克服不利因素影响,12,面对 复杂 的 外部 经营 环境 积极 应对 努力 克服 不利因素 影响
600084,2019,公司可能面临原材料价格波动市场需求不及预期等风险,10,可能 面临 原材料 价格 波动 市场需求 不及 预期 等 风险
600084,2019,公司短期布局热门赛道力求短期形成新的利润增长点,11,短期 布局 热门 赛道 力求 短期 形成 新 的 利润 增长点
600084,2019,面对复杂的外部经营环境公司管理层积极应对努力克服不利因素影响,12,面对 复杂 的 外部 经营 环境 积极 应对 努力 克服 不利因素 影响
600084,2019,公司在新材料新工艺方向的前瞻性研发布局取得阶段性成果,12,在 新 材料 新工艺 方向 的 前瞻性 研发 布局 取得 阶段性 成果
600084,2019,二零二四年四月,3,二零二 四年 四月
600084,2020,股份有限公司年年度报告管理层讨论与分析模拟文本公司可能面临原材料价格波动市场需求不及预期等风险,18,有限公司 年 年度报告 讨论 与 分析 模拟 文本 可能 面临 原材料 价格 波动 市场需求 不及 预期 等 风险
600084,2020,公司时不我待布局热门赛道力求时不我待形成新的利润增长点,11,时不我待 布局 热门 赛道 力求 时不我待 形成 新 的 利润 增长点
600084,2020,公司加大研发人才引进力度研发人员占比稳步提升,11,加大 研发 人才 引进 力度 研发 人员 占 比 稳步 提升
600084,2020,公司加强成本管控提升运营效率毛利率水平保持基本平稳,11,加强 成本 管控 提升 运营 效率 毛利率 水平 保持 基本 平稳
600084,2020,报告期内公司围绕年度经营计划扎实推进各项重点工作总体经营情况保持稳定,14,报告 期内 围绕 经营 计划 扎实 推进 各项 重点 工作 总体 经营 情况 保持稳定
600084,2020,公司在新材料新工艺方向的前瞻性研发布局取得阶段性成果,12,在 新 材料 新工艺 方向 的 前瞻性 研发 布局 取得 阶段性 成果
600084,2020,公司高度重视安全生产与质量管理体系运行情况良好,9,高度重视 安全 生产 与 质量 管理体系 运行 情况 良好
600084,2020,公司眼下回笼资金以应对眼前的流动性压力,8,眼下 回笼资金 以 应对 眼前 的 流动性 压力
600084,2020,公司高度重视安全生产与质量管理体系运行情况良好,9,高度重视 安全 生产 与 质量 管理体系 运行 情况 良好
600084,2020,管理层表示要短期利益扭转当前被动局面实现业绩快速回升,11,表示 要 短期 利益 扭转 当前 被动局面 实现 业绩 快速 回升
600084,2020,公司与高校科研院所共建联合实验室推进产学研协同创新,10,与 高校 科研院所 共建 联合 实验室 推进 产学研 协同 创新
600084,2020,公司将分秒必争推进重点项目的落地实施确保年内见到成效,11,将 分秒必争 推进 重点项目 的 落地 实施 确保 年内 见到 成效
600084,2020,公司进一步完善治理结构规范运作信息披露真实准确完整,10,进一步 完善 治理 结构 规范 运作 信息 真实 准确 完整
600084,2020,公司进一步完善治理结构规范运作信息披露真实准确完整,10,进一步 完善 治理 结构 规范 运作 信息 真实 准确 完整
600084,2020,公司围绕核心技术开展攻关新申请专利数量保持稳定增长,9,围绕 核心技术 开展 攻关 新 申请专利 数量 保持稳定 增长
600084,2020,公司积极拓展国内外市场客户结构与订单质量进一步改善,11,积极 拓展 国内外 市场 客户 结构 与 订单 质量 进一步 改善
600084,2020,二零二四年四月,3,二零二 四年 四月
600084,2021,股份有限公司年年度报告管理层讨论与分析模拟文本报告期内公司围绕年度经营计划扎实推进各项重点工作总体经营情况保持稳定,22,有限公司 年 年度报告 讨论 与 分析 模拟 文本 报告 期内 围绕 经营 计划 扎实 推进 各项 重点 工作 总体 经营 情况 保持稳定
600084,2021,公司稳步推进产能建设生产运营秩序正常,8,稳步 推进 产能 建设 生产 运营 秩序 正常
600084,2021,公司进一步完善治理结构规范运作信息披露真实准确完整,10,进一步 完善 治理 结构 规范 运作 信息 真实 准确 完整
600084,2021,公司进一步完善治理结构规范运作信息披露真实准确完整,10,进一步 完善 治理 结构 规范 运作 信息 真实 准确 完整
600084,2021,公司围绕核心技术开展攻关新申请专利数量保持稳定增长,9,围绕 核心技术 开展 攻关 新 申请专利 数量 保持稳定 增长
600084,2021,公司高度重视安全生产与质量管理体系运行情况良好,9,高度重视 安全 生产 与 质量 管理体系 运行 情况 良好
600084,2021,公司围绕核心技术开展攻关新申请专利数量保持稳定增长,9,围绕 核心技术 开展 攻关 新 申请专利 数量 保持稳定 增长
600084,2021,为完成全年目标公司将立竿见影调整产品定价策略抢占市场份额,12,为 完成 全年 目标 将 立竿见影 调整 产品 定价 策略 抢占市场 份额
600084,2021,面对复杂的外部经营环境公司管理层积极应对努力克服不利因素影响,12,面对 复杂 的 外部 经营 环境 积极 应对 努力 克服 不利因素 影响
600084,2021,公司马上回笼资金以应对眼前的流动性压力,8,马上 回笼资金 以 应对 眼前 的 流动性 压力
600084,2021,公司进一步完善治理结构规范运作信息披露真实准确完整,10,进一步 完善 治理 结构 规范 运作 信息 真实 准确 完整
600084,2021,公司坚持创新驱动发展战略持续加大研发投入研发费用同比增长较快,14,坚持 创新 驱动 发展 战略 持续 加大 研发 投入 研发 费用 增长 较 快
600084,2021,宏观经济波动与行业竞争加剧可能对公司业绩产生不利影响,12,宏观 经济波动 与 行业 竞争 加剧 可能 对 公司业绩 产生 不利 影响
600084,2021,公司将采取权宜之计压缩各项开支以确保短期兑现业绩承诺,12,将 采取 权宜之计 压缩 各项 开支 以 确保 短期 兑现 业绩 承诺
600084,2021,为完成全年目标公司将立即调整产品定价策略抢占市场份额,12,为 完成 全年 目标 将 立即 调整 产品 定价 策略 抢占市场 份额
600084,2021,公司将短期收益推进重点项目的落地实施确保年内见到成效,12,将 短期 收益 推进 重点项目 的 落地 实施 确保 年内 见到 成效
600084,2021,公司稳步推进产能建设生产运营秩序正常,8,稳步 推进 产能 建设 生产 运营 秩序 正常
600084,2021,二零二四年四月,3,二零二 四年 四月
600084,2022,股份有限公司年年度报告管理层讨论与分析模拟文本管理层认为当前窗口稍纵即逝必须短期内扩大产能投放,17,有限公司 年 年度报告 讨论 与 分析 模拟 文本 认为 当前 窗口 稍纵即逝 必须 短期内 扩大 产能 投放
600084,2022,公司围绕核心技术开展攻关新申请专利数量保持稳定增长,9,围绕 核心技术 开展 攻关 新 申请专利 数量 保持稳定 增长
600084,2022,公司高度重视安全生产与质量管理体系运行情况良好,9,高度重视 安全 生产 与 质量 管理体系 运行 情况 良好
600084,2022,公司高度重视安全生产与质量管理体系运行情况良好,9,高度重视 安全 生产 与 质量 管理体系 运行 情况 良好
600084,2022,为完成全年目标公司将眼前调整产品定价策略抢占市场份额,12,为 完成 全年 目标 将 眼前 调整 产品 定价 策略 抢占市场 份额
600084,2022,管理层表示要眼前扭转当前被动局面实现业绩快速回升,10,表示 要 眼前 扭转 当前 被动局面 实现 业绩 快速 回升
600084,2022,公司加大研发人才引进力度研发人员占比稳步提升,11,加大 研发 人才 引进 力度 研发 人员 占 比 稳步 提升
600084,2022,公司进一步完善治理结构规范运作信息披露真实准确完整,10,进一步 完善 治理 结构 规范 运作 信息 真实 准确 完整
600084,2022,公司持续优化产品结构深化渠道建设主营业务收入实现稳健增长,11,持续 优化 产品 结构 深化 渠道 建设 收入 实现 稳健 增长
600084,2022,管理层表示要短期利益扭转当前被动局面实现业绩快速回升,11,表示 要 短期 利益 扭转 当前 被动局面 实现 业绩 快速 回升
600084,2022,报告期内公司围绕年度经营计划扎实推进各项重点工作总体经营情况保持稳定,14,报告 期内 围绕 经营 计划 扎实 推进 各项 重点 工作 总体 经营 情况 保持稳定
600084,2022,公司加强成本管控提升运营效率毛利率水平保持基本平稳,11,加强 成本 管控 提升 运营 效率 毛利率 水平 保持 基本 平稳
600084,2022,公司高度重视安全生产与质量管理体系运行情况良好,9,高度重视 安全 生产 与 质量 管理体系 运行 情况 良好
600084,2022,公司时不我待布局热门赛道力求时不我待形成新的利润增长点,11,时不我待 布局 热门 赛道 力求 时不我待 形成 新 的 利润 增长点
600084,2022,公司将采取权宜之计压缩各项开支以确保早日兑现业绩承诺,12,将 采取 权宜之计 压缩 各项 开支 以 确保 早日 兑现 业绩 承诺
600084,2022,公司可能面临原材料价格波动市场需求不及预期等风险,10,可能 面临 原材料 价格 波动 市场需求 不及 预期 等 风险
600084,2022,二零二四年四月,3,二零二 四年 四月
600084,2023,股份有限公司年年度报告管理层讨论与分析模拟文本公司与高校科研院所共建联合实验室推进产学研协同创新,18,有限公司 年 年度报告 讨论 与 分析 模拟 文本 与 高校 科研院所 共建 联合 实验室 推进 产学研 协同 创新
600084,2023,汇率波动及贸易环境变化对公司海外业务构成一定不确定性,12,汇率 波动 及 贸易 环境 变化 对 海外 业务 构成 一定 不确定性
600084,2023,公司在新材料新工艺方向的前瞻性研发布局取得阶段性成果,12,在 新 材料 新工艺 方向 的 前瞻性 研发 布局 取得 阶段性 成果
600084,2023,公司加强成本管控提升运营效率毛利率水平保持基本平稳,11,加强 成本 管控 提升 运营 效率 毛利率 水平 保持 基本 平稳
600084,2023,公司将采取权宜之计压缩各项开支以确保急于求成兑现业绩承诺,12,将 采取 权宜之计 压缩 各项 开支 以 确保 急于求成 兑现 业绩 承诺
600084,2023,公司要求各事业部分秒必争消化库存回笼资金缓解业绩压力,10,要求 各 事业部 分秒必争 消化 库存 回笼资金 缓解 业绩 压力
600084,2023,公司围绕核心技术开展攻关新申请专利数量保持稳定增长,9,围绕 核心技术 开展 攻关 新 申请专利 数量 保持稳定 增长
600084,2023,公司稳步推进产能建设生产运营秩序正常,8,稳步 推进 产能 建设 生产 运营 秩序 正常
600084,2023,公司高度重视安全生产与质量管理体系运行情况良好,9,高度重视 安全 生产 与 质量 管理体系 运行 情况 良好
600084,2023,公司进一步完善治理结构规范运作信息披露真实准确完整,10,进一步 完善 治理 结构 规范 运作 信息 真实 准确 完整
600084,2023,宏观经济波动与行业竞争加剧可能对公司业绩产生不利影响,12,宏观 经济波动 与 行业 竞争 加剧 可能 对 公司业绩 产生 不利 影响
600084,2023,公司要求各事业部当下消化库存回笼资金缓解业绩压力,10,要求 各 事业部 当下 消化 库存 回笼资金 缓解 业绩 压力
600084,2023,公司加强成本管控提升运营效率毛利率水平保持基本平稳,11,加强 成本 管控 提升 运营 效率 毛利率 水平 保持 基本 平稳
600084,2023,管理层表示要现今扭转当前被动局面实现业绩快速回升,10,表示 要 现今 扭转 当前 被动局面 实现 业绩 快速 回升
600084,2023,公司加强成本管控提升运营效率毛利率水平保持基本平稳,11,加强 成本 管控 提升 运营 效率 毛利率 水平 保持 基本 平稳
600084,2023,公司进一步完善治理结构规范运作信息披露真实准确完整,10,进一步 完善 治理 结构 规范 运作 信息 真实 准确 完整
600084,2023,公司持续优化产品结构深化渠道建设主营业务收入实现稳健增长,11,持续 优化 产品 结构 深化 渠道 建设 收入 实现 稳健 增长
600084,2023,汇率波动及贸易环境变化对公司海外业务构成一定不确定性,12,汇率 波动 及 贸易 环境 变化 对 海外 业务 构成 一定 不确定性
600084,2023,公司高度重视安全生产与质量管理体系运行情况良好,9,高度重视 安全 生产 与 质量 管理体系 运行 情况 良好
600084,2023,二零二四年四月,3,二零二 四年 四月
600087,2019,股份有限公司年年度报告管理层讨论与分析模拟文本公司进一步完善治理结构规范运作信息披露真实准确完整,18,有限公司 年 年度报告 讨论 与 分析 模拟 文本 进一步 完善 治理 结构 规范 运作 信息 真实 准确 完整
600087,2019,管理层认为当前窗口稍纵即逝必须尽快扩大产能投放,9,认为 当前 窗口 稍纵即逝 必须 尽快 扩大 产能 投放
600087,2019,面对复杂的外部经营环境公司管理层积极应对努力克服不利因素影响,12,面对 复杂 的 外部 经营 环境 积极 应对 努力 克服 不利因素 影响
600087,2019,公司高度重视安全生产与质量管理体系运行情况良好,9,高度重视 安全 生产 与 质量 管理体系 运行 情况 良好
600087,2019,面对复杂的外部经营环境公司管理层积极应对努力克服不利因素影响,12,面对 复杂 的 外部 经营 环境 积极 应对 努力 克服 不利因素 影响
600087,2019,为完成全年目标公司将眼前调整产品定价策略抢占市场份额,12,为 完成 全年 目标 将 眼前 调整 产品 定价 策略 抢占市场 份额
600087,2019,汇率波动及贸易环境变化对公司海外业务构成一定不确定性,12,汇率 波动 及 贸易 环境 变化 对 海外 业务 构成 一定 不确定性
600087,2019,公司加大研发人才引进力度研发人员占比稳步提升,11,加大 研发 人才 引进 力度 研发 人员 占 比 稳步 提升
600087,2019,公司可能面临原材料价格波动市场需求不及预期等风险,10,可能 面临 原材料 价格 波动 市场需求 不及 预期 等 风险
600087,2019,公司在新材料新工艺方向的前瞻性研发布局取得阶段性成果,12,在 新 材料 新工艺 方向 的 前瞻性 研发 布局 取得 阶段性 成果
600087,2019,公司高度重视安全生产与质量管理体系运行情况良好,9,高度重视 安全 生产 与 质量 管理体系 运行 情况 良好
600087,2019,公司积极拓展国内外市场客户结构与订单质量进一步改善,11,积极 拓展 国内外 市场 客户 结构 与 订单 质量 进一步 改善
600087,2019,宏观经济波动与行业竞争加剧可能对公司业绩产生不利影响,12,宏观 经济波动 与 行业 竞争 加剧 可能 对 公司业绩 产生 不利 影响
600087,2019,公司围绕核心技术开展攻关新申请专利数量保持稳定增长,9,围绕 核心技术 开展 攻关 新 申请专利 数量 保持稳定 增长
600087,2019,公司在新材料新工艺方向的前瞻性研发布局取得阶段性成果,12,在 新 材料 新工艺 方向 的 前瞻性 研发 布局 取得 阶段性 成果
600087,2019,二零二四年四月,3,二零二 四年 四月
600087,2020,股份有限公司年年度报告管理层讨论与分析模拟文本公司加强成本管控提升运营效率毛利率水平保持基本平稳,19,有限公司 年 年度报告 讨论 与 分析 模拟 文本 加强 成本 管控 提升 运营 效率 毛利率 水平 保持 基本 平稳
600087,2020,公司早日回笼资金以应对眼前的流动性压力,8,早日 回笼资金 以 应对 眼前 的 流动性 压力
600087,2020,公司坚持创新驱动发展战略持续加大研发投入研发费用同比增长较快,14,坚持 创新 驱动 发展 战略 持续 加大 研发 投入 研发 费用 增长 较 快
600087,2020,面对复杂的外部经营环境公司管理层积极应对努力克服不利因素影响,12,面对 复杂 的 外部 经营 环境 积极 应对 努力 克服 不利因素 影响
600087,2020,公司可能面临原材料价格波动市场需求不及预期等风险,10,可能 面临 原材料 价格 波动 市场需求 不及 预期 等 风险
600087,2020,报告期内公司围绕年度经营计划扎实推进各项重点工作总体经营情况保持稳定,14,报告 期内 围绕 经营 计划 扎实 推进 各项 重点 工作 总体 经营 情况 保持稳定
600087,2020,公司与高校科研院所共建联合实验室推进产学研协同创新,10,与 高校 科研院所 共建 联合 实验室 推进 产学研 协同 创新
600087,2020,公司进一步完善治理结构规范运作信息披露真实准确完整,10,进一步 完善 治理 结构 规范 运作 信息 真实 准确 完整
600087,2020,公司立即回笼资金以应对眼前的流动性压力,8,立即 回笼资金 以 应对 眼前 的 流动性 压力
600087,2020,公司稳步推进产能建设生产运营秩序正常,8,稳步 推进 产能 建设 生产 运营 秩序 正常
600087,2020,公司坚持创新驱动发展战略持续加大研发投入研发费用同比增长较快,14,坚持 创新 驱动 发展 战略 持续 加大 研发 投入 研发 费用 增长 较 快
600087,2020,管理层表示要迫在眉睫扭转当前被动局面实现业绩快速回升,10,表示 要 迫在眉睫 扭转 当前 被动局面 实现 业绩 快速 回升
600087,2020,公司积极拓展国内外市场客户结构与订单质量进一步改善,11,积极 拓展 国内外 市场 客户 结构 与 订单 质量 进一步 改善
600087,2020,公司持续优化产品结构深化渠道建设主营业务收入实现稳健增长,11,持续 优化 产品 结构 深化 渠道 建设 收入 实现 稳健 增长
600087,2020,二零二四年四月,3,二零二 四年 四月
600087,2021,股份有限公司年年度报告管理层讨论与分析模拟文本管理层表示要目前扭转当前被动局面实现业绩快速回升,18,有限公司 年 年度报告 讨论 与 分析 模拟 文本 表示 要 目前 扭转 当前 被动局面 实现 业绩 快速 回升
600087,2021,公司高度重视安全生产与质量管理体系运行情况良好,9,高度重视 安全 生产 与 质量 管理体系 运行 情况 良好
600087,2021,公司加强成本管控提升运营效率毛利率水平保持基本平稳,11,加强 成本 管控 提升 运营 效率 毛利率 水平 保持 基本 平稳
600087,2021,面对复杂的外部经营环境公司管理层积极应对努力克服不利因素影响,12,面对 复杂 的 外部 经营 环境 积极 应对 努力 克服 不利因素 影响
600087,2021,公司与高校科研院所共建联合实验室推进产学研协同创新,10,与 高校 科研院所 共建 联合 实验室 推进 产学研 协同 创新
600087,2021,公司可能面临原材料价格波动市场需求不及预期等风险,10,可能 面临 原材料 价格 波动 市场需求 不及 预期 等 风险
600087,2021,公司早日布局热门赛道力求早日形成新的利润增长点,11,早日 布局 热门 赛道 力求 早日 形成 新 的 利润 增长点
600087,2021,公司积极拓展国内外市场客户结构与订单质量进一步改善,11,积极 拓展 国内外 市场 客户 结构 与 订单 质量 进一步 改善
600087,2021,公司加强成本管控提升运营效率毛利率水平保持基本平稳,11,加强 成本 管控 提升 运营 效率 毛利率 水平 保持 基本 平稳
600087,2021,公司加强成本管控提升运营效率毛利率水平保持基本平稳,11,加强 成本 管控 提升 运营 效率 毛利率 水平 保持 基本 平稳
600087,2021,公司加大研发人才引进力度研发人员占比稳步提升,11,加大 研发 人才 引进 力度 研发 人员 占 比 稳步 提升
600087,2021,面对复杂的外部经营环境公司管理层积极应对努力克服不利因素影响,12,面对 复杂 的 外部 经营 环境 积极 应对 努力 克服 不利因素 影响
600087,2021,公司要求各事业部近期消化库存回笼资金缓解业绩压力,10,要求 各 事业部 近期 消化 库存 回笼资金 缓解 业绩 压力
600087,2021,公司可能面临原材料价格波动市场需求不及预期等风险,10,可能 面临 原材料 价格 波动 市场需求 不及 预期 等 风险
600087,2021,公司围绕核心技术开展攻关新申请专利数量保持稳定增长,9,围绕 核心技术 开展 攻关 新 申请专利 数量 保持稳定 增长
600087,2021,公司持续优化产品结构深化渠道建设主营业务收入实现稳健增长,11,持续 优化 产品 结构 深化 渠道 建设 收入 实现 稳健 增长
600087,2021,管理层认为当前窗口稍纵即逝必须应急扩大产能投放,9,认为 当前 窗口 稍纵即逝 必须 应急 扩大 产能 投放
600087,2021,公司加强成本管控提升运营效率毛利率水平保持基本平稳,11,加强 成本 管控 提升 运营 效率 毛利率 水平 保持 基本 平稳
600087,2021,宏观经济波动与行业竞争加剧可能对公司业绩产生不利影响,12,宏观 经济波动 与 行业 竞争 加剧 可能 对 公司业绩 产生 不利 影响
600087,2021,二零二四年四月,3,二零二 四年 四月
600087,2022,股份有限公司年年度报告管理层讨论与分析模拟文本报告期内公司围绕年度经营计划扎实推进各项重点工作总体经营情况保持稳定,22,有限公司 年 年度报告 讨论 与 分析 模拟 文本 报告 期内 围绕 经营 计划 扎实 推进 各项 重点 工作 总体 经营 情况 保持稳定
600087,2022,汇率波动及贸易环境变化对公司海外业务构成一定不确定性,12,汇率 波动 及 贸易 环境 变化 对 海外 业务 构成 一定 不确定性
600087,2022,为完成全年目标公司将赶快调整产品定价策略抢占市场份额,12,为 完成 全年 目标 将 赶快 调整 产品 定价 策略 抢占市场 份额
600087,2022,公司与高校科研院所共建联合实验室推进产学研协同创新,10,与 高校 科研院所 共建 联合 实验室 推进 产学研 协同 创新
600087,2022,公司要求各事业部竭泽而渔消化库存回笼资金缓解业绩压力,10,要求 各 事业部 竭泽而渔 消化 库存 回笼资金 缓解 业绩 压力
600087,2022,报告期内公司围绕年度经营计划扎实推进各项重点工作总体经营情况保持稳定,14,报告 期内 围绕 经营 计划 扎实 推进 各项 重点 工作 总体 经营 情况 保持稳定
600087,2022,公司持续优化产品结构深化渠道建设主营业务收入实现稳健增长,11,持续 优化 产品 结构 深化 渠道 建设 收入 实现 稳健 增长
600087,2022,公司持续优化产品结构深化渠道建设主营业务收入实现稳健增长,11,持续 优化 产品 结构 深化 渠道 建设 收入 实现 稳健 增长
600087,2022,汇率波动及贸易环境变化对公司海外业务构成一定不确定性,12,汇率 波动 及 贸易 环境 变化 对 海外 业务 构成 一定 不确定性
600087,2022,公司早日回笼资金以应对眼前的流动性压力,8,早日 回笼资金 以 应对 眼前 的 流动性 压力
600087,2022,公司积极拓展国内外市场客户结构与订单质量进一步改善,11,积极 拓展 国内外 市场 客户 结构 与 订单 质量 进一步 改善
600087,2022,公司积极拓展国内外市场客户结构与订单质量进一步改善,11,积极 拓展 国内外 市场 客户 结构 与 订单 质量 进一步 改善
600087,2022,公司在新材料新工艺方向的前瞻性研发布局取得阶段性成果,12,在 新 材料 新工艺 方向 的 前瞻性 研发 布局 取得 阶段性 成果
600087,2022,宏观经济波动与行业竞争加剧可能对公司业绩产生不利影响,12,宏观 经济波动 与 行业 竞争 加剧 可能 对 公司业绩 产生 不利 影响
600087,2022,公司围绕核心技术开展攻关新申请专利数量保持稳定增长,9,围绕 核心技术 开展 攻关 新 申请专利 数量 保持稳定 增长
600087,2022,公司进一步完善治理结构规范运作信息披露真实准确完整,10,进一步 完善 治理 结构 规范 运作 信息 真实 准确 完整
600087,2022,公司围绕核心技术开展攻关新申请专利数量保持稳定增长,9,围绕 核心技术 开展 攻关 新 申请专利 数量 保持稳定 增长
600087,2022,管理层表示要时不我待扭转当前被动局面实现业绩快速回升,10,表示 要 时不我待 扭转 当前 被动局面 实现 业绩 快速 回升
600087,2022,二零二四年四月,3,二零二 四年 四月
600087,2023,股份有限公司年年度报告管理层讨论与分析模拟文本公司持续优化产品结构深化渠道建设主营业务收入实现稳健增长,19,有限公司 年 年度报告 讨论 与 分析 模拟 文本 持续 优化 产品 结构 深化 渠道 建设 收入 实现 稳健 增长
600087,2023,公司加强成本管控提升运营效率毛利率水平保持基本平稳,11,加强 成本 管控 提升 运营 效率 毛利率 水平 保持 基本 平稳
600087,2023,报告期内公司围绕年度经营计划扎实推进各项重点工作总体经营情况保持稳定,14,报告 期内 围绕 经营 计划 扎实 推进 各项 重点 工作 总体 经营 情况 保持稳定
600087,2023,公司进一步完善治理结构规范运作信息披露真实准确完整,10,进一步 完善 治理 结构 规范 运作 信息 真实 准确 完整
600087,2023,公司可能面临原材料价格波动市场需求不及预期等风险,10,可能 面临 原材料 价格 波动 市场需求 不及 预期 等 风险
600087,2023,公司积极拓展国内外市场客户结构与订单质量进一步改善,11,积极 拓展 国内外 市场 客户 结构 与 订单 质量 进一步 改善
600087,2023,公司赶快布局热门赛道力求赶快形成新的利润增长点,11,赶快 布局 热门 赛道 力求 赶快 形成 新 的 利润 增长点
600087,2023,公司稳步推进产能建设生产运营秩序正常,8,稳步 推进 产能 建设 生产 运营 秩序 正常
600087,2023,公司坚持创新驱动发展战略持续加大研发投入研发费用同比增长较快,14,坚持 创新 驱动 发展 战略 持续 加大 研发 投入 研发 费用 增长 较 快
600087,2023,报告期内公司围绕年度经营计划扎实推进各项重点工作总体经营情况保持稳定,14,报告 期内 围绕 经营 计划 扎实 推进 各项 重点 工作 总体 经营 情况 保持稳定
600087,2023,公司将采取权宜之计压缩各项开支以确保尽快兑现业绩承诺,12,将 采取 权宜之计 压缩 各项 开支 以 确保 尽快 兑现 业绩 承诺
600087,2023,为完成全年目标公司将迫在眉睫调整产品定价策略抢占市场份额,12,为 完成 全年 目标 将 迫在眉睫 调整 产品 定价 策略 抢占市场 份额
600087,2023,公司持续优化产品结构深化渠道建设主营业务收入实现稳健增长,11,持续 优化 产品 结构 深化 渠道 建设 收入 实现 稳健 增长
600087,2023,公司与高校科研院所共建联合实验室推进产学研协同创新,10,与 高校 科研院所 共建 联合 实验室 推进 产学研 协同 创新
600087,2023,公司在新材料新工艺方向的前瞻性研发布局取得阶段性成果,12,在 新 材料 新工艺 方向 的 前瞻性 研发 布局 取得 阶段性 成果
600087,2023,公司进一步完善治理结构规范运作信息披露真实准确完整,10,进一步 完善 治理 结构 规范 运作 信息 真实 准确 完整
600087,2023,管理层表示要赶快扭转当前被动局面实现业绩快速回升,10,表示 要 赶快 扭转 当前 被动局面 实现 业绩 快速 回升
600087,2023,二零二四年四月,3,二零二 四年 四月
600090,2019,股份有限公司年年度报告管理层讨论与分析模拟文本公司积极拓展国内外市场客户结构与订单质量进一步改善,19,有限公司 年 年度报告 讨论 与 分析 模拟 文本 积极 拓展 国内外 市场 客户 结构 与 订单 质量 进一步 改善
600090,2019,汇率波动及贸易环境变化对公司海外业务构成一定不确定性,12,汇率 波动 及 贸易 环境 变化 对 海外 业务 构成 一定 不确定性
600090,2019,公司高度重视安全生产与质量管理体系运行情况良好,9,高度重视 安全 生产 与 质量 管理体系 运行 情况 良好
600090,2019,管理层认为当前窗口稍纵即逝必须立竿见影扩大产能投放,9,认为 当前 窗口 稍纵即逝 必须 立竿见影 扩大 产能 投放
600090,2019,管理层表示要一步到位扭转当前被动局面实现业绩快速回升,10,表示 要 一步到位 扭转 当前 被动局面 实现 业绩 快速 回升
600090,2019,公司加强成本管控提升运营效率毛利率水平保持基本平稳,11,加强 成本 管控 提升 运营 效率 毛利率 水平 保持 基本 平稳
600090,2019,公司将眼前推进重点项目的落地实施确保年内见到成效,11,将 眼前 推进 重点项目 的 落地 实施 确保 年内 见到 成效
600090,2019,公司持续优化产品结构深化渠道建设主营业务收入实现稳健增长,11,持续 优化 产品 结构 深化 渠道 建设 收入 实现 稳健 增长
600090,2019,报告期内公司围绕年度经营计划扎实推进各项重点工作总体经营情况保持稳定,14,报告 期内 围绕 经营 计划 扎实 推进 各项 重点 工作 总体 经营 情况 保持稳定
600090,2019,公司围绕核心技术开展攻关新申请专利数量保持稳定增长,9,围绕 核心技术 开展 攻关 新 申请专利 数量 保持稳定 增长
600090,2019,公司稳步推进产能建设生产运营秩序正常,8,稳步 推进 产能 建设 生产 运营 秩序 正常
600090,2019,公司与高校科研院所共建联合实验室推进产学研协同创新,10,与 高校 科研院所 共建 联合 实验室 推进 产学研 协同 创新
600090,2019,公司坚持创新驱动发展战略持续加大研发投入研发费用同比增长较快,14,坚持 创新 驱动 发展 战略 持续 加大 研发 投入 研发 费用 增长 较 快
600090,2019,二零二四年四月,3,二零二 四年 四月
600090,2020,股份有限公司年年度报告管理层讨论与分析模拟文本公司在新材料新工艺方向的前瞻性研发布局取得阶段性成果,20,有限公司 年 年度报告 讨论 与 分析 模拟 文本 在 新 材料 新工艺 方向 的 前瞻性 研发 布局 取得 阶段性 成果
600090,2020,公司持续优化产品结构深化渠道建设主营业务收入实现稳健增长,11,持续 优化 产品 结构 深化 渠道 建设 收入 实现 稳健 增长
600090,2020,公司高度重视安全生产与质量管理体系运行情况良好,9,高度重视 安全 生产 与 质量 管理体系 运行 情况 良好
600090,2020,公司将争分夺秒推进重点项目的落地实施确保年内见到成效,11,将 争分夺秒 推进 重点项目 的 落地 实施 确保 年内 见到 成效
600090,2020,公司持续优化产品结构深化渠道建设主营业务收入实现稳健增长,11,持续 优化 产品 结构 深化 渠道 建设 收入 实现 稳健 增长
600090,2020,公司迫在眉睫布局热门赛道力求迫在眉睫形成新的利润增长点,11,迫在眉睫 布局 热门 赛道 力求 迫在眉睫 形成 新 的 利润 增长点
600090,2020,公司加强成本管控提升运营效率毛利率水平保持基本平稳,11,加强 成本 管控 提升 运营 效率 毛利率 水平 保持 基本 平稳
600090,2020,公司高度重视安全生产与质量管理体系运行情况良好,9,高度重视 安全 生产 与 质量 管理体系 运行 情况 良好
600090,2020,公司稳步推进产能建设生产运营秩序正常,8,稳步 推进 产能 建设 生产 运营 秩序 正常
600090,2020,公司在新材料新工艺方向的前瞻性研发布局取得阶段性成果,12,在 新 材料 新工艺 方向 的 前瞻性 研发 布局 取得 阶段性 成果
600090,2020,管理层认为当前窗口稍纵即逝必须当下扩大产能投放,9,认为 当前 窗口 稍纵即逝 必须 当下 扩大 产能 投放
600090,2020,公司将采取权宜之计压缩各项开支以确保争分夺秒兑现业绩承诺,12,将 采取 权宜之计 压缩 各项 开支 以 确保 争分夺秒 兑现 业绩 承诺
600090,2020,管理层认为当前窗口稍纵即逝必须短期回报扩大产能投放,10,认为 当前 窗口 稍纵即逝 必须 短期 回报 扩大 产能 投放
600090,2020,公司坚持创新驱动发展战略持续加大研发投入研发费用同比增长较快,14,坚持 创新 驱动 发展 战略 持续 加大 研发 投入 研发 费用 增长 较 快
600090,2020,公司可能面临原材料价格波动市场需求不及预期等风险,10,可能 面临 原材料 价格 波动 市场需求 不及 预期 等 风险
600090,2020,公司稳步推进产能建设生产运营秩序正常,8,稳步 推进 产能 建设 生产 运营 秩序 正常
600090,2020,二零二四年四月,3,二零二 四年 四月
600090,2021,股份有限公司年年度报告管理层讨论与分析模拟文本公司进一步完善治理结构规范运作信息披露真实准确完整,18,有限公司 年 年度报告 讨论 与 分析 模拟 文本 进一步 完善 治理 结构 规范 运作 信息 真实 准确 完整
600090,2021,面对复杂的外部经营环境公司管理层积极应对努力克服不利因素影响,12,面对 复杂 的 外部 经营 环境 积极 应对 努力 克服 不利因素 影响
600090,2021,管理层表示要赶快扭转当前被动局面实现业绩快速回升,10,表示 要 赶快 扭转 当前 被动局面 实现 业绩 快速 回升
600090,2021,公司将采取权宜之计压缩各项开支以确保短期兑现业绩承诺,12,将 采取 权宜之计 压缩 各项 开支 以 确保 短期 兑现 业绩 承诺
600090,2021,公司可能面临原材料价格波动市场需求不及预期等风险,10,可能 面临 原材料 价格 波动 市场需求 不及 预期 等 风险
600090,2021,公司加大研发人才引进力度研发人员占比稳步提升,11,加大 研发 人才 引进 力度 研发 人员 占 比 稳步 提升
600090,2021,公司要求各事业部今年消化库存回笼资金缓解业绩压力,10,要求 各 事业部 今年 消化 库存 回笼资金 缓解 业绩 压力
600090,2021,宏观经济波动与行业竞争加剧可能对公司业绩产生不利影响,12,宏观 经济波动 与 行业 竞争 加剧 可能 对 公司业绩 产生 不利 影响
600090,2021,公司坚持创新驱动发展战略持续加大研发投入研发费用同比增长较快,14,坚持 创新 驱动 发展 战略 持续 加大 研发 投入 研发 费用 增长 较 快
600090,2021,公司持续优化产品结构深化渠道建设主营业务收入实现稳健增长,11,持续 优化 产品 结构 深化 渠道 建设 收入 实现 稳健 增长
600090,2021,公司坚持创新驱动发展战略持续加大研发投入研发费用同比增长较快,14,坚持 创新 驱动 发展 战略 持续 加大 研发 投入 研发 费用 增长 较 快
600090,2021,管理层认为当前窗口稍纵即逝必须抓紧扩大产能投放,9,认为 当前 窗口 稍纵即逝 必须 抓紧 扩大 产能 投放
600090,2021,公司持续优化产品结构深化渠道建设主营业务收入实现稳健增长,11,持续 优化 产品 结构 深化 渠道 建设 收入 实现 稳健 增长
600090,2021,公司进一步完善治理结构规范运作信息披露真实准确完整,10,进一步 完善 治理 结构 规范 运作 信息 真实 准确 完整
600090,2021,公司持续优化产品结构深化渠道建设主营业务收入实现稳健增长,11,持续 优化 产品 结构 深化 渠道 建设 收入 实现 稳健 增长
600090,2021,公司加大研发人才引进力度研发人员占比稳步提升,11,加大 研发 人才 引进 力度 研发 人员 占 比 稳步 提升
600090,2021,公司加强成本管控提升运营效率毛利率水平保持基本平稳,11,加强 成本 管控 提升 运营 效率 毛利率 水平 保持 基本 平稳
600090,2021,汇率波动及贸易环境变化对公司海外业务构成一定不确定性,12,汇率 波动 及 贸易 环境 变化 对 海外 业务 构成 一定 不确定性
600090,2021,报告期内公司围绕年度经营计划扎实推进各项重点工作总体经营情况保持稳定,14,报告 期内 围绕 经营 计划 扎实 推进 各项 重点 工作 总体 经营 情况 保持稳定
600090,2021,二零二四年四月,3,二零二 四年 四月
600090,2022,股份有限公司年年度报告管理层讨论与分析模拟文本公司稳步推进产能建设生产运营秩序正常,16,有限公司 年 年度报告 讨论 与 分析 模拟 文本 稳步 推进 产能 建设 生产 运营 秩序 正常
600090,2022,公司持续优化产品结构深化渠道建设主营业务收入实现稳健增长,11,持续 优化 产品 结构 深化 渠道 建设 收入 实现 稳健 增长
600090,2022,公司加强成本管控提升运营效率毛利率水平保持基本平稳,11,加强 成本 管控 提升 运营 效率 毛利率 水平 保持 基本 平稳
600090,2022,公司可能面临原材料价格波动市场需求不及预期等风险,10,可能 面临 原材料 价格 波动 市场需求 不及 预期 等 风险
600090,2022,公司在新材料新工艺方向的前瞻性研发布局取得阶段性成果,12,在 新 材料 新工艺 方向 的 前瞻性 研发 布局 取得 阶段性 成果
600090,2022,公司将速胜推进重点项目的落地实施确保年内见到成效,11,将 速胜 推进 重点项目 的 落地 实施 确保 年内 见到 成效
600090,2022,面对复杂的外部经营环境公司管理层积极应对努力克服不利因素影响,12,面对 复杂 的 外部 经营 环境 积极 应对 努力 克服 不利因素 影响
600090,2022,公司与高校科研院所共建联合实验室推进产学研协同创新,10,与 高校 科研院所 共建 联合 实验室 推进 产学研 协同 创新
600090,2022,报告期内公司围绕年度经营计划扎实推进各项重点工作总体经营情况保持稳定,14,报告 期内 围绕 经营 计划 扎实 推进 各项 重点 工作 总体 经营 情况 保持稳定
600090,2022,报告期内公司围绕年度经营计划扎实推进各项重点工作总体经营情况保持稳定,14,报告 期内 围绕 经营 计划 扎实 推进 各项 重点 工作 总体 经营 情况 保持稳定
600090,2022,公司可能面临原材料价格波动市场需求不及预期等风险,10,可能 面临 原材料 价格 波动 市场需求 不及 预期 等 风险
600090,2022,报告期内公司围绕年度经营计划扎实推进各项重点工作总体经营情况保持稳定,14,报告 期内 围绕 经营 计划 扎实 推进 各项 重点 工作 总体 经营 情况 保持稳定
600090,2022,公司围绕核心技术开展攻关新申请专利数量保持稳定增长,9,围绕 核心技术 开展 攻关 新 申请专利 数量 保持稳定 增长
600090,2022,为完成全年目标公司将尽快调整产品定价策略抢占市场份额,12,为 完成 全年 目标 将 尽快 调整 产品 定价 策略 抢占市场 份额
600090,2022,为完成全年目标公司将眼下调整产品定价策略抢占市场份额,12,为 完成 全年 目标 将 眼下 调整 产品 定价 策略 抢占市场 份额
600090,2022,面对复杂的外部经营环境公司管理层积极应对努力克服不利因素影响,12,面对 复杂 的 外部 经营 环境 积极 应对 努力 克服 不利因素 影响
600090,2022,公司进一步完善治理结构规范运作信息披露真实准确完整,10,进一步 完善 治理 结构 规范 运作 信息 真实 准确 完整
600090,2022,汇率波动及贸易环境变化对公司海外业务构成一定不确定性,12,汇率 波动 及 贸易 环境 变化 对 海外 业务 构成 一定 不确定性
600090,2022,二零二四年四月,3,二零二 四年 四月
600090,2023,股份有限公司年年度报告管理层讨论与分析模拟文本公司将应急推进重点项目的落地实施确保年内见到成效,19,有限公司 年 年度报告 讨论 与 分析 模拟 文本 将 应急 推进 重点项目 的 落地 实施 确保 年内 见到 成效
600090,2023,汇率波动及贸易环境变化对公司海外业务构成一定不确定性,12,汇率 波动 及 贸易 环境 变化 对 海外 业务 构成 一定 不确定性
600090,2023,宏观经济波动与行业竞争加剧可能对公司业绩产生不利影响,12,宏观 经济波动 与 行业 竞争 加剧 可能 对 公司业绩 产生 不利 影响
600090,2023,公司将今年推进重点项目的落地实施确保年内见到成效,11,将 今年 推进 重点项目 的 落地 实施 确保 年内 见到 成效
600090,2023,公司在新材料新工艺方向的前瞻性研发布局取得阶段性成果,12,在 新 材料 新工艺 方向 的 前瞻性 研发 布局 取得 阶段性 成果
600090,2023,公司加强成本管控提升运营效率毛利率水平保持基本平稳,11,加强 成本 管控 提升 运营 效率 毛利率 水平 保持 基本 平稳
600090,2023,公司与高校科研院所共建联合实验室推进产学研协同创新,10,与 高校 科研院所 共建 联合 实验室 推进 产学研 协同 创新
600090,2023,汇率波动及贸易环境变化对公司海外业务构成一定不确定性,12,汇率 波动 及 贸易 环境 变化 对 海外 业务 构成 一定 不确定性
600090,2023,公司与高校科研院所共建联合实验室推进产学研协同创新,10,与 高校 科研院所 共建 联合 实验室 推进 产学研 协同 创新
600090,2023,公司积极拓展国内外市场客户结构与订单质量进一步改善,11,积极 拓展 国内外 市场 客户 结构 与 订单 质量 进一步 改善
600090,2023,报告期内公司围绕年度经营计划扎实推进各项重点工作总体经营情况保持稳定,14,报告 期内 围绕 经营 计划 扎实 推进 各项 重点 工作 总体 经营 情况 保持稳定
600090,2023,面对复杂的外部经营环境公司管理层积极应对努力克服不利因素影响,12,面对 复杂 的 外部 经营 环境 积极 应对 努力 克服 不利因素 影响
600090,2023,公司将迫在眉睫推进重点项目的落地实施确保年内见到成效,11,将 迫在眉睫 推进 重点项目 的 落地 实施 确保 年内 见到 成效
600090,2023,报告期内公司围绕年度经营计划扎实推进各项重点工作总体经营情况保持稳定,14,报告 期内 围绕 经营 计划 扎实 推进 各项 重点 工作 总体 经营 情况 保持稳定
600090,2023,公司坚持创新驱动发展战略持续加大研发投入研发费用同比增长较快,14,坚持 创新 驱动 发展 战略 持续 加大 研发 投入 研发 费用 增长 较 快
600090,2023,公司加强成本管控提升运营效率毛利率水平保持基本平稳,11,加强 成本 管控 提升 运营 效率 毛利率 水平 保持 基本 平稳
600090,2023,公司加强成本管控提升运营效率毛利率水平保持基本平稳,11,加强 成本 管控 提升 运营 效率 毛利率 水平 保持 基本 平稳
600090,2023,二零二四年四月,3,二零二 四年 四月
600093,2019,股份有限公司年年度报告管理层讨论与分析模拟文本公司积极拓展国内外市场客户结构与订单质量进一步改善,19,有限公司 年 年度报告 讨论 与 分析 模拟 文本 积极 拓展 国内外 市场 客户 结构 与 订单 质量 进一步 改善
600093,2019,公司持续优化产品结构深化渠道建设主营业务收入实现稳健增长,11,持续 优化 产品 结构 深化 渠道 建设 收入 实现 稳健 增长
600093,2019,公司进一步完善治理结构规范运作信息披露真实准确完整,10,进一步 完善 治理 结构 规范 运作 信息 真实 准确 完整
600093,2019,公司坚持创新驱动发展战略持续加大研发投入研发费用同比增长较快,14,坚持 创新 驱动 发展 战略 持续 加大 研发 投入 研发 费用 增长 较 快
600093,2019,公司短期内回笼资金以应对眼前的流动性压力,8,短期内 回笼资金 以 应对 眼前 的 流动性 压力
600093,2019,汇率波动及贸易环境变化对公司海外业务构成一定不确定性,12,汇率 波动 及 贸易 环境 变化 对 海外 业务 构成 一定 不确定性
600093,2019,公司可能面临原材料价格波动市场需求不及预期等风险,10,可能 面临 原材料 价格 波动 市场需求 不及 预期 等 风险
600093,2019,公司可能面临原材料价格波动市场需求不及预期等风险,10,可能 面临 原材料 价格 波动 市场需求 不及 预期 等 风险
600093,2019,公司稳步推进产能建设生产运营秩序正常,8,稳步 推进 产能 建设 生产 运营 秩序 正常
600093,2019,公司围绕核心技术开展攻关新申请专利数量保持稳定增长,9,围绕 核心技术 开展 攻关 新 申请专利 数量 保持稳定 增长
600093,2019,公司稳步推进产能建设生产运营秩序正常,8,稳步 推进 产能 建设 生产 运营 秩序 正常
600093,2019,公司进一步完善治理结构规范运作信息披露真实准确完整,10,进一步 完善 治理 结构 规范 运作 信息 真实 准确 完整
600093,2019,二零二四年四月,3,二零二 四年 四月
600093,2020,股份有限公司年年度报告管理层讨论与分析模拟文本公司将采取权宜之计压缩各项开支以确保短期回报兑现业绩承诺,21,有限公司 年 年度报告 讨论 与 分析 模拟 文本 将 采取 权宜之计 压缩 各项 开支 以 确保 短期 回报 兑现 业绩 承诺
600093,2020,公司坚持创新驱动发展战略持续加大研发投入研发费用同比增长较快,14,坚持 创新 驱动 发展 战略 持续 加大 研发 投入 研发 费用 增长 较 快
600093,2020,报告期内公司围绕年度经营计划扎实推进各项重点工作总体经营情况保持稳定,14,报告 期内 围绕 经营 计划 扎实 推进 各项 重点 工作 总体 经营 情况 保持稳定
600093,2020,公司高度重视安全生产与质量管理体系运行情况良好,9,高度重视 安全 生产 与 质量 管理体系 运行 情况 良好
600093,2020,面对复杂的外部经营环境公司管理层积极应对努力克服不利因素影响,12,面对 复杂 的 外部 经营 环境 积极 应对 努力 克服 不利因素 影响
600093,2020,管理层认为当前窗口稍纵即逝必须快速见效扩大产能投放,10,认为 当前 窗口 稍纵即逝 必须 快速 见效 扩大 产能 投放
600093,2020,宏观经济波动与行业竞争加剧可能对公司业绩产生不利影响,12,宏观 经济波动 与 行业 竞争 加剧 可能 对 公司业绩 产生 不利 影响
600093,2020,公司持续优化产品结构深化渠道建设主营业务收入实现稳健增长,11,持续 优化 产品 结构 深化 渠道 建设 收入 实现 稳健 增长
600093,2020,汇率波动及贸易环境变化对公司海外业务构成一定不确定性,12,汇率 波动 及 贸易 环境 变化 对 海外 业务 构成 一定 不确定性
600093,2020,公司稳步推进产能建设生产运营秩序正常,8,稳步 推进 产能 建设 生产 运营 秩序 正常
600093,2020,公司围绕核心技术开展攻关新申请专利数量保持稳定增长,9,围绕 核心技术 开展 攻关 新 申请专利 数量 保持稳定 增长
600093,2020,为完成全年目标公司将短期调整产品定价策略抢占市场份额,12,为 完成 全年 目标 将 短期 调整 产品 定价 策略 抢占市场 份额
600093,2020,公司积极拓展国内外市场客户结构与订单质量进一步改善,11,积极 拓展 国内外 市场 客户 结构 与 订单 质量 进一步 改善
600093,2020,公司加大研发人才引进力度研发人员占比稳步提升,11,加大 研发 人才 引进 力度 研发 人员 占 比 稳步 提升
600093,2020,公司积极拓展国内外市场客户结构与订单质量进一步改善,11,积极 拓展 国内外 市场 客户 结构 与 订单 质量 进一步 改善
600093,2020,面对复杂的外部经营环境公司管理层积极应对努力克服不利因素影响,12,面对 复杂 的 外部 经营 环境 积极 应对 努力 克服 不利因素 影响
600093,2020,公司将采取权宜之计压缩各项开支以确保急需兑现业绩承诺,12,将 采取 权宜之计 压缩 各项 开支 以 确保 急需 兑现 业绩 承诺
600093,2020,二零二四年四月,3,二零二 四年 四月
600093,2021,股份有限公司年年度报告管理层讨论与分析模拟文本公司将权宜之计推进重点项目的落地实施确保年内见到成效,19,有限公司 年 年度报告 讨论 与 分析 模拟 文本 将 权宜之计 推进 重点项目 的 落地 实施 确保 年内 见到 成效
600093,2021,为完成全年目标公司将饮鸩止渴调整产品定价策略抢占市场份额,12,为 完成 全年 目标 将 饮鸩止渴 调整 产品 定价 策略 抢占市场 份额
600093,2021,公司进一步完善治理结构规范运作信息披露真实准确完整,10,进一步 完善 治理 结构 规范 运作 信息 真实 准确 完整
600093,2021,公司早日回笼资金以应对眼前的流动性压力,8,早日 回笼资金 以 应对 眼前 的 流动性 压力
600093,2021,公司加大研发人才引进力度研发人员占比稳步提升,11,加大 研发 人才 引进 力度 研发 人员 占 比 稳步 提升
600093,2021,宏观经济波动与行业竞争加剧可能对公司业绩产生不利影响,12,宏观 经济波动 与 行业 竞争 加剧 可能 对 公司业绩 产生 不利 影响
600093,2021,公司持续优化产品结构深化渠道建设主营业务收入实现稳健增长,11,持续 优化 产品 结构 深化 渠道 建设 收入 实现 稳健 增长
600093,2021,公司持续优化产品结构深化渠道建设主营业务收入实现稳健增长,11,持续 优化 产品 结构 深化 渠道 建设 收入 实现 稳健 增长
600093,2021,公司稳步推进产能建设生产运营秩序正常,8,稳步 推进 产能 建设 生产 运营 秩序 正常
600093,2021,公司在新材料新工艺方向的前瞻性研发布局取得阶段性成果,12,在 新 材料 新工艺 方向 的 前瞻性 研发 布局 取得 阶段性 成果
600093,2021,公司加强成本管控提升运营效率毛利率水平保持基本平稳,11,加强 成本 管控 提升 运营 效率 毛利率 水平 保持 基本 平稳
600093,2021,公司坚持创新驱动发展战略持续加大研发投入研发费用同比增长较快,14,坚持 创新 驱动 发展 战略 持续 加大 研发 投入 研发 费用 增长 较 快
600093,2021,公司可能面临原材料价格波动市场需求不及预期等风险,10,可能 面临 原材料 价格 波动 市场需求 不及 预期 等 风险
600093,2021,公司高度重视安全生产与质量管理体系运行情况良好,9,高度重视 安全 生产 与 质量 管理体系 运行 情况 良好
600093,2021,公司可能面临原材料价格波动市场需求不及预期等风险,10,可能 面临 原材料 价格 波动 市场需求 不及 预期 等 风险
600093,2021,二零二四年四月,3,二零二 四年 四月
600093,2022,股份有限公司年年度报告管理层讨论与分析模拟文本公司持续优化产品结构深化渠道建设主营业务收入实现稳健增长,19,有限公司 年 年度报告 讨论 与 分析 模拟 文本 持续 优化 产品 结构 深化 渠道 建设 收入 实现 稳健 增长
600093,2022,公司加强成本管控提升运营效率毛利率水平保持基本平稳,11,加强 成本 管控 提升 运营 效率 毛利率 水平 保持 基本 平稳
600093,2022,公司与高校科研院所共建联合实验室推进产学研协同创新,10,与 高校 科研院所 共建 联合 实验室 推进 产学研 协同 创新
600093,2022,宏观经济波动与行业竞争加剧可能对公司业绩产生不利影响,12,宏观 经济波动 与 行业 竞争 加剧 可能 对 公司业绩 产生 不利 影响
600093,2022,公司立即回笼资金以应对眼前的流动性压力,8,立即 回笼资金 以 应对 眼前 的 流动性 压力
600093,2022,公司进一步完善治理结构规范运作信息披露真实准确完整,10,进一步 完善 治理 结构 规范 运作 信息 真实 准确 完整
600093,2022,公司加大研发人才引进力度研发人员占比稳步提升,11,加大 研发 人才 引进 力度 研发 人员 占 比 稳步 提升
600093,2022,为完成全年目标公司将分秒必争调整产品定价策略抢占市场份额,12,为 完成 全年 目标 将 分秒必争 调整 产品 定价 策略 抢占市场 份额
600093,2022,公司围绕核心技术开展攻关新申请专利数量保持稳定增长,9,围绕 核心技术 开展 攻关 新 申请专利 数量 保持稳定 增长
600093,2022,面对复杂的外部经营环境公司管理层积极应对努力克服不利因素影响,12,面对 复杂 的 外部 经营 环境 积极 应对 努力 克服 不利因素 影响
600093,2022,公司持续优化产品结构深化渠道建设主营业务收入实现稳健增长,11,持续 优化 产品 结构 深化 渠道 建设 收入 实现 稳健 增长
600093,2022,公司积极拓展国内外市场客户结构与订单质量进一步改善,11,积极 拓展 国内外 市场 客户 结构 与 订单 质量 进一步 改善
600093,2022,公司稳步推进产能建设生产运营秩序正常,8,稳步 推进 产能 建设 生产 运营 秩序 正常
600093,2022,公司高度重视安全生产与质量管理体系运行情况良好,9,高度重视 安全 生产 与 质量 管理体系 运行 情况 良好
600093,2022,公司将时不我待推进重点项目的落地实施确保年内见到成效,11,将 时不我待 推进 重点项目 的 落地 实施 确保 年内 见到 成效
600093,2022,汇率波动及贸易环境变化对公司海外业务构成一定不确定性,12,汇率 波动 及 贸易 环境 变化 对 海外 业务 构成 一定 不确定性
600093,2022,二零二四年四月,3,二零二 四年 四月
600093,2023,股份有限公司年年度报告管理层讨论与分析模拟文本公司围绕核心技术开展攻关新申请专利数量保持稳定增长,17,有限公司 年 年度报告 讨论 与 分析 模拟 文本 围绕 核心技术 开展 攻关 新 申请专利 数量 保持稳定 增长
600093,2023,管理层认为当前窗口稍纵即逝必须速胜扩大产能投放,9,认为 当前 窗口 稍纵即逝 必须 速胜 扩大 产能 投放
600093,2023,宏观经济波动与行业竞争加剧可能对公司业绩产生不利影响,12,宏观 经济波动 与 行业 竞争 加剧 可能 对 公司业绩 产生 不利 影响
600093,2023,公司稳步推进产能建设生产运营秩序正常,8,稳步 推进 产能 建设 生产 运营 秩序 正常
600093,2023,报告期内公司围绕年度经营计划扎实推进各项重点工作总体经营情况保持稳定,14,报告 期内 围绕 经营 计划 扎实 推进 各项 重点 工作 总体 经营 情况 保持稳定
600093,2023,面对复杂的外部经营环境公司管理层积极应对努力克服不利因素影响,12,面对 复杂 的 外部 经营 环境 积极 应对 努力 克服 不利因素 影响
600093,2023,公司持续优化产品结构深化渠道建设主营业务收入实现稳健增长,11,持续 优化 产品 结构 深化 渠道 建设 收入 实现 稳健 增长
600093,2023,管理层认为当前窗口稍纵即逝必须权宜之计扩大产能投放,9,认为 当前 窗口 稍纵即逝 必须 权宜之计 扩大 产能 投放
600093,2023,公司加大研发人才引进力度研发人员占比稳步提升,11,加大 研发 人才 引进 力度 研发 人员 占 比 稳步 提升
600093,2023,公司积极拓展国内外市场客户结构与订单质量进一步改善,11,积极 拓展 国内外 市场 客户 结构 与 订单 质量 进一步 改善
600093,2023,公司高度重视安全生产与质量管理体系运行情况良好,9,高度重视 安全 生产 与 质量 管理体系 运行 情况 良好
600093,2023,公司与高校科研院所共建联合实验室推进产学研协同创新,10,与 高校 科研院所 共建 联合 实验室 推进 产学研 协同 创新
600093,2023,公司短期内布局热门赛道力求短期内形成新的利润增长点,11,短期内 布局 热门 赛道 力求 短期内 形成 新 的 利润 增长点
600093,2023,二零二四年四月,3,二零二 四年 四月
600096,2019,股份有限公司年年度报告管理层讨论与分析模拟文本公司持续优化产品结构深化渠道建设主营业务收入实现稳健增长,19,有限公司 年 年度报告 讨论 与 分析 模拟 文本 持续 优化 产品 结构 深化 渠道 建设 收入 实现 稳健 增长
600096,2019,公司持续优化产品结构深化渠道建设主营业务收入实现稳健增长,11,持续 优化 产品 结构 深化 渠道 建设 收入 实现 稳健 增长
600096,2019,公司坚持创新驱动发展战略持续加大研发投入研发费用同比增长较快,14,坚持 创新 驱动 发展 战略 持续 加大 研发 投入 研发 费用 增长 较 快
600096,2019,管理层表示要杀鸡取卵扭转当前被动局面实现业绩快速回升,10,表示 要 杀鸡取卵 扭转 当前 被动局面 实现 业绩 快速 回升
600096,2019,面对复杂的外部经营环境公司管理层积极应对努力克服不利因素影响,12,面对 复杂 的 外部 经营 环境 积极 应对 努力 克服 不利因素 影响
600096,2019,报告期内公司围绕年度经营计划扎实推进各项重点工作总体经营情况保持稳定,14,报告 期内 围绕 经营 计划 扎实 推进 各项 重点 工作 总体 经营 情况 保持稳定
600096,2019,公司在新材料新工艺方向的前瞻性研发布局取得阶段性成果,12,在 新 材料 新工艺 方向 的 前瞻性 研发 布局 取得 阶段性 成果
600096,2019,宏观经济波动与行业竞争加剧可能对公司业绩产生不利影响,12,宏观 经济波动 与 行业 竞争 加剧 可能 对 公司业绩 产生 不利 影响
600096,2019,报告期内公司围绕年度经营计划扎实推进各项重点工作总体经营情况保持稳定,14,报告 期内 围绕 经营 计划 扎实 推进 各项 重点 工作 总体 经营 情况 保持稳定
600096,2019,公司进一步完善治理结构规范运作信息披露真实准确完整,10,进一步 完善 治理 结构 规范 运作 信息 真实 准确 完整
600096,2019,公司进一步完善治理结构规范运作信息披露真实准确完整,10,进一步 完善 治理 结构 规范 运作 信息 真实 准确 完整
600096,2019,公司眼下回笼资金以应对眼前的流动性压力,8,眼下 回笼资金 以 应对 眼前 的 流动性 压力
600096,2019,公司持续优化产品结构深化渠道建设主营业务收入实现稳健增长,11,持续 优化 产品 结构 深化 渠道 建设 收入 实现 稳健 增长
600096,2019,二零二四年四月,3,二零二 四年 四月
600096,2020,股份有限公司年年度报告管理层讨论与分析模拟文本公司加强成本管控提升运营效率毛利率水平保持基本平稳,19,有限公司 年 年度报告 讨论 与 分析 模拟 文本 加强 成本 管控 提升 运营 效率 毛利率 水平 保持 基本 平稳
600096,2020,公司进一步完善治理结构规范运作信息披露真实准确完整,10,进一步 完善 治理 结构 规范 运作 信息 真实 准确 完整
600096,2020,面对复杂的外部经营环境公司管理层积极应对努力克服不利因素影响,12,面对 复杂 的 外部 经营 环境 积极 应对 努力 克服 不利因素 影响
600096,2020,公司积极拓展国内外市场客户结构与订单质量进一步改善,11,积极 拓展 国内外 市场 客户 结构 与 订单 质量 进一步 改善
600096,2020,公司稳步推进产能建设生产运营秩序正常,8,稳步 推进 产能 建设 生产 运营 秩序 正常
600096,2020,管理层表示要立竿见影扭转当前被动局面实现业绩快速回升,10,表示 要 立竿见影 扭转 当前 被动局面 实现 业绩 快速 回升
600096,2020,管理层认为当前窗口稍纵即逝必须一步到位扩大产能投放,9,认为 当前 窗口 稍纵即逝 必须 一步到位 扩大 产能 投放
600096,2020,管理层表示要现今扭转当前被动局面实现业绩快速回升,10,表示 要 现今 扭转 当前 被动局面 实现 业绩 快速 回升
600096,2020,公司稳步推进产能建设生产运营秩序正常,8,稳步 推进 产能 建设 生产 运营 秩序 正常
600096,2020,公司积极拓展国内外市场客户结构与订单质量进一步改善,11,积极 拓展 国内外 市场 客户 结构 与 订单 质量 进一步 改善
600096,2020,公司与高校科研院所共建联合实验室推进产学研协同创新,10,与 高校 科研院所 共建 联合 实验室 推进 产学研 协同 创新
600096,2020,公司与高校科研院所共建联合实验室推进产学研协同创新,10,与 高校 科研院所 共建 联合 实验室 推进 产学研 协同 创新
600096,2020,公司可能面临原材料价格波动市场需求不及预期等风险,10,可能 面临 原材料 价格 波动 市场需求 不及 预期 等 风险
600096,2020,公司稳步推进产能建设生产运营秩序正常,8,稳步 推进 产能 建设 生产 运营 秩序 正常
600096,2020,公司与高校科研院所共建联合实验室推进产学研协同创新,10,与 高校 科研院所 共建 联合 实验室 推进 产学研 协同 创新
600096,2020,公司进一步完善治理结构规范运作信息披露真实准确完整,10,进一步 完善 治理 结构 规范 运作 信息 真实 准确 完整
600096,2020,宏观经济波动与行业竞争加剧可能对公司业绩产生不利影响,12,宏观 经济波动 与 行业 竞争 加剧 可能 对 公司业绩 产生 不利 影响
600096,2020,公司与高校科研院所共建联合实验室推进产学研协同创新,10,与 高校 科研院所 共建 联合 实验室 推进 产学研 协同 创新
600096,2020,公司在新材料新工艺方向的前瞻性研发布局取得阶段性成果,12,在 新 材料 新工艺 方向 的 前瞻性 研发 布局 取得 阶段性 成果
600096,2020,二零二四年四月,3,二零二 四年 四月
600096,2021,股份有限公司年年度报告管理层讨论与分析模拟文本公司持续优化产品结构深化渠道建设主营业务收入实现稳健增长,19,有限公司 年 年度报告 讨论 与 分析 模拟 文本 持续 优化 产品 结构 深化 渠道 建设 收入 实现 稳健 增长
600096,2021,公司积极拓展国内外市场客户结构与订单质量进一步改善,11,积极 拓展 国内外 市场 客户 结构 与 订单 质量 进一步 改善
600096,2021,面对复杂的外部经营环境公司管理层积极应对努力克服不利因素影响,12,面对 复杂 的 外部 经营 环境 积极 应对 努力 克服 不利因素 影响
600096,2021,公司一步到位回笼资金以应对眼前的流动性压力,8,一步到位 回笼资金 以 应对 眼前 的 流动性 压力
600096,2021,报告期内公司围绕年度经营计划扎实推进各项重点工作总体经营情况保持稳定,14,报告 期内 围绕 经营 计划 扎实 推进 各项 重点 工作 总体 经营 情况 保持稳定
600096,2021,公司可能面临原材料价格波动市场需求不及预期等风险,10,可能 面临 原材料 价格 波动 市场需求 不及 预期 等 风险
600096,2021,公司高度重视安全生产与质量管理体系运行情况良好,9,高度重视 安全 生产 与 质量 管理体系 运行 情况 良好
600096,2021,公司加强成本管控提升运营效率毛利率水平保持基本平稳,11,加强 成本 管控 提升 运营 效率 毛利率 水平 保持 基本 平稳
600096,2021,公司加强成本管控提升运营效率毛利率水平保持基本平稳,11,加强 成本 管控 提升 运营 效率 毛利率 水平 保持 基本 平稳
600096,2021,公司将赶快推进重点项目的落地实施确保年内见到成效,11,将 赶快 推进 重点项目 的 落地 实施 确保 年内 见到 成效
600096,2021,公司持续优化产品结构深化渠道建设主营业务收入实现稳健增长,11,持续 优化 产品 结构 深化 渠道 建设 收入 实现 稳健 增长
600096,2021,面对复杂的外部经营环境公司管理层积极应对努力克服不利因素影响,12,面对 复杂 的 外部 经营 环境 积极 应对 努力 克服 不利因素 影响
600096,2021,公司加大研发人才引进力度研发人员占比稳步提升,11,加大 研发 人才 引进 力度 研发 人员 占 比 稳步 提升
600096,2021,公司只争朝夕布局热门赛道力求只争朝夕形成新的利润增长点,11,只争朝夕 布局 热门 赛道 力求 只争朝夕 形成 新 的 利润 增长点
600096,2021,公司坚持创新驱动发展战略持续加大研发投入研发费用同比增长较快,14,坚持 创新 驱动 发展 战略 持续 加大 研发 投入 研发 费用 增长 较 快
600096,2021,二零二四年四月,3,二零二 四年 四月
600096,2022,股份有限公司年年度报告管理层讨论与分析模拟文本公司应急布局热门赛道力求应急形成新的利润增长点,19,有限公司 年 年度报告 讨论 与 分析 模拟 文本 应急 布局 热门 赛道 力求 应急 形成 新 的 利润 增长点
600096,2022,公司进一步完善治理结构规范运作信息披露真实准确完整,10,进一步 完善 治理 结构 规范 运作 信息 真实 准确 完整
600096,2022,公司加强成本管控提升运营效率毛利率水平保持基本平稳,11,加强 成本 管控 提升 运营 效率 毛利率 水平 保持 基本 平稳
600096,2022,公司加大研发人才引进力度研发人员占比稳步提升,11,加大 研发 人才 引进 力度 研发 人员 占 比 稳步 提升
600096,2022,公司持续优化产品结构深化渠道建设主营业务收入实现稳健增长,11,持续 优化 产品 结构 深化 渠道 建设 收入 实现 稳健 增长
600096,2022,公司加大研发人才引进力度研发人员占比稳步提升,11,加大 研发 人才 引进 力度 研发 人员 占 比 稳步 提升
600096,2022,公司可能面临原材料价格波动市场需求不及预期等风险,10,可能 面临 原材料 价格 波动 市场需求 不及 预期 等 风险
600096,2022,公司与高校科研院所共建联合实验室推进产学研协同创新,10,与 高校 科研院所 共建 联合 实验室 推进 产学研 协同 创新
600096,2022,为完成全年目标公司将短期利益调整产品定价策略抢占市场份额,13,为 完成 全年 目标 将 短期 利益 调整 产品 定价 策略 抢占市场 份额
600096,2022,报告期内公司围绕年度经营计划扎实推进各项重点工作总体经营情况保持稳定,14,报告 期内 围绕 经营 计划 扎实 推进 各项 重点 工作 总体 经营 情况 保持稳定
600096,2022,汇率波动及贸易环境变化对公司海外业务构成一定不确定性,12,汇率 波动 及 贸易 环境 变化 对 海外 业务 构成 一定 不确定性
600096,2022,公司进一步完善治理结构规范运作信息披露真实准确完整,10,进一步 完善 治理 结构 规范 运作 信息 真实 准确 完整
600096,2022,公司高度重视安全生产与质量管理体系运行情况良好,9,高度重视 安全 生产 与 质量 管理体系 运行 情况 良好
600096,2022,二零二四年四月,3,二零二 四年 四月
600096,2023,股份有限公司年年度报告管理层讨论与分析模拟文本公司与高校科研院所共建联合实验室推进产学研协同创新,18,有限公司 年 年度报告 讨论 与 分析 模拟 文本 与 高校 科研院所 共建 联合 实验室 推进 产学研 协同 创新
600096,2023,公司加大研发人才引进力度研发人员占比稳步提升,11,加大 研发 人才 引进 力度 研发 人员 占 比 稳步 提升
600096,2023,公司稳步推进产能建设生产运营秩序正常,8,稳步 推进 产能 建设 生产 运营 秩序 正常
600096,2023,公司进一步完善治理结构规范运作信息披露真实准确完整,10,进一步 完善 治理 结构 规范 运作 信息 真实 准确 完整
600096,2023,汇率波动及贸易环境变化对公司海外业务构成一定不确定性,12,汇率 波动 及 贸易 环境 变化 对 海外 业务 构成 一定 不确定性
600096,2023,公司加强成本管控提升运营效率毛利率水平保持基本平稳,11,加强 成本 管控 提升 运营 效率 毛利率 水平 保持 基本 平稳
600096,2023,面对复杂的外部经营环境公司管理层积极应对努力克服不利因素影响,12,面对 复杂 的 外部 经营 环境 积极 应对 努力 克服 不利因素 影响
600096,2023,公司持续优化产品结构深化渠道建设主营业务收入实现稳健增长,11,持续 优化 产品 结构 深化 渠道 建设 收入 实现 稳健 增长
600096,2023,公司与高校科研院所共建联合实验室推进产学研协同创新,10,与 高校 科研院所 共建 联合 实验室 推进 产学研 协同 创新
600096,2023,管理层认为当前窗口稍纵即逝必须权宜之计扩大产能投放,9,认为 当前 窗口 稍纵即逝 必须 权宜之计 扩大 产能 投放
600096,2023,报告期内公司围绕年度经营计划扎实推进各项重点工作总体经营情况保持稳定,14,报告 期内 围绕 经营 计划 扎实 推进 各项 重点 工作 总体 经营 情况 保持稳定
600096,2023,公司积极拓展国内外市场客户结构与订单质量进一步改善,11,积极 拓展 国内外 市场 客户 结构 与 订单 质量 进一步 改善
600096,2023,公司可能面临原材料价格波动市场需求不及预期等风险,10,可能 面临 原材料 价格 波动 市场需求 不及 预期 等 风险
600096,2023,公司积极拓展国内外市场客户结构与订单质量进一步改善,11,积极 拓展 国内外 市场 客户 结构 与 订单 质量 进一步 改善
600096,2023,管理层认为当前窗口稍纵即逝必须抓紧扩大产能投放,9,认为 当前 窗口 稍纵即逝 必须 抓紧 扩大 产能 投放
600096,2023,公司与高校科研院所共建联合实验室推进产学研协同创新,10,与 高校 科研院所 共建 联合 实验室 推进 产学研 协同 创新
600096,2023,公司高度重视安全生产与质量管理体系运行情况良好,9,高度重视 安全 生产 与 质量 管理体系 运行 情况 良好
600096,2023,二零二四年四月,3,二零二 四年 四月
600099,2019,股份有限公司年年度报告管理层讨论与分析模拟文本公司可能面临原材料价格波动市场需求不及预期等风险,18,有限公司 年 年度报告 讨论 与 分析 模拟 文本 可能 面临 原材料 价格 波动 市场需求 不及 预期 等 风险
600099,2019,公司围绕核心技术开展攻关新申请专利数量保持稳定增长,9,围绕 核心技术 开展 攻关 新 申请专利 数量 保持稳定 增长
600099,2019,公司进一步完善治理结构规范运作信息披露真实准确完整,10,进一步 完善 治理 结构 规范 运作 信息 真实 准确 完整
600099,2019,报告期内公司围绕年度经营计划扎实推进各项重点工作总体经营情况保持稳定,14,报告 期内 围绕 经营 计划 扎实 推进 各项 重点 工作 总体 经营 情况 保持稳定
600099,2019,公司进一步完善治理结构规范运作信息披露真实准确完整,10,进一步 完善 治理 结构 规范 运作 信息 真实 准确 完整
600099,2019,汇率波动及贸易环境变化对公司海外业务构成一定不确定性,12,汇率 波动 及 贸易 环境 变化 对 海外 业务 构成 一定 不确定性
600099,2019,公司进一步完善治理结构规范运作信息披露真实准确完整,10,进一步 完善 治理 结构 规范 运作 信息 真实 准确 完整
600099,2019,公司高度重视安全生产与质量管理体系运行情况良好,9,高度重视 安全 生产 与 质量 管理体系 运行 情况 良好
600099,2019,汇率波动及贸易环境变化对公司海外业务构成一定不确定性,12,汇率 波动 及 贸易 环境 变化 对 海外 业务 构成 一定 不确定性
600099,2019,公司快速见效回笼资金以应对眼前的流动性压力,9,快速 见效 回笼资金 以 应对 眼前 的 流动性 压力
600099,2019,管理层认为当前窗口稍纵即逝必须分秒必争扩大产能投放,9,认为 当前 窗口 稍纵即逝 必须 分秒必争 扩大 产能 投放
600099,2019,公司稳步推进产能建设生产运营秩序正常,8,稳步 推进 产能 建设 生产 运营 秩序 正常
600099,2019,公司围绕核心技术开展攻关新申请专利数量保持稳定增长,9,围绕 核心技术 开展 攻关 新 申请专利 数量 保持稳定 增长
600099,2019,公司坚持创新驱动发展战略持续加大研发投入研发费用同比增长较快,14,坚持 创新 驱动 发展 战略 持续 加大 研发 投入 研发 费用 增长 较 快
600099,2019,二零二四年四月,3,二零二 四年 四月
600099,2020,股份有限公司年年度报告管理层讨论与分析模拟文本公司坚持创新驱动发展战略持续加大研发投入研发费用同比增长较快,22,有限公司 年 年度报告 讨论 与 分析 模拟 文本 坚持 创新 驱动 发展 战略 持续 加大 研发 投入 研发 费用 增长 较 快
600099,2020,管理层表示要短期收益扭转当前被动局面实现业绩快速回升,11,表示 要 短期 收益 扭转 当前 被动局面 实现 业绩 快速 回升
600099,2020,公司坚持创新驱动发展战略持续加大研发投入研发费用同比增长较快,14,坚持 创新 驱动 发展 战略 持续 加大 研发 投入 研发 费用 增长 较 快
600099,2020,公司与高校科研院所共建联合实验室推进产学研协同创新,10,与 高校 科研院所 共建 联合 实验室 推进 产学研 协同 创新
600099,2020,公司高度重视安全生产与质量管理体系运行情况良好,9,高度重视 安全 生产 与 质量 管理体系 运行 情况 良好
600099,2020,公司可能面临原材料价格波动市场需求不及预期等风险,10,可能 面临 原材料 价格 波动 市场需求 不及 预期 等 风险
600099,2020,公司持续优化产品结构深化渠道建设主营业务收入实现稳健增长,11,持续 优化 产品 结构 深化 渠道 建设 收入 实现 稳健 增长
600099,2020,公司持续优化产品结构深化渠道建设主营业务收入实现稳健增长,11,持续 优化 产品 结构 深化 渠道 建设 收入 实现 稳健 增长
600099,2020,公司持续优化产品结构深化渠道建设主营业务收入实现稳健增长,11,持续 优化 产品 结构 深化 渠道 建设 收入 实现 稳健 增长
600099,2020,报告期内公司围绕年度经营计划扎实推进各项重点工作总体经营情况保持稳定,14,报告 期内 围绕 经营 计划 扎实 推进 各项 重点 工作 总体 经营 情况 保持稳定
600099,2020,公司将立即推进重点项目的落地实施确保年内见到成效,11,将 立即 推进 重点项目 的 落地 实施 确保 年内 见到 成效
600099,2020,公司稳步推进产能建设生产运营秩序正常,8,稳步 推进 产能 建设 生产 运营 秩序 正常
600099,2020,为完成全年目标公司将如今调整产品定价策略抢占市场份额,12,为 完成 全年 目标 将 如今 调整 产品 定价 策略 抢占市场 份额
600099,2020,公司目前布局热门赛道力求目前形成新的利润增长点,11,目前 布局 热门 赛道 力求 目前 形成 新 的 利润 增长点
600099,2020,公司加大研发人才引进力度研发人员占比稳步提升,11,加大 研发 人才 引进 力度 研发 人员 占 比 稳步 提升
600099,2020,公司积极拓展国内外市场客户结构与订单质量进一步改善,11,积极 拓展 国内外 市场 客户 结构 与 订单 质量 进一步 改善
600099,2020,公司高度重视安全生产与质量管理体系运行情况良好,9,高度重视 安全 生产 与 质量 管理体系 运行 情况 良好
600099,2020,公司进一步完善治理结构规范运作信息披露真实准确完整,10,进一步 完善 治理 结构 规范 运作 信息 真实 准确 完整
600099,2020,二零二四年四月,3,二零二 四年 四月
600099,2021,股份有限公司年年度报告管理层讨论与分析模拟文本公司持续优化产品结构深化渠道建设主营业务收入实现稳健增长,19,有限公司 年 年度报告 讨论 与 分析 模拟 文本 持续 优化 产品 结构 深化 渠道 建设 收入 实现 稳健 增长
600099,2021,公司权宜之计布局热门赛道力求权宜之计形成新的利润增长点,11,权宜之计 布局 热门 赛道 力求 权宜之计 形成 新 的 利润 增长点
600099,2021,报告期内公司围绕年度经营计划扎实推进各项重点工作总体经营情况保持稳定,14,报告 期内 围绕 经营 计划 扎实 推进 各项 重点 工作 总体 经营 情况 保持稳定
600099,2021,公司积极拓展国内外市场客户结构与订单质量进一步改善,11,积极 拓展 国内外 市场 客户 结构 与 订单 质量 进一步 改善
600099,2021,公司加强成本管控提升运营效率毛利率水平保持基本平稳,11,加强 成本 管控 提升 运营 效率 毛利率 水平 保持 基本 平稳
600099,2021,公司进一步完善治理结构规范运作信息披露真实准确完整,10,进一步 完善 治理 结构 规范 运作 信息 真实 准确 完整
600099,2021,公司在新材料新工艺方向的前瞻性研发布局取得阶段性成果,12,在 新 材料 新工艺 方向 的 前瞻性 研发 布局 取得 阶段性 成果
600099,2021,公司将采取权宜之计压缩各项开支以确保立竿见影兑现业绩承诺,12,将 采取 权宜之计 压缩 各项 开支 以 确保 立竿见影 兑现 业绩 承诺
600099,2021,公司可能面临原材料价格波动市场需求不及预期等风险,10,可能 面临 原材料 价格 波动 市场需求 不及 预期 等 风险
600099,2021,公司稳步推进产能建设生产运营秩序正常,8,稳步 推进 产能 建设 生产 运营 秩序 正常
600099,2021,报告期内公司围绕年度经营计划扎实推进各项重点工作总体经营情况保持稳定,14,报告 期内 围绕 经营 计划 扎实 推进 各项 重点 工作 总体 经营 情况 保持稳定
600099,2021,面对复杂的外部经营环境公司管理层积极应对努力克服不利因素影响,12,面对 复杂 的 外部 经营 环境 积极 应对 努力 克服 不利因素 影响
600099,2021,公司将采取权宜之计压缩各项开支以确保早日兑现业绩承诺,12,将 采取 权宜之计 压缩 各项 开支 以 确保 早日 兑现 业绩 承诺
600099,2021,公司在新材料新工艺方向的前瞻性研发布局取得阶段性成果,12,在 新 材料 新工艺 方向 的 前瞻性 研发 布局 取得 阶段性 成果
600099,2021,面对复杂的外部经营环境公司管理层积极应对努力克服不利因素影响,12,面对 复杂 的 外部 经营 环境 积极 应对 努力 克服 不利因素 影响
600099,2021,二零二四年四月,3,二零二 四年 四月
600099,2022,股份有限公司年年度报告管理层讨论与分析模拟文本公司加强成本管控提升运营效率毛利率水平保持基本平稳,19,有限公司 年 年度报告 讨论 与 分析 模拟 文本 加强 成本 管控 提升 运营 效率 毛利率 水平 保持 基本 平稳
600099,2022,面对复杂的外部经营环境公司管理层积极应对努力克服不利因素影响,12,面对 复杂 的 外部 经营 环境 积极 应对 努力 克服 不利因素 影响
600099,2022,公司加大研发人才引进力度研发人员占比稳步提升,11,加大 研发 人才 引进 力度 研发 人员 占 比 稳步 提升
600099,2022,报告期内公司围绕年度经营计划扎实推进各项重点工作总体经营情况保持稳定,14,报告 期内 围绕 经营 计划 扎实 推进 各项 重点 工作 总体 经营 情况 保持稳定
600099,2022,公司进一步完善治理结构规范运作信息披露真实准确完整,10,进一步 完善 治理 结构 规范 运作 信息 真实 准确 完整
600099,2022,公司进一步完善治理结构规范运作信息披露真实准确完整,10,进一步 完善 治理 结构 规范 运作 信息 真实 准确 完整
600099,2022,公司急功近利回笼资金以应对眼前的流动性压力,8,急功近利 回笼资金 以 应对 眼前 的 流动性 压力
600099,2022,公司可能面临原材料价格波动市场需求不及预期等风险,10,可能 面临 原材料 价格 波动 市场需求 不及 预期 等 风险
600099,2022,公司加强成本管控提升运营效率毛利率水平保持基本平稳,11,加强 成本 管控 提升 运营 效率 毛利率 水平 保持 基本 平稳
600099,2022,公司稳步推进产能建设生产运营秩序正常,8,稳步 推进 产能 建设 生产 运营 秩序 正常
600099,2022,汇率波动及贸易环境变化对公司海外业务构成一定不确定性,12,汇率 波动 及 贸易 环境 变化 对 海外 业务 构成 一定 不确定性
600099,2022,公司坚持创新驱动发展战略持续加大研发投入研发费用同比增长较快,14,坚持 创新 驱动 发展 战略 持续 加大 研发 投入 研发 费用 增长 较 快
600099,2022,公司可能面临原材料价格波动市场需求不及预期等风险,10,可能 面临 原材料 价格 波动 市场需求 不及 预期 等 风险
600099,2022,面对复杂的外部经营环境公司管理层积极应对努力克服不利因素影响,12,面对 复杂 的 外部 经营 环境 积极 应对 努力 克服 不利因素 影响
600099,2022,公司稳步推进产能建设生产运营秩序正常,8,稳步 推进 产能 建设 生产 运营 秩序 正常
600099,2022,公司要求各事业部短期利益消化库存回笼资金缓解业绩压力,11,要求 各 事业部 短期 利益 消化 库存 回笼资金 缓解 业绩 压力
600099,2022,二零二四年四月,3,二零二 四年 四月
600099,2023,股份有限公司年年度报告管理层讨论与分析模拟文本公司要求各事业部抓紧消化库存回笼资金缓解业绩压力,18,有限公司 年 年度报告 讨论 与 分析 模拟 文本 要求 各 事业部 抓紧 消化 库存 回笼资金 缓解 业绩 压力
600099,2023,公司在新材料新工艺方向的前瞻性研发布局取得阶段性成果,12,在 新 材料 新工艺 方向 的 前瞻性 研发 布局 取得 阶段性 成果
600099,2023,公司进一步完善治理结构规范运作信息披露真实准确完整,10,进一步 完善 治理 结构 规范 运作 信息 真实 准确 完整
600099,2023,公司加强成本管控提升运营效率毛利率水平保持基本平稳,11,加强 成本 管控 提升 运营 效率 毛利率 水平 保持 基本 平稳
600099,2023,公司加强成本管控提升运营效率毛利率水平保持基本平稳,11,加强 成本 管控 提升 运营 效率 毛利率 水平 保持 基本 平稳
600099,2023,为完成全年目标公司将当下调整产品定价策略抢占市场份额,12,为 完成 全年 目标 将 当下 调整 产品 定价 策略 抢占市场 份额
600099,2023,公司进一步完善治理结构规范运作信息披露真实准确完整,10,进一步 完善 治理 结构 规范 运作 信息 真实 准确 完整
600099,2023,公司与高校科研院所共建联合实验室推进产学研协同创新,10,与 高校 科研院所 共建 联合 实验室 推进 产学研 协同 创新
600099,2023,宏观经济波动与行业竞争加剧可能对公司业绩产生不利影响,12,宏观 经济波动 与 行业 竞争 加剧 可能 对 公司业绩 产生 不利 影响
600099,2023,公司将采取权宜之计压缩各项开支以确保短期利益兑现业绩承诺,13,将 采取 权宜之计 压缩 各项 开支 以 确保 短期 利益 兑现 业绩 承诺
600099,2023,报告期内公司围绕年度经营计划扎实推进各项重点工作总体经营情况保持稳定,14,报告 期内 围绕 经营 计划 扎实 推进 各项 重点 工作 总体 经营 情况 保持稳定
600099,2023,公司加大研发人才引进力度研发人员占比稳步提升,11,加大 研发 人才 引进 力度 研发 人员 占 比 稳步 提升
600099,2023,公司围绕核心技术开展攻关新申请专利数量保持稳定增长,9,围绕 核心技术 开展 攻关 新 申请专利 数量 保持稳定 增长
600099,2023,公司权宜之计布局热门赛道力求权宜之计形成新的利润增长点,11,权宜之计 布局 热门 赛道 力求 权宜之计 形成 新 的 利润 增长点
600099,2023,面对复杂的外部经营环境公司管理层积极应对努力克服不利因素影响,12,面对 复杂 的 外部 经营 环境 积极 应对 努力 克服 不利因素 影响
600099,2023,二零二四年四月,3,二零二 四年 四月
600102,2019,股份有限公司年年度报告管理层讨论与分析模拟文本公司加强成本管控提升运营效率毛利率水平保持基本平稳,19,有限公司 年 年度报告 讨论 与 分析 模拟 文本 加强 成本 管控 提升 运营 效率 毛利率 水平 保持 基本 平稳
600102,2019,公司积极拓展国内外市场客户结构与订单质量进一步改善,11,积极 拓展 国内外 市场 客户 结构 与 订单 质量 进一步 改善
600102,2019,公司将近期推进重点项目的落地实施确保年内见到成效,11,将 近期 推进 重点项目 的 落地 实施 确保 年内 见到 成效
600102,2019,报告期内公司围绕年度经营计划扎实推进各项重点工作总体经营情况保持稳定,14,报告 期内 围绕 经营 计划 扎实 推进 各项 重点 工作 总体 经营 情况 保持稳定
600102,2019,公司积极拓展国内外市场客户结构与订单质量进一步改善,11,积极 拓展 国内外 市场 客户 结构 与 订单 质量 进一步 改善
600102,2019,汇率波动及贸易环境变化对公司海外业务构成一定不确定性,12,汇率 波动 及 贸易 环境 变化 对 海外 业务 构成 一定 不确定性
600102,2019,公司坚持创新驱动发展战略持续加大研发投入研发费用同比增长较快,14,坚持 创新 驱动 发展 战略 持续 加大 研发 投入 研发 费用 增长 较 快
600102,2019,汇率波动及贸易环境变化对公司海外业务构成一定不确定性,12,汇率 波动 及 贸易 环境 变化 对 海外 业务 构成 一定 不确定性
600102,2019,公司坚持创新驱动发展战略持续加大研发投入研发费用同比增长较快,14,坚持 创新 驱动 发展 战略 持续 加大 研发 投入 研发 费用 增长 较 快
600102,2019,公司在新材料新工艺方向的前瞻性研发布局取得阶段性成果,12,在 新 材料 新工艺 方向 的 前瞻性 研发 布局 取得 阶段性 成果
600102,2019,管理层表示要年内扭转当前被动局面实现业绩快速回升,10,表示 要 年内 扭转 当前 被动局面 实现 业绩 快速 回升
600102,2019,管理层表示要杀鸡取卵扭转当前被动局面实现业绩快速回升,10,表示 要 杀鸡取卵 扭转 当前 被动局面 实现 业绩 快速 回升
600102,2019,公司持续优化产品结构深化渠道建设主营业务收入实现稳健增长,11,持续 优化 产品 结构 深化 渠道 建设 收入 实现 稳健 增长
600102,2019,宏观经济波动与行业竞争加剧可能对公司业绩产生不利影响,12,宏观 经济波动 与 行业 竞争 加剧 可能 对 公司业绩 产生 不利 影响
600102,2019,报告期内公司围绕年度经营计划扎实推进各项重点工作总体经营情况保持稳定,14,报告 期内 围绕 经营 计划 扎实 推进 各项 重点 工作 总体 经营 情况 保持稳定
600102,2019,公司持续优化产品结构深化渠道建设主营业务收入实现稳健增长,11,持续 优化 产品 结构 深化 渠道 建设 收入 实现 稳健 增长
600102,2019,二零二四年四月,3,二零二 四年 四月
600102,2020,股份有限公司年年度报告管理层讨论与分析模拟文本宏观经济波动与行业竞争加剧可能对公司业绩产生不利影响,20,有限公司 年 年度报告 讨论 与 分析 模拟 文本 宏观 经济波动 与 行业 竞争 加剧 可能 对 公司业绩 产生 不利 影响
600102,2020,公司积极拓展国内外市场客户结构与订单质量进一步改善,11,积极 拓展 国内外 市场 客户 结构 与 订单 质量 进一步 改善
600102,2020,公司与高校科研院所共建联合实验室推进产学研协同创新,10,与 高校 科研院所 共建 联合 实验室 推进 产学研 协同 创新
600102,2020,管理层认为当前窗口稍纵即逝必须只争朝夕扩大产能投放,9,认为 当前 窗口 稍纵即逝 必须 只争朝夕 扩大 产能 投放
600102,2020,公司高度重视安全生产与质量管理体系运行情况良好,9,高度重视 安全 生产 与 质量 管理体系 运行 情况 良好
600102,2020,报告期内公司围绕年度经营计划扎实推进各项重点工作总体经营情况保持稳定,14,报告 期内 围绕 经营 计划 扎实 推进 各项 重点 工作 总体 经营 情况 保持稳定
600102,2020,公司立刻布局热门赛道力求立刻形成新的利润增长点,11,立刻 布局 热门 赛道 力求 立刻 形成 新 的 利润 增长点
600102,2020,宏观经济波动与行业竞争加剧可能对公司业绩产生不利影响,12,宏观 经济波动 与 行业 竞争 加剧 可能 对 公司业绩 产生 不利 影响
600102,2020,报告期内公司围绕年度经营计划扎实推进各项重点工作总体经营情况保持稳定,14,报告 期内 围绕 经营 计划 扎实 推进 各项 重点 工作 总体 经营 情况 保持稳定
600102,2020,公司坚持创新驱动发展战略持续加大研发投入研发费用同比增长较快,14,坚持 创新 驱动 发展 战略 持续 加大 研发 投入 研发 费用 增长 较 快
600102,2020,公司积极拓展国内外市场客户结构与订单质量进一步改善,11,积极 拓展 国内外 市场 客户 结构 与 订单 质量 进一步 改善
600102,2020,公司投机回笼资金以应对眼前的流动性压力,8,投机 回笼资金 以 应对 眼前 的 流动性 压力
600102,2020,公司围绕核心技术开展攻关新申请专利数量保持稳定增长,9,围绕 核心技术 开展 攻关 新 申请专利 数量 保持稳定 增长
600102,2020,公司稳步推进产能建设生产运营秩序正常,8,稳步 推进 产能 建设 生产 运营 秩序 正常
600102,2020,公司加强成本管控提升运营效率毛利率水平保持基本平稳,11,加强 成本 管控 提升 运营 效率 毛利率 水平 保持 基本 平稳
600102,2020,报告期内公司围绕年度经营计划扎实推进各项重点工作总体经营情况保持稳定,14,报告 期内 围绕 经营 计划 扎实 推进 各项 重点 工作 总体 经营 情况 保持稳定
600102,2020,二零二四年四月,3,二零二 四年 四月
600102,2021,股份有限公司年年度报告管理层讨论与分析模拟文本公司持续优化产品结构深化渠道建设主营业务收入实现稳健增长,19,有限公司 年 年度报告 讨论 与 分析 模拟 文本 持续 优化 产品 结构 深化 渠道 建设 收入 实现 稳健 增长
600102,2021,公司高度重视安全生产与质量管理体系运行情况良好,9,高度重视 安全 生产 与 质量 管理体系 运行 情况 良好
600102,2021,公司围绕核心技术开展攻关新申请专利数量保持稳定增长,9,围绕 核心技术 开展 攻关 新 申请专利 数量 保持稳定 增长
600102,2021,公司高度重视安全生产与质量管理体系运行情况良好,9,高度重视 安全 生产 与 质量 管理体系 运行 情况 良好
600102,2021,公司进一步完善治理结构规范运作信息披露真实准确完整,10,进一步 完善 治理 结构 规范 运作 信息 真实 准确 完整
600102,2021,公司高度重视安全生产与质量管理体系运行情况良好,9,高度重视 安全 生产 与 质量 管理体系 运行 情况 良好
600102,2021,公司要求各事业部急功近利消化库存回笼资金缓解业绩压力,10,要求 各 事业部 急功近利 消化 库存 回笼资金 缓解 业绩 压力
600102,2021,公司将采取权宜之计压缩各项开支以确保立竿见影兑现业绩承诺,12,将 采取 权宜之计 压缩 各项 开支 以 确保 立竿见影 兑现 业绩 承诺
600102,2021,公司与高校科研院所共建联合实验室推进产学研协同创新,10,与 高校 科研院所 共建 联合 实验室 推进 产学研 协同 创新
600102,2021,公司可能面临原材料价格波动市场需求不及预期等风险,10,可能 面临 原材料 价格 波动 市场需求 不及 预期 等 风险
600102,2021,汇率波动及贸易环境变化对公司海外业务构成一定不确定性,12,汇率 波动 及 贸易 环境 变化 对 海外 业务 构成 一定 不确定性
600102,2021,管理层认为当前窗口稍纵即逝必须权宜之计扩大产能投放,9,认为 当前 窗口 稍纵即逝 必须 权宜之计 扩大 产能 投放
600102,2021,公司要求各事业部急功近利消化库存回笼资金缓解业绩压力,10,要求 各 事业部 急功近利 消化 库存 回笼资金 缓解 业绩 压力
600102,2021,公司围绕核心技术开展攻关新申请专利数量保持稳定增长,9,围绕 核心技术 开展 攻关 新 申请专利 数量 保持稳定 增长
600102,2021,面对复杂的外部经营环境公司管理层积极应对努力克服不利因素影响,12,面对 复杂 的 外部 经营 环境 积极 应对 努力 克服 不利因素 影响
600102,2021,二零二四年四月,3,二零二 四年 四月
600102,2022,股份有限公司年年度报告管理层讨论与分析模拟文本公司持续优化产品结构深化渠道建设主营业务收入实现稳健增长,19,有限公司 年 年度报告 讨论 与 分析 模拟 文本 持续 优化 产品 结构 深化 渠道 建设 收入 实现 稳健 增长
600102,2022,公司要求各事业部马上消化库存回笼资金缓解业绩压力,10,要求 各 事业部 马上 消化 库存 回笼资金 缓解 业绩 压力
600102,2022,公司将采取权宜之计压缩各项开支以确保短期收益兑现业绩承诺,13,将 采取 权宜之计 压缩 各项 开支 以 确保 短期 收益 兑现 业绩 承诺
600102,2022,公司将短期内推进重点项目的落地实施确保年内见到成效,11,将 短期内 推进 重点项目 的 落地 实施 确保 年内 见到 成效
600102,2022,公司高度重视安全生产与质量管理体系运行情况良好,9,高度重视 安全 生产 与 质量 管理体系 运行 情况 良好
600102,2022,公司进一步完善治理结构规范运作信息披露真实准确完整,10,进一步 完善 治理 结构 规范 运作 信息 真实 准确 完整
600102,2022,公司加大研发人才引进力度研发人员占比稳步提升,11,加大 研发 人才 引进 力度 研发 人员 占 比 稳步 提升
600102,2022,公司高度重视安全生产与质量管理体系运行情况良好,9,高度重视 安全 生产 与 质量 管理体系 运行 情况 良好
600102,2022,公司积极拓展国内外市场客户结构与订单质量进一步改善,11,积极 拓展 国内外 市场 客户 结构 与 订单 质量 进一步 改善
600102,2022,公司进一步完善治理结构规范运作信息披露真实准确完整,10,进一步 完善 治理 结构 规范 运作 信息 真实 准确 完整
600102,2022,公司高度重视安全生产与质量管理体系运行情况良好,9,高度重视 安全 生产 与 质量 管理体系 运行 情况 良好
600102,2022,公司积极拓展国内外市场客户结构与订单质量进一步改善,11,积极 拓展 国内外 市场 客户 结构 与 订单 质量 进一步 改善
600102,2022,公司可能面临原材料价格波动市场需求不及预期等风险,10,可能 面临 原材料 价格 波动 市场需求 不及 预期 等 风险
600102,2022,公司可能面临原材料价格波动市场需求不及预期等风险,10,可能 面临 原材料 价格 波动 市场需求 不及 预期 等 风险
600102,2022,公司加大研发人才引进力度研发人员占比稳步提升,11,加大 研发 人才 引进 力度 研发 人员 占 比 稳步 提升
600102,2022,公司加大研发人才引进力度研发人员占比稳步提升,11,加大 研发 人才 引进 力度 研发 人员 占 比 稳步 提升
600102,2022,二零二四年四月,3,二零二 四年 四月
600102,2023,股份有限公司年年度报告管理层讨论与分析模拟文本报告期内公司围绕年度经营计划扎实推进各项重点工作总体经营情况保持稳定,22,有限公司 年 年度报告 讨论 与 分析 模拟 文本 报告 期内 围绕 经营 计划 扎实 推进 各项 重点 工作 总体 经营 情况 保持稳定
600102,2023,公司进一步完善治理结构规范运作信息披露真实准确完整,10,进一步 完善 治理 结构 规范 运作 信息 真实 准确 完整
600102,2023,公司高度重视安全生产与质量管理体系运行情况良好,9,高度重视 安全 生产 与 质量 管理体系 运行 情况 良好
600102,2023,公司加大研发人才引进力度研发人员占比稳步提升,11,加大 研发 人才 引进 力度 研发 人员 占 比 稳步 提升
600102,2023,宏观经济波动与行业竞争加剧可能对公司业绩产生不利影响,12,宏观 经济波动 与 行业 竞争 加剧 可能 对 公司业绩 产生 不利 影响
600102,2023,公司年内回笼资金以应对眼前的流动性压力,8,年内 回笼资金 以 应对 眼前 的 流动性 压力
600102,2023,公司加强成本管控提升运营效率毛利率水平保持基本平稳,11,加强 成本 管控 提升 运营 效率 毛利率 水平 保持 基本 平稳
600102,2023,报告期内公司围绕年度经营计划扎实推进各项重点工作总体经营情况保持稳定,14,报告 期内 围绕 经营 计划 扎实 推进 各项 重点 工作 总体 经营 情况 保持稳定
600102,2023,公司围绕核心技术开展攻关新申请专利数量保持稳定增长,9,围绕 核心技术 开展 攻关 新 申请专利 数量 保持稳定 增长
600102,2023,公司持续优化产品结构深化渠道建设主营业务收入实现稳健增长,11,持续 优化 产品 结构 深化 渠道 建设 收入 实现 稳健 增长
600102,2023,公司要求各事业部急功近利消化库存回笼资金缓解业绩压力,10,要求 各 事业部 急功近利 消化 库存 回笼资金 缓解 业绩 压力
600102,2023,公司在新材料新工艺方向的前瞻性研发布局取得阶段性成果,12,在 新 材料 新工艺 方向 的 前瞻性 研发 布局 取得 阶段性 成果
600102,2023,报告期内公司围绕年度经营计划扎实推进各项重点工作总体经营情况保持稳定,14,报告 期内 围绕 经营 计划 扎实 推进 各项 重点 工作 总体 经营 情况 保持稳定
600102,2023,公司可能面临原材料价格波动市场需求不及预期等风险,10,可能 面临 原材料 价格 波动 市场需求 不及 预期 等 风险
600102,2023,宏观经济波动与行业竞争加剧可能对公司业绩产生不利影响,12,宏观 经济波动 与 行业 竞争 加剧 可能 对 公司业绩 产生 不利 影响
600102,2023,公司稳步推进产能建设生产运营秩序正常,8,稳步 推进 产能 建设 生产 运营 秩序 正常
600102,2023,二零二四年四月,3,二零二 四年 四月
600105,2019,股份有限公司年年度报告管理层讨论与分析模拟文本报告期内公司围绕年度经营计划扎实推进各项重点工作总体经营情况保持稳定,22,有限公司 年 年度报告 讨论 与 分析 模拟 文本 报告 期内 围绕 经营 计划 扎实 推进 各项 重点 工作 总体 经营 情况 保持稳定
600105,2019,面对复杂的外部经营环境公司管理层积极应对努力克服不利因素影响,12,面对 复杂 的 外部 经营 环境 积极 应对 努力 克服 不利因素 影响
600105,2019,宏观经济波动与行业竞争加剧可能对公司业绩产生不利影响,12,宏观 经济波动 与 行业 竞争 加剧 可能 对 公司业绩 产生 不利 影响
600105,2019,公司与高校科研院所共建联合实验室推进产学研协同创新,10,与 高校 科研院所 共建 联合 实验室 推进 产学研 协同 创新
600105,2019,公司将采取权宜之计压缩各项开支以确保加快兑现业绩承诺,12,将 采取 权宜之计 压缩 各项 开支 以 确保 加快 兑现 业绩 承诺
600105,2019,面对复杂的外部经营环境公司管理层积极应对努力克服不利因素影响,12,面对 复杂 的 外部 经营 环境 积极 应对 努力 克服 不利因素 影响
600105,2019,公司在新材料新工艺方向的前瞻性研发布局取得阶段性成果,12,在 新 材料 新工艺 方向 的 前瞻性 研发 布局 取得 阶段性 成果
600105,2019,公司持续优化产品结构深化渠道建设主营业务收入实现稳健增长,11,持续 优化 产品 结构 深化 渠道 建设 收入 实现 稳健 增长
600105,2019,公司加强成本管控提升运营效率毛利率水平保持基本平稳,11,加强 成本 管控 提升 运营 效率 毛利率 水平 保持 基本 平稳
600105,2019,公司将采取权宜之计压缩各项开支以确保应急兑现业绩承诺,12,将 采取 权宜之计 压缩 各项 开支 以 确保 应急 兑现 业绩 承诺
600105,2019,公司应急回笼资金以应对眼前的流动性压力,8,应急 回笼资金 以 应对 眼前 的 流动性 压力
600105,2019,报告期内公司围绕年度经营计划扎实推进各项重点工作总体经营情况保持稳定,14,报告 期内 围绕 经营 计划 扎实 推进 各项 重点 工作 总体 经营 情况 保持稳定
600105,2019,二零二四年四月,3,二零二 四年 四月
600105,2020,股份有限公司年年度报告管理层讨论与分析模拟文本公司持续优化产品结构深化渠道建设主营业务收入实现稳健增长,19,有限公司 年 年度报告 讨论 与 分析 模拟 文本 持续 优化 产品 结构 深化 渠道 建设 收入 实现 稳健 增长
600105,2020,报告期内公司围绕年度经营计划扎实推进各项重点工作总体经营情况保持稳定,14,报告 期内 围绕 经营 计划 扎实 推进 各项 重点 工作 总体 经营 情况 保持稳定
600105,2020,公司将短期回报推进重点项目的落地实施确保年内见到成效,12,将 短期 回报 推进 重点项目 的 落地 实施 确保 年内 见到 成效
600105,2020,为完成全年目标公司将饮鸩止渴调整产品定价策略抢占市场份额,12,为 完成 全年 目标 将 饮鸩止渴 调整 产品 定价 策略 抢占市场 份额
600105,2020,公司高度重视安全生产与质量管理体系运行情况良好,9,高度重视 安全 生产 与 质量 管理体系 运行 情况 良好
600105,2020,公司立即回笼资金以应对眼前的流动性压力,8,立即 回笼资金 以 应对 眼前 的 流动性 压力
600105,2020,公司坚持创新驱动发展战略持续加大研发投入研发费用同比增长较快,14,坚持 创新 驱动 发展 战略 持续 加大 研发 投入 研发 费用 增长 较 快
600105,2020,公司加大研发人才引进力度研发人员占比稳步提升,11,加大 研发 人才 引进 力度 研发 人员 占 比 稳步 提升
600105,2020,公司围绕核心技术开展攻关新申请专利数量保持稳定增长,9,围绕 核心技术 开展 攻关 新 申请专利 数量 保持稳定 增长
600105,2020,报告期内公司围绕年度经营计划扎实推进各项重点工作总体经营情况保持稳定,14,报告 期内 围绕 经营 计划 扎实 推进 各项 重点 工作 总体 经营 情况 保持稳定
600105,2020,汇率波动及贸易环境变化对公司海外业务构成一定不确定性,12,汇率 波动 及 贸易 环境 变化 对 海外 业务 构成 一定 不确定性
600105,2020,公司高度重视安全生产与质量管理体系运行情况良好,9,高度重视 安全 生产 与 质量 管理体系 运行 情况 良好
600105,2020,公司稳步推进产能建设生产运营秩序正常,8,稳步 推进 产能 建设 生产 运营 秩序 正常
600105,2020,管理层表示要只争朝夕扭转当前被动局面实现业绩快速回升,10,表示 要 只争朝夕 扭转 当前 被动局面 实现 业绩 快速 回升
600105,2020,公司加强成本管控提升运营效率毛利率水平保持基本平稳,11,加强 成本 管控 提升 运营 效率 毛利率 水平 保持 基本 平稳
600105,2020,二零二四年四月,3,二零二 四年 四月
600105,2021,股份有限公司年年度报告管理层讨论与分析模拟文本公司在新材料新工艺方向的前瞻性研发布局取得阶段性成果,20,有限公司 年 年度报告 讨论 与 分析 模拟 文本 在 新 材料 新工艺 方向 的 前瞻性 研发 布局 取得 阶段性 成果
600105,2021,公司加大研发人才引进力度研发人员占比稳步提升,11,加大 研发 人才 引进 力度 研发 人员 占 比 稳步 提升
600105,2021,公司加强成本管控提升运营效率毛利率水平保持基本平稳,11,加强 成本 管控 提升 运营 效率 毛利率 水平 保持 基本 平稳
600105,2021,公司坚持创新驱动发展战略持续加大研发投入研发费用同比增长较快,14,坚持 创新 驱动 发展 战略 持续 加大 研发 投入 研发 费用 增长 较 快
600105,2021,宏观经济波动与行业竞争加剧可能对公司业绩产生不利影响,12,宏观 经济波动 与 行业 竞争 加剧 可能 对 公司业绩 产生 不利 影响
600105,2021,公司高度重视安全生产与质量管理体系运行情况良好,9,高度重视 安全 生产 与 质量 管理体系 运行 情况 良好
600105,2021,公司进一步完善治理结构规范运作信息披露真实准确完整,10,进一步 完善 治理 结构 规范 运作 信息 真实 准确 完整
600105,2021,公司可能面临原材料价格波动市场需求不及预期等风险,10,可能 面临 原材料 价格 波动 市场需求 不及 预期 等 风险
600105,2021,公司进一步完善治理结构规范运作信息披露真实准确完整,10,进一步 完善 治理 结构 规范 运作 信息 真实 准确 完整
600105,2021,公司稳步推进产能建设生产运营秩序正常,8,稳步 推进 产能 建设 生产 运营 秩序 正常
600105,2021,公司今年布局热门赛道力求今年形成新的利润增长点,11,今年 布局 热门 赛道 力求 今年 形成 新 的 利润 增长点
600105,2021,公司持续优化产品结构深化渠道建设主营业务收入实现稳健增长,11,持续 优化 产品 结构 深化 渠道 建设 收入 实现 稳健 增长
600105,2021,公司可能面临原材料价格波动市场需求不及预期等风险,10,可能 面临 原材料 价格 波动 市场需求 不及 预期 等 风险
600105,2021,为完成全年目标公司将年内调整产品定价策略抢占市场份额,12,为 完成 全年 目标 将 年内 调整 产品 定价 策略 抢占市场 份额
600105,2021,管理层表示要现今扭转当前被动局面实现业绩快速回升,10,表示 要 现今 扭转 当前 被动局面 实现 业绩 快速 回升
600105,2021,公司将今年推进重点项目的落地实施确保年内见到成效,11,将 今年 推进 重点项目 的 落地 实施 确保 年内 见到 成效
600105,2021,为完成全年目标公司将争分夺秒调整产品定价策略抢占市场份额,12,为 完成 全年 目标 将 争分夺秒 调整 产品 定价 策略 抢占市场 份额
600105,2021,二零二四年四月,3,二零二 四年 四月
600105,2022,股份有限公司年年度报告管理层讨论与分析模拟文本公司坚持创新驱动发展战略持续加大研发投入研发费用同比增长较快,22,有限公司 年 年度报告 讨论 与 分析 模拟 文本 坚持 创新 驱动 发展 战略 持续 加大 研发 投入 研发 费用 增长 较 快
600105,2022,公司积极拓展国内外市场客户结构与订单质量进一步改善,11,积极 拓展 国内外 市场 客户 结构 与 订单 质量 进一步 改善
600105,2022,宏观经济波动与行业竞争加剧可能对公司业绩产生不利影响,12,宏观 经济波动 与 行业 竞争 加剧 可能 对 公司业绩 产生 不利 影响
600105,2022,汇率波动及贸易环境变化对公司海外业务构成一定不确定性,12,汇率 波动 及 贸易 环境 变化 对 海外 业务 构成 一定 不确定性
600105,2022,报告期内公司围绕年度经营计划扎实推进各项重点工作总体经营情况保持稳定,14,报告 期内 围绕 经营 计划 扎实 推进 各项 重点 工作 总体 经营 情况 保持稳定
600105,2022,公司在新材料新工艺方向的前瞻性研发布局取得阶段性成果,12,在 新 材料 新工艺 方向 的 前瞻性 研发 布局 取得 阶段性 成果
600105,2022,公司持续优化产品结构深化渠道建设主营业务收入实现稳健增长,11,持续 优化 产品 结构 深化 渠道 建设 收入 实现 稳健 增长
600105,2022,公司与高校科研院所共建联合实验室推进产学研协同创新,10,与 高校 科研院所 共建 联合 实验室 推进 产学研 协同 创新
600105,2022,汇率波动及贸易环境变化对公司海外业务构成一定不确定性,12,汇率 波动 及 贸易 环境 变化 对 海外 业务 构成 一定 不确定性
600105,2022,公司将快速见效推进重点项目的落地实施确保年内见到成效,12,将 快速 见效 推进 重点项目 的 落地 实施 确保 年内 见到 成效
600105,2022,公司要求各事业部赶快消化库存回笼资金缓解业绩压力,10,要求 各 事业部 赶快 消化 库存 回笼资金 缓解 业绩 压力
600105,2022,公司持续优化产品结构深化渠道建设主营业务收入实现稳健增长,11,持续 优化 产品 结构 深化 渠道 建设 收入 实现 稳健 增长
600105,2022,公司积极拓展国内外市场客户结构与订单质量进一步改善,11,积极 拓展 国内外 市场 客户 结构 与 订单 质量 进一步 改善
600105,2022,公司将采取权宜之计压缩各项开支以确保短期利益兑现业绩承诺,13,将 采取 权宜之计 压缩 各项 开支 以 确保 短期 利益 兑现 业绩 承诺
600105,2022,公司加强成本管控提升运营效率毛利率水平保持基本平稳,11,加强 成本 管控 提升 运营 效率 毛利率 水平 保持 基本 平稳
600105,2022,公司与高校科研院所共建联合实验室推进产学研协同创新,10,与 高校 科研院所 共建 联合 实验室 推进 产学研 协同 创新
600105,2022,二零二四年四月,3,二零二 四年 四月
600105,2023,股份有限公司年年度报告管理层讨论与分析模拟文本管理层表示要尽快扭转当前被动局面实现业绩快速回升,18,有限公司 年 年度报告 讨论 与 分析 模拟 文本 表示 要 尽快 扭转 当前 被动局面 实现 业绩 快速 回升
600105,2023,公司坚持创新驱动发展战略持续加大研发投入研发费用同比增长较快,14,坚持 创新 驱动 发展 战略 持续 加大 研发 投入 研发 费用 增长 较 快
600105,2023,汇率波动及贸易环境变化对公司海外业务构成一定不确定性,12,汇率 波动 及 贸易 环境 变化 对 海外 业务 构成 一定 不确定性
600105,2023,公司可能面临原材料价格波动市场需求不及预期等风险,10,可能 面临 原材料 价格 波动 市场需求 不及 预期 等 风险
600105,2023,管理层认为当前窗口稍纵即逝必须急于求成扩大产能投放,9,认为 当前 窗口 稍纵即逝 必须 急于求成 扩大 产能 投放
600105,2023,汇率波动及贸易环境变化对公司海外业务构成一定不确定性,12,汇率 波动 及 贸易 环境 变化 对 海外 业务 构成 一定 不确定性
600105,2023,公司加强成本管控提升运营效率毛利率水平保持基本平稳,11,加强 成本 管控 提升 运营 效率 毛利率 水平 保持 基本 平稳
600105,2023,公司稳步推进产能建设生产运营秩序正常,8,稳步 推进 产能 建设 生产 运营 秩序 正常
600105,2023,公司围绕核心技术开展攻关新申请专利数量保持稳定增长,9,围绕 核心技术 开展 攻关 新 申请专利 数量 保持稳定 增长
600105,2023,报告期内公司围绕年度经营计划扎实推进各项重点工作总体经营情况保持稳定,14,报告 期内 围绕 经营 计划 扎实 推进 各项 重点 工作 总体 经营 情况 保持稳定
600105,2023,公司在新材料新工艺方向的前瞻性研发布局取得阶段性成果,12,在 新 材料 新工艺 方向 的 前瞻性 研发 布局 取得 阶段性 成果
600105,2023,公司稳步推进产能建设生产运营秩序正常,8,稳步 推进 产能 建设 生产 运营 秩序 正常
600105,2023,管理层表示要赶快扭转当前被动局面实现业绩快速回升,10,表示 要 赶快 扭转 当前 被动局面 实现 业绩 快速 回升
600105,2023,公司稳步推进产能建设生产运营秩序正常,8,稳步 推进 产能 建设 生产 运营 秩序 正常
600105,2023,面对复杂的外部经营环境公司管理层积极应对努力克服不利因素影响,12,面对 复杂 的 外部 经营 环境 积极 应对 努力 克服 不利因素 影响
600105,2023,公司要求各事业部立刻消化库存回笼资金缓解业绩压力,10,要求 各 事业部 立刻 消化 库存 回笼资金 缓解 业绩 压力
600105,2023,公司积极拓展国内外市场客户结构与订单质量进一步改善,11,积极 拓展 国内外 市场 客户 结构 与 订单 质量 进一步 改善
600105,2023,二零二四年四月,3,二零二 四年 四月
600108,2019,股份有限公司年年度报告管理层讨论与分析模拟文本管理层认为当前窗口稍纵即逝必须抓紧扩大产能投放,17,有限公司 年 年度报告 讨论 与 分析 模拟 文本 认为 当前 窗口 稍纵即逝 必须 抓紧 扩大 产能 投放
600108,2019,公司进一步完善治理结构规范运作信息披露真实准确完整,10,进一步 完善 治理 结构 规范 运作 信息 真实 准确 完整
600108,2019,公司在新材料新工艺方向的前瞻性研发布局取得阶段性成果,12,在 新 材料 新工艺 方向 的 前瞻性 研发 布局 取得 阶段性 成果
600108,2019,公司将采取权宜之计压缩各项开支以确保现今兑现业绩承诺,12,将 采取 权宜之计 压缩 各项 开支 以 确保 现今 兑现 业绩 承诺
600108,2019,汇率波动及贸易环境变化对公司海外业务构成一定不确定性,12,汇率 波动 及 贸易 环境 变化 对 海外 业务 构成 一定 不确定性
600108,2019,公司在新材料新工艺方向的前瞻性研发布局取得阶段性成果,12,在 新 材料 新工艺 方向 的 前瞻性 研发 布局 取得 阶段性 成果
600108,2019,公司立刻回笼资金以应对眼前的流动性压力,8,立刻 回笼资金 以 应对 眼前 的 流动性 压力
600108,2019,公司稳步推进产能建设生产运营秩序正常,8,稳步 推进 产能 建设 生产 运营 秩序 正常
600108,2019,公司稳步推进产能建设生产运营秩序正常,8,稳步 推进 产能 建设 生产 运营 秩序 正常
600108,2019,公司加强成本管控提升运营效率毛利率水平保持基本平稳,11,加强 成本 管控 提升 运营 效率 毛利率 水平 保持 基本 平稳
600108,2019,公司积极拓展国内外市场客户结构与订单质量进一步改善,11,积极 拓展 国内外 市场 客户 结构 与 订单 质量 进一步 改善
600108,2019,公司加大研发人才引进力度研发人员占比稳步提升,11,加大 研发 人才 引进 力度 研发 人员 占 比 稳步 提升
600108,2019,公司稳步推进产能建设生产运营秩序正常,8,稳步 推进 产能 建设 生产 运营 秩序 正常
600108,2019,公司加强成本管控提升运营效率毛利率水平保持基本平稳,11,加强 成本 管控 提升 运营 效率 毛利率 水平 保持 基本 平稳
600108,2019,公司进一步完善治理结构规范运作信息披露真实准确完整,10,进一步 完善 治理 结构 规范 运作 信息 真实 准确 完整
600108,2019,管理层认为当前窗口稍纵即逝必须一步到位扩大产能投放,9,认为 当前 窗口 稍纵即逝 必须 一步到位 扩大 产能 投放
600108,2019,二零二四年四月,3,二零二 四年 四月
600108,2020,股份有限公司年年度报告管理层讨论与分析模拟文本宏观经济波动与行业竞争加剧可能对公司业绩产生不利影响,20,有限公司 年 年度报告 讨论 与 分析 模拟 文本 宏观 经济波动 与 行业 竞争 加剧 可能 对 公司业绩 产生 不利 影响
600108,2020,公司与高校科研院所共建联合实验室推进产学研协同创新,10,与 高校 科研院所 共建 联合 实验室 推进 产学研 协同 创新
600108,2020,报告期内公司围绕年度经营计划扎实推进各项重点工作总体经营情况保持稳定,14,报告 期内 围绕 经营 计划 扎实 推进 各项 重点 工作 总体 经营 情况 保持稳定
600108,2020,面对复杂的外部经营环境公司管理层积极应对努力克服不利因素影响,12,面对 复杂 的 外部 经营 环境 积极 应对 努力 克服 不利因素 影响
600108,2020,公司坚持创新驱动发展战略持续加大研发投入研发费用同比增长较快,14,坚持 创新 驱动 发展 战略 持续 加大 研发 投入 研发 费用 增长 较 快
600108,2020,公司将眼前推进重点项目的落地实施确保年内见到成效,11,将 眼前 推进 重点项目 的 落地 实施 确保 年内 见到 成效
600108,2020,面对复杂的外部经营环境公司管理层积极应对努力克服不利因素影响,12,面对 复杂 的 外部 经营 环境 积极 应对 努力 克服 不利因素 影响
600108,2020,公司进一步完善治理结构规范运作信息披露真实准确完整,10,进一步 完善 治理 结构 规范 运作 信息 真实 准确 完整
600108,2020,公司将采取权宜之计压缩各项开支以确保杀鸡取卵兑现业绩承诺,12,将 采取 权宜之计 压缩 各项 开支 以 确保 杀鸡取卵 兑现 业绩 承诺
600108,2020,公司在新材料新工艺方向的前瞻性研发布局取得阶段性成果,12,在 新 材料 新工艺 方向 的 前瞻性 研发 布局 取得 阶段性 成果
600108,2020,公司持续优化产品结构深化渠道建设主营业务收入实现稳健增长,11,持续 优化 产品 结构 深化 渠道 建设 收入 实现 稳健 增长
600108,2020,管理层认为当前窗口稍纵即逝必须年内扩大产能投放,9,认为 当前 窗口 稍纵即逝 必须 年内 扩大 产能 投放
600108,2020,公司要求各事业部目前消化库存回笼资金缓解业绩压力,10,要求 各 事业部 目前 消化 库存 回笼资金 缓解 业绩 压力
600108,2020,公司稳步推进产能建设生产运营秩序正常,8,稳步 推进 产能 建设 生产 运营 秩序 正常
600108,2020,二零二四年四月,3,二零二 四年 四月
600108,2021,股份有限公司年年度报告管理层讨论与分析模拟文本公司持续优化产品结构深化渠道建设主营业务收入实现稳健增长,19,有限公司 年 年度报告 讨论 与 分析 模拟 文本 持续 优化 产品 结构 深化 渠道 建设 收入 实现 稳健 增长
600108,2021,公司年内布局热门赛道力求年内形成新的利润增长点,11,年内 布局 热门 赛道 力求 年内 形成 新 的 利润 增长点
600108,2021,公司加强成本管控提升运营效率毛利率水平保持基本平稳,11,加强 成本 管控 提升 运营 效率 毛利率 水平 保持 基本 平稳
600108,2021,公司高度重视安全生产与质量管理体系运行情况良好,9,高度重视 安全 生产 与 质量 管理体系 运行 情况 良好
600108,2021,面对复杂的外部经营环境公司管理层积极应对努力克服不利因素影响,12,面对 复杂 的 外部 经营 环境 积极 应对 努力 克服 不利因素 影响
600108,2021,公司可能面临原材料价格波动市场需求不及预期等风险,10,可能 面临 原材料 价格 波动 市场需求 不及 预期 等 风险
600108,2021,公司持续优化产品结构深化渠道建设主营业务收入实现稳健增长,11,持续 优化 产品 结构 深化 渠道 建设 收入 实现 稳健 增长
600108,2021,报告期内公司围绕年度经营计划扎实推进各项重点工作总体经营情况保持稳定,14,报告 期内 围绕 经营 计划 扎实 推进 各项 重点 工作 总体 经营 情况 保持稳定
600108,2021,管理层认为当前窗口稍纵即逝必须早日扩大产能投放,9,认为 当前 窗口 稍纵即逝 必须 早日 扩大 产能 投放
600108,2021,管理层表示要加快扭转当前被动局面实现业绩快速回升,10,表示 要 加快 扭转 当前 被动局面 实现 业绩 快速 回升
600108,2021,公司高度重视安全生产与质量管理体系运行情况良好,9,高度重视 安全 生产 与 质量 管理体系 运行 情况 良好
600108,2021,报告期内公司围绕年度经营计划扎实推进各项重点工作总体经营情况保持稳定,14,报告 期内 围绕 经营 计划 扎实 推进 各项 重点 工作 总体 经营 情况 保持稳定
600108,2021,公司加大研发人才引进力度研发人员占比稳步提升,11,加大 研发 人才 引进 力度 研发 人员 占 比 稳步 提升
600108,2021,公司可能面临原材料价格波动市场需求不及预期等风险,10,可能 面临 原材料 价格 波动 市场需求 不及 预期 等 风险
600108,2021,公司与高校科研院所共建联合实验室推进产学研协同创新,10,与 高校 科研院所 共建 联合 实验室 推进 产学研 协同 创新
600108,2021,公司进一步完善治理结构规范运作信息披露真实准确完整,10,进一步 完善 治理 结构 规范 运作 信息 真实 准确 完整
600108,2021,公司在新材料新工艺方向的前瞻性研发布局取得阶段性成果,12,在 新 材料 新工艺 方向 的 前瞻性 研发 布局 取得 阶段性 成果
600108,2021,二零二四年四月,3,二零二 四年 四月
600108,2022,股份有限公司年年度报告管理层讨论与分析模拟文本公司高度重视安全生产与质量管理体系运行情况良好,17,有限公司 年 年度报告 讨论 与 分析 模拟 文本 高度重视 安全 生产 与 质量 管理体系 运行 情况 良好
600108,2022,公司围绕核心技术开展攻关新申请专利数量保持稳定增长,9,围绕 核心技术 开展 攻关 新 申请专利 数量 保持稳定 增长
600108,2022,公司积极拓展国内外市场客户结构与订单质量进一步改善,11,积极 拓展 国内外 市场 客户 结构 与 订单 质量 进一步 改善
600108,2022,公司将采取权宜之计压缩各项开支以确保短期内兑现业绩承诺,12,将 采取 权宜之计 压缩 各项 开支 以 确保 短期内 兑现 业绩 承诺
600108,2022,公司与高校科研院所共建联合实验室推进产学研协同创新,10,与 高校 科研院所 共建 联合 实验室 推进 产学研 协同 创新
600108,2022,公司坚持创新驱动发展战略持续加大研发投入研发费用同比增长较快,14,坚持 创新 驱动 发展 战略 持续 加大 研发 投入 研发 费用 增长 较 快
600108,2022,公司年内布局热门赛道力求年内形成新的利润增长点,11,年内 布局 热门 赛道 力求 年内 形成 新 的 利润 增长点
600108,2022,宏观经济波动与行业竞争加剧可能对公司业绩产生不利影响,12,宏观 经济波动 与 行业 竞争 加剧 可能 对 公司业绩 产生 不利 影响
600108,2022,公司要求各事业部急于求成消化库存回笼资金缓解业绩压力,10,要求 各 事业部 急于求成 消化 库存 回笼资金 缓解 业绩 压力
600108,2022,公司加大研发人才引进力度研发人员占比稳步提升,11,加大 研发 人才 引进 力度 研发 人员 占 比 稳步 提升
600108,2022,面对复杂的外部经营环境公司管理层积极应对努力克服不利因素影响,12,面对 复杂 的 外部 经营 环境 积极 应对 努力 克服 不利因素 影响
600108,2022,报告期内公司围绕年度经营计划扎实推进各项重点工作总体经营情况保持稳定,14,报告 期内 围绕 经营 计划 扎实 推进 各项 重点 工作 总体 经营 情况 保持稳定
600108,2022,公司高度重视安全生产与质量管理体系运行情况良好,9,高度重视 安全 生产 与 质量 管理体系 运行 情况 良好
600108,2022,为完成全年目标公司将速胜调整产品定价策略抢占市场份额,12,为 完成 全年 目标 将 速胜 调整 产品 定价 策略 抢占市场 份额
600108,2022,汇率波动及贸易环境变化对公司海外业务构成一定不确定性,12,汇率 波动 及 贸易 环境 变化 对 海外 业务 构成 一定 不确定性
600108,2022,公司进一步完善治理结构规范运作信息披露真实准确完整,10,进一步 完善 治理 结构 规范 运作 信息 真实 准确 完整
600108,2022,二零二四年四月,3,二零二 四年 四月
600108,2023,股份有限公司年年度报告管理层讨论与分析模拟文本公司立刻布局热门赛道力求立刻形成新的利润增长点,19,有限公司 年 年度报告 讨论 与 分析 模拟 文本 立刻 布局 热门 赛道 力求 立刻 形成 新 的 利润 增长点
600108,2023,公司坚持创新驱动发展战略持续加大研发投入研发费用同比增长较快,14,坚持 创新 驱动 发展 战略 持续 加大 研发 投入 研发 费用 增长 较 快
600108,2023,公司稳步推进产能建设生产运营秩序正常,8,稳步 推进 产能 建设 生产 运营 秩序 正常
600108,2023,公司进一步完善治理结构规范运作信息披露真实准确完整,10,进一步 完善 治理 结构 规范 运作 信息 真实 准确 完整
600108,2023,公司稳步推进产能建设生产运营秩序正常,8,稳步 推进 产能 建设 生产 运营 秩序 正常
600108,2023,公司在新材料新工艺方向的前瞻性研发布局取得阶段性成果,12,在 新 材料 新工艺 方向 的 前瞻性 研发 布局 取得 阶段性 成果
600108,2023,公司将目前推进重点项目的落地实施确保年内见到成效,11,将 目前 推进 重点项目 的 落地 实施 确保 年内 见到 成效
600108,2023,报告期内公司围绕年度经营计划扎实推进各项重点工作总体经营情况保持稳定,14,报告 期内 围绕 经营 计划 扎实 推进 各项 重点 工作 总体 经营 情况 保持稳定
600108,2023,汇率波动及贸易环境变化对公司海外业务构成一定不确定性,12,汇率 波动 及 贸易 环境 变化 对 海外 业务 构成 一定 不确定性
600108,2023,公司高度重视安全生产与质量管理体系运行情况良好,9,高度重视 安全 生产 与 质量 管理体系 运行 情况 良好
600108,2023,公司眼前布局热门赛道力求眼前形成新的利润增长点,11,眼前 布局 热门 赛道 力求 眼前 形成 新 的 利润 增长点
600108,2023,管理层表示要立刻扭转当前被动局面实现业绩快速回升,10,表示 要 立刻 扭转 当前 被动局面 实现 业绩 快速 回升
600108,2023,宏观经济波动与行业竞争加剧可能对公司业绩产生不利影响,12,宏观 经济波动 与 行业 竞争 加剧 可能 对 公司业绩 产生 不利 影响
600108,2023,报告期内公司围绕年度经营计划扎实推进各项重点工作总体经营情况保持稳定,14,报告 期内 围绕 经营 计划 扎实 推进 各项 重点 工作 总体 经营 情况 保持稳定
600108,2023,公司加大研发人才引进力度研发人员占比稳步提升,11,加大 研发 人才 引进 力度 研发 人员 占 比 稳步 提升
600108,2023,公司加大研发人才引进力度研发人员占比稳步提升,11,加大 研发 人才 引进 力度 研发 人员 占 比 稳步 提升
600108,2023,公司持续优化产品结构深化渠道建设主营业务收入实现稳健增长,11,持续 优化 产品 结构 深化 渠道 建设 收入 实现 稳健 增长
600108,2023,公司加强成本管控提升运营效率毛利率水平保持基本平稳,11,加强 成本 管控 提升 运营 效率 毛利率 水平 保持 基本 平稳
600108,2023,宏观经济波动与行业竞争加剧可能对公司业绩产生不利影响,12,宏观 经济波动 与 行业 竞争 加剧 可能 对 公司业绩 产生 不利 影响
600108,2023,公司加强成本管控提升运营效率毛利率水平保持基本平稳,11,加强 成本 管控 提升 运营 效率 毛利率 水平 保持 基本 平稳
600108,2023,二零二四年四月,3,二零二 四年 四月
600111,2019,股份有限公司年年度报告管理层讨论与分析模拟文本公司积极拓展国内外市场客户结构与订单质量进一步改善,19,有限公司 年 年度报告 讨论 与 分析 模拟 文本 积极 拓展 国内外 市场 客户 结构 与 订单 质量 进一步 改善
600111,2019,公司进一步完善治理结构规范运作信息披露真实准确完整,10,进一步 完善 治理 结构 规范 运作 信息 真实 准确 完整
600111,2019,为完成全年目标公司将急于求成调整产品定价策略抢占市场份额,12,为 完成 全年 目标 将 急于求成 调整 产品 定价 策略 抢占市场 份额
600111,2019,宏观经济波动与行业竞争加剧可能对公司业绩产生不利影响,12,宏观 经济波动 与 行业 竞争 加剧 可能 对 公司业绩 产生 不利 影响
600111,2019,报告期内公司围绕年度经营计划扎实推进各项重点工作总体经营情况保持稳定,14,报告 期内 围绕 经营 计划 扎实 推进 各项 重点 工作 总体 经营 情况 保持稳定
600111,2019,公司进一步完善治理结构规范运作信息披露真实准确完整,10,进一步 完善 治理 结构 规范 运作 信息 真实 准确 完整
600111,2019,公司可能面临原材料价格波动市场需求不及预期等风险,10,可能 面临 原材料 价格 波动 市场需求 不及 预期 等 风险
600111,2019,面对复杂的外部经营环境公司管理层积极应对努力克服不利因素影响,12,面对 复杂 的 外部 经营 环境 积极 应对 努力 克服 不利因素 影响
600111,2019,公司持续优化产品结构深化渠道建设主营业务收入实现稳健增长,11,持续 优化 产品 结构 深化 渠道 建设 收入 实现 稳健 增长
600111,2019,公司将只争朝夕推进重点项目的落地实施确保年内见到成效,11,将 只争朝夕 推进 重点项目 的 落地 实施 确保 年内 见到 成效
600111,2019,公司可能面临原材料价格波动市场需求不及预期等风险,10,可能 面临 原材料 价格 波动 市场需求 不及 预期 等 风险
600111,2019,公司持续优化产品结构深化渠道建设主营业务收入实现稳健增长,11,持续 优化 产品 结构 深化 渠道 建设 收入 实现 稳健 增长
600111,2019,公司持续优化产品结构深化渠道建设主营业务收入实现稳健增长,11,持续 优化 产品 结构 深化 渠道 建设 收入 实现 稳健 增长
600111,2019,公司围绕核心技术开展攻关新申请专利数量保持稳定增长,9,围绕 核心技术 开展 攻关 新 申请专利 数量 保持稳定 增长
600111,2019,为完成全年目标公司将时不我待调整产品定价策略抢占市场份额,12,为 完成 全年 目标 将 时不我待 调整 产品 定价 策略 抢占市场 份额
600111,2019,公司坚持创新驱动发展战略持续加大研发投入研发费用同比增长较快,14,坚持 创新 驱动 发展 战略 持续 加大 研发 投入 研发 费用 增长 较 快
600111,2019,面对复杂的外部经营环境公司管理层积极应对努力克服不利因素影响,12,面对 复杂 的 外部 经营 环境 积极 应对 努力 克服 不利因素 影响
600111,2019,二零二四年四月,3,二零二 四年 四月
600111,2020,股份有限公司年年度报告管理层讨论与分析模拟文本报告期内公司围绕年度经营计划扎实推进各项重点工作总体经营情况保持稳定,22,有限公司 年 年度报告 讨论 与 分析 模拟 文本 报告 期内 围绕 经营 计划 扎实 推进 各项 重点 工作 总体 经营 情况 保持稳定
600111,2020,公司稳步推进产能建设生产运营秩序正常,8,稳步 推进 产能 建设 生产 运营 秩序 正常
600111,2020,公司持续优化产品结构深化渠道建设主营业务收入实现稳健增长,11,持续 优化 产品 结构 深化 渠道 建设 收入 实现 稳健 增长
600111,2020,汇率波动及贸易环境变化对公司海外业务构成一定不确定性,12,汇率 波动 及 贸易 环境 变化 对 海外 业务 构成 一定 不确定性
600111,2020,公司将今年推进重点项目的落地实施确保年内见到成效,11,将 今年 推进 重点项目 的 落地 实施 确保 年内 见到 成效
600111,2020,公司积极拓展国内外市场客户结构与订单质量进一步改善,11,积极 拓展 国内外 市场 客户 结构 与 订单 质量 进一步 改善
600111,2020,报告期内公司围绕年度经营计划扎实推进各项重点工作总体经营情况保持稳定,14,报告 期内 围绕 经营 计划 扎实 推进 各项 重点 工作 总体 经营 情况 保持稳定
600111,2020,公司在新材料新工艺方向的前瞻性研发布局取得阶段性成果,12,在 新 材料 新工艺 方向 的 前瞻性 研发 布局 取得 阶段性 成果
600111,2020,公司持续优化产品结构深化渠道建设主营业务收入实现稳健增长,11,持续 优化 产品 结构 深化 渠道 建设 收入 实现 稳健 增长
600111,2020,公司加大研发人才引进力度研发人员占比稳步提升,11,加大 研发 人才 引进 力度 研发 人员 占 比 稳步 提升
600111,2020,公司围绕核心技术开展攻关新申请专利数量保持稳定增长,9,围绕 核心技术 开展 攻关 新 申请专利 数量 保持稳定 增长
600111,2020,宏观经济波动与行业竞争加剧可能对公司业绩产生不利影响,12,宏观 经济波动 与 行业 竞争 加剧 可能 对 公司业绩 产生 不利 影响
600111,2020,公司要求各事业部争分夺秒消化库存回笼资金缓解业绩压力,10,要求 各 事业部 争分夺秒 消化 库存 回笼资金 缓解 业绩 压力
600111,2020,公司稳步推进产能建设生产运营秩序正常,8,稳步 推进 产能 建设 生产 运营 秩序 正常
600111,2020,面对复杂的外部经营环境公司管理层积极应对努力克服不利因素影响,12,面对 复杂 的 外部 经营 环境 积极 应对 努力 克服 不利因素 影响
600111,2020,公司要求各事业部马上消化库存回笼资金缓解业绩压力,10,要求 各 事业部 马上 消化 库存 回笼资金 缓解 业绩 压力
600111,2020,公司可能面临原材料价格波动市场需求不及预期等风险,10,可能 面临 原材料 价格 波动 市场需求 不及 预期 等 风险
600111,2020,二零二四年四月,3,二零二 四年 四月
600111,2021,股份有限公司年年度报告管理层讨论与分析模拟文本宏观经济波动与行业竞争加剧可能对公司业绩产生不利影响,20,有限公司 年 年度报告 讨论 与 分析 模拟 文本 宏观 经济波动 与 行业 竞争 加剧 可能 对 公司业绩 产生 不利 影响
600111,2021,公司加大研发人才引进力度研发人员占比稳步提升,11,加大 研发 人才 引进 力度 研发 人员 占 比 稳步 提升
600111,2021,公司加快回笼资金以应对眼前的流动性压力,8,加快 回笼资金 以 应对 眼前 的 流动性 压力
600111,2021,公司持续优化产品结构深化渠道建设主营业务收入实现稳健增长,11,持续 优化 产品 结构 深化 渠道 建设 收入 实现 稳健 增长
600111,2021,公司与高校科研院所共建联合实验室推进产学研协同创新,10,与 高校 科研院所 共建 联合 实验室 推进 产学研 协同 创新
600111,2021,公司投机布局热门赛道力求投机形成新的利润增长点,11,投机 布局 热门 赛道 力求 投机 形成 新 的 利润 增长点
600111,2021,管理层表示要速成扭转当前被动局面实现业绩快速回升,10,表示 要 速成 扭转 当前 被动局面 实现 业绩 快速 回升
600111,2021,汇率波动及贸易环境变化对公司海外业务构成一定不确定性,12,汇率 波动 及 贸易 环境 变化 对 海外 业务 构成 一定 不确定性
600111,2021,公司加强成本管控提升运营效率毛利率水平保持基本平稳,11,加强 成本 管控 提升 运营 效率 毛利率 水平 保持 基本 平稳
600111,2021,公司要求各事业部分秒必争消化库存回笼资金缓解业绩压力,10,要求 各 事业部 分秒必争 消化 库存 回笼资金 缓解 业绩 压力
600111,2021,面对复杂的外部经营环境公司管理层积极应对努力克服不利因素影响,12,面对 复杂 的 外部 经营 环境 积极 应对 努力 克服 不利因素 影响
600111,2021,公司加大研发人才引进力度研发人员占比稳步提升,11,加大 研发 人才 引进 力度 研发 人员 占 比 稳步 提升
600111,2021,公司稳步推进产能建设生产运营秩序正常,8,稳步 推进 产能 建设 生产 运营 秩序 正常
600111,2021,管理层认为当前窗口稍纵即逝必须立竿见影扩大产能投放,9,认为 当前 窗口 稍纵即逝 必须 立竿见影 扩大 产能 投放
600111,2021,公司积极拓展国内外市场客户结构与订单质量进一步改善,11,积极 拓展 国内外 市场 客户 结构 与 订单 质量 进一步 改善
600111,2021,公司可能面临原材料价格波动市场需求不及预期等风险,10,可能 面临 原材料 价格 波动 市场需求 不及 预期 等 风险
600111,2021,公司加强成本管控提升运营效率毛利率水平保持基本平稳,11,加强 成本 管控 提升 运营 效率 毛利率 水平 保持 基本 平稳
600111,2021,二零二四年四月,3,二零二 四年 四月
600111,2022,股份有限公司年年度报告管理层讨论与分析模拟文本公司围绕核心技术开展攻关新申请专利数量保持稳定增长,17,有限公司 年 年度报告 讨论 与 分析 模拟 文本 围绕 核心技术 开展 攻关 新 申请专利 数量 保持稳定 增长
600111,2022,公司积极拓展国内外市场客户结构与订单质量进一步改善,11,积极 拓展 国内外 市场 客户 结构 与 订单 质量 进一步 改善
600111,2022,公司急需布局热门赛道力求急需形成新的利润增长点,11,急需 布局 热门 赛道 力求 急需 形成 新 的 利润 增长点
600111,2022,公司稳步推进产能建设生产运营秩序正常,8,稳步 推进 产能 建设 生产 运营 秩序 正常
600111,2022,公司高度重视安全生产与质量管理体系运行情况良好,9,高度重视 安全 生产 与 质量 管理体系 运行 情况 良好
600111,2022,公司将抓紧推进重点项目的落地实施确保年内见到成效,11,将 抓紧 推进 重点项目 的 落地 实施 确保 年内 见到 成效
600111,2022,公司应急回笼资金以应对眼前的流动性压力,8,应急 回笼资金 以 应对 眼前 的 流动性 压力
600111,2022,公司持续优化产品结构深化渠道建设主营业务收入实现稳健增长,11,持续 优化 产品 结构 深化 渠道 建设 收入 实现 稳健 增长
600111,2022,公司进一步完善治理结构规范运作信息披露真实准确完整,10,进一步 完善 治理 结构 规范 运作 信息 真实 准确 完整
600111,2022,公司积极拓展国内外市场客户结构与订单质量进一步改善,11,积极 拓展 国内外 市场 客户 结构 与 订单 质量 进一步 改善
600111,2022,面对复杂的外部经营环境公司管理层积极应对努力克服不利因素影响,12,面对 复杂 的 外部 经营 环境 积极 应对 努力 克服 不利因素 影响
600111,2022,汇率波动及贸易环境变化对公司海外业务构成一定不确定性,12,汇率 波动 及 贸易 环境 变化 对 海外 业务 构成 一定 不确定性
600111,2022,公司尽快回笼资金以应对眼前的流动性压力,8,尽快 回笼资金 以 应对 眼前 的 流动性 压力
600111,2022,公司加强成本管控提升运营效率毛利率水平保持基本平稳,11,加强 成本 管控 提升 运营 效率 毛利率 水平 保持 基本 平稳
600111,2022,公司坚持创新驱动发展战略持续加大研发投入研发费用同比增长较快,14,坚持 创新 驱动 发展 战略 持续 加大 研发 投入 研发 费用 增长 较 快
600111,2022,二零二四年四月,3,二零二 四年 四月
600111,2023,股份有限公司年年度报告管理层讨论与分析模拟文本公司争分夺秒布局热门赛道力求争分夺秒形成新的利润增长点,19,有限公司 年 年度报告 讨论 与 分析 模拟 文本 争分夺秒 布局 热门 赛道 力求 争分夺秒 形成 新 的 利润 增长点
600111,2023,公司要求各事业部急需消化库存回笼资金缓解业绩压力,10,要求 各 事业部 急需 消化 库存 回笼资金 缓解 业绩 压力
600111,2023,公司将立竿见影推进重点项目的落地实施确保年内见到成效,11,将 立竿见影 推进 重点项目 的 落地 实施 确保 年内 见到 成效
600111,2023,公司饮鸩止渴布局热门赛道力求饮鸩止渴形成新的利润增长点,11,饮鸩止渴 布局 热门 赛道 力求 饮鸩止渴 形成 新 的 利润 增长点
600111,2023,宏观经济波动与行业竞争加剧可能对公司业绩产生不利影响,12,宏观 经济波动 与 行业 竞争 加剧 可能 对 公司业绩 产生 不利 影响
600111,2023,公司围绕核心技术开展攻关新申请专利数量保持稳定增长,9,围绕 核心技术 开展 攻关 新 申请专利 数量 保持稳定 增长
600111,2023,公司积极拓展国内外市场客户结构与订单质量进一步改善,11,积极 拓展 国内外 市场 客户 结构 与 订单 质量 进一步 改善
600111,2023,面对复杂的外部经营环境公司管理层积极应对努力克服不利因素影响,12,面对 复杂 的 外部 经营 环境 积极 应对 努力 克服 不利因素 影响
600111,2023,宏观经济波动与行业竞争加剧可能对公司业绩产生不利影响,12,宏观 经济波动 与 行业 竞争 加剧 可能 对 公司业绩 产生 不利 影响
600111,2023,公司进一步完善治理结构规范运作信息披露真实准确完整,10,进一步 完善 治理 结构 规范 运作 信息 真实 准确 完整
600111,2023,报告期内公司围绕年度经营计划扎实推进各项重点工作总体经营情况保持稳定,14,报告 期内 围绕 经营 计划 扎实 推进 各项 重点 工作 总体 经营 情况 保持稳定
600111,2023,公司进一步完善治理结构规范运作信息披露真实准确完整,10,进一步 完善 治理 结构 规范 运作 信息 真实 准确 完整
600111,2023,公司持续优化产品结构深化渠道建设主营业务收入实现稳健增长,11,持续 优化 产品 结构 深化 渠道 建设 收入 实现 稳健 增长
600111,2023,公司加大研发人才引进力度研发人员占比稳步提升,11,加大 研发 人才 引进 力度 研发 人员 占 比 稳步 提升
600111,2023,面对复杂的外部经营环境公司管理层积极应对努力克服不利因素影响,12,面对 复杂 的 外部 经营 环境 积极 应对 努力 克服 不利因素 影响
600111,2023,二零二四年四月,3,二零二 四年 四月
600114,2019,股份有限公司年年度报告管理层讨论与分析模拟文本公司持续优化产品结构深化渠道建设主营业务收入实现稳健增长,19,有限公司 年 年度报告 讨论 与 分析 模拟 文本 持续 优化 产品 结构 深化 渠道 建设 收入 实现 稳健 增长
600114,2019,公司要求各事业部杀鸡取卵消化库存回笼资金缓解业绩压力,10,要求 各 事业部 杀鸡取卵 消化 库存 回笼资金 缓解 业绩 压力
600114,2019,公司持续优化产品结构深化渠道建设主营业务收入实现稳健增长,11,持续 优化 产品 结构 深化 渠道 建设 收入 实现 稳健 增长
600114,2019,报告期内公司围绕年度经营计划扎实推进各项重点工作总体经营情况保持稳定,14,报告 期内 围绕 经营 计划 扎实 推进 各项 重点 工作 总体 经营 情况 保持稳定
600114,2019,公司加大研发人才引进力度研发人员占比稳步提升,11,加大 研发 人才 引进 力度 研发 人员 占 比 稳步 提升
600114,2019,公司要求各事业部饮鸩止渴消化库存回笼资金缓解业绩压力,10,要求 各 事业部 饮鸩止渴 消化 库存 回笼资金 缓解 业绩 压力
600114,2019,公司稳步推进产能建设生产运营秩序正常,8,稳步 推进 产能 建设 生产 运营 秩序 正常
600114,2019,公司进一步完善治理结构规范运作信息披露真实准确完整,10,进一步 完善 治理 结构 规范 运作 信息 真实 准确 完整
600114,2019,公司持续优化产品结构深化渠道建设主营业务收入实现稳健增长,11,持续 优化 产品 结构 深化 渠道 建设 收入 实现 稳健 增长
600114,2019,公司可能面临原材料价格波动市场需求不及预期等风险,10,可能 面临 原材料 价格 波动 市场需求 不及 预期 等 风险
600114,2019,报告期内公司围绕年度经营计划扎实推进各项重点工作总体经营情况保持稳定,14,报告 期内 围绕 经营 计划 扎实 推进 各项 重点 工作 总体 经营 情况 保持稳定
600114,2019,公司要求各事业部短期收益消化库存回笼资金缓解业绩压力,11,要求 各 事业部 短期 收益 消化 库存 回笼资金 缓解 业绩 压力
600114,2019,汇率波动及贸易环境变化对公司海外业务构成一定不确定性,12,汇率 波动 及 贸易 环境 变化 对 海外 业务 构成 一定 不确定性
600114,2019,公司加大研发人才引进力度研发人员占比稳步提升,11,加大 研发 人才 引进 力度 研发 人员 占 比 稳步 提升
600114,2019,公司进一步完善治理结构规范运作信息披露真实准确完整,10,进一步 完善 治理 结构 规范 运作 信息 真实 准确 完整
600114,2019,二零二四年四月,3,二零二 四年 四月
600114,2020,股份有限公司年年度报告管理层讨论与分析模拟文本公司围绕核心技术开展攻关新申请专利数量保持稳定增长,17,有限公司 年 年度报告 讨论 与 分析 模拟 文本 围绕 核心技术 开展 攻关 新 申请专利 数量 保持稳定 增长
600114,2020,公司可能面临原材料价格波动市场需求不及预期等风险,10,可能 面临 原材料 价格 波动 市场需求 不及 预期 等 风险
600114,2020,公司持续优化产品结构深化渠道建设主营业务收入实现稳健增长,11,持续 优化 产品 结构 深化 渠道 建设 收入 实现 稳健 增长
600114,2020,管理层表示要分秒必争扭转当前被动局面实现业绩快速回升,10,表示 要 分秒必争 扭转 当前 被动局面 实现 业绩 快速 回升
600114,2020,报告期内公司围绕年度经营计划扎实推进各项重点工作总体经营情况保持稳定,14,报告 期内 围绕 经营 计划 扎实 推进 各项 重点 工作 总体 经营 情况 保持稳定
600114,2020,公司持续优化产品结构深化渠道建设主营业务收入实现稳健增长,11,持续 优化 产品 结构 深化 渠道 建设 收入 实现 稳健 增长
600114,2020,公司与高校科研院所共建联合实验室推进产学研协同创新,10,与 高校 科研院所 共建 联合 实验室 推进 产学研 协同 创新
600114,2020,公司与高校科研院所共建联合实验室推进产学研协同创新,10,与 高校 科研院所 共建 联合 实验室 推进 产学研 协同 创新
600114,2020,公司稳步推进产能建设生产运营秩序正常,8,稳步 推进 产能 建设 生产 运营 秩序 正常
600114,2020,公司进一步完善治理结构规范运作信息披露真实准确完整,10,进一步 完善 治理 结构 规范 运作 信息 真实 准确 完整
600114,2020,公司加强成本管控提升运营效率毛利率水平保持基本平稳,11,加强 成本 管控 提升 运营 效率 毛利率 水平 保持 基本 平稳
600114,2020,面对复杂的外部经营环境公司管理层积极应对努力克服不利因素影响,12,面对 复杂 的 外部 经营 环境 积极 应对 努力 克服 不利因素 影响
600114,2020,公司可能面临原材料价格波动市场需求不及预期等风险,10,可能 面临 原材料 价格 波动 市场需求 不及 预期 等 风险
600114,2020,公司高度重视安全生产与质量管理体系运行情况良好,9,高度重视 安全 生产 与 质量 管理体系 运行 情况 良好
600114,2020,管理层认为当前窗口稍纵即逝必须尽快扩大产能投放,9,认为 当前 窗口 稍纵即逝 必须 尽快 扩大 产能 投放
600114,2020,二零二四年四月,3,二零二 四年 四月
600114,2021,股份有限公司年年度报告管理层讨论与分析模拟文本公司持续优化产品结构深化渠道建设主营业务收入实现稳健增长,19,有限公司 年 年度报告 讨论 与 分析 模拟 文本 持续 优化 产品 结构 深化 渠道 建设 收入 实现 稳健 增长
600114,2021,公司积极拓展国内外市场客户结构与订单质量进一步改善,11,积极 拓展 国内外 市场 客户 结构 与 订单 质量 进一步 改善
600114,2021,公司权宜之计回笼资金以应对眼前的流动性压力,8,权宜之计 回笼资金 以 应对 眼前 的 流动性 压力
600114,2021,公司持续优化产品结构深化渠道建设主营业务收入实现稳健增长,11,持续 优化 产品 结构 深化 渠道 建设 收入 实现 稳健 增长
600114,2021,公司在新材料新工艺方向的前瞻性研发布局取得阶段性成果,12,在 新 材料 新工艺 方向 的 前瞻性 研发 布局 取得 阶段性 成果
600114,2021,公司权宜之计布局热门赛道力求权宜之计形成新的利润增长点,11,权宜之计 布局 热门 赛道 力求 权宜之计 形成 新 的 利润 增长点
600114,2021,公司加大研发人才引进力度研发人员占比稳步提升,11,加大 研发 人才 引进 力度 研发 人员 占 比 稳步 提升
600114,2021,报告期内公司围绕年度经营计划扎实推进各项重点工作总体经营情况保持稳定,14,报告 期内 围绕 经营 计划 扎实 推进 各项 重点 工作 总体 经营 情况 保持稳定
600114,2021,公司高度重视安全生产与质量管理体系运行情况良好,9,高度重视 安全 生产 与 质量 管理体系 运行 情况 良好
600114,2021,宏观经济波动与行业竞争加剧可能对公司业绩产生不利影响,12,宏观 经济波动 与 行业 竞争 加剧 可能 对 公司业绩 产生 不利 影响
600114,2021,公司进一步完善治理结构规范运作信息披露真实准确完整,10,进一步 完善 治理 结构 规范 运作 信息 真实 准确 完整
600114,2021,二零二四年四月,3,二零二 四年 四月
600114,2022,股份有限公司年年度报告管理层讨论与分析模拟文本公司持续优化产品结构深化渠道建设主营业务收入实现稳健增长,19,有限公司 年 年度报告 讨论 与 分析 模拟 文本 持续 优化 产品 结构 深化 渠道 建设 收入 实现 稳健 增长
600114,2022,公司积极拓展国内外市场客户结构与订单质量进一步改善,11,积极 拓展 国内外 市场 客户 结构 与 订单 质量 进一步 改善
600114,2022,公司将应急推进重点项目的落地实施确保年内见到成效,11,将 应急 推进 重点项目 的 落地 实施 确保 年内 见到 成效
600114,2022,公司在新材料新工艺方向的前瞻性研发布局取得阶段性成果,12,在 新 材料 新工艺 方向 的 前瞻性 研发 布局 取得 阶段性 成果
600114,2022,报告期内公司围绕年度经营计划扎实推进各项重点工作总体经营情况保持稳定,14,报告 期内 围绕 经营 计划 扎实 推进 各项 重点 工作 总体 经营 情况 保持稳定
600114,2022,公司围绕核心技术开展攻关新申请专利数量保持稳定增长,9,围绕 核心技术 开展 攻关 新 申请专利 数量 保持稳定 增长
600114,2022,公司与高校科研院所共建联合实验室推进产学研协同创新,10,与 高校 科研院所 共建 联合 实验室 推进 产学研 协同 创新
600114,2022,公司进一步完善治理结构规范运作信息披露真实准确完整,10,进一步 完善 治理 结构 规范 运作 信息 真实 准确 完整
600114,2022,报告期内公司围绕年度经营计划扎实推进各项重点工作总体经营情况保持稳定,14,报告 期内 围绕 经营 计划 扎实 推进 各项 重点 工作 总体 经营 情况 保持稳定
600114,2022,管理层表示要现今扭转当前被动局面实现业绩快速回升,10,表示 要 现今 扭转 当前 被动局面 实现 业绩 快速 回升
600114,2022,公司积极拓展国内外市场客户结构与订单质量进一步改善,11,积极 拓展 国内外 市场 客户 结构 与 订单 质量 进一步 改善
600114,2022,宏观经济波动与行业竞争加剧可能对公司业绩产生不利影响,12,宏观 经济波动 与 行业 竞争 加剧 可能 对 公司业绩 产生 不利 影响
600114,2022,二零二四年四月,3,二零二 四年 四月
600114,2023,股份有限公司年年度报告管理层讨论与分析模拟文本管理层认为当前窗口稍纵即逝必须时不我待扩大产能投放,17,有限公司 年 年度报告 讨论 与 分析 模拟 文本 认为 当前 窗口 稍纵即逝 必须 时不我待 扩大 产能 投放
600114,2023,报告期内公司围绕年度经营计划扎实推进各项重点工作总体经营情况保持稳定,14,报告 期内 围绕 经营 计划 扎实 推进 各项 重点 工作 总体 经营 情况 保持稳定
600114,2023,公司持续优化产品结构深化渠道建设主营业务收入实现稳健增长,11,持续 优化 产品 结构 深化 渠道 建设 收入 实现 稳健 增长
600114,2023,管理层认为当前窗口稍纵即逝必须现今扩大产能投放,9,认为 当前 窗口 稍纵即逝 必须 现今 扩大 产能 投放
600114,2023,公司围绕核心技术开展攻关新申请专利数量保持稳定增长,9,围绕 核心技术 开展 攻关 新 申请专利 数量 保持稳定 增长
600114,2023,公司将急需推进重点项目的落地实施确保年内见到成效,11,将 急需 推进 重点项目 的 落地 实施 确保 年内 见到 成效
600114,2023,为完成全年目标公司将速成调整产品定价策略抢占市场份额,12,为 完成 全年 目标 将 速成 调整 产品 定价 策略 抢占市场 份额
600114,2023,报告期内公司围绕年度经营计划扎实推进各项重点工作总体经营情况保持稳定,14,报告 期内 围绕 经营 计划 扎实 推进 各项 重点 工作 总体 经营 情况 保持稳定
600114,2023,汇率波动及贸易环境变化对公司海外业务构成一定不确定性,12,汇率 波动 及 贸易 环境 变化 对 海外 业务 构成 一定 不确定性
600114,2023,公司高度重视安全生产与质量管理体系运行情况良好,9,高度重视 安全 生产 与 质量 管理体系 运行 情况 良好
600114,2023,公司在新材料新工艺方向的前瞻性研发布局取得阶段性成果,12,在 新 材料 新工艺 方向 的 前瞻性 研发 布局 取得 阶段性 成果
600114,2023,公司可能面临原材料价格波动市场需求不及预期等风险,10,可能 面临 原材料 价格 波动 市场需求 不及 预期 等 风险
600114,2023,面对复杂的外部经营环境公司管理层积极应对努力克服不利因素影响,12,面对 复杂 的 外部 经营 环境 积极 应对 努力 克服 不利因素 影响
600114,2023,公司持续优化产品结构深化渠道建设主营业务收入实现稳健增长,11,持续 优化 产品 结构 深化 渠道 建设 收入 实现 稳健 增长
600114,2023,公司稳步推进产能建设生产运营秩序正常,8,稳步 推进 产能 建设 生产 运营 秩序 正常
600114,2023,公司持续优化产品结构深化渠道建设主营业务收入实现稳健增长,11,持续 优化 产品 结构 深化 渠道 建设 收入 实现 稳健 增长
600114,2023,二零二四年四月,3,二零二 四年 四月
600117,2019,股份有限公司年年度报告管理层讨论与分析模拟文本汇率波动及贸易环境变化对公司海外业务构成一定不确定性,20,有限公司 年 年度报告 讨论 与 分析 模拟 文本 汇率 波动 及 贸易 环境 变化 对 海外 业务 构成 一定 不确定性
600117,2019,公司稳步推进产能建设生产运营秩序正常,8,稳步 推进 产能 建设 生产 运营 秩序 正常
600117,2019,公司持续优化产品结构深化渠道建设主营业务收入实现稳健增长,11,持续 优化 产品 结构 深化 渠道 建设 收入 实现 稳健 增长
600117,2019,公司高度重视安全生产与质量管理体系运行情况良好,9,高度重视 安全 生产 与 质量 管理体系 运行 情况 良好
600117,2019,公司持续优化产品结构深化渠道建设主营业务收入实现稳健增长,11,持续 优化 产品 结构 深化 渠道 建设 收入 实现 稳健 增长
600117,2019,公司权宜之计布局热门赛道力求权宜之计形成新的利润增长点,11,权宜之计 布局 热门 赛道 力求 权宜之计 形成 新 的 利润 增长点
600117,2019,公司在新材料新工艺方向的前瞻性研发布局取得阶段性成果,12,在 新 材料 新工艺 方向 的 前瞻性 研发 布局 取得 阶段性 成果
600117,2019,公司将采取权宜之计压缩各项开支以确保急于求成兑现业绩承诺,12,将 采取 权宜之计 压缩 各项 开支 以 确保 急于求成 兑现 业绩 承诺
600117,2019,公司现今布局热门赛道力求现今形成新的利润增长点,11,现今 布局 热门 赛道 力求 现今 形成 新 的 利润 增长点
600117,2019,公司持续优化产品结构深化渠道建设主营业务收入实现稳健增长,11,持续 优化 产品 结构 深化 渠道 建设 收入 实现 稳健 增长
600117,2019,为完成全年目标公司将近期调整产品定价策略抢占市场份额,12,为 完成 全年 目标 将 近期 调整 产品 定价 策略 抢占市场 份额
600117,2019,公司围绕核心技术开展攻关新申请专利数量保持稳定增长,9,围绕 核心技术 开展 攻关 新 申请专利 数量 保持稳定 增长
600117,2019,面对复杂的外部经营环境公司管理层积极应对努力克服不利因素影响,12,面对 复杂 的 外部 经营 环境 积极 应对 努力 克服 不利因素 影响
600117,2019,公司高度重视安全生产与质量管理体系运行情况良好,9,高度重视 安全 生产 与 质量 管理体系 运行 情况 良好
600117,2019,面对复杂的外部经营环境公司管理层积极应对努力克服不利因素影响,12,面对 复杂 的 外部 经营 环境 积极 应对 努力 克服 不利因素 影响
600117,2019,公司持续优化产品结构深化渠道建设主营业务收入实现稳健增长,11,持续 优化 产品 结构 深化 渠道 建设 收入 实现 稳健 增长
600117,2019,二零二四年四月,3,二零二 四年 四月
600117,2020,股份有限公司年年度报告管理层讨论与分析模拟文本公司与高校科研院所共建联合实验室推进产学研协同创新,18,有限公司 年 年度报告 讨论 与 分析 模拟 文本 与 高校 科研院所 共建 联合 实验室 推进 产学研 协同 创新
600117,2020,公司要求各事业部时不我待消化库存回笼资金缓解业绩压力,10,要求 各 事业部 时不我待 消化 库存 回笼资金 缓解 业绩 压力
600117,2020,公司要求各事业部争分夺秒消化库存回笼资金缓解业绩压力,10,要求 各 事业部 争分夺秒 消化 库存 回笼资金 缓解 业绩 压力
600117,2020,公司持续优化产品结构深化渠道建设主营业务收入实现稳健增长,11,持续 优化 产品 结构 深化 渠道 建设 收入 实现 稳健 增长
600117,2020,公司高度重视安全生产与质量管理体系运行情况良好,9,高度重视 安全 生产 与 质量 管理体系 运行 情况 良好
600117,2020,公司加强成本管控提升运营效率毛利率水平保持基本平稳,11,加强 成本 管控 提升 运营 效率 毛利率 水平 保持 基本 平稳
600117,2020,公司加大研发人才引进力度研发人员占比稳步提升,11,加大 研发 人才 引进 力度 研发 人员 占 比 稳步 提升
600117,2020,公司加强成本管控提升运营效率毛利率水平保持基本平稳,11,加强 成本 管控 提升 运营 效率 毛利率 水平 保持 基本 平稳
600117,2020,汇率波动及贸易环境变化对公司海外业务构成一定不确定性,12,汇率 波动 及 贸易 环境 变化 对 海外 业务 构成 一定 不确定性
600117,2020,公司立竿见影回笼资金以应对眼前的流动性压力,8,立竿见影 回笼资金 以 应对 眼前 的 流动性 压力
600117,2020,公司积极拓展国内外市场客户结构与订单质量进一步改善,11,积极 拓展 国内外 市场 客户 结构 与 订单 质量 进一步 改善
600117,2020,公司积极拓展国内外市场客户结构与订单质量进一步改善,11,积极 拓展 国内外 市场 客户 结构 与 订单 质量 进一步 改善
600117,2020,面对复杂的外部经营环境公司管理层积极应对努力克服不利因素影响,12,面对 复杂 的 外部 经营 环境 积极 应对 努力 克服 不利因素 影响
600117,2020,公司加大研发人才引进力度研发人员占比稳步提升,11,加大 研发 人才 引进 力度 研发 人员 占 比 稳步 提升
600117,2020,汇率波动及贸易环境变化对公司海外业务构成一定不确定性,12,汇率 波动 及 贸易 环境 变化 对 海外 业务 构成 一定 不确定性
600117,2020,管理层表示要加快扭转当前被动局面实现业绩快速回升,10,表示 要 加快 扭转 当前 被动局面 实现 业绩 快速 回升
600117,2020,公司稳步推进产能建设生产运营秩序正常,8,稳步 推进 产能 建设 生产 运营 秩序 正常
600117,2020,公司当下回笼资金以应对眼前的流动性压力,8,当下 回笼资金 以 应对 眼前 的 流动性 压力
600117,2020,公司加强成本管控提升运营效率毛利率水平保持基本平稳,11,加强 成本 管控 提升 运营 效率 毛利率 水平 保持 基本 平稳
600117,2020,二零二四年四月,3,二零二 四年 四月
600117,2021,股份有限公司年年度报告管理层讨论与分析模拟文本公司短期收益布局热门赛道力求短期收益形成新的利润增长点,21,有限公司 年 年度报告 讨论 与 分析 模拟 文本 短期 收益 布局 热门 赛道 力求 短期 收益 形成 新 的 利润 增长点
600117,2021,公司要求各事业部速胜消化库存回笼资金缓解业绩压力,10,要求 各 事业部 速胜 消化 库存 回笼资金 缓解 业绩 压力
600117,2021,公司加强成本管控提升运营效率毛利率水平保持基本平稳,11,加强 成本 管控 提升 运营 效率 毛利率 水平 保持 基本 平稳
600117,2021,面对复杂的外部经营环境公司管理层积极应对努力克服不利因素影响,12,面对 复杂 的 外部 经营 环境 积极 应对 努力 克服 不利因素 影响
600117,2021,汇率波动及贸易环境变化对公司海外业务构成一定不确定性,12,汇率 波动 及 贸易 环境 变化 对 海外 业务 构成 一定 不确定性
600117,2021,公司稳步推进产能建设生产运营秩序正常,8,稳步 推进 产能 建设 生产 运营 秩序 正常
600117,2021,公司进一步完善治理结构规范运作信息披露真实准确完整,10,进一步 完善 治理 结构 规范 运作 信息 真实 准确 完整
600117,2021,公司坚持创新驱动发展战略持续加大研发投入研发费用同比增长较快,14,坚持 创新 驱动 发展 战略 持续 加大 研发 投入 研发 费用 增长 较 快
600117,2021,公司持续优化产品结构深化渠道建设主营业务收入实现稳健增长,11,持续 优化 产品 结构 深化 渠道 建设 收入 实现 稳健 增长
600117,2021,报告期内公司围绕年度经营计划扎实推进各项重点工作总体经营情况保持稳定,14,报告 期内 围绕 经营 计划 扎实 推进 各项 重点 工作 总体 经营 情况 保持稳定
600117,2021,公司与高校科研院所共建联合实验室推进产学研协同创新,10,与 高校 科研院所 共建 联合 实验室 推进 产学研 协同 创新
600117,2021,公司进一步完善治理结构规范运作信息披露真实准确完整,10,进一步 完善 治理 结构 规范 运作 信息 真实 准确 完整
600117,2021,公司要求各事业部今年消化库存回笼资金缓解业绩压力,10,要求 各 事业部 今年 消化 库存 回笼资金 缓解 业绩 压力
600117,2021,公司持续优化产品结构深化渠道建设主营业务收入实现稳健增长,11,持续 优化 产品 结构 深化 渠道 建设 收入 实现 稳健 增长
600117,2021,汇率波动及贸易环境变化对公司海外业务构成一定不确定性,12,汇率 波动 及 贸易 环境 变化 对 海外 业务 构成 一定 不确定性
600117,2021,公司将采取权宜之计压缩各项开支以确保短期兑现业绩承诺,12,将 采取 权宜之计 压缩 各项 开支 以 确保 短期 兑现 业绩 承诺
600117,2021,公司积极拓展国内外市场客户结构与订单质量进一步改善,11,积极 拓展 国内外 市场 客户 结构 与 订单 质量 进一步 改善
600117,2021,二零二四年四月,3,二零二 四年 四月
600117,2022,股份有限公司年年度报告管理层讨论与分析模拟文本公司持续优化产品结构深化渠道建设主营业务收入实现稳健增长,19,有限公司 年 年度报告 讨论 与 分析 模拟 文本 持续 优化 产品 结构 深化 渠道 建设 收入 实现 稳健 增长
600117,2022,汇率波动及贸易环境变化对公司海外业务构成一定不确定性,12,汇率 波动 及 贸易 环境 变化 对 海外 业务 构成 一定 不确定性
600117,2022,管理层认为当前窗口稍纵即逝必须早日扩大产能投放,9,认为 当前 窗口 稍纵即逝 必须 早日 扩大 产能 投放
600117,2022,公司将加快推进重点项目的落地实施确保年内见到成效,11,将 加快 推进 重点项目 的 落地 实施 确保 年内 见到 成效
600117,2022,公司围绕核心技术开展攻关新申请专利数量保持稳定增长,9,围绕 核心技术 开展 攻关 新 申请专利 数量 保持稳定 增长
600117,2022,公司加强成本管控提升运营效率毛利率水平保持基本平稳,11,加强 成本 管控 提升 运营 效率 毛利率 水平 保持 基本 平稳
600117,2022,公司进一步完善治理结构规范运作信息披露真实准确完整,10,进一步 完善 治理 结构 规范 运作 信息 真实 准确 完整
600117,2022,报告期内公司围绕年度经营计划扎实推进各项重点工作总体经营情况保持稳定,14,报告 期内 围绕 经营 计划 扎实 推进 各项 重点 工作 总体 经营 情况 保持稳定
600117,2022,面对复杂的外部经营环境公司管理层积极应对努力克服不利因素影响,12,面对 复杂 的 外部 经营 环境 积极 应对 努力 克服 不利因素 影响
600117,2022,公司坚持创新驱动发展战略持续加大研发投入研发费用同比增长较快,14,坚持 创新 驱动 发展 战略 持续 加大 研发 投入 研发 费用 增长 较 快
600117,2022,管理层表示要杀鸡取卵扭转当前被动局面实现业绩快速回升,10,表示 要 杀鸡取卵 扭转 当前 被动局面 实现 业绩 快速 回升
600117,2022,报告期内公司围绕年度经营计划扎实推进各项重点工作总体经营情况保持稳定,14,报告 期内 围绕 经营 计划 扎实 推进 各项 重点 工作 总体 经营 情况 保持稳定
600117,2022,公司高度重视安全生产与质量管理体系运行情况良好,9,高度重视 安全 生产 与 质量 管理体系 运行 情况 良好
600117,2022,公司积极拓展国内外市场客户结构与订单质量进一步改善,11,积极 拓展 国内外 市场 客户 结构 与 订单 质量 进一步 改善
600117,2022,二零二四年四月,3,二零二 四年 四月
600117,2023,股份有限公司年年度报告管理层讨论与分析模拟文本为完成全年目标公司将立即调整产品定价策略抢占市场份额,20,有限公司 年 年度报告 讨论 与 分析 模拟 文本 为 完成 全年 目标 将 立即 调整 产品 定价 策略 抢占市场 份额
600117,2023,公司将采取权宜之计压缩各项开支以确保短期内兑现业绩承诺,12,将 采取 权宜之计 压缩 各项 开支 以 确保 短期内 兑现 业绩 承诺
600117,2023,公司进一步完善治理结构规范运作信息披露真实准确完整,10,进一步 完善 治理 结构 规范 运作 信息 真实 准确 完整
600117,2023,为完成全年目标公司将只争朝夕调整产品定价策略抢占市场份额,12,为 完成 全年 目标 将 只争朝夕 调整 产品 定价 策略 抢占市场 份额
600117,2023,公司进一步完善治理结构规范运作信息披露真实准确完整,10,进一步 完善 治理 结构 规范 运作 信息 真实 准确 完整
600117,2023,汇率波动及贸易环境变化对公司海外业务构成一定不确定性,12,汇率 波动 及 贸易 环境 变化 对 海外 业务 构成 一定 不确定性
600117,2023,管理层表示要速胜扭转当前被动局面实现业绩快速回升,10,表示 要 速胜 扭转 当前 被动局面 实现 业绩 快速 回升
600117,2023,报告期内公司围绕年度经营计划扎实推进各项重点工作总体经营情况保持稳定,14,报告 期内 围绕 经营 计划 扎实 推进 各项 重点 工作 总体 经营 情况 保持稳定
600117,2023,公司可能面临原材料价格波动市场需求不及预期等风险,10,可能 面临 原材料 价格 波动 市场需求 不及 预期 等 风险
600117,2023,公司进一步完善治理结构规范运作信息披露真实准确完整,10,进一步 完善 治理 结构 规范 运作 信息 真实 准确 完整
600117,2023,公司稳步推进产能建设生产运营秩序正常,8,稳步 推进 产能 建设 生产 运营 秩序 正常
600117,2023,公司进一步完善治理结构规范运作信息披露真实准确完整,10,进一步 完善 治理 结构 规范 运作 信息 真实 准确 完整
600117,2023,宏观经济波动与行业竞争加剧可能对公司业绩产生不利影响,12,宏观 经济波动 与 行业 竞争 加剧 可能 对 公司业绩 产生 不利 影响
600117,2023,公司加大研发人才引进力度研发人员占比稳步提升,11,加大 研发 人才 引进 力度 研发 人员 占 比 稳步 提升
600117,2023,公司高度重视安全生产与质量管理体系运行情况良好,9,高度重视 安全 生产 与 质量 管理体系 运行 情况 良好
600117,2023,公司积极拓展国内外市场客户结构与订单质量进一步改善,11,积极 拓展 国内外 市场 客户 结构 与 订单 质量 进一步 改善
600117,2023,公司积极拓展国内外市场客户结构与订单质量进一步改善,11,积极 拓展 国内外 市场 客户 结构 与 订单 质量 进一步 改善
600117,2023,公司加大研发人才引进力度研发人员占比稳步提升,11,加大 研发 人才 引进 力度 研发 人员 占 比 稳步 提升
600117,2023,二零二四年四月,3,二零二 四年 四月
600120,2019,股份有限公司年年度报告管理层讨论与分析模拟文本管理层表示要短期收益扭转当前被动局面实现业绩快速回升,19,有限公司 年 年度报告 讨论 与 分析 模拟 文本 表示 要 短期 收益 扭转 当前 被动局面 实现 业绩 快速 回升
600120,2019,公司持续优化产品结构深化渠道建设主营业务收入实现稳健增长,11,持续 优化 产品 结构 深化 渠道 建设 收入 实现 稳健 增长
600120,2019,公司加强成本管控提升运营效率毛利率水平保持基本平稳,11,加强 成本 管控 提升 运营 效率 毛利率 水平 保持 基本 平稳
600120,2019,公司将急功近利推进重点项目的落地实施确保年内见到成效,11,将 急功近利 推进 重点项目 的 落地 实施 确保 年内 见到 成效
600120,2019,报告期内公司围绕年度经营计划扎实推进各项重点工作总体经营情况保持稳定,14,报告 期内 围绕 经营 计划 扎实 推进 各项 重点 工作 总体 经营 情况 保持稳定
600120,2019,公司将时不我待推进重点项目的落地实施确保年内见到成效,11,将 时不我待 推进 重点项目 的 落地 实施 确保 年内 见到 成效
600120,2019,公司积极拓展国内外市场客户结构与订单质量进一步改善,11,积极 拓展 国内外 市场 客户 结构 与 订单 质量 进一步 改善
600120,2019,公司可能面临原材料价格波动市场需求不及预期等风险,10,可能 面临 原材料 价格 波动 市场需求 不及 预期 等 风险
600120,2019,公司加大研发人才引进力度研发人员占比稳步提升,11,加大 研发 人才 引进 力度 研发 人员 占 比 稳步 提升
600120,2019,公司稳步推进产能建设生产运营秩序正常,8,稳步 推进 产能 建设 生产 运营 秩序 正常
600120,2019,公司饮鸩止渴布局热门赛道力求饮鸩止渴形成新的利润增长点,11,饮鸩止渴 布局 热门 赛道 力求 饮鸩止渴 形成 新 的 利润 增长点
600120,2019,报告期内公司围绕年度经营计划扎实推进各项重点工作总体经营情况保持稳定,14,报告 期内 围绕 经营 计划 扎实 推进 各项 重点 工作 总体 经营 情况 保持稳定
600120,2019,报告期内公司围绕年度经营计划扎实推进各项重点工作总体经营情况保持稳定,14,报告 期内 围绕 经营 计划 扎实 推进 各项 重点 工作 总体 经营 情况 保持稳定
600120,2019,公司持续优化产品结构深化渠道建设主营业务收入实现稳健增长,11,持续 优化 产品 结构 深化 渠道 建设 收入 实现 稳健 增长
600120,2019,汇率波动及贸易环境变化对公司海外业务构成一定不确定性,12,汇率 波动 及 贸易 环境 变化 对 海外 业务 构成 一定 不确定性
600120,2019,公司进一步完善治理结构规范运作信息披露真实准确完整,10,进一步 完善 治理 结构 规范 运作 信息 真实 准确 完整
600120,2019,管理层认为当前窗口稍纵即逝必须急于求成扩大产能投放,9,认为 当前 窗口 稍纵即逝 必须 急于求成 扩大 产能 投放
600120,2019,公司在新材料新工艺方向的前瞻性研发布局取得阶段性成果,12,在 新 材料 新工艺 方向 的 前瞻性 研发 布局 取得 阶段性 成果
600120,2019,公司加大研发人才引进力度研发人员占比稳步提升,11,加大 研发 人才 引进 力度 研发 人员 占 比 稳步 提升
600120,2019,二零二四年四月,3,二零二 四年 四月
600120,2020,股份有限公司年年度报告管理层讨论与分析模拟文本公司高度重视安全生产与质量管理体系运行情况良好,17,有限公司 年 年度报告 讨论 与 分析 模拟 文本 高度重视 安全 生产 与 质量 管理体系 运行 情况 良好
600120,2020,公司尽快回笼资金以应对眼前的流动性压力,8,尽快 回笼资金 以 应对 眼前 的 流动性 压力
600120,2020,公司稳步推进产能建设生产运营秩序正常,8,稳步 推进 产能 建设 生产 运营 秩序 正常
600120,2020,报告期内公司围绕年度经营计划扎实推进各项重点工作总体经营情况保持稳定,14,报告 期内 围绕 经营 计划 扎实 推进 各项 重点 工作 总体 经营 情况 保持稳定
600120,2020,公司在新材料新工艺方向的前瞻性研发布局取得阶段性成果,12,在 新 材料 新工艺 方向 的 前瞻性 研发 布局 取得 阶段性 成果
600120,2020,公司在新材料新工艺方向的前瞻性研发布局取得阶段性成果,12,在 新 材料 新工艺 方向 的 前瞻性 研发 布局 取得 阶段性 成果
600120,2020,公司进一步完善治理结构规范运作信息披露真实准确完整,10,进一步 完善 治理 结构 规范 运作 信息 真实 准确 完整
600120,2020,公司要求各事业部迫在眉睫消化库存回笼资金缓解业绩压力,10,要求 各 事业部 迫在眉睫 消化 库存 回笼资金 缓解 业绩 压力
600120,2020,公司进一步完善治理结构规范运作信息披露真实准确完整,10,进一步 完善 治理 结构 规范 运作 信息 真实 准确 完整
600120,2020,面对复杂的外部经营环境公司管理层积极应对努力克服不利因素影响,12,面对 复杂 的 外部 经营 环境 积极 应对 努力 克服 不利因素 影响
600120,2020,公司马上回笼资金以应对眼前的流动性压力,8,马上 回笼资金 以 应对 眼前 的 流动性 压力
600120,2020,公司可能面临原材料价格波动市场需求不及预期等风险,10,可能 面临 原材料 价格 波动 市场需求 不及 预期 等 风险
600120,2020,公司杀鸡取卵回笼资金以应对眼前的流动性压力,8,杀鸡取卵 回笼资金 以 应对 眼前 的 流动性 压力
600120,2020,公司坚持创新驱动发展战略持续加大研发投入研发费用同比增长较快,14,坚持 创新 驱动 发展 战略 持续 加大 研发 投入 研发 费用 增长 较 快
600120,2020,公司加强成本管控提升运营效率毛利率水平保持基本平稳,11,加强 成本 管控 提升 运营 效率 毛利率 水平 保持 基本 平稳
600120,2020,公司围绕核心技术开展攻关新申请专利数量保持稳定增长,9,围绕 核心技术 开展 攻关 新 申请专利 数量 保持稳定 增长
600120,2020,公司坚持创新驱动发展战略持续加大研发投入研发费用同比增长较快,14,坚持 创新 驱动 发展 战略 持续 加大 研发 投入 研发 费用 增长 较 快
600120,2020,二零二四年四月,3,二零二 四年 四月
600120,2021,股份有限公司年年度报告管理层讨论与分析模拟文本公司在新材料新工艺方向的前瞻性研发布局取得阶段性成果,20,有限公司 年 年度报告 讨论 与 分析 模拟 文本 在 新 材料 新工艺 方向 的 前瞻性 研发 布局 取得 阶段性 成果
600120,2021,公司加强成本管控提升运营效率毛利率水平保持基本平稳,11,加强 成本 管控 提升 运营 效率 毛利率 水平 保持 基本 平稳
600120,2021,公司在新材料新工艺方向的前瞻性研发布局取得阶段性成果,12,在 新 材料 新工艺 方向 的 前瞻性 研发 布局 取得 阶段性 成果
600120,2021,公司可能面临原材料价格波动市场需求不及预期等风险,10,可能 面临 原材料 价格 波动 市场需求 不及 预期 等 风险
600120,2021,为完成全年目标公司将赶快调整产品定价策略抢占市场份额,12,为 完成 全年 目标 将 赶快 调整 产品 定价 策略 抢占市场 份额
600120,2021,公司高度重视安全生产与质量管理体系运行情况良好,9,高度重视 安全 生产 与 质量 管理体系 运行 情况 良好
600120,2021,管理层认为当前窗口稍纵即逝必须争分夺秒扩大产能投放,9,认为 当前 窗口 稍纵即逝 必须 争分夺秒 扩大 产能 投放
600120,2021,公司进一步完善治理结构规范运作信息披露真实准确完整,10,进一步 完善 治理 结构 规范 运作 信息 真实 准确 完整
600120,2021,公司要求各事业部尽快消化库存回笼资金缓解业绩压力,10,要求 各 事业部 尽快 消化 库存 回笼资金 缓解 业绩 压力
600120,2021,公司将加快推进重点项目的落地实施确保年内见到成效,11,将 加快 推进 重点项目 的 落地 实施 确保 年内 见到 成效
600120,2021,公司稳步推进产能建设生产运营秩序正常,8,稳步 推进 产能 建设 生产 运营 秩序 正常
600120,2021,公司稳步推进产能建设生产运营秩序正常,8,稳步 推进 产能 建设 生产 运营 秩序 正常
600120,2021,公司要求各事业部只争朝夕消化库存回笼资金缓解业绩压力,10,要求 各 事业部 只争朝夕 消化 库存 回笼资金 缓解 业绩 压力
600120,2021,公司稳步推进产能建设生产运营秩序正常,8,稳步 推进 产能 建设 生产 运营 秩序 正常
600120,2021,报告期内公司围绕年度经营计划扎实推进各项重点工作总体经营情况保持稳定,14,报告 期内 围绕 经营 计划 扎实 推进 各项 重点 工作 总体 经营 情况 保持稳定
600120,2021,公司眼前回笼资金以应对眼前的流动性压力,8,眼前 回笼资金 以 应对 眼前 的 流动性 压力
600120,2021,公司高度重视安全生产与质量管理体系运行情况良好,9,高度重视 安全 生产 与 质量 管理体系 运行 情况 良好
600120,2021,公司要求各事业部竭泽而渔消化库存回笼资金缓解业绩压力,10,要求 各 事业部 竭泽而渔 消化 库存 回笼资金 缓解 业绩 压力
600120,2021,公司加大研发人才引进力度研发人员占比稳步提升,11,加大 研发 人才 引进 力度 研发 人员 占 比 稳步 提升
600120,2021,二零二四年四月,3,二零二 四年 四月
600120,2022,股份有限公司年年度报告管理层讨论与分析模拟文本管理层表示要赶快扭转当前被动局面实现业绩快速回升,18,有限公司 年 年度报告 讨论 与 分析 模拟 文本 表示 要 赶快 扭转 当前 被动局面 实现 业绩 快速 回升
600120,2022,公司在新材料新工艺方向的前瞻性研发布局取得阶段性成果,12,在 新 材料 新工艺 方向 的 前瞻性 研发 布局 取得 阶段性 成果
600120,2022,公司加强成本管控提升运营效率毛利率水平保持基本平稳,11,加强 成本 管控 提升 运营 效率 毛利率 水平 保持 基本 平稳
600120,2022,公司急于求成回笼资金以应对眼前的流动性压力,8,急于求成 回笼资金 以 应对 眼前 的 流动性 压力
600120,2022,公司进一步完善治理结构规范运作信息披露真实准确完整,10,进一步 完善 治理 结构 规范 运作 信息 真实 准确 完整
600120,2022,公司将采取权宜之计压缩各项开支以确保急需兑现业绩承诺,12,将 采取 权宜之计 压缩 各项 开支 以 确保 急需 兑现 业绩 承诺
600120,2022,公司近期回笼资金以应对眼前的流动性压力,8,近期 回笼资金 以 应对 眼前 的 流动性 压力
600120,2022,汇率波动及贸易环境变化对公司海外业务构成一定不确定性,12,汇率 波动 及 贸易 环境 变化 对 海外 业务 构成 一定 不确定性
600120,2022,报告期内公司围绕年度经营计划扎实推进各项重点工作总体经营情况保持稳定,14,报告 期内 围绕 经营 计划 扎实 推进 各项 重点 工作 总体 经营 情况 保持稳定
600120,2022,公司积极拓展国内外市场客户结构与订单质量进一步改善,11,积极 拓展 国内外 市场 客户 结构 与 订单 质量 进一步 改善
600120,2022,公司加大研发人才引进力度研发人员占比稳步提升,11,加大 研发 人才 引进 力度 研发 人员 占 比 稳步 提升
600120,2022,公司持续优化产品结构深化渠道建设主营业务收入实现稳健增长,11,持续 优化 产品 结构 深化 渠道 建设 收入 实现 稳健 增长
600120,2022,公司加大研发人才引进力度研发人员占比稳步提升,11,加大 研发 人才 引进 力度 研发 人员 占 比 稳步 提升
600120,2022,公司积极拓展国内外市场客户结构与订单质量进一步改善,11,积极 拓展 国内外 市场 客户 结构 与 订单 质量 进一步 改善
600120,2022,二零二四年四月,3,二零二 四年 四月
600120,2023,股份有限公司年年度报告管理层讨论与分析模拟文本为完成全年目标公司将马上调整产品定价策略抢占市场份额,20,有限公司 年 年度报告 讨论 与 分析 模拟 文本 为 完成 全年 目标 将 马上 调整 产品 定价 策略 抢占市场 份额
600120,2023,报告期内公司围绕年度经营计划扎实推进各项重点工作总体经营情况保持稳定,14,报告 期内 围绕 经营 计划 扎实 推进 各项 重点 工作 总体 经营 情况 保持稳定
600120,2023,公司稳步推进产能建设生产运营秩序正常,8,稳步 推进 产能 建设 生产 运营 秩序 正常
600120,2023,公司持续优化产品结构深化渠道建设主营业务收入实现稳健增长,11,持续 优化 产品 结构 深化 渠道 建设 收入 实现 稳健 增长
600120,2023,公司进一步完善治理结构规范运作信息披露真实准确完整,10,进一步 完善 治理 结构 规范 运作 信息 真实 准确 完整
600120,2023,报告期内公司围绕年度经营计划扎实推进各项重点工作总体经营情况保持稳定,14,报告 期内 围绕 经营 计划 扎实 推进 各项 重点 工作 总体 经营 情况 保持稳定
600120,2023,为完成全年目标公司将一步到位调整产品定价策略抢占市场份额,12,为 完成 全年 目标 将 一步到位 调整 产品 定价 策略 抢占市场 份额
600120,2023,公司积极拓展国内外市场客户结构与订单质量进一步改善,11,积极 拓展 国内外 市场 客户 结构 与 订单 质量 进一步 改善
600120,2023,管理层表示要饮鸩止渴扭转当前被动局面实现业绩快速回升,10,表示 要 饮鸩止渴 扭转 当前 被动局面 实现 业绩 快速 回升
600120,2023,公司加强成本管控提升运营效率毛利率水平保持基本平稳,11,加强 成本 管控 提升 运营 效率 毛利率 水平 保持 基本 平稳
600120,2023,公司进一步完善治理结构规范运作信息披露真实准确完整,10,进一步 完善 治理 结构 规范 运作 信息 真实 准确 完整
600120,2023,公司与高校科研院所共建联合实验室推进产学研协同创新,10,与 高校 科研院所 共建 联合 实验室 推进 产学研 协同 创新
600120,2023,宏观经济波动与行业竞争加剧可能对公司业绩产生不利影响,12,宏观 经济波动 与 行业 竞争 加剧 可能 对 公司业绩 产生 不利 影响
600120,2023,公司坚持创新驱动发展战略持续加大研发投入研发费用同比增长较快,14,坚持 创新 驱动 发展 战略 持续 加大 研发 投入 研发 费用 增长 较 快
600120,2023,管理层表示要眼下扭转当前被动局面实现业绩快速回升,10,表示 要 眼下 扭转 当前 被动局面 实现 业绩 快速 回升
600120,2023,二零二四年四月,3,二零二 四年 四月
