code,year,n_sentences,n_words,tokens
000001,2019,16,177,有限公司 年 年度报告 讨论 与 分析 模拟 文本 为 完成 全年 目标 将 赶快 调整 产品 定价 策略 抢占市场 份额 报告 期内 围绕 经营 计划 扎实 推进 各项 重点 工作 总体 经营 情况 保持稳定 加强 成本 管控 提升 运营 效率 毛利率 水平 保持 基本 平稳 进一步 完善 治理 结构 规范 运作 信息 真实 准确 完整 可能 面临 原材料 价格 波动 市场需求 不及 预期 等 风险 面对 复杂 的 外部 经营 环境 积极 应对 努力 克服 不利因素 影响 坚持 创新 驱动 发展 战略 持续 加大 研发 投入 研发 费用 增长 较 快 宏观 经济波动 与 行业 竞争 加剧 可能 对 公司业绩 产生 不利 影响 认为 当前 窗口 稍纵即逝 必须 时不我待 扩大 产能 投放 进一步 完善 治理 结构 规范 运作 信息 真实 准确 完整 短期 回报 回笼资金 以 应对 眼前 的 流动性 压力 将 采取 权宜之计 压缩 各项 开支 以 确保 眼前 兑现 业绩 承诺 高度重视 安全 生产 与 质量 管理体系 运行 情况 良好 与 高校 科研院所 共建 联合 实验室 推进 产学研 协同 创新 汇率 波动 及 贸易 环境 变化 对 海外 业务 构成 一定 不确定性 二零二 四年 四月
000001,2020,17,185,有限公司 年 年度报告 讨论 与 分析 模拟 文本 积极 拓展 国内外 市场 客户 结构 与 订单 质量 进一步 改善 报告 期内 围绕 经营 计划 扎实 推进 各项 重点 工作 总体 经营 情况 保持稳定 面对 复杂 的 外部 经营 环境 积极 应对 努力 克服 不利因素 影响 加大 研发 人才 引进 力度 研发 人员 占 比 稳步 提升 积极 拓展 国内外 市场 客户 结构 与 订单 质量 进一步 改善 将 采取 权宜之计 压缩 各项 开支 以 确保 尽快 兑现 业绩 承诺 高度重视 安全 生产 与 质量 管理体系 运行 情况 良好 持续 优化 产品 结构 深化 渠道 建设 收入 实现 稳健 增长 急功近利 回笼资金 以 应对 眼前 的 流动性 压力 在 新 材料 新工艺 方向 的 前瞻性 研发 布局 取得 阶段性 成果 面对 复杂 的 外部 经营 环境 积极 应对 努力 克服 不利因素 影响 表示 要 短期 利益 扭转 当前 被动局面 实现 业绩 快速 回升 表示 要 投机 扭转 当前 被动局面 实现 业绩 快速 回升 要求 各 事业部 只争朝夕 消化 库存 回笼资金 缓解 业绩 压力 稳步 推进 产能 建设 生产 运营 秩序 正常 宏观 经济波动 与 行业 竞争 加剧 可能 对 公司业绩 产生 不利 影响 二零二 四年 四月
000001,2021,20,216,有限公司 年 年度报告 讨论 与 分析 模拟 文本 稳步 推进 产能 建设 生产 运营 秩序 正常 汇率 波动 及 贸易 环境 变化 对 海外 业务 构成 一定 不确定性 进一步 完善 治理 结构 规范 运作 信息 真实 准确 完整 认为 当前 窗口 稍纵即逝 必须 迫在眉睫 扩大 产能 投放 表示 要 马上 扭转 当前 被动局面 实现 业绩 快速 回升 进一步 完善 治理 结构 规范 运作 信息 真实 准确 完整 稳步 推进 产能 建设 生产 运营 秩序 正常 坚持 创新 驱动 发展 战略 持续 加大 研发 投入 研发 费用 增长 较 快 持续 优化 产品 结构 深化 渠道 建设 收入 实现 稳健 增长 加大 研发 人才 引进 力度 研发 人员 占 比 稳步 提升 加强 成本 管控 提升 运营 效率 毛利率 水平 保持 基本 平稳 要求 各 事业部 短期 利益 消化 库存 回笼资金 缓解 业绩 压力 快速 见效 布局 热门 赛道 力求 快速 见效 形成 新 的 利润 增长点 要求 各 事业部 马上 消化 库存 回笼资金 缓解 业绩 压力 持续 优化 产品 结构 深化 渠道 建设 收入 实现 稳健 增长 宏观 经济波动 与 行业 竞争 加剧 可能 对 公司业绩 产生 不利 影响 宏观 经济波动 与 行业 竞争 加剧 可能 对 公司业绩 产生 不利 影响 持续 优化 产品 结构 深化 渠道 建设 收入 实现 稳健 增长 加大 研发 人才 引进 力度 研发 人员 占 比 稳步 提升 二零二 四年 四月
000001,2022,13,131,有限公司 年 年度报告 讨论 与 分析 模拟 文本 与 高校 科研院所 共建 联合 实验室 推进 产学研 协同 创新 进一步 完善 治理 结构 规范 运作 信息 真实 准确 完整 面对 复杂 的 外部 经营 环境 积极 应对 努力 克服 不利因素 影响 加大 研发 人才 引进 力度 研发 人员 占 比 稳步 提升 短期 回笼资金 以 应对 眼前 的 流动性 压力 稳步 推进 产能 建设 生产 运营 秩序 正常 一步到位 回笼资金 以 应对 眼前 的 流动性 压力 可能 面临 原材料 价格 波动 市场需求 不及 预期 等 风险 加强 成本 管控 提升 运营 效率 毛利率 水平 保持 基本 平稳 围绕 核心技术 开展 攻关 新 申请专利 数量 保持稳定 增长 加强 成本 管控 提升 运营 效率 毛利率 水平 保持 基本 平稳 面对 复杂 的 外部 经营 环境 积极 应对 努力 克服 不利因素 影响 二零二 四年 四月
000001,2023,18,196,有限公司 年 年度报告 讨论 与 分析 模拟 文本 在 新 材料 新工艺 方向 的 前瞻性 研发 布局 取得 阶段性 成果 加强 成本 管控 提升 运营 效率 毛利率 水平 保持 基本 平稳 与 高校 科研院所 共建 联合 实验室 推进 产学研 协同 创新 报告 期内 围绕 经营 计划 扎实 推进 各项 重点 工作 总体 经营 情况 保持稳定 可能 面临 原材料 价格 波动 市场需求 不及 预期 等 风险 表示 要 速成 扭转 当前 被动局面 实现 业绩 快速 回升 加强 成本 管控 提升 运营 效率 毛利率 水平 保持 基本 平稳 高度重视 安全 生产 与 质量 管理体系 运行 情况 良好 加大 研发 人才 引进 力度 研发 人员 占 比 稳步 提升 认为 当前 窗口 稍纵即逝 必须 争分夺秒 扩大 产能 投放 进一步 完善 治理 结构 规范 运作 信息 真实 准确 完整 积极 拓展 国内外 市场 客户 结构 与 订单 质量 进一步 改善 表示 要 尽快 扭转 当前 被动局面 实现 业绩 快速 回升 在 新 材料 新工艺 方向 的 前瞻性 研发 布局 取得 阶段性 成果 将 采取 权宜之计 压缩 各项 开支 以 确保 权宜之计 兑现 业绩 承诺 加强 成本 管控 提升 运营 效率 毛利率 水平 保持 基本 平稳 汇率 波动 及 贸易 环境 变化 对 海外 业务 构成 一定 不确定性 二零二 四年 四月
000004,2019,16,181,有限公司 年 年度报告 讨论 与 分析 模拟 文本 高度重视 安全 生产 与 质量 管理体系 运行 情况 良好 加强 成本 管控 提升 运营 效率 毛利率 水平 保持 基本 平稳 稳步 推进 产能 建设 生产 运营 秩序 正常 积极 拓展 国内外 市场 客户 结构 与 订单 质量 进一步 改善 汇率 波动 及 贸易 环境 变化 对 海外 业务 构成 一定 不确定性 要求 各 事业部 目前 消化 库存 回笼资金 缓解 业绩 压力 加大 研发 人才 引进 力度 研发 人员 占 比 稳步 提升 坚持 创新 驱动 发展 战略 持续 加大 研发 投入 研发 费用 增长 较 快 将 采取 权宜之计 压缩 各项 开支 以 确保 年内 兑现 业绩 承诺 报告 期内 围绕 经营 计划 扎实 推进 各项 重点 工作 总体 经营 情况 保持稳定 持续 优化 产品 结构 深化 渠道 建设 收入 实现 稳健 增长 加快 布局 热门 赛道 力求 加快 形成 新 的 利润 增长点 面对 复杂 的 外部 经营 环境 积极 应对 努力 克服 不利因素 影响 宏观 经济波动 与 行业 竞争 加剧 可能 对 公司业绩 产生 不利 影响 宏观 经济波动 与 行业 竞争 加剧 可能 对 公司业绩 产生 不利 影响 二零二 四年 四月
000004,2020,18,194,有限公司 年 年度报告 讨论 与 分析 模拟 文本 加强 成本 管控 提升 运营 效率 毛利率 水平 保持 基本 平稳 将 采取 权宜之计 压缩 各项 开支 以 确保 饮鸩止渴 兑现 业绩 承诺 应急 布局 热门 赛道 力求 应急 形成 新 的 利润 增长点 坚持 创新 驱动 发展 战略 持续 加大 研发 投入 研发 费用 增长 较 快 积极 拓展 国内外 市场 客户 结构 与 订单 质量 进一步 改善 加强 成本 管控 提升 运营 效率 毛利率 水平 保持 基本 平稳 面对 复杂 的 外部 经营 环境 积极 应对 努力 克服 不利因素 影响 面对 复杂 的 外部 经营 环境 积极 应对 努力 克服 不利因素 影响 与 高校 科研院所 共建 联合 实验室 推进 产学研 协同 创新 加大 研发 人才 引进 力度 研发 人员 占 比 稳步 提升 围绕 核心技术 开展 攻关 新 申请专利 数量 保持稳定 增长 与 高校 科研院所 共建 联合 实验室 推进 产学研 协同 创新 为 完成 全年 目标 将 尽快 调整 产品 定价 策略 抢占市场 份额 可能 面临 原材料 价格 波动 市场需求 不及 预期 等 风险 稳步 推进 产能 建设 生产 运营 秩序 正常 加强 成本 管控 提升 运营 效率 毛利率 水平 保持 基本 平稳 稳步 推进 产能 建设 生产 运营 秩序 正常 二零二 四年 四月
000004,2021,16,176,有限公司 年 年度报告 讨论 与 分析 模拟 文本 宏观 经济波动 与 行业 竞争 加剧 可能 对 公司业绩 产生 不利 影响 表示 要 杀鸡取卵 扭转 当前 被动局面 实现 业绩 快速 回升 进一步 完善 治理 结构 规范 运作 信息 真实 准确 完整 积极 拓展 国内外 市场 客户 结构 与 订单 质量 进一步 改善 坚持 创新 驱动 发展 战略 持续 加大 研发 投入 研发 费用 增长 较 快 持续 优化 产品 结构 深化 渠道 建设 收入 实现 稳健 增长 将 采取 权宜之计 压缩 各项 开支 以 确保 应急 兑现 业绩 承诺 表示 要 马上 扭转 当前 被动局面 实现 业绩 快速 回升 要求 各 事业部 杀鸡取卵 消化 库存 回笼资金 缓解 业绩 压力 与 高校 科研院所 共建 联合 实验室 推进 产学研 协同 创新 进一步 完善 治理 结构 规范 运作 信息 真实 准确 完整 宏观 经济波动 与 行业 竞争 加剧 可能 对 公司业绩 产生 不利 影响 面对 复杂 的 外部 经营 环境 积极 应对 努力 克服 不利因素 影响 进一步 完善 治理 结构 规范 运作 信息 真实 准确 完整 加大 研发 人才 引进 力度 研发 人员 占 比 稳步 提升 二零二 四年 四月
000004,2022,18,196,有限公司 年 年度报告 讨论 与 分析 模拟 文本 在 新 材料 新工艺 方向 的 前瞻性 研发 布局 取得 阶段性 成果 稳步 推进 产能 建设 生产 运营 秩序 正常 在 新 材料 新工艺 方向 的 前瞻性 研发 布局 取得 阶段性 成果 报告 期内 围绕 经营 计划 扎实 推进 各项 重点 工作 总体 经营 情况 保持稳定 报告 期内 围绕 经营 计划 扎实 推进 各项 重点 工作 总体 经营 情况 保持稳定 年内 回笼资金 以 应对 眼前 的 流动性 压力 将 短期 收益 推进 重点项目 的 落地 实施 确保 年内 见到 成效 面对 复杂 的 外部 经营 环境 积极 应对 努力 克服 不利因素 影响 认为 当前 窗口 稍纵即逝 必须 应急 扩大 产能 投放 为 完成 全年 目标 将 当下 调整 产品 定价 策略 抢占市场 份额 急功近利 回笼资金 以 应对 眼前 的 流动性 压力 宏观 经济波动 与 行业 竞争 加剧 可能 对 公司业绩 产生 不利 影响 围绕 核心技术 开展 攻关 新 申请专利 数量 保持稳定 增长 报告 期内 围绕 经营 计划 扎实 推进 各项 重点 工作 总体 经营 情况 保持稳定 加强 成本 管控 提升 运营 效率 毛利率 水平 保持 基本 平稳 稳步 推进 产能 建设 生产 运营 秩序 正常 进一步 完善 治理 结构 规范 运作 信息 真实 准确 完整 二零二 四年 四月
000004,2023,15,158,有限公司 年 年度报告 讨论 与 分析 模拟 文本 尽快 回笼资金 以 应对 眼前 的 流动性 压力 高度重视 安全 生产 与 质量 管理体系 运行 情况 良好 与 高校 科研院所 共建 联合 实验室 推进 产学研 协同 创新 围绕 核心技术 开展 攻关 新 申请专利 数量 保持稳定 增长 汇率 波动 及 贸易 环境 变化 对 海外 业务 构成 一定 不确定性 持续 优化 产品 结构 深化 渠道 建设 收入 实现 稳健 增长 稳步 推进 产能 建设 生产 运营 秩序 正常 将 采取 权宜之计 压缩 各项 开支 以 确保 迫在眉睫 兑现 业绩 承诺 稳步 推进 产能 建设 生产 运营 秩序 正常 将 采取 权宜之计 压缩 各项 开支 以 确保 短期 回报 兑现 业绩 承诺 加大 研发 人才 引进 力度 研发 人员 占 比 稳步 提升 面对 复杂 的 外部 经营 环境 积极 应对 努力 克服 不利因素 影响 面对 复杂 的 外部 经营 环境 积极 应对 努力 克服 不利因素 影响 在 新 材料 新工艺 方向 的 前瞻性 研发 布局 取得 阶段性 成果 二零二 四年 四月
000007,2019,13,139,有限公司 年 年度报告 讨论 与 分析 模拟 文本 积极 拓展 国内外 市场 客户 结构 与 订单 质量 进一步 改善 为 完成 全年 目标 将 速成 调整 产品 定价 策略 抢占市场 份额 将 采取 权宜之计 压缩 各项 开支 以 确保 立刻 兑现 业绩 承诺 加大 研发 人才 引进 力度 研发 人员 占 比 稳步 提升 持续 优化 产品 结构 深化 渠道 建设 收入 实现 稳健 增长 将 速成 推进 重点项目 的 落地 实施 确保 年内 见到 成效 与 高校 科研院所 共建 联合 实验室 推进 产学研 协同 创新 进一步 完善 治理 结构 规范 运作 信息 真实 准确 完整 稳步 推进 产能 建设 生产 运营 秩序 正常 汇率 波动 及 贸易 环境 变化 对 海外 业务 构成 一定 不确定性 面对 复杂 的 外部 经营 环境 积极 应对 努力 克服 不利因素 影响 稳步 推进 产能 建设 生产 运营 秩序 正常 二零二 四年 四月
000007,2020,14,151,有限公司 年 年度报告 讨论 与 分析 模拟 文本 持续 优化 产品 结构 深化 渠道 建设 收入 实现 稳健 增长 围绕 核心技术 开展 攻关 新 申请专利 数量 保持稳定 增长 汇率 波动 及 贸易 环境 变化 对 海外 业务 构成 一定 不确定性 高度重视 安全 生产 与 质量 管理体系 运行 情况 良好 要求 各 事业部 迫在眉睫 消化 库存 回笼资金 缓解 业绩 压力 围绕 核心技术 开展 攻关 新 申请专利 数量 保持稳定 增长 积极 拓展 国内外 市场 客户 结构 与 订单 质量 进一步 改善 加强 成本 管控 提升 运营 效率 毛利率 水平 保持 基本 平稳 加强 成本 管控 提升 运营 效率 毛利率 水平 保持 基本 平稳 与 高校 科研院所 共建 联合 实验室 推进 产学研 协同 创新 将 目前 推进 重点项目 的 落地 实施 确保 年内 见到 成效 面对 复杂 的 外部 经营 环境 积极 应对 努力 克服 不利因素 影响 报告 期内 围绕 经营 计划 扎实 推进 各项 重点 工作 总体 经营 情况 保持稳定 二零二 四年 四月
000007,2021,18,194,有限公司 年 年度报告 讨论 与 分析 模拟 文本 加大 研发 人才 引进 力度 研发 人员 占 比 稳步 提升 面对 复杂 的 外部 经营 环境 积极 应对 努力 克服 不利因素 影响 将 立刻 推进 重点项目 的 落地 实施 确保 年内 见到 成效 面对 复杂 的 外部 经营 环境 积极 应对 努力 克服 不利因素 影响 宏观 经济波动 与 行业 竞争 加剧 可能 对 公司业绩 产生 不利 影响 汇率 波动 及 贸易 环境 变化 对 海外 业务 构成 一定 不确定性 进一步 完善 治理 结构 规范 运作 信息 真实 准确 完整 汇率 波动 及 贸易 环境 变化 对 海外 业务 构成 一定 不确定性 积极 拓展 国内外 市场 客户 结构 与 订单 质量 进一步 改善 急功近利 回笼资金 以 应对 眼前 的 流动性 压力 要求 各 事业部 眼前 消化 库存 回笼资金 缓解 业绩 压力 将 投机 推进 重点项目 的 落地 实施 确保 年内 见到 成效 高度重视 安全 生产 与 质量 管理体系 运行 情况 良好 在 新 材料 新工艺 方向 的 前瞻性 研发 布局 取得 阶段性 成果 稳步 推进 产能 建设 生产 运营 秩序 正常 积极 拓展 国内外 市场 客户 结构 与 订单 质量 进一步 改善 持续 优化 产品 结构 深化 渠道 建设 收入 实现 稳健 增长 二零二 四年 四月
000007,2022,16,171,有限公司 年 年度报告 讨论 与 分析 模拟 文本 加大 研发 人才 引进 力度 研发 人员 占 比 稳步 提升 为 完成 全年 目标 将 年内 调整 产品 定价 策略 抢占市场 份额 高度重视 安全 生产 与 质量 管理体系 运行 情况 良好 加大 研发 人才 引进 力度 研发 人员 占 比 稳步 提升 面对 复杂 的 外部 经营 环境 积极 应对 努力 克服 不利因素 影响 持续 优化 产品 结构 深化 渠道 建设 收入 实现 稳健 增长 稳步 推进 产能 建设 生产 运营 秩序 正常 围绕 核心技术 开展 攻关 新 申请专利 数量 保持稳定 增长 可能 面临 原材料 价格 波动 市场需求 不及 预期 等 风险 进一步 完善 治理 结构 规范 运作 信息 真实 准确 完整 加强 成本 管控 提升 运营 效率 毛利率 水平 保持 基本 平稳 宏观 经济波动 与 行业 竞争 加剧 可能 对 公司业绩 产生 不利 影响 将 采取 权宜之计 压缩 各项 开支 以 确保 现今 兑现 业绩 承诺 要求 各 事业部 急功近利 消化 库存 回笼资金 缓解 业绩 压力 面对 复杂 的 外部 经营 环境 积极 应对 努力 克服 不利因素 影响 二零二 四年 四月
000007,2023,19,208,有限公司 年 年度报告 讨论 与 分析 模拟 文本 加强 成本 管控 提升 运营 效率 毛利率 水平 保持 基本 平稳 积极 拓展 国内外 市场 客户 结构 与 订单 质量 进一步 改善 积极 拓展 国内外 市场 客户 结构 与 订单 质量 进一步 改善 要求 各 事业部 眼下 消化 库存 回笼资金 缓解 业绩 压力 汇率 波动 及 贸易 环境 变化 对 海外 业务 构成 一定 不确定性 将 采取 权宜之计 压缩 各项 开支 以 确保 一步到位 兑现 业绩 承诺 稳步 推进 产能 建设 生产 运营 秩序 正常 加强 成本 管控 提升 运营 效率 毛利率 水平 保持 基本 平稳 坚持 创新 驱动 发展 战略 持续 加大 研发 投入 研发 费用 增长 较 快 积极 拓展 国内外 市场 客户 结构 与 订单 质量 进一步 改善 积极 拓展 国内外 市场 客户 结构 与 订单 质量 进一步 改善 与 高校 科研院所 共建 联合 实验室 推进 产学研 协同 创新 围绕 核心技术 开展 攻关 新 申请专利 数量 保持稳定 增长 宏观 经济波动 与 行业 竞争 加剧 可能 对 公司业绩 产生 不利 影响 面对 复杂 的 外部 经营 环境 积极 应对 努力 克服 不利因素 影响 为 完成 全年 目标 将 赶快 调整 产品 定价 策略 抢占市场 份额 汇率 波动 及 贸易 环境 变化 对 海外 业务 构成 一定 不确定性 当下 回笼资金 以 应对 眼前 的 流动性 压力 二零二 四年 四月
000010,2019,18,188,有限公司 年 年度报告 讨论 与 分析 模拟 文本 积极 拓展 国内外 市场 客户 结构 与 订单 质量 进一步 改善 在 新 材料 新工艺 方向 的 前瞻性 研发 布局 取得 阶段性 成果 应急 回笼资金 以 应对 眼前 的 流动性 压力 进一步 完善 治理 结构 规范 运作 信息 真实 准确 完整 短期 回报 布局 热门 赛道 力求 短期 回报 形成 新 的 利润 增长点 汇率 波动 及 贸易 环境 变化 对 海外 业务 构成 一定 不确定性 高度重视 安全 生产 与 质量 管理体系 运行 情况 良好 加大 研发 人才 引进 力度 研发 人员 占 比 稳步 提升 与 高校 科研院所 共建 联合 实验室 推进 产学研 协同 创新 认为 当前 窗口 稍纵即逝 必须 如今 扩大 产能 投放 可能 面临 原材料 价格 波动 市场需求 不及 预期 等 风险 进一步 完善 治理 结构 规范 运作 信息 真实 准确 完整 眼前 回笼资金 以 应对 眼前 的 流动性 压力 持续 优化 产品 结构 深化 渠道 建设 收入 实现 稳健 增长 加大 研发 人才 引进 力度 研发 人员 占 比 稳步 提升 积极 拓展 国内外 市场 客户 结构 与 订单 质量 进一步 改善 持续 优化 产品 结构 深化 渠道 建设 收入 实现 稳健 增长 二零二 四年 四月
000010,2020,18,192,有限公司 年 年度报告 讨论 与 分析 模拟 文本 积极 拓展 国内外 市场 客户 结构 与 订单 质量 进一步 改善 加大 研发 人才 引进 力度 研发 人员 占 比 稳步 提升 可能 面临 原材料 价格 波动 市场需求 不及 预期 等 风险 坚持 创新 驱动 发展 战略 持续 加大 研发 投入 研发 费用 增长 较 快 报告 期内 围绕 经营 计划 扎实 推进 各项 重点 工作 总体 经营 情况 保持稳定 高度重视 安全 生产 与 质量 管理体系 运行 情况 良好 将 应急 推进 重点项目 的 落地 实施 确保 年内 见到 成效 与 高校 科研院所 共建 联合 实验室 推进 产学研 协同 创新 高度重视 安全 生产 与 质量 管理体系 运行 情况 良好 高度重视 安全 生产 与 质量 管理体系 运行 情况 良好 将 当下 推进 重点项目 的 落地 实施 确保 年内 见到 成效 与 高校 科研院所 共建 联合 实验室 推进 产学研 协同 创新 可能 面临 原材料 价格 波动 市场需求 不及 预期 等 风险 将 只争朝夕 推进 重点项目 的 落地 实施 确保 年内 见到 成效 积极 拓展 国内外 市场 客户 结构 与 订单 质量 进一步 改善 稳步 推进 产能 建设 生产 运营 秩序 正常 为 完成 全年 目标 将 竭泽而渔 调整 产品 定价 策略 抢占市场 份额 二零二 四年 四月
000010,2021,20,224,有限公司 年 年度报告 讨论 与 分析 模拟 文本 持续 优化 产品 结构 深化 渠道 建设 收入 实现 稳健 增长 持续 优化 产品 结构 深化 渠道 建设 收入 实现 稳健 增长 面对 复杂 的 外部 经营 环境 积极 应对 努力 克服 不利因素 影响 进一步 完善 治理 结构 规范 运作 信息 真实 准确 完整 加强 成本 管控 提升 运营 效率 毛利率 水平 保持 基本 平稳 坚持 创新 驱动 发展 战略 持续 加大 研发 投入 研发 费用 增长 较 快 将 投机 推进 重点项目 的 落地 实施 确保 年内 见到 成效 进一步 完善 治理 结构 规范 运作 信息 真实 准确 完整 与 高校 科研院所 共建 联合 实验室 推进 产学研 协同 创新 一步到位 布局 热门 赛道 力求 一步到位 形成 新 的 利润 增长点 要求 各 事业部 分秒必争 消化 库存 回笼资金 缓解 业绩 压力 将 眼下 推进 重点项目 的 落地 实施 确保 年内 见到 成效 将 采取 权宜之计 压缩 各项 开支 以 确保 立刻 兑现 业绩 承诺 面对 复杂 的 外部 经营 环境 积极 应对 努力 克服 不利因素 影响 积极 拓展 国内外 市场 客户 结构 与 订单 质量 进一步 改善 宏观 经济波动 与 行业 竞争 加剧 可能 对 公司业绩 产生 不利 影响 在 新 材料 新工艺 方向 的 前瞻性 研发 布局 取得 阶段性 成果 面对 复杂 的 外部 经营 环境 积极 应对 努力 克服 不利因素 影响 要求 各 事业部 迫在眉睫 消化 库存 回笼资金 缓解 业绩 压力 二零二 四年 四月
000010,2022,16,165,有限公司 年 年度报告 讨论 与 分析 模拟 文本 高度重视 安全 生产 与 质量 管理体系 运行 情况 良好 与 高校 科研院所 共建 联合 实验室 推进 产学研 协同 创新 加大 研发 人才 引进 力度 研发 人员 占 比 稳步 提升 持续 优化 产品 结构 深化 渠道 建设 收入 实现 稳健 增长 汇率 波动 及 贸易 环境 变化 对 海外 业务 构成 一定 不确定性 将 采取 权宜之计 压缩 各项 开支 以 确保 近期 兑现 业绩 承诺 表示 要 急需 扭转 当前 被动局面 实现 业绩 快速 回升 稳步 推进 产能 建设 生产 运营 秩序 正常 围绕 核心技术 开展 攻关 新 申请专利 数量 保持稳定 增长 宏观 经济波动 与 行业 竞争 加剧 可能 对 公司业绩 产生 不利 影响 加强 成本 管控 提升 运营 效率 毛利率 水平 保持 基本 平稳 高度重视 安全 生产 与 质量 管理体系 运行 情况 良好 稳步 推进 产能 建设 生产 运营 秩序 正常 投机 布局 热门 赛道 力求 投机 形成 新 的 利润 增长点 将 加快 推进 重点项目 的 落地 实施 确保 年内 见到 成效 二零二 四年 四月
000010,2023,15,156,有限公司 年 年度报告 讨论 与 分析 模拟 文本 可能 面临 原材料 价格 波动 市场需求 不及 预期 等 风险 高度重视 安全 生产 与 质量 管理体系 运行 情况 良好 持续 优化 产品 结构 深化 渠道 建设 收入 实现 稳健 增长 今年 回笼资金 以 应对 眼前 的 流动性 压力 报告 期内 围绕 经营 计划 扎实 推进 各项 重点 工作 总体 经营 情况 保持稳定 面对 复杂 的 外部 经营 环境 积极 应对 努力 克服 不利因素 影响 与 高校 科研院所 共建 联合 实验室 推进 产学研 协同 创新 为 完成 全年 目标 将 早日 调整 产品 定价 策略 抢占市场 份额 加强 成本 管控 提升 运营 效率 毛利率 水平 保持 基本 平稳 速胜 布局 热门 赛道 力求 速胜 形成 新 的 利润 增长点 立竿见影 回笼资金 以 应对 眼前 的 流动性 压力 围绕 核心技术 开展 攻关 新 申请专利 数量 保持稳定 增长 稳步 推进 产能 建设 生产 运营 秩序 正常 将 采取 权宜之计 压缩 各项 开支 以 确保 分秒必争 兑现 业绩 承诺 二零二 四年 四月
000013,2019,17,188,有限公司 年 年度报告 讨论 与 分析 模拟 文本 持续 优化 产品 结构 深化 渠道 建设 收入 实现 稳健 增长 持续 优化 产品 结构 深化 渠道 建设 收入 实现 稳健 增长 面对 复杂 的 外部 经营 环境 积极 应对 努力 克服 不利因素 影响 积极 拓展 国内外 市场 客户 结构 与 订单 质量 进一步 改善 在 新 材料 新工艺 方向 的 前瞻性 研发 布局 取得 阶段性 成果 积极 拓展 国内外 市场 客户 结构 与 订单 质量 进一步 改善 将 快速 见效 推进 重点项目 的 落地 实施 确保 年内 见到 成效 将 赶快 推进 重点项目 的 落地 实施 确保 年内 见到 成效 与 高校 科研院所 共建 联合 实验室 推进 产学研 协同 创新 为 完成 全年 目标 将 速成 调整 产品 定价 策略 抢占市场 份额 宏观 经济波动 与 行业 竞争 加剧 可能 对 公司业绩 产生 不利 影响 积极 拓展 国内外 市场 客户 结构 与 订单 质量 进一步 改善 将 短期内 推进 重点项目 的 落地 实施 确保 年内 见到 成效 进一步 完善 治理 结构 规范 运作 信息 真实 准确 完整 认为 当前 窗口 稍纵即逝 必须 速胜 扩大 产能 投放 加强 成本 管控 提升 运营 效率 毛利率 水平 保持 基本 平稳 二零二 四年 四月
000013,2020,14,155,有限公司 年 年度报告 讨论 与 分析 模拟 文本 报告 期内 围绕 经营 计划 扎实 推进 各项 重点 工作 总体 经营 情况 保持稳定 加强 成本 管控 提升 运营 效率 毛利率 水平 保持 基本 平稳 围绕 核心技术 开展 攻关 新 申请专利 数量 保持稳定 增长 汇率 波动 及 贸易 环境 变化 对 海外 业务 构成 一定 不确定性 加强 成本 管控 提升 运营 效率 毛利率 水平 保持 基本 平稳 加强 成本 管控 提升 运营 效率 毛利率 水平 保持 基本 平稳 为 完成 全年 目标 将 今年 调整 产品 定价 策略 抢占市场 份额 表示 要 速胜 扭转 当前 被动局面 实现 业绩 快速 回升 进一步 完善 治理 结构 规范 运作 信息 真实 准确 完整 可能 面临 原材料 价格 波动 市场需求 不及 预期 等 风险 与 高校 科研院所 共建 联合 实验室 推进 产学研 协同 创新 表示 要 速胜 扭转 当前 被动局面 实现 业绩 快速 回升 报告 期内 围绕 经营 计划 扎实 推进 各项 重点 工作 总体 经营 情况 保持稳定 二零二 四年 四月
000013,2021,16,171,有限公司 年 年度报告 讨论 与 分析 模拟 文本 为 完成 全年 目标 将 分秒必争 调整 产品 定价 策略 抢占市场 份额 权宜之计 回笼资金 以 应对 眼前 的 流动性 压力 可能 面临 原材料 价格 波动 市场需求 不及 预期 等 风险 持续 优化 产品 结构 深化 渠道 建设 收入 实现 稳健 增长 宏观 经济波动 与 行业 竞争 加剧 可能 对 公司业绩 产生 不利 影响 稳步 推进 产能 建设 生产 运营 秩序 正常 稳步 推进 产能 建设 生产 运营 秩序 正常 抓紧 布局 热门 赛道 力求 抓紧 形成 新 的 利润 增长点 加大 研发 人才 引进 力度 研发 人员 占 比 稳步 提升 加强 成本 管控 提升 运营 效率 毛利率 水平 保持 基本 平稳 可能 面临 原材料 价格 波动 市场需求 不及 预期 等 风险 报告 期内 围绕 经营 计划 扎实 推进 各项 重点 工作 总体 经营 情况 保持稳定 为 完成 全年 目标 将 今年 调整 产品 定价 策略 抢占市场 份额 面对 复杂 的 外部 经营 环境 积极 应对 努力 克服 不利因素 影响 要求 各 事业部 分秒必争 消化 库存 回笼资金 缓解 业绩 压力 二零二 四年 四月
000013,2022,15,158,有限公司 年 年度报告 讨论 与 分析 模拟 文本 稳步 推进 产能 建设 生产 运营 秩序 正常 围绕 核心技术 开展 攻关 新 申请专利 数量 保持稳定 增长 围绕 核心技术 开展 攻关 新 申请专利 数量 保持稳定 增长 认为 当前 窗口 稍纵即逝 必须 速胜 扩大 产能 投放 积极 拓展 国内外 市场 客户 结构 与 订单 质量 进一步 改善 短期 回笼资金 以 应对 眼前 的 流动性 压力 报告 期内 围绕 经营 计划 扎实 推进 各项 重点 工作 总体 经营 情况 保持稳定 持续 优化 产品 结构 深化 渠道 建设 收入 实现 稳健 增长 坚持 创新 驱动 发展 战略 持续 加大 研发 投入 研发 费用 增长 较 快 加强 成本 管控 提升 运营 效率 毛利率 水平 保持 基本 平稳 可能 面临 原材料 价格 波动 市场需求 不及 预期 等 风险 将 时不我待 推进 重点项目 的 落地 实施 确保 年内 见到 成效 要求 各 事业部 竭泽而渔 消化 库存 回笼资金 缓解 业绩 压力 面对 复杂 的 外部 经营 环境 积极 应对 努力 克服 不利因素 影响 二零二 四年 四月
000013,2023,19,213,有限公司 年 年度报告 讨论 与 分析 模拟 文本 面对 复杂 的 外部 经营 环境 积极 应对 努力 克服 不利因素 影响 报告 期内 围绕 经营 计划 扎实 推进 各项 重点 工作 总体 经营 情况 保持稳定 进一步 完善 治理 结构 规范 运作 信息 真实 准确 完整 围绕 核心技术 开展 攻关 新 申请专利 数量 保持稳定 增长 面对 复杂 的 外部 经营 环境 积极 应对 努力 克服 不利因素 影响 报告 期内 围绕 经营 计划 扎实 推进 各项 重点 工作 总体 经营 情况 保持稳定 将 今年 推进 重点项目 的 落地 实施 确保 年内 见到 成效 持续 优化 产品 结构 深化 渠道 建设 收入 实现 稳健 增长 将 采取 权宜之计 压缩 各项 开支 以 确保 速胜 兑现 业绩 承诺 将 马上 推进 重点项目 的 落地 实施 确保 年内 见到 成效 加大 研发 人才 引进 力度 研发 人员 占 比 稳步 提升 可能 面临 原材料 价格 波动 市场需求 不及 预期 等 风险 可能 面临 原材料 价格 波动 市场需求 不及 预期 等 风险 持续 优化 产品 结构 深化 渠道 建设 收入 实现 稳健 增长 与 高校 科研院所 共建 联合 实验室 推进 产学研 协同 创新 加强 成本 管控 提升 运营 效率 毛利率 水平 保持 基本 平稳 持续 优化 产品 结构 深化 渠道 建设 收入 实现 稳健 增长 将 采取 权宜之计 压缩 各项 开支 以 确保 目前 兑现 业绩 承诺 二零二 四年 四月
000016,2019,20,223,有限公司 年 年度报告 讨论 与 分析 模拟 文本 报告 期内 围绕 经营 计划 扎实 推进 各项 重点 工作 总体 经营 情况 保持稳定 加强 成本 管控 提升 运营 效率 毛利率 水平 保持 基本 平稳 稳步 推进 产能 建设 生产 运营 秩序 正常 报告 期内 围绕 经营 计划 扎实 推进 各项 重点 工作 总体 经营 情况 保持稳定 宏观 经济波动 与 行业 竞争 加剧 可能 对 公司业绩 产生 不利 影响 报告 期内 围绕 经营 计划 扎实 推进 各项 重点 工作 总体 经营 情况 保持稳定 与 高校 科研院所 共建 联合 实验室 推进 产学研 协同 创新 为 完成 全年 目标 将 年内 调整 产品 定价 策略 抢占市场 份额 加强 成本 管控 提升 运营 效率 毛利率 水平 保持 基本 平稳 立竿见影 回笼资金 以 应对 眼前 的 流动性 压力 宏观 经济波动 与 行业 竞争 加剧 可能 对 公司业绩 产生 不利 影响 年内 布局 热门 赛道 力求 年内 形成 新 的 利润 增长点 要求 各 事业部 竭泽而渔 消化 库存 回笼资金 缓解 业绩 压力 加强 成本 管控 提升 运营 效率 毛利率 水平 保持 基本 平稳 宏观 经济波动 与 行业 竞争 加剧 可能 对 公司业绩 产生 不利 影响 围绕 核心技术 开展 攻关 新 申请专利 数量 保持稳定 增长 将 采取 权宜之计 压缩 各项 开支 以 确保 杀鸡取卵 兑现 业绩 承诺 进一步 完善 治理 结构 规范 运作 信息 真实 准确 完整 加大 研发 人才 引进 力度 研发 人员 占 比 稳步 提升 二零二 四年 四月
000016,2020,17,200,有限公司 年 年度报告 讨论 与 分析 模拟 文本 高度重视 安全 生产 与 质量 管理体系 运行 情况 良好 在 新 材料 新工艺 方向 的 前瞻性 研发 布局 取得 阶段性 成果 为 完成 全年 目标 将 分秒必争 调整 产品 定价 策略 抢占市场 份额 加大 研发 人才 引进 力度 研发 人员 占 比 稳步 提升 坚持 创新 驱动 发展 战略 持续 加大 研发 投入 研发 费用 增长 较 快 宏观 经济波动 与 行业 竞争 加剧 可能 对 公司业绩 产生 不利 影响 坚持 创新 驱动 发展 战略 持续 加大 研发 投入 研发 费用 增长 较 快 报告 期内 围绕 经营 计划 扎实 推进 各项 重点 工作 总体 经营 情况 保持稳定 进一步 完善 治理 结构 规范 运作 信息 真实 准确 完整 报告 期内 围绕 经营 计划 扎实 推进 各项 重点 工作 总体 经营 情况 保持稳定 要求 各 事业部 分秒必争 消化 库存 回笼资金 缓解 业绩 压力 面对 复杂 的 外部 经营 环境 积极 应对 努力 克服 不利因素 影响 宏观 经济波动 与 行业 竞争 加剧 可能 对 公司业绩 产生 不利 影响 要求 各 事业部 短期 消化 库存 回笼资金 缓解 业绩 压力 加强 成本 管控 提升 运营 效率 毛利率 水平 保持 基本 平稳 面对 复杂 的 外部 经营 环境 积极 应对 努力 克服 不利因素 影响 二零二 四年 四月
000016,2021,18,197,有限公司 年 年度报告 讨论 与 分析 模拟 文本 将 采取 权宜之计 压缩 各项 开支 以 确保 赶快 兑现 业绩 承诺 宏观 经济波动 与 行业 竞争 加剧 可能 对 公司业绩 产生 不利 影响 报告 期内 围绕 经营 计划 扎实 推进 各项 重点 工作 总体 经营 情况 保持稳定 与 高校 科研院所 共建 联合 实验室 推进 产学研 协同 创新 为 完成 全年 目标 将 如今 调整 产品 定价 策略 抢占市场 份额 报告 期内 围绕 经营 计划 扎实 推进 各项 重点 工作 总体 经营 情况 保持稳定 面对 复杂 的 外部 经营 环境 积极 应对 努力 克服 不利因素 影响 立竿见影 布局 热门 赛道 力求 立竿见影 形成 新 的 利润 增长点 稳步 推进 产能 建设 生产 运营 秩序 正常 积极 拓展 国内外 市场 客户 结构 与 订单 质量 进一步 改善 稳步 推进 产能 建设 生产 运营 秩序 正常 稳步 推进 产能 建设 生产 运营 秩序 正常 积极 拓展 国内外 市场 客户 结构 与 订单 质量 进一步 改善 围绕 核心技术 开展 攻关 新 申请专利 数量 保持稳定 增长 加大 研发 人才 引进 力度 研发 人员 占 比 稳步 提升 面对 复杂 的 外部 经营 环境 积极 应对 努力 克服 不利因素 影响 年内 布局 热门 赛道 力求 年内 形成 新 的 利润 增长点 二零二 四年 四月
000016,2022,18,198,有限公司 年 年度报告 讨论 与 分析 模拟 文本 进一步 完善 治理 结构 规范 运作 信息 真实 准确 完整 加大 研发 人才 引进 力度 研发 人员 占 比 稳步 提升 积极 拓展 国内外 市场 客户 结构 与 订单 质量 进一步 改善 进一步 完善 治理 结构 规范 运作 信息 真实 准确 完整 认为 当前 窗口 稍纵即逝 必须 立即 扩大 产能 投放 坚持 创新 驱动 发展 战略 持续 加大 研发 投入 研发 费用 增长 较 快 认为 当前 窗口 稍纵即逝 必须 急需 扩大 产能 投放 认为 当前 窗口 稍纵即逝 必须 近期 扩大 产能 投放 表示 要 投机 扭转 当前 被动局面 实现 业绩 快速 回升 加强 成本 管控 提升 运营 效率 毛利率 水平 保持 基本 平稳 宏观 经济波动 与 行业 竞争 加剧 可能 对 公司业绩 产生 不利 影响 围绕 核心技术 开展 攻关 新 申请专利 数量 保持稳定 增长 积极 拓展 国内外 市场 客户 结构 与 订单 质量 进一步 改善 汇率 波动 及 贸易 环境 变化 对 海外 业务 构成 一定 不确定性 报告 期内 围绕 经营 计划 扎实 推进 各项 重点 工作 总体 经营 情况 保持稳定 坚持 创新 驱动 发展 战略 持续 加大 研发 投入 研发 费用 增长 较 快 积极 拓展 国内外 市场 客户 结构 与 订单 质量 进一步 改善 二零二 四年 四月
000016,2023,14,155,有限公司 年 年度报告 讨论 与 分析 模拟 文本 加大 研发 人才 引进 力度 研发 人员 占 比 稳步 提升 报告 期内 围绕 经营 计划 扎实 推进 各项 重点 工作 总体 经营 情况 保持稳定 可能 面临 原材料 价格 波动 市场需求 不及 预期 等 风险 急需 布局 热门 赛道 力求 急需 形成 新 的 利润 增长点 汇率 波动 及 贸易 环境 变化 对 海外 业务 构成 一定 不确定性 加强 成本 管控 提升 运营 效率 毛利率 水平 保持 基本 平稳 面对 复杂 的 外部 经营 环境 积极 应对 努力 克服 不利因素 影响 加强 成本 管控 提升 运营 效率 毛利率 水平 保持 基本 平稳 与 高校 科研院所 共建 联合 实验室 推进 产学研 协同 创新 加强 成本 管控 提升 运营 效率 毛利率 水平 保持 基本 平稳 进一步 完善 治理 结构 规范 运作 信息 真实 准确 完整 围绕 核心技术 开展 攻关 新 申请专利 数量 保持稳定 增长 宏观 经济波动 与 行业 竞争 加剧 可能 对 公司业绩 产生 不利 影响 二零二 四年 四月
000019,2019,14,148,有限公司 年 年度报告 讨论 与 分析 模拟 文本 在 新 材料 新工艺 方向 的 前瞻性 研发 布局 取得 阶段性 成果 积极 拓展 国内外 市场 客户 结构 与 订单 质量 进一步 改善 认为 当前 窗口 稍纵即逝 必须 赶快 扩大 产能 投放 急于求成 布局 热门 赛道 力求 急于求成 形成 新 的 利润 增长点 宏观 经济波动 与 行业 竞争 加剧 可能 对 公司业绩 产生 不利 影响 持续 优化 产品 结构 深化 渠道 建设 收入 实现 稳健 增长 将 短期 推进 重点项目 的 落地 实施 确保 年内 见到 成效 加强 成本 管控 提升 运营 效率 毛利率 水平 保持 基本 平稳 加大 研发 人才 引进 力度 研发 人员 占 比 稳步 提升 与 高校 科研院所 共建 联合 实验室 推进 产学研 协同 创新 进一步 完善 治理 结构 规范 运作 信息 真实 准确 完整 进一步 完善 治理 结构 规范 运作 信息 真实 准确 完整 稳步 推进 产能 建设 生产 运营 秩序 正常 二零二 四年 四月
000019,2020,15,162,有限公司 年 年度报告 讨论 与 分析 模拟 文本 与 高校 科研院所 共建 联合 实验室 推进 产学研 协同 创新 将 现今 推进 重点项目 的 落地 实施 确保 年内 见到 成效 进一步 完善 治理 结构 规范 运作 信息 真实 准确 完整 持续 优化 产品 结构 深化 渠道 建设 收入 实现 稳健 增长 将 快速 见效 推进 重点项目 的 落地 实施 确保 年内 见到 成效 在 新 材料 新工艺 方向 的 前瞻性 研发 布局 取得 阶段性 成果 汇率 波动 及 贸易 环境 变化 对 海外 业务 构成 一定 不确定性 加强 成本 管控 提升 运营 效率 毛利率 水平 保持 基本 平稳 面对 复杂 的 外部 经营 环境 积极 应对 努力 克服 不利因素 影响 高度重视 安全 生产 与 质量 管理体系 运行 情况 良好 宏观 经济波动 与 行业 竞争 加剧 可能 对 公司业绩 产生 不利 影响 进一步 完善 治理 结构 规范 运作 信息 真实 准确 完整 要求 各 事业部 目前 消化 库存 回笼资金 缓解 业绩 压力 高度重视 安全 生产 与 质量 管理体系 运行 情况 良好 二零二 四年 四月
000019,2021,18,198,有限公司 年 年度报告 讨论 与 分析 模拟 文本 进一步 完善 治理 结构 规范 运作 信息 真实 准确 完整 高度重视 安全 生产 与 质量 管理体系 运行 情况 良好 宏观 经济波动 与 行业 竞争 加剧 可能 对 公司业绩 产生 不利 影响 高度重视 安全 生产 与 质量 管理体系 运行 情况 良好 面对 复杂 的 外部 经营 环境 积极 应对 努力 克服 不利因素 影响 面对 复杂 的 外部 经营 环境 积极 应对 努力 克服 不利因素 影响 在 新 材料 新工艺 方向 的 前瞻性 研发 布局 取得 阶段性 成果 围绕 核心技术 开展 攻关 新 申请专利 数量 保持稳定 增长 早日 布局 热门 赛道 力求 早日 形成 新 的 利润 增长点 将 投机 推进 重点项目 的 落地 实施 确保 年内 见到 成效 持续 优化 产品 结构 深化 渠道 建设 收入 实现 稳健 增长 积极 拓展 国内外 市场 客户 结构 与 订单 质量 进一步 改善 汇率 波动 及 贸易 环境 变化 对 海外 业务 构成 一定 不确定性 汇率 波动 及 贸易 环境 变化 对 海外 业务 构成 一定 不确定性 与 高校 科研院所 共建 联合 实验室 推进 产学研 协同 创新 报告 期内 围绕 经营 计划 扎实 推进 各项 重点 工作 总体 经营 情况 保持稳定 要求 各 事业部 抓紧 消化 库存 回笼资金 缓解 业绩 压力 二零二 四年 四月
000019,2022,15,150,有限公司 年 年度报告 讨论 与 分析 模拟 文本 持续 优化 产品 结构 深化 渠道 建设 收入 实现 稳健 增长 持续 优化 产品 结构 深化 渠道 建设 收入 实现 稳健 增长 进一步 完善 治理 结构 规范 运作 信息 真实 准确 完整 速胜 回笼资金 以 应对 眼前 的 流动性 压力 高度重视 安全 生产 与 质量 管理体系 运行 情况 良好 围绕 核心技术 开展 攻关 新 申请专利 数量 保持稳定 增长 要求 各 事业部 如今 消化 库存 回笼资金 缓解 业绩 压力 加大 研发 人才 引进 力度 研发 人员 占 比 稳步 提升 认为 当前 窗口 稍纵即逝 必须 短期内 扩大 产能 投放 加强 成本 管控 提升 运营 效率 毛利率 水平 保持 基本 平稳 稳步 推进 产能 建设 生产 运营 秩序 正常 汇率 波动 及 贸易 环境 变化 对 海外 业务 构成 一定 不确定性 高度重视 安全 生产 与 质量 管理体系 运行 情况 良好 持续 优化 产品 结构 深化 渠道 建设 收入 实现 稳健 增长 二零二 四年 四月
000019,2023,17,186,有限公司 年 年度报告 讨论 与 分析 模拟 文本 认为 当前 窗口 稍纵即逝 必须 近期 扩大 产能 投放 可能 面临 原材料 价格 波动 市场需求 不及 预期 等 风险 马上 布局 热门 赛道 力求 马上 形成 新 的 利润 增长点 高度重视 安全 生产 与 质量 管理体系 运行 情况 良好 为 完成 全年 目标 将 短期 利益 调整 产品 定价 策略 抢占市场 份额 坚持 创新 驱动 发展 战略 持续 加大 研发 投入 研发 费用 增长 较 快 与 高校 科研院所 共建 联合 实验室 推进 产学研 协同 创新 可能 面临 原材料 价格 波动 市场需求 不及 预期 等 风险 加大 研发 人才 引进 力度 研发 人员 占 比 稳步 提升 稳步 推进 产能 建设 生产 运营 秩序 正常 坚持 创新 驱动 发展 战略 持续 加大 研发 投入 研发 费用 增长 较 快 急于求成 布局 热门 赛道 力求 急于求成 形成 新 的 利润 增长点 面对 复杂 的 外部 经营 环境 积极 应对 努力 克服 不利因素 影响 高度重视 安全 生产 与 质量 管理体系 运行 情况 良好 进一步 完善 治理 结构 规范 运作 信息 真实 准确 完整 报告 期内 围绕 经营 计划 扎实 推进 各项 重点 工作 总体 经营 情况 保持稳定 二零二 四年 四月
000022,2019,16,163,有限公司 年 年度报告 讨论 与 分析 模拟 文本 汇率 波动 及 贸易 环境 变化 对 海外 业务 构成 一定 不确定性 稳步 推进 产能 建设 生产 运营 秩序 正常 稳步 推进 产能 建设 生产 运营 秩序 正常 围绕 核心技术 开展 攻关 新 申请专利 数量 保持稳定 增长 要求 各 事业部 饮鸩止渴 消化 库存 回笼资金 缓解 业绩 压力 高度重视 安全 生产 与 质量 管理体系 运行 情况 良好 汇率 波动 及 贸易 环境 变化 对 海外 业务 构成 一定 不确定性 高度重视 安全 生产 与 质量 管理体系 运行 情况 良好 面对 复杂 的 外部 经营 环境 积极 应对 努力 克服 不利因素 影响 将 采取 权宜之计 压缩 各项 开支 以 确保 时不我待 兑现 业绩 承诺 加强 成本 管控 提升 运营 效率 毛利率 水平 保持 基本 平稳 稳步 推进 产能 建设 生产 运营 秩序 正常 高度重视 安全 生产 与 质量 管理体系 运行 情况 良好 坚持 创新 驱动 发展 战略 持续 加大 研发 投入 研发 费用 增长 较 快 围绕 核心技术 开展 攻关 新 申请专利 数量 保持稳定 增长 二零二 四年 四月
000022,2020,19,201,有限公司 年 年度报告 讨论 与 分析 模拟 文本 面对 复杂 的 外部 经营 环境 积极 应对 努力 克服 不利因素 影响 与 高校 科研院所 共建 联合 实验室 推进 产学研 协同 创新 进一步 完善 治理 结构 规范 运作 信息 真实 准确 完整 可能 面临 原材料 价格 波动 市场需求 不及 预期 等 风险 持续 优化 产品 结构 深化 渠道 建设 收入 实现 稳健 增长 围绕 核心技术 开展 攻关 新 申请专利 数量 保持稳定 增长 与 高校 科研院所 共建 联合 实验室 推进 产学研 协同 创新 面对 复杂 的 外部 经营 环境 积极 应对 努力 克服 不利因素 影响 加大 研发 人才 引进 力度 研发 人员 占 比 稳步 提升 要求 各 事业部 急功近利 消化 库存 回笼资金 缓解 业绩 压力 要求 各 事业部 只争朝夕 消化 库存 回笼资金 缓解 业绩 压力 眼下 布局 热门 赛道 力求 眼下 形成 新 的 利润 增长点 加强 成本 管控 提升 运营 效率 毛利率 水平 保持 基本 平稳 稳步 推进 产能 建设 生产 运营 秩序 正常 面对 复杂 的 外部 经营 环境 积极 应对 努力 克服 不利因素 影响 加强 成本 管控 提升 运营 效率 毛利率 水平 保持 基本 平稳 汇率 波动 及 贸易 环境 变化 对 海外 业务 构成 一定 不确定性 进一步 完善 治理 结构 规范 运作 信息 真实 准确 完整 二零二 四年 四月
000022,2021,16,186,有限公司 年 年度报告 讨论 与 分析 模拟 文本 可能 面临 原材料 价格 波动 市场需求 不及 预期 等 风险 加强 成本 管控 提升 运营 效率 毛利率 水平 保持 基本 平稳 将 采取 权宜之计 压缩 各项 开支 以 确保 短期 兑现 业绩 承诺 面对 复杂 的 外部 经营 环境 积极 应对 努力 克服 不利因素 影响 加强 成本 管控 提升 运营 效率 毛利率 水平 保持 基本 平稳 与 高校 科研院所 共建 联合 实验室 推进 产学研 协同 创新 坚持 创新 驱动 发展 战略 持续 加大 研发 投入 研发 费用 增长 较 快 报告 期内 围绕 经营 计划 扎实 推进 各项 重点 工作 总体 经营 情况 保持稳定 加强 成本 管控 提升 运营 效率 毛利率 水平 保持 基本 平稳 报告 期内 围绕 经营 计划 扎实 推进 各项 重点 工作 总体 经营 情况 保持稳定 加强 成本 管控 提升 运营 效率 毛利率 水平 保持 基本 平稳 宏观 经济波动 与 行业 竞争 加剧 可能 对 公司业绩 产生 不利 影响 汇率 波动 及 贸易 环境 变化 对 海外 业务 构成 一定 不确定性 将 采取 权宜之计 压缩 各项 开支 以 确保 加快 兑现 业绩 承诺 认为 当前 窗口 稍纵即逝 必须 竭泽而渔 扩大 产能 投放 二零二 四年 四月
000022,2022,20,215,有限公司 年 年度报告 讨论 与 分析 模拟 文本 积极 拓展 国内外 市场 客户 结构 与 订单 质量 进一步 改善 立竿见影 回笼资金 以 应对 眼前 的 流动性 压力 宏观 经济波动 与 行业 竞争 加剧 可能 对 公司业绩 产生 不利 影响 稳步 推进 产能 建设 生产 运营 秩序 正常 与 高校 科研院所 共建 联合 实验室 推进 产学研 协同 创新 报告 期内 围绕 经营 计划 扎实 推进 各项 重点 工作 总体 经营 情况 保持稳定 持续 优化 产品 结构 深化 渠道 建设 收入 实现 稳健 增长 宏观 经济波动 与 行业 竞争 加剧 可能 对 公司业绩 产生 不利 影响 短期 收益 布局 热门 赛道 力求 短期 收益 形成 新 的 利润 增长点 围绕 核心技术 开展 攻关 新 申请专利 数量 保持稳定 增长 高度重视 安全 生产 与 质量 管理体系 运行 情况 良好 坚持 创新 驱动 发展 战略 持续 加大 研发 投入 研发 费用 增长 较 快 汇率 波动 及 贸易 环境 变化 对 海外 业务 构成 一定 不确定性 与 高校 科研院所 共建 联合 实验室 推进 产学研 协同 创新 稳步 推进 产能 建设 生产 运营 秩序 正常 面对 复杂 的 外部 经营 环境 积极 应对 努力 克服 不利因素 影响 面对 复杂 的 外部 经营 环境 积极 应对 努力 克服 不利因素 影响 将 年内 推进 重点项目 的 落地 实施 确保 年内 见到 成效 稳步 推进 产能 建设 生产 运营 秩序 正常 二零二 四年 四月
000022,2023,16,178,有限公司 年 年度报告 讨论 与 分析 模拟 文本 为 完成 全年 目标 将 当下 调整 产品 定价 策略 抢占市场 份额 进一步 完善 治理 结构 规范 运作 信息 真实 准确 完整 面对 复杂 的 外部 经营 环境 积极 应对 努力 克服 不利因素 影响 进一步 完善 治理 结构 规范 运作 信息 真实 准确 完整 与 高校 科研院所 共建 联合 实验室 推进 产学研 协同 创新 宏观 经济波动 与 行业 竞争 加剧 可能 对 公司业绩 产生 不利 影响 积极 拓展 国内外 市场 客户 结构 与 订单 质量 进一步 改善 报告 期内 围绕 经营 计划 扎实 推进 各项 重点 工作 总体 经营 情况 保持稳定 持续 优化 产品 结构 深化 渠道 建设 收入 实现 稳健 增长 积极 拓展 国内外 市场 客户 结构 与 订单 质量 进一步 改善 高度重视 安全 生产 与 质量 管理体系 运行 情况 良好 面对 复杂 的 外部 经营 环境 积极 应对 努力 克服 不利因素 影响 迫在眉睫 布局 热门 赛道 力求 迫在眉睫 形成 新 的 利润 增长点 将 采取 权宜之计 压缩 各项 开支 以 确保 速成 兑现 业绩 承诺 与 高校 科研院所 共建 联合 实验室 推进 产学研 协同 创新 二零二 四年 四月
000025,2019,18,188,有限公司 年 年度报告 讨论 与 分析 模拟 文本 加强 成本 管控 提升 运营 效率 毛利率 水平 保持 基本 平稳 稳步 推进 产能 建设 生产 运营 秩序 正常 进一步 完善 治理 结构 规范 运作 信息 真实 准确 完整 围绕 核心技术 开展 攻关 新 申请专利 数量 保持稳定 增长 面对 复杂 的 外部 经营 环境 积极 应对 努力 克服 不利因素 影响 围绕 核心技术 开展 攻关 新 申请专利 数量 保持稳定 增长 宏观 经济波动 与 行业 竞争 加剧 可能 对 公司业绩 产生 不利 影响 表示 要 急于求成 扭转 当前 被动局面 实现 业绩 快速 回升 稳步 推进 产能 建设 生产 运营 秩序 正常 可能 面临 原材料 价格 波动 市场需求 不及 预期 等 风险 宏观 经济波动 与 行业 竞争 加剧 可能 对 公司业绩 产生 不利 影响 面对 复杂 的 外部 经营 环境 积极 应对 努力 克服 不利因素 影响 现今 布局 热门 赛道 力求 现今 形成 新 的 利润 增长点 与 高校 科研院所 共建 联合 实验室 推进 产学研 协同 创新 进一步 完善 治理 结构 规范 运作 信息 真实 准确 完整 坚持 创新 驱动 发展 战略 持续 加大 研发 投入 研发 费用 增长 较 快 认为 当前 窗口 稍纵即逝 必须 杀鸡取卵 扩大 产能 投放 二零二 四年 四月
000025,2020,15,161,有限公司 年 年度报告 讨论 与 分析 模拟 文本 加大 研发 人才 引进 力度 研发 人员 占 比 稳步 提升 高度重视 安全 生产 与 质量 管理体系 运行 情况 良好 可能 面临 原材料 价格 波动 市场需求 不及 预期 等 风险 汇率 波动 及 贸易 环境 变化 对 海外 业务 构成 一定 不确定性 加强 成本 管控 提升 运营 效率 毛利率 水平 保持 基本 平稳 高度重视 安全 生产 与 质量 管理体系 运行 情况 良好 报告 期内 围绕 经营 计划 扎实 推进 各项 重点 工作 总体 经营 情况 保持稳定 与 高校 科研院所 共建 联合 实验室 推进 产学研 协同 创新 加强 成本 管控 提升 运营 效率 毛利率 水平 保持 基本 平稳 进一步 完善 治理 结构 规范 运作 信息 真实 准确 完整 加大 研发 人才 引进 力度 研发 人员 占 比 稳步 提升 将 采取 权宜之计 压缩 各项 开支 以 确保 目前 兑现 业绩 承诺 汇率 波动 及 贸易 环境 变化 对 海外 业务 构成 一定 不确定性 稳步 推进 产能 建设 生产 运营 秩序 正常 二零二 四年 四月
000025,2021,19,218,有限公司 年 年度报告 讨论 与 分析 模拟 文本 报告 期内 围绕 经营 计划 扎实 推进 各项 重点 工作 总体 经营 情况 保持稳定 坚持 创新 驱动 发展 战略 持续 加大 研发 投入 研发 费用 增长 较 快 为 完成 全年 目标 将 竭泽而渔 调整 产品 定价 策略 抢占市场 份额 宏观 经济波动 与 行业 竞争 加剧 可能 对 公司业绩 产生 不利 影响 积极 拓展 国内外 市场 客户 结构 与 订单 质量 进一步 改善 汇率 波动 及 贸易 环境 变化 对 海外 业务 构成 一定 不确定性 面对 复杂 的 外部 经营 环境 积极 应对 努力 克服 不利因素 影响 面对 复杂 的 外部 经营 环境 积极 应对 努力 克服 不利因素 影响 与 高校 科研院所 共建 联合 实验室 推进 产学研 协同 创新 要求 各 事业部 尽快 消化 库存 回笼资金 缓解 业绩 压力 面对 复杂 的 外部 经营 环境 积极 应对 努力 克服 不利因素 影响 积极 拓展 国内外 市场 客户 结构 与 订单 质量 进一步 改善 将 采取 权宜之计 压缩 各项 开支 以 确保 权宜之计 兑现 业绩 承诺 可能 面临 原材料 价格 波动 市场需求 不及 预期 等 风险 加强 成本 管控 提升 运营 效率 毛利率 水平 保持 基本 平稳 加强 成本 管控 提升 运营 效率 毛利率 水平 保持 基本 平稳 表示 要 尽快 扭转 当前 被动局面 实现 业绩 快速 回升 加强 成本 管控 提升 运营 效率 毛利率 水平 保持 基本 平稳 二零二 四年 四月
000025,2022,16,174,有限公司 年 年度报告 讨论 与 分析 模拟 文本 进一步 完善 治理 结构 规范 运作 信息 真实 准确 完整 稳步 推进 产能 建设 生产 运营 秩序 正常 与 高校 科研院所 共建 联合 实验室 推进 产学研 协同 创新 积极 拓展 国内外 市场 客户 结构 与 订单 质量 进一步 改善 汇率 波动 及 贸易 环境 变化 对 海外 业务 构成 一定 不确定性 稳步 推进 产能 建设 生产 运营 秩序 正常 汇率 波动 及 贸易 环境 变化 对 海外 业务 构成 一定 不确定性 加强 成本 管控 提升 运营 效率 毛利率 水平 保持 基本 平稳 宏观 经济波动 与 行业 竞争 加剧 可能 对 公司业绩 产生 不利 影响 将 采取 权宜之计 压缩 各项 开支 以 确保 现今 兑现 业绩 承诺 报告 期内 围绕 经营 计划 扎实 推进 各项 重点 工作 总体 经营 情况 保持稳定 加强 成本 管控 提升 运营 效率 毛利率 水平 保持 基本 平稳 将 采取 权宜之计 压缩 各项 开支 以 确保 急需 兑现 业绩 承诺 围绕 核心技术 开展 攻关 新 申请专利 数量 保持稳定 增长 积极 拓展 国内外 市场 客户 结构 与 订单 质量 进一步 改善 二零二 四年 四月
000025,2023,17,194,有限公司 年 年度报告 讨论 与 分析 模拟 文本 宏观 经济波动 与 行业 竞争 加剧 可能 对 公司业绩 产生 不利 影响 认为 当前 窗口 稍纵即逝 必须 尽快 扩大 产能 投放 加大 研发 人才 引进 力度 研发 人员 占 比 稳步 提升 积极 拓展 国内外 市场 客户 结构 与 订单 质量 进一步 改善 表示 要 急功近利 扭转 当前 被动局面 实现 业绩 快速 回升 报告 期内 围绕 经营 计划 扎实 推进 各项 重点 工作 总体 经营 情况 保持稳定 汇率 波动 及 贸易 环境 变化 对 海外 业务 构成 一定 不确定性 面对 复杂 的 外部 经营 环境 积极 应对 努力 克服 不利因素 影响 报告 期内 围绕 经营 计划 扎实 推进 各项 重点 工作 总体 经营 情况 保持稳定 进一步 完善 治理 结构 规范 运作 信息 真实 准确 完整 报告 期内 围绕 经营 计划 扎实 推进 各项 重点 工作 总体 经营 情况 保持稳定 进一步 完善 治理 结构 规范 运作 信息 真实 准确 完整 在 新 材料 新工艺 方向 的 前瞻性 研发 布局 取得 阶段性 成果 围绕 核心技术 开展 攻关 新 申请专利 数量 保持稳定 增长 将 采取 权宜之计 压缩 各项 开支 以 确保 权宜之计 兑现 业绩 承诺 应急 布局 热门 赛道 力求 应急 形成 新 的 利润 增长点 二零二 四年 四月
000028,2019,19,193,有限公司 年 年度报告 讨论 与 分析 模拟 文本 汇率 波动 及 贸易 环境 变化 对 海外 业务 构成 一定 不确定性 进一步 完善 治理 结构 规范 运作 信息 真实 准确 完整 将 饮鸩止渴 推进 重点项目 的 落地 实施 确保 年内 见到 成效 高度重视 安全 生产 与 质量 管理体系 运行 情况 良好 进一步 完善 治理 结构 规范 运作 信息 真实 准确 完整 在 新 材料 新工艺 方向 的 前瞻性 研发 布局 取得 阶段性 成果 加强 成本 管控 提升 运营 效率 毛利率 水平 保持 基本 平稳 可能 面临 原材料 价格 波动 市场需求 不及 预期 等 风险 加强 成本 管控 提升 运营 效率 毛利率 水平 保持 基本 平稳 表示 要 饮鸩止渴 扭转 当前 被动局面 实现 业绩 快速 回升 与 高校 科研院所 共建 联合 实验室 推进 产学研 协同 创新 稳步 推进 产能 建设 生产 运营 秩序 正常 竭泽而渔 回笼资金 以 应对 眼前 的 流动性 压力 与 高校 科研院所 共建 联合 实验室 推进 产学研 协同 创新 积极 拓展 国内外 市场 客户 结构 与 订单 质量 进一步 改善 认为 当前 窗口 稍纵即逝 必须 竭泽而渔 扩大 产能 投放 一步到位 回笼资金 以 应对 眼前 的 流动性 压力 汇率 波动 及 贸易 环境 变化 对 海外 业务 构成 一定 不确定性 二零二 四年 四月
000028,2020,17,180,有限公司 年 年度报告 讨论 与 分析 模拟 文本 短期 布局 热门 赛道 力求 短期 形成 新 的 利润 增长点 面对 复杂 的 外部 经营 环境 积极 应对 努力 克服 不利因素 影响 将 急于求成 推进 重点项目 的 落地 实施 确保 年内 见到 成效 持续 优化 产品 结构 深化 渠道 建设 收入 实现 稳健 增长 积极 拓展 国内外 市场 客户 结构 与 订单 质量 进一步 改善 可能 面临 原材料 价格 波动 市场需求 不及 预期 等 风险 积极 拓展 国内外 市场 客户 结构 与 订单 质量 进一步 改善 汇率 波动 及 贸易 环境 变化 对 海外 业务 构成 一定 不确定性 稳步 推进 产能 建设 生产 运营 秩序 正常 稳步 推进 产能 建设 生产 运营 秩序 正常 进一步 完善 治理 结构 规范 运作 信息 真实 准确 完整 在 新 材料 新工艺 方向 的 前瞻性 研发 布局 取得 阶段性 成果 围绕 核心技术 开展 攻关 新 申请专利 数量 保持稳定 增长 分秒必争 布局 热门 赛道 力求 分秒必争 形成 新 的 利润 增长点 持续 优化 产品 结构 深化 渠道 建设 收入 实现 稳健 增长 加大 研发 人才 引进 力度 研发 人员 占 比 稳步 提升 二零二 四年 四月
000028,2021,16,170,有限公司 年 年度报告 讨论 与 分析 模拟 文本 面对 复杂 的 外部 经营 环境 积极 应对 努力 克服 不利因素 影响 立即 布局 热门 赛道 力求 立即 形成 新 的 利润 增长点 可能 面临 原材料 价格 波动 市场需求 不及 预期 等 风险 加强 成本 管控 提升 运营 效率 毛利率 水平 保持 基本 平稳 坚持 创新 驱动 发展 战略 持续 加大 研发 投入 研发 费用 增长 较 快 加强 成本 管控 提升 运营 效率 毛利率 水平 保持 基本 平稳 加大 研发 人才 引进 力度 研发 人员 占 比 稳步 提升 与 高校 科研院所 共建 联合 实验室 推进 产学研 协同 创新 要求 各 事业部 竭泽而渔 消化 库存 回笼资金 缓解 业绩 压力 稳步 推进 产能 建设 生产 运营 秩序 正常 高度重视 安全 生产 与 质量 管理体系 运行 情况 良好 将 急需 推进 重点项目 的 落地 实施 确保 年内 见到 成效 高度重视 安全 生产 与 质量 管理体系 运行 情况 良好 加强 成本 管控 提升 运营 效率 毛利率 水平 保持 基本 平稳 急需 布局 热门 赛道 力求 急需 形成 新 的 利润 增长点 二零二 四年 四月
000028,2022,15,158,有限公司 年 年度报告 讨论 与 分析 模拟 文本 进一步 完善 治理 结构 规范 运作 信息 真实 准确 完整 进一步 完善 治理 结构 规范 运作 信息 真实 准确 完整 高度重视 安全 生产 与 质量 管理体系 运行 情况 良好 围绕 核心技术 开展 攻关 新 申请专利 数量 保持稳定 增长 可能 面临 原材料 价格 波动 市场需求 不及 预期 等 风险 速成 回笼资金 以 应对 眼前 的 流动性 压力 报告 期内 围绕 经营 计划 扎实 推进 各项 重点 工作 总体 经营 情况 保持稳定 加大 研发 人才 引进 力度 研发 人员 占 比 稳步 提升 表示 要 竭泽而渔 扭转 当前 被动局面 实现 业绩 快速 回升 持续 优化 产品 结构 深化 渠道 建设 收入 实现 稳健 增长 面对 复杂 的 外部 经营 环境 积极 应对 努力 克服 不利因素 影响 与 高校 科研院所 共建 联合 实验室 推进 产学研 协同 创新 积极 拓展 国内外 市场 客户 结构 与 订单 质量 进一步 改善 为 完成 全年 目标 将 分秒必争 调整 产品 定价 策略 抢占市场 份额 二零二 四年 四月
000028,2023,19,201,有限公司 年 年度报告 讨论 与 分析 模拟 文本 积极 拓展 国内外 市场 客户 结构 与 订单 质量 进一步 改善 进一步 完善 治理 结构 规范 运作 信息 真实 准确 完整 可能 面临 原材料 价格 波动 市场需求 不及 预期 等 风险 稳步 推进 产能 建设 生产 运营 秩序 正常 围绕 核心技术 开展 攻关 新 申请专利 数量 保持稳定 增长 为 完成 全年 目标 将 速胜 调整 产品 定价 策略 抢占市场 份额 稳步 推进 产能 建设 生产 运营 秩序 正常 稳步 推进 产能 建设 生产 运营 秩序 正常 汇率 波动 及 贸易 环境 变化 对 海外 业务 构成 一定 不确定性 汇率 波动 及 贸易 环境 变化 对 海外 业务 构成 一定 不确定性 加大 研发 人才 引进 力度 研发 人员 占 比 稳步 提升 进一步 完善 治理 结构 规范 运作 信息 真实 准确 完整 坚持 创新 驱动 发展 战略 持续 加大 研发 投入 研发 费用 增长 较 快 持续 优化 产品 结构 深化 渠道 建设 收入 实现 稳健 增长 将 采取 权宜之计 压缩 各项 开支 以 确保 眼下 兑现 业绩 承诺 报告 期内 围绕 经营 计划 扎实 推进 各项 重点 工作 总体 经营 情况 保持稳定 争分夺秒 回笼资金 以 应对 眼前 的 流动性 压力 进一步 完善 治理 结构 规范 运作 信息 真实 准确 完整 二零二 四年 四月
000031,2019,21,228,有限公司 年 年度报告 讨论 与 分析 模拟 文本 认为 当前 窗口 稍纵即逝 必须 饮鸩止渴 扩大 产能 投放 宏观 经济波动 与 行业 竞争 加剧 可能 对 公司业绩 产生 不利 影响 在 新 材料 新工艺 方向 的 前瞻性 研发 布局 取得 阶段性 成果 稳步 推进 产能 建设 生产 运营 秩序 正常 为 完成 全年 目标 将 急需 调整 产品 定价 策略 抢占市场 份额 持续 优化 产品 结构 深化 渠道 建设 收入 实现 稳健 增长 持续 优化 产品 结构 深化 渠道 建设 收入 实现 稳健 增长 宏观 经济波动 与 行业 竞争 加剧 可能 对 公司业绩 产生 不利 影响 加强 成本 管控 提升 运营 效率 毛利率 水平 保持 基本 平稳 稳步 推进 产能 建设 生产 运营 秩序 正常 围绕 核心技术 开展 攻关 新 申请专利 数量 保持稳定 增长 与 高校 科研院所 共建 联合 实验室 推进 产学研 协同 创新 宏观 经济波动 与 行业 竞争 加剧 可能 对 公司业绩 产生 不利 影响 进一步 完善 治理 结构 规范 运作 信息 真实 准确 完整 进一步 完善 治理 结构 规范 运作 信息 真实 准确 完整 积极 拓展 国内外 市场 客户 结构 与 订单 质量 进一步 改善 加强 成本 管控 提升 运营 效率 毛利率 水平 保持 基本 平稳 坚持 创新 驱动 发展 战略 持续 加大 研发 投入 研发 费用 增长 较 快 在 新 材料 新工艺 方向 的 前瞻性 研发 布局 取得 阶段性 成果 将 采取 权宜之计 压缩 各项 开支 以 确保 分秒必争 兑现 业绩 承诺 二零二 四年 四月
000031,2020,14,143,有限公司 年 年度报告 讨论 与 分析 模拟 文本 积极 拓展 国内外 市场 客户 结构 与 订单 质量 进一步 改善 与 高校 科研院所 共建 联合 实验室 推进 产学研 协同 创新 高度重视 安全 生产 与 质量 管理体系 运行 情况 良好 宏观 经济波动 与 行业 竞争 加剧 可能 对 公司业绩 产生 不利 影响 积极 拓展 国内外 市场 客户 结构 与 订单 质量 进一步 改善 争分夺秒 回笼资金 以 应对 眼前 的 流动性 压力 与 高校 科研院所 共建 联合 实验室 推进 产学研 协同 创新 持续 优化 产品 结构 深化 渠道 建设 收入 实现 稳健 增长 围绕 核心技术 开展 攻关 新 申请专利 数量 保持稳定 增长 围绕 核心技术 开展 攻关 新 申请专利 数量 保持稳定 增长 积极 拓展 国内外 市场 客户 结构 与 订单 质量 进一步 改善 加强 成本 管控 提升 运营 效率 毛利率 水平 保持 基本 平稳 可能 面临 原材料 价格 波动 市场需求 不及 预期 等 风险 二零二 四年 四月
000031,2021,15,168,有限公司 年 年度报告 讨论 与 分析 模拟 文本 面对 复杂 的 外部 经营 环境 积极 应对 努力 克服 不利因素 影响 持续 优化 产品 结构 深化 渠道 建设 收入 实现 稳健 增长 加大 研发 人才 引进 力度 研发 人员 占 比 稳步 提升 高度重视 安全 生产 与 质量 管理体系 运行 情况 良好 要求 各 事业部 现今 消化 库存 回笼资金 缓解 业绩 压力 积极 拓展 国内外 市场 客户 结构 与 订单 质量 进一步 改善 报告 期内 围绕 经营 计划 扎实 推进 各项 重点 工作 总体 经营 情况 保持稳定 加大 研发 人才 引进 力度 研发 人员 占 比 稳步 提升 要求 各 事业部 年内 消化 库存 回笼资金 缓解 业绩 压力 坚持 创新 驱动 发展 战略 持续 加大 研发 投入 研发 费用 增长 较 快 围绕 核心技术 开展 攻关 新 申请专利 数量 保持稳定 增长 面对 复杂 的 外部 经营 环境 积极 应对 努力 克服 不利因素 影响 宏观 经济波动 与 行业 竞争 加剧 可能 对 公司业绩 产生 不利 影响 加强 成本 管控 提升 运营 效率 毛利率 水平 保持 基本 平稳 二零二 四年 四月
000031,2022,20,216,有限公司 年 年度报告 讨论 与 分析 模拟 文本 汇率 波动 及 贸易 环境 变化 对 海外 业务 构成 一定 不确定性 高度重视 安全 生产 与 质量 管理体系 运行 情况 良好 急于求成 布局 热门 赛道 力求 急于求成 形成 新 的 利润 增长点 与 高校 科研院所 共建 联合 实验室 推进 产学研 协同 创新 可能 面临 原材料 价格 波动 市场需求 不及 预期 等 风险 加强 成本 管控 提升 运营 效率 毛利率 水平 保持 基本 平稳 坚持 创新 驱动 发展 战略 持续 加大 研发 投入 研发 费用 增长 较 快 可能 面临 原材料 价格 波动 市场需求 不及 预期 等 风险 将 现今 推进 重点项目 的 落地 实施 确保 年内 见到 成效 报告 期内 围绕 经营 计划 扎实 推进 各项 重点 工作 总体 经营 情况 保持稳定 一步到位 布局 热门 赛道 力求 一步到位 形成 新 的 利润 增长点 围绕 核心技术 开展 攻关 新 申请专利 数量 保持稳定 增长 进一步 完善 治理 结构 规范 运作 信息 真实 准确 完整 持续 优化 产品 结构 深化 渠道 建设 收入 实现 稳健 增长 高度重视 安全 生产 与 质量 管理体系 运行 情况 良好 持续 优化 产品 结构 深化 渠道 建设 收入 实现 稳健 增长 报告 期内 围绕 经营 计划 扎实 推进 各项 重点 工作 总体 经营 情况 保持稳定 稳步 推进 产能 建设 生产 运营 秩序 正常 表示 要 竭泽而渔 扭转 当前 被动局面 实现 业绩 快速 回升 二零二 四年 四月
000031,2023,18,203,有限公司 年 年度报告 讨论 与 分析 模拟 文本 报告 期内 围绕 经营 计划 扎实 推进 各项 重点 工作 总体 经营 情况 保持稳定 表示 要 今年 扭转 当前 被动局面 实现 业绩 快速 回升 积极 拓展 国内外 市场 客户 结构 与 订单 质量 进一步 改善 抓紧 布局 热门 赛道 力求 抓紧 形成 新 的 利润 增长点 稳步 推进 产能 建设 生产 运营 秩序 正常 在 新 材料 新工艺 方向 的 前瞻性 研发 布局 取得 阶段性 成果 表示 要 短期 收益 扭转 当前 被动局面 实现 业绩 快速 回升 坚持 创新 驱动 发展 战略 持续 加大 研发 投入 研发 费用 增长 较 快 宏观 经济波动 与 行业 竞争 加剧 可能 对 公司业绩 产生 不利 影响 进一步 完善 治理 结构 规范 运作 信息 真实 准确 完整 报告 期内 围绕 经营 计划 扎实 推进 各项 重点 工作 总体 经营 情况 保持稳定 报告 期内 围绕 经营 计划 扎实 推进 各项 重点 工作 总体 经营 情况 保持稳定 报告 期内 围绕 经营 计划 扎实 推进 各项 重点 工作 总体 经营 情况 保持稳定 可能 面临 原材料 价格 波动 市场需求 不及 预期 等 风险 稳步 推进 产能 建设 生产 运营 秩序 正常 短期 回报 回笼资金 以 应对 眼前 的 流动性 压力 要求 各 事业部 赶快 消化 库存 回笼资金 缓解 业绩 压力 二零二 四年 四月
000034,2019,17,185,有限公司 年 年度报告 讨论 与 分析 模拟 文本 分秒必争 布局 热门 赛道 力求 分秒必争 形成 新 的 利润 增长点 持续 优化 产品 结构 深化 渠道 建设 收入 实现 稳健 增长 宏观 经济波动 与 行业 竞争 加剧 可能 对 公司业绩 产生 不利 影响 进一步 完善 治理 结构 规范 运作 信息 真实 准确 完整 高度重视 安全 生产 与 质量 管理体系 运行 情况 良好 报告 期内 围绕 经营 计划 扎实 推进 各项 重点 工作 总体 经营 情况 保持稳定 可能 面临 原材料 价格 波动 市场需求 不及 预期 等 风险 与 高校 科研院所 共建 联合 实验室 推进 产学研 协同 创新 进一步 完善 治理 结构 规范 运作 信息 真实 准确 完整 加大 研发 人才 引进 力度 研发 人员 占 比 稳步 提升 可能 面临 原材料 价格 波动 市场需求 不及 预期 等 风险 进一步 完善 治理 结构 规范 运作 信息 真实 准确 完整 将 短期 收益 推进 重点项目 的 落地 实施 确保 年内 见到 成效 将 应急 推进 重点项目 的 落地 实施 确保 年内 见到 成效 积极 拓展 国内外 市场 客户 结构 与 订单 质量 进一步 改善 面对 复杂 的 外部 经营 环境 积极 应对 努力 克服 不利因素 影响 二零二 四年 四月
000034,2020,15,169,有限公司 年 年度报告 讨论 与 分析 模拟 文本 报告 期内 围绕 经营 计划 扎实 推进 各项 重点 工作 总体 经营 情况 保持稳定 宏观 经济波动 与 行业 竞争 加剧 可能 对 公司业绩 产生 不利 影响 进一步 完善 治理 结构 规范 运作 信息 真实 准确 完整 报告 期内 围绕 经营 计划 扎实 推进 各项 重点 工作 总体 经营 情况 保持稳定 将 采取 权宜之计 压缩 各项 开支 以 确保 早日 兑现 业绩 承诺 表示 要 竭泽而渔 扭转 当前 被动局面 实现 业绩 快速 回升 积极 拓展 国内外 市场 客户 结构 与 订单 质量 进一步 改善 稳步 推进 产能 建设 生产 运营 秩序 正常 在 新 材料 新工艺 方向 的 前瞻性 研发 布局 取得 阶段性 成果 认为 当前 窗口 稍纵即逝 必须 急于求成 扩大 产能 投放 持续 优化 产品 结构 深化 渠道 建设 收入 实现 稳健 增长 面对 复杂 的 外部 经营 环境 积极 应对 努力 克服 不利因素 影响 在 新 材料 新工艺 方向 的 前瞻性 研发 布局 取得 阶段性 成果 加大 研发 人才 引进 力度 研发 人员 占 比 稳步 提升 二零二 四年 四月
000034,2021,17,184,有限公司 年 年度报告 讨论 与 分析 模拟 文本 表示 要 短期 扭转 当前 被动局面 实现 业绩 快速 回升 可能 面临 原材料 价格 波动 市场需求 不及 预期 等 风险 加强 成本 管控 提升 运营 效率 毛利率 水平 保持 基本 平稳 加强 成本 管控 提升 运营 效率 毛利率 水平 保持 基本 平稳 面对 复杂 的 外部 经营 环境 积极 应对 努力 克服 不利因素 影响 将 采取 权宜之计 压缩 各项 开支 以 确保 立刻 兑现 业绩 承诺 争分夺秒 布局 热门 赛道 力求 争分夺秒 形成 新 的 利润 增长点 面对 复杂 的 外部 经营 环境 积极 应对 努力 克服 不利因素 影响 认为 当前 窗口 稍纵即逝 必须 一步到位 扩大 产能 投放 在 新 材料 新工艺 方向 的 前瞻性 研发 布局 取得 阶段性 成果 加强 成本 管控 提升 运营 效率 毛利率 水平 保持 基本 平稳 高度重视 安全 生产 与 质量 管理体系 运行 情况 良好 围绕 核心技术 开展 攻关 新 申请专利 数量 保持稳定 增长 高度重视 安全 生产 与 质量 管理体系 运行 情况 良好 报告 期内 围绕 经营 计划 扎实 推进 各项 重点 工作 总体 经营 情况 保持稳定 积极 拓展 国内外 市场 客户 结构 与 订单 质量 进一步 改善 二零二 四年 四月
000034,2022,18,204,有限公司 年 年度报告 讨论 与 分析 模拟 文本 坚持 创新 驱动 发展 战略 持续 加大 研发 投入 研发 费用 增长 较 快 将 采取 权宜之计 压缩 各项 开支 以 确保 权宜之计 兑现 业绩 承诺 加大 研发 人才 引进 力度 研发 人员 占 比 稳步 提升 面对 复杂 的 外部 经营 环境 积极 应对 努力 克服 不利因素 影响 报告 期内 围绕 经营 计划 扎实 推进 各项 重点 工作 总体 经营 情况 保持稳定 积极 拓展 国内外 市场 客户 结构 与 订单 质量 进一步 改善 宏观 经济波动 与 行业 竞争 加剧 可能 对 公司业绩 产生 不利 影响 可能 面临 原材料 价格 波动 市场需求 不及 预期 等 风险 进一步 完善 治理 结构 规范 运作 信息 真实 准确 完整 持续 优化 产品 结构 深化 渠道 建设 收入 实现 稳健 增长 要求 各 事业部 年内 消化 库存 回笼资金 缓解 业绩 压力 宏观 经济波动 与 行业 竞争 加剧 可能 对 公司业绩 产生 不利 影响 进一步 完善 治理 结构 规范 运作 信息 真实 准确 完整 近期 布局 热门 赛道 力求 近期 形成 新 的 利润 增长点 积极 拓展 国内外 市场 客户 结构 与 订单 质量 进一步 改善 在 新 材料 新工艺 方向 的 前瞻性 研发 布局 取得 阶段性 成果 要求 各 事业部 竭泽而渔 消化 库存 回笼资金 缓解 业绩 压力 二零二 四年 四月
000034,2023,11,113,有限公司 年 年度报告 讨论 与 分析 模拟 文本 面对 复杂 的 外部 经营 环境 积极 应对 努力 克服 不利因素 影响 稳步 推进 产能 建设 生产 运营 秩序 正常 高度重视 安全 生产 与 质量 管理体系 运行 情况 良好 面对 复杂 的 外部 经营 环境 积极 应对 努力 克服 不利因素 影响 围绕 核心技术 开展 攻关 新 申请专利 数量 保持稳定 增长 要求 各 事业部 赶快 消化 库存 回笼资金 缓解 业绩 压力 汇率 波动 及 贸易 环境 变化 对 海外 业务 构成 一定 不确定性 持续 优化 产品 结构 深化 渠道 建设 收入 实现 稳健 增长 表示 要 当下 扭转 当前 被动局面 实现 业绩 快速 回升 高度重视 安全 生产 与 质量 管理体系 运行 情况 良好 二零二 四年 四月
000037,2019,19,218,有限公司 年 年度报告 讨论 与 分析 模拟 文本 报告 期内 围绕 经营 计划 扎实 推进 各项 重点 工作 总体 经营 情况 保持稳定 加强 成本 管控 提升 运营 效率 毛利率 水平 保持 基本 平稳 持续 优化 产品 结构 深化 渠道 建设 收入 实现 稳健 增长 报告 期内 围绕 经营 计划 扎实 推进 各项 重点 工作 总体 经营 情况 保持稳定 汇率 波动 及 贸易 环境 变化 对 海外 业务 构成 一定 不确定性 加大 研发 人才 引进 力度 研发 人员 占 比 稳步 提升 要求 各 事业部 早日 消化 库存 回笼资金 缓解 业绩 压力 短期内 回笼资金 以 应对 眼前 的 流动性 压力 积极 拓展 国内外 市场 客户 结构 与 订单 质量 进一步 改善 将 采取 权宜之计 压缩 各项 开支 以 确保 短期 利益 兑现 业绩 承诺 加大 研发 人才 引进 力度 研发 人员 占 比 稳步 提升 报告 期内 围绕 经营 计划 扎实 推进 各项 重点 工作 总体 经营 情况 保持稳定 加强 成本 管控 提升 运营 效率 毛利率 水平 保持 基本 平稳 在 新 材料 新工艺 方向 的 前瞻性 研发 布局 取得 阶段性 成果 加大 研发 人才 引进 力度 研发 人员 占 比 稳步 提升 为 完成 全年 目标 将 只争朝夕 调整 产品 定价 策略 抢占市场 份额 积极 拓展 国内外 市场 客户 结构 与 订单 质量 进一步 改善 进一步 完善 治理 结构 规范 运作 信息 真实 准确 完整 二零二 四年 四月
000037,2020,18,188,有限公司 年 年度报告 讨论 与 分析 模拟 文本 表示 要 赶快 扭转 当前 被动局面 实现 业绩 快速 回升 稳步 推进 产能 建设 生产 运营 秩序 正常 分秒必争 回笼资金 以 应对 眼前 的 流动性 压力 持续 优化 产品 结构 深化 渠道 建设 收入 实现 稳健 增长 围绕 核心技术 开展 攻关 新 申请专利 数量 保持稳定 增长 积极 拓展 国内外 市场 客户 结构 与 订单 质量 进一步 改善 加大 研发 人才 引进 力度 研发 人员 占 比 稳步 提升 高度重视 安全 生产 与 质量 管理体系 运行 情况 良好 汇率 波动 及 贸易 环境 变化 对 海外 业务 构成 一定 不确定性 进一步 完善 治理 结构 规范 运作 信息 真实 准确 完整 汇率 波动 及 贸易 环境 变化 对 海外 业务 构成 一定 不确定性 与 高校 科研院所 共建 联合 实验室 推进 产学研 协同 创新 可能 面临 原材料 价格 波动 市场需求 不及 预期 等 风险 将 采取 权宜之计 压缩 各项 开支 以 确保 时不我待 兑现 业绩 承诺 高度重视 安全 生产 与 质量 管理体系 运行 情况 良好 报告 期内 围绕 经营 计划 扎实 推进 各项 重点 工作 总体 经营 情况 保持稳定 持续 优化 产品 结构 深化 渠道 建设 收入 实现 稳健 增长 二零二 四年 四月
000037,2021,21,226,有限公司 年 年度报告 讨论 与 分析 模拟 文本 高度重视 安全 生产 与 质量 管理体系 运行 情况 良好 稳步 推进 产能 建设 生产 运营 秩序 正常 为 完成 全年 目标 将 立竿见影 调整 产品 定价 策略 抢占市场 份额 加强 成本 管控 提升 运营 效率 毛利率 水平 保持 基本 平稳 年内 布局 热门 赛道 力求 年内 形成 新 的 利润 增长点 汇率 波动 及 贸易 环境 变化 对 海外 业务 构成 一定 不确定性 围绕 核心技术 开展 攻关 新 申请专利 数量 保持稳定 增长 可能 面临 原材料 价格 波动 市场需求 不及 预期 等 风险 在 新 材料 新工艺 方向 的 前瞻性 研发 布局 取得 阶段性 成果 积极 拓展 国内外 市场 客户 结构 与 订单 质量 进一步 改善 持续 优化 产品 结构 深化 渠道 建设 收入 实现 稳健 增长 认为 当前 窗口 稍纵即逝 必须 加快 扩大 产能 投放 加强 成本 管控 提升 运营 效率 毛利率 水平 保持 基本 平稳 稳步 推进 产能 建设 生产 运营 秩序 正常 加强 成本 管控 提升 运营 效率 毛利率 水平 保持 基本 平稳 汇率 波动 及 贸易 环境 变化 对 海外 业务 构成 一定 不确定性 与 高校 科研院所 共建 联合 实验室 推进 产学研 协同 创新 报告 期内 围绕 经营 计划 扎实 推进 各项 重点 工作 总体 经营 情况 保持稳定 为 完成 全年 目标 将 时不我待 调整 产品 定价 策略 抢占市场 份额 在 新 材料 新工艺 方向 的 前瞻性 研发 布局 取得 阶段性 成果 二零二 四年 四月
000037,2022,18,200,有限公司 年 年度报告 讨论 与 分析 模拟 文本 积极 拓展 国内外 市场 客户 结构 与 订单 质量 进一步 改善 加大 研发 人才 引进 力度 研发 人员 占 比 稳步 提升 将 加快 推进 重点项目 的 落地 实施 确保 年内 见到 成效 稳步 推进 产能 建设 生产 运营 秩序 正常 面对 复杂 的 外部 经营 环境 积极 应对 努力 克服 不利因素 影响 坚持 创新 驱动 发展 战略 持续 加大 研发 投入 研发 费用 增长 较 快 表示 要 立即 扭转 当前 被动局面 实现 业绩 快速 回升 在 新 材料 新工艺 方向 的 前瞻性 研发 布局 取得 阶段性 成果 积极 拓展 国内外 市场 客户 结构 与 订单 质量 进一步 改善 宏观 经济波动 与 行业 竞争 加剧 可能 对 公司业绩 产生 不利 影响 报告 期内 围绕 经营 计划 扎实 推进 各项 重点 工作 总体 经营 情况 保持稳定 为 完成 全年 目标 将 投机 调整 产品 定价 策略 抢占市场 份额 稳步 推进 产能 建设 生产 运营 秩序 正常 汇率 波动 及 贸易 环境 变化 对 海外 业务 构成 一定 不确定性 持续 优化 产品 结构 深化 渠道 建设 收入 实现 稳健 增长 宏观 经济波动 与 行业 竞争 加剧 可能 对 公司业绩 产生 不利 影响 稳步 推进 产能 建设 生产 运营 秩序 正常 二零二 四年 四月
000037,2023,16,171,有限公司 年 年度报告 讨论 与 分析 模拟 文本 报告 期内 围绕 经营 计划 扎实 推进 各项 重点 工作 总体 经营 情况 保持稳定 宏观 经济波动 与 行业 竞争 加剧 可能 对 公司业绩 产生 不利 影响 稳步 推进 产能 建设 生产 运营 秩序 正常 可能 面临 原材料 价格 波动 市场需求 不及 预期 等 风险 持续 优化 产品 结构 深化 渠道 建设 收入 实现 稳健 增长 高度重视 安全 生产 与 质量 管理体系 运行 情况 良好 积极 拓展 国内外 市场 客户 结构 与 订单 质量 进一步 改善 积极 拓展 国内外 市场 客户 结构 与 订单 质量 进一步 改善 将 今年 推进 重点项目 的 落地 实施 确保 年内 见到 成效 与 高校 科研院所 共建 联合 实验室 推进 产学研 协同 创新 要求 各 事业部 杀鸡取卵 消化 库存 回笼资金 缓解 业绩 压力 在 新 材料 新工艺 方向 的 前瞻性 研发 布局 取得 阶段性 成果 围绕 核心技术 开展 攻关 新 申请专利 数量 保持稳定 增长 加强 成本 管控 提升 运营 效率 毛利率 水平 保持 基本 平稳 加大 研发 人才 引进 力度 研发 人员 占 比 稳步 提升 二零二 四年 四月
000040,2019,21,215,有限公司 年 年度报告 讨论 与 分析 模拟 文本 进一步 完善 治理 结构 规范 运作 信息 真实 准确 完整 现今 布局 热门 赛道 力求 现今 形成 新 的 利润 增长点 加强 成本 管控 提升 运营 效率 毛利率 水平 保持 基本 平稳 认为 当前 窗口 稍纵即逝 必须 现今 扩大 产能 投放 与 高校 科研院所 共建 联合 实验室 推进 产学研 协同 创新 可能 面临 原材料 价格 波动 市场需求 不及 预期 等 风险 持续 优化 产品 结构 深化 渠道 建设 收入 实现 稳健 增长 积极 拓展 国内外 市场 客户 结构 与 订单 质量 进一步 改善 积极 拓展 国内外 市场 客户 结构 与 订单 质量 进一步 改善 目前 布局 热门 赛道 力求 目前 形成 新 的 利润 增长点 加大 研发 人才 引进 力度 研发 人员 占 比 稳步 提升 加强 成本 管控 提升 运营 效率 毛利率 水平 保持 基本 平稳 汇率 波动 及 贸易 环境 变化 对 海外 业务 构成 一定 不确定性 与 高校 科研院所 共建 联合 实验室 推进 产学研 协同 创新 抓紧 回笼资金 以 应对 眼前 的 流动性 压力 表示 要 赶快 扭转 当前 被动局面 实现 业绩 快速 回升 稳步 推进 产能 建设 生产 运营 秩序 正常 宏观 经济波动 与 行业 竞争 加剧 可能 对 公司业绩 产生 不利 影响 稳步 推进 产能 建设 生产 运营 秩序 正常 高度重视 安全 生产 与 质量 管理体系 运行 情况 良好 二零二 四年 四月
000040,2020,16,178,有限公司 年 年度报告 讨论 与 分析 模拟 文本 要求 各 事业部 迫在眉睫 消化 库存 回笼资金 缓解 业绩 压力 报告 期内 围绕 经营 计划 扎实 推进 各项 重点 工作 总体 经营 情况 保持稳定 稳步 推进 产能 建设 生产 运营 秩序 正常 加大 研发 人才 引进 力度 研发 人员 占 比 稳步 提升 加强 成本 管控 提升 运营 效率 毛利率 水平 保持 基本 平稳 进一步 完善 治理 结构 规范 运作 信息 真实 准确 完整 为 完成 全年 目标 将 急功近利 调整 产品 定价 策略 抢占市场 份额 争分夺秒 布局 热门 赛道 力求 争分夺秒 形成 新 的 利润 增长点 持续 优化 产品 结构 深化 渠道 建设 收入 实现 稳健 增长 报告 期内 围绕 经营 计划 扎实 推进 各项 重点 工作 总体 经营 情况 保持稳定 持续 优化 产品 结构 深化 渠道 建设 收入 实现 稳健 增长 报告 期内 围绕 经营 计划 扎实 推进 各项 重点 工作 总体 经营 情况 保持稳定 马上 布局 热门 赛道 力求 马上 形成 新 的 利润 增长点 可能 面临 原材料 价格 波动 市场需求 不及 预期 等 风险 围绕 核心技术 开展 攻关 新 申请专利 数量 保持稳定 增长 二零二 四年 四月
000040,2021,17,185,有限公司 年 年度报告 讨论 与 分析 模拟 文本 报告 期内 围绕 经营 计划 扎实 推进 各项 重点 工作 总体 经营 情况 保持稳定 围绕 核心技术 开展 攻关 新 申请专利 数量 保持稳定 增长 短期 回笼资金 以 应对 眼前 的 流动性 压力 加强 成本 管控 提升 运营 效率 毛利率 水平 保持 基本 平稳 宏观 经济波动 与 行业 竞争 加剧 可能 对 公司业绩 产生 不利 影响 报告 期内 围绕 经营 计划 扎实 推进 各项 重点 工作 总体 经营 情况 保持稳定 面对 复杂 的 外部 经营 环境 积极 应对 努力 克服 不利因素 影响 在 新 材料 新工艺 方向 的 前瞻性 研发 布局 取得 阶段性 成果 要求 各 事业部 饮鸩止渴 消化 库存 回笼资金 缓解 业绩 压力 与 高校 科研院所 共建 联合 实验室 推进 产学研 协同 创新 进一步 完善 治理 结构 规范 运作 信息 真实 准确 完整 持续 优化 产品 结构 深化 渠道 建设 收入 实现 稳健 增长 认为 当前 窗口 稍纵即逝 必须 尽快 扩大 产能 投放 饮鸩止渴 布局 热门 赛道 力求 饮鸩止渴 形成 新 的 利润 增长点 汇率 波动 及 贸易 环境 变化 对 海外 业务 构成 一定 不确定性 认为 当前 窗口 稍纵即逝 必须 加快 扩大 产能 投放 二零二 四年 四月
000040,2022,19,200,有限公司 年 年度报告 讨论 与 分析 模拟 文本 汇率 波动 及 贸易 环境 变化 对 海外 业务 构成 一定 不确定性 加强 成本 管控 提升 运营 效率 毛利率 水平 保持 基本 平稳 在 新 材料 新工艺 方向 的 前瞻性 研发 布局 取得 阶段性 成果 可能 面临 原材料 价格 波动 市场需求 不及 预期 等 风险 要求 各 事业部 近期 消化 库存 回笼资金 缓解 业绩 压力 要求 各 事业部 短期 回报 消化 库存 回笼资金 缓解 业绩 压力 加强 成本 管控 提升 运营 效率 毛利率 水平 保持 基本 平稳 高度重视 安全 生产 与 质量 管理体系 运行 情况 良好 积极 拓展 国内外 市场 客户 结构 与 订单 质量 进一步 改善 在 新 材料 新工艺 方向 的 前瞻性 研发 布局 取得 阶段性 成果 面对 复杂 的 外部 经营 环境 积极 应对 努力 克服 不利因素 影响 高度重视 安全 生产 与 质量 管理体系 运行 情况 良好 快速 见效 布局 热门 赛道 力求 快速 见效 形成 新 的 利润 增长点 可能 面临 原材料 价格 波动 市场需求 不及 预期 等 风险 稳步 推进 产能 建设 生产 运营 秩序 正常 高度重视 安全 生产 与 质量 管理体系 运行 情况 良好 稳步 推进 产能 建设 生产 运营 秩序 正常 将 速成 推进 重点项目 的 落地 实施 确保 年内 见到 成效 二零二 四年 四月
000040,2023,16,169,有限公司 年 年度报告 讨论 与 分析 模拟 文本 稳步 推进 产能 建设 生产 运营 秩序 正常 积极 拓展 国内外 市场 客户 结构 与 订单 质量 进一步 改善 将 采取 权宜之计 压缩 各项 开支 以 确保 急功近利 兑现 业绩 承诺 眼前 回笼资金 以 应对 眼前 的 流动性 压力 积极 拓展 国内外 市场 客户 结构 与 订单 质量 进一步 改善 面对 复杂 的 外部 经营 环境 积极 应对 努力 克服 不利因素 影响 认为 当前 窗口 稍纵即逝 必须 权宜之计 扩大 产能 投放 加大 研发 人才 引进 力度 研发 人员 占 比 稳步 提升 宏观 经济波动 与 行业 竞争 加剧 可能 对 公司业绩 产生 不利 影响 积极 拓展 国内外 市场 客户 结构 与 订单 质量 进一步 改善 汇率 波动 及 贸易 环境 变化 对 海外 业务 构成 一定 不确定性 将 赶快 推进 重点项目 的 落地 实施 确保 年内 见到 成效 进一步 完善 治理 结构 规范 运作 信息 真实 准确 完整 积极 拓展 国内外 市场 客户 结构 与 订单 质量 进一步 改善 围绕 核心技术 开展 攻关 新 申请专利 数量 保持稳定 增长 二零二 四年 四月
000043,2019,18,181,有限公司 年 年度报告 讨论 与 分析 模拟 文本 将 采取 权宜之计 压缩 各项 开支 以 确保 短期 利益 兑现 业绩 承诺 持续 优化 产品 结构 深化 渠道 建设 收入 实现 稳健 增长 急需 回笼资金 以 应对 眼前 的 流动性 压力 稳步 推进 产能 建设 生产 运营 秩序 正常 高度重视 安全 生产 与 质量 管理体系 运行 情况 良好 围绕 核心技术 开展 攻关 新 申请专利 数量 保持稳定 增长 汇率 波动 及 贸易 环境 变化 对 海外 业务 构成 一定 不确定性 进一步 完善 治理 结构 规范 运作 信息 真实 准确 完整 面对 复杂 的 外部 经营 环境 积极 应对 努力 克服 不利因素 影响 稳步 推进 产能 建设 生产 运营 秩序 正常 加强 成本 管控 提升 运营 效率 毛利率 水平 保持 基本 平稳 围绕 核心技术 开展 攻关 新 申请专利 数量 保持稳定 增长 在 新 材料 新工艺 方向 的 前瞻性 研发 布局 取得 阶段性 成果 稳步 推进 产能 建设 生产 运营 秩序 正常 高度重视 安全 生产 与 质量 管理体系 运行 情况 良好 宏观 经济波动 与 行业 竞争 加剧 可能 对 公司业绩 产生 不利 影响 认为 当前 窗口 稍纵即逝 必须 早日 扩大 产能 投放 二零二 四年 四月
000043,2020,17,185,有限公司 年 年度报告 讨论 与 分析 模拟 文本 报告 期内 围绕 经营 计划 扎实 推进 各项 重点 工作 总体 经营 情况 保持稳定 要求 各 事业部 近期 消化 库存 回笼资金 缓解 业绩 压力 围绕 核心技术 开展 攻关 新 申请专利 数量 保持稳定 增长 稳步 推进 产能 建设 生产 运营 秩序 正常 可能 面临 原材料 价格 波动 市场需求 不及 预期 等 风险 在 新 材料 新工艺 方向 的 前瞻性 研发 布局 取得 阶段性 成果 积极 拓展 国内外 市场 客户 结构 与 订单 质量 进一步 改善 积极 拓展 国内外 市场 客户 结构 与 订单 质量 进一步 改善 可能 面临 原材料 价格 波动 市场需求 不及 预期 等 风险 为 完成 全年 目标 将 急需 调整 产品 定价 策略 抢占市场 份额 积极 拓展 国内外 市场 客户 结构 与 订单 质量 进一步 改善 坚持 创新 驱动 发展 战略 持续 加大 研发 投入 研发 费用 增长 较 快 加强 成本 管控 提升 运营 效率 毛利率 水平 保持 基本 平稳 面对 复杂 的 外部 经营 环境 积极 应对 努力 克服 不利因素 影响 进一步 完善 治理 结构 规范 运作 信息 真实 准确 完整 高度重视 安全 生产 与 质量 管理体系 运行 情况 良好 二零二 四年 四月
000043,2021,16,180,有限公司 年 年度报告 讨论 与 分析 模拟 文本 面对 复杂 的 外部 经营 环境 积极 应对 努力 克服 不利因素 影响 表示 要 应急 扭转 当前 被动局面 实现 业绩 快速 回升 短期 回笼资金 以 应对 眼前 的 流动性 压力 加大 研发 人才 引进 力度 研发 人员 占 比 稳步 提升 将 早日 推进 重点项目 的 落地 实施 确保 年内 见到 成效 积极 拓展 国内外 市场 客户 结构 与 订单 质量 进一步 改善 加强 成本 管控 提升 运营 效率 毛利率 水平 保持 基本 平稳 宏观 经济波动 与 行业 竞争 加剧 可能 对 公司业绩 产生 不利 影响 高度重视 安全 生产 与 质量 管理体系 运行 情况 良好 进一步 完善 治理 结构 规范 运作 信息 真实 准确 完整 报告 期内 围绕 经营 计划 扎实 推进 各项 重点 工作 总体 经营 情况 保持稳定 宏观 经济波动 与 行业 竞争 加剧 可能 对 公司业绩 产生 不利 影响 坚持 创新 驱动 发展 战略 持续 加大 研发 投入 研发 费用 增长 较 快 报告 期内 围绕 经营 计划 扎实 推进 各项 重点 工作 总体 经营 情况 保持稳定 与 高校 科研院所 共建 联合 实验室 推进 产学研 协同 创新 二零二 四年 四月
000043,2022,15,159,有限公司 年 年度报告 讨论 与 分析 模拟 文本 认为 当前 窗口 稍纵即逝 必须 短期 收益 扩大 产能 投放 在 新 材料 新工艺 方向 的 前瞻性 研发 布局 取得 阶段性 成果 表示 要 只争朝夕 扭转 当前 被动局面 实现 业绩 快速 回升 表示 要 今年 扭转 当前 被动局面 实现 业绩 快速 回升 稳步 推进 产能 建设 生产 运营 秩序 正常 积极 拓展 国内外 市场 客户 结构 与 订单 质量 进一步 改善 高度重视 安全 生产 与 质量 管理体系 运行 情况 良好 认为 当前 窗口 稍纵即逝 必须 眼下 扩大 产能 投放 面对 复杂 的 外部 经营 环境 积极 应对 努力 克服 不利因素 影响 汇率 波动 及 贸易 环境 变化 对 海外 业务 构成 一定 不确定性 在 新 材料 新工艺 方向 的 前瞻性 研发 布局 取得 阶段性 成果 加强 成本 管控 提升 运营 效率 毛利率 水平 保持 基本 平稳 加强 成本 管控 提升 运营 效率 毛利率 水平 保持 基本 平稳 加强 成本 管控 提升 运营 效率 毛利率 水平 保持 基本 平稳 二零二 四年 四月
000043,2023,18,189,有限公司 年 年度报告 讨论 与 分析 模拟 文本 报告 期内 围绕 经营 计划 扎实 推进 各项 重点 工作 总体 经营 情况 保持稳定 可能 面临 原材料 价格 波动 市场需求 不及 预期 等 风险 表示 要 争分夺秒 扭转 当前 被动局面 实现 业绩 快速 回升 表示 要 近期 扭转 当前 被动局面 实现 业绩 快速 回升 稳步 推进 产能 建设 生产 运营 秩序 正常 加大 研发 人才 引进 力度 研发 人员 占 比 稳步 提升 坚持 创新 驱动 发展 战略 持续 加大 研发 投入 研发 费用 增长 较 快 加强 成本 管控 提升 运营 效率 毛利率 水平 保持 基本 平稳 持续 优化 产品 结构 深化 渠道 建设 收入 实现 稳健 增长 进一步 完善 治理 结构 规范 运作 信息 真实 准确 完整 加强 成本 管控 提升 运营 效率 毛利率 水平 保持 基本 平稳 表示 要 杀鸡取卵 扭转 当前 被动局面 实现 业绩 快速 回升 汇率 波动 及 贸易 环境 变化 对 海外 业务 构成 一定 不确定性 眼下 回笼资金 以 应对 眼前 的 流动性 压力 持续 优化 产品 结构 深化 渠道 建设 收入 实现 稳健 增长 稳步 推进 产能 建设 生产 运营 秩序 正常 围绕 核心技术 开展 攻关 新 申请专利 数量 保持稳定 增长 二零二 四年 四月
000046,2019,22,243,有限公司 年 年度报告 讨论 与 分析 模拟 文本 加强 成本 管控 提升 运营 效率 毛利率 水平 保持 基本 平稳 报告 期内 围绕 经营 计划 扎实 推进 各项 重点 工作 总体 经营 情况 保持稳定 高度重视 安全 生产 与 质量 管理体系 运行 情况 良好 汇率 波动 及 贸易 环境 变化 对 海外 业务 构成 一定 不确定性 汇率 波动 及 贸易 环境 变化 对 海外 业务 构成 一定 不确定性 坚持 创新 驱动 发展 战略 持续 加大 研发 投入 研发 费用 增长 较 快 进一步 完善 治理 结构 规范 运作 信息 真实 准确 完整 要求 各 事业部 立竿见影 消化 库存 回笼资金 缓解 业绩 压力 持续 优化 产品 结构 深化 渠道 建设 收入 实现 稳健 增长 为 完成 全年 目标 将 抓紧 调整 产品 定价 策略 抢占市场 份额 与 高校 科研院所 共建 联合 实验室 推进 产学研 协同 创新 可能 面临 原材料 价格 波动 市场需求 不及 预期 等 风险 加强 成本 管控 提升 运营 效率 毛利率 水平 保持 基本 平稳 进一步 完善 治理 结构 规范 运作 信息 真实 准确 完整 表示 要 投机 扭转 当前 被动局面 实现 业绩 快速 回升 早日 布局 热门 赛道 力求 早日 形成 新 的 利润 增长点 积极 拓展 国内外 市场 客户 结构 与 订单 质量 进一步 改善 将 采取 权宜之计 压缩 各项 开支 以 确保 急功近利 兑现 业绩 承诺 表示 要 只争朝夕 扭转 当前 被动局面 实现 业绩 快速 回升 稳步 推进 产能 建设 生产 运营 秩序 正常 坚持 创新 驱动 发展 战略 持续 加大 研发 投入 研发 费用 增长 较 快 二零二 四年 四月
000046,2020,16,165,有限公司 年 年度报告 讨论 与 分析 模拟 文本 稳步 推进 产能 建设 生产 运营 秩序 正常 持续 优化 产品 结构 深化 渠道 建设 收入 实现 稳健 增长 在 新 材料 新工艺 方向 的 前瞻性 研发 布局 取得 阶段性 成果 表示 要 早日 扭转 当前 被动局面 实现 业绩 快速 回升 稳步 推进 产能 建设 生产 运营 秩序 正常 为 完成 全年 目标 将 竭泽而渔 调整 产品 定价 策略 抢占市场 份额 在 新 材料 新工艺 方向 的 前瞻性 研发 布局 取得 阶段性 成果 认为 当前 窗口 稍纵即逝 必须 急功近利 扩大 产能 投放 汇率 波动 及 贸易 环境 变化 对 海外 业务 构成 一定 不确定性 加强 成本 管控 提升 运营 效率 毛利率 水平 保持 基本 平稳 积极 拓展 国内外 市场 客户 结构 与 订单 质量 进一步 改善 可能 面临 原材料 价格 波动 市场需求 不及 预期 等 风险 可能 面临 原材料 价格 波动 市场需求 不及 预期 等 风险 稳步 推进 产能 建设 生产 运营 秩序 正常 要求 各 事业部 赶快 消化 库存 回笼资金 缓解 业绩 压力 二零二 四年 四月
000046,2021,16,167,有限公司 年 年度报告 讨论 与 分析 模拟 文本 进一步 完善 治理 结构 规范 运作 信息 真实 准确 完整 与 高校 科研院所 共建 联合 实验室 推进 产学研 协同 创新 汇率 波动 及 贸易 环境 变化 对 海外 业务 构成 一定 不确定性 积极 拓展 国内外 市场 客户 结构 与 订单 质量 进一步 改善 要求 各 事业部 分秒必争 消化 库存 回笼资金 缓解 业绩 压力 积极 拓展 国内外 市场 客户 结构 与 订单 质量 进一步 改善 高度重视 安全 生产 与 质量 管理体系 运行 情况 良好 将 分秒必争 推进 重点项目 的 落地 实施 确保 年内 见到 成效 加大 研发 人才 引进 力度 研发 人员 占 比 稳步 提升 如今 布局 热门 赛道 力求 如今 形成 新 的 利润 增长点 进一步 完善 治理 结构 规范 运作 信息 真实 准确 完整 为 完成 全年 目标 将 时不我待 调整 产品 定价 策略 抢占市场 份额 高度重视 安全 生产 与 质量 管理体系 运行 情况 良好 积极 拓展 国内外 市场 客户 结构 与 订单 质量 进一步 改善 稳步 推进 产能 建设 生产 运营 秩序 正常 二零二 四年 四月
000046,2022,17,187,有限公司 年 年度报告 讨论 与 分析 模拟 文本 早日 回笼资金 以 应对 眼前 的 流动性 压力 宏观 经济波动 与 行业 竞争 加剧 可能 对 公司业绩 产生 不利 影响 报告 期内 围绕 经营 计划 扎实 推进 各项 重点 工作 总体 经营 情况 保持稳定 持续 优化 产品 结构 深化 渠道 建设 收入 实现 稳健 增长 持续 优化 产品 结构 深化 渠道 建设 收入 实现 稳健 增长 宏观 经济波动 与 行业 竞争 加剧 可能 对 公司业绩 产生 不利 影响 面对 复杂 的 外部 经营 环境 积极 应对 努力 克服 不利因素 影响 将 迫在眉睫 推进 重点项目 的 落地 实施 确保 年内 见到 成效 稳步 推进 产能 建设 生产 运营 秩序 正常 持续 优化 产品 结构 深化 渠道 建设 收入 实现 稳健 增长 在 新 材料 新工艺 方向 的 前瞻性 研发 布局 取得 阶段性 成果 稳步 推进 产能 建设 生产 运营 秩序 正常 与 高校 科研院所 共建 联合 实验室 推进 产学研 协同 创新 为 完成 全年 目标 将 投机 调整 产品 定价 策略 抢占市场 份额 在 新 材料 新工艺 方向 的 前瞻性 研发 布局 取得 阶段性 成果 将 采取 权宜之计 压缩 各项 开支 以 确保 只争朝夕 兑现 业绩 承诺 二零二 四年 四月
000046,2023,15,155,有限公司 年 年度报告 讨论 与 分析 模拟 文本 杀鸡取卵 回笼资金 以 应对 眼前 的 流动性 压力 立即 回笼资金 以 应对 眼前 的 流动性 压力 稳步 推进 产能 建设 生产 运营 秩序 正常 持续 优化 产品 结构 深化 渠道 建设 收入 实现 稳健 增长 可能 面临 原材料 价格 波动 市场需求 不及 预期 等 风险 加强 成本 管控 提升 运营 效率 毛利率 水平 保持 基本 平稳 面对 复杂 的 外部 经营 环境 积极 应对 努力 克服 不利因素 影响 围绕 核心技术 开展 攻关 新 申请专利 数量 保持稳定 增长 在 新 材料 新工艺 方向 的 前瞻性 研发 布局 取得 阶段性 成果 汇率 波动 及 贸易 环境 变化 对 海外 业务 构成 一定 不确定性 宏观 经济波动 与 行业 竞争 加剧 可能 对 公司业绩 产生 不利 影响 稳步 推进 产能 建设 生产 运营 秩序 正常 将 采取 权宜之计 压缩 各项 开支 以 确保 现今 兑现 业绩 承诺 积极 拓展 国内外 市场 客户 结构 与 订单 质量 进一步 改善 二零二 四年 四月
000049,2019,15,162,有限公司 年 年度报告 讨论 与 分析 模拟 文本 加强 成本 管控 提升 运营 效率 毛利率 水平 保持 基本 平稳 表示 要 快速 见效 扭转 当前 被动局面 实现 业绩 快速 回升 持续 优化 产品 结构 深化 渠道 建设 收入 实现 稳健 增长 在 新 材料 新工艺 方向 的 前瞻性 研发 布局 取得 阶段性 成果 要求 各 事业部 只争朝夕 消化 库存 回笼资金 缓解 业绩 压力 持续 优化 产品 结构 深化 渠道 建设 收入 实现 稳健 增长 稳步 推进 产能 建设 生产 运营 秩序 正常 将 采取 权宜之计 压缩 各项 开支 以 确保 短期 回报 兑现 业绩 承诺 面对 复杂 的 外部 经营 环境 积极 应对 努力 克服 不利因素 影响 加大 研发 人才 引进 力度 研发 人员 占 比 稳步 提升 稳步 推进 产能 建设 生产 运营 秩序 正常 将 马上 推进 重点项目 的 落地 实施 确保 年内 见到 成效 可能 面临 原材料 价格 波动 市场需求 不及 预期 等 风险 面对 复杂 的 外部 经营 环境 积极 应对 努力 克服 不利因素 影响 二零二 四年 四月
000049,2020,17,192,有限公司 年 年度报告 讨论 与 分析 模拟 文本 报告 期内 围绕 经营 计划 扎实 推进 各项 重点 工作 总体 经营 情况 保持稳定 要求 各 事业部 尽快 消化 库存 回笼资金 缓解 业绩 压力 如今 布局 热门 赛道 力求 如今 形成 新 的 利润 增长点 加强 成本 管控 提升 运营 效率 毛利率 水平 保持 基本 平稳 进一步 完善 治理 结构 规范 运作 信息 真实 准确 完整 宏观 经济波动 与 行业 竞争 加剧 可能 对 公司业绩 产生 不利 影响 现今 回笼资金 以 应对 眼前 的 流动性 压力 表示 要 快速 见效 扭转 当前 被动局面 实现 业绩 快速 回升 进一步 完善 治理 结构 规范 运作 信息 真实 准确 完整 面对 复杂 的 外部 经营 环境 积极 应对 努力 克服 不利因素 影响 坚持 创新 驱动 发展 战略 持续 加大 研发 投入 研发 费用 增长 较 快 进一步 完善 治理 结构 规范 运作 信息 真实 准确 完整 加强 成本 管控 提升 运营 效率 毛利率 水平 保持 基本 平稳 马上 布局 热门 赛道 力求 马上 形成 新 的 利润 增长点 坚持 创新 驱动 发展 战略 持续 加大 研发 投入 研发 费用 增长 较 快 宏观 经济波动 与 行业 竞争 加剧 可能 对 公司业绩 产生 不利 影响 二零二 四年 四月
000049,2021,19,208,有限公司 年 年度报告 讨论 与 分析 模拟 文本 将 采取 权宜之计 压缩 各项 开支 以 确保 今年 兑现 业绩 承诺 将 采取 权宜之计 压缩 各项 开支 以 确保 尽快 兑现 业绩 承诺 稳步 推进 产能 建设 生产 运营 秩序 正常 与 高校 科研院所 共建 联合 实验室 推进 产学研 协同 创新 进一步 完善 治理 结构 规范 运作 信息 真实 准确 完整 与 高校 科研院所 共建 联合 实验室 推进 产学研 协同 创新 报告 期内 围绕 经营 计划 扎实 推进 各项 重点 工作 总体 经营 情况 保持稳定 报告 期内 围绕 经营 计划 扎实 推进 各项 重点 工作 总体 经营 情况 保持稳定 积极 拓展 国内外 市场 客户 结构 与 订单 质量 进一步 改善 汇率 波动 及 贸易 环境 变化 对 海外 业务 构成 一定 不确定性 坚持 创新 驱动 发展 战略 持续 加大 研发 投入 研发 费用 增长 较 快 为 完成 全年 目标 将 短期 调整 产品 定价 策略 抢占市场 份额 高度重视 安全 生产 与 质量 管理体系 运行 情况 良好 汇率 波动 及 贸易 环境 变化 对 海外 业务 构成 一定 不确定性 积极 拓展 国内外 市场 客户 结构 与 订单 质量 进一步 改善 稳步 推进 产能 建设 生产 运营 秩序 正常 稳步 推进 产能 建设 生产 运营 秩序 正常 要求 各 事业部 投机 消化 库存 回笼资金 缓解 业绩 压力 二零二 四年 四月
000049,2022,19,222,有限公司 年 年度报告 讨论 与 分析 模拟 文本 要求 各 事业部 急于求成 消化 库存 回笼资金 缓解 业绩 压力 坚持 创新 驱动 发展 战略 持续 加大 研发 投入 研发 费用 增长 较 快 面对 复杂 的 外部 经营 环境 积极 应对 努力 克服 不利因素 影响 宏观 经济波动 与 行业 竞争 加剧 可能 对 公司业绩 产生 不利 影响 高度重视 安全 生产 与 质量 管理体系 运行 情况 良好 将 采取 权宜之计 压缩 各项 开支 以 确保 急需 兑现 业绩 承诺 与 高校 科研院所 共建 联合 实验室 推进 产学研 协同 创新 进一步 完善 治理 结构 规范 运作 信息 真实 准确 完整 为 完成 全年 目标 将 急需 调整 产品 定价 策略 抢占市场 份额 坚持 创新 驱动 发展 战略 持续 加大 研发 投入 研发 费用 增长 较 快 报告 期内 围绕 经营 计划 扎实 推进 各项 重点 工作 总体 经营 情况 保持稳定 汇率 波动 及 贸易 环境 变化 对 海外 业务 构成 一定 不确定性 表示 要 竭泽而渔 扭转 当前 被动局面 实现 业绩 快速 回升 报告 期内 围绕 经营 计划 扎实 推进 各项 重点 工作 总体 经营 情况 保持稳定 将 采取 权宜之计 压缩 各项 开支 以 确保 短期 利益 兑现 业绩 承诺 可能 面临 原材料 价格 波动 市场需求 不及 预期 等 风险 面对 复杂 的 外部 经营 环境 积极 应对 努力 克服 不利因素 影响 持续 优化 产品 结构 深化 渠道 建设 收入 实现 稳健 增长 二零二 四年 四月
000049,2023,16,168,有限公司 年 年度报告 讨论 与 分析 模拟 文本 加大 研发 人才 引进 力度 研发 人员 占 比 稳步 提升 现今 布局 热门 赛道 力求 现今 形成 新 的 利润 增长点 进一步 完善 治理 结构 规范 运作 信息 真实 准确 完整 稳步 推进 产能 建设 生产 运营 秩序 正常 围绕 核心技术 开展 攻关 新 申请专利 数量 保持稳定 增长 面对 复杂 的 外部 经营 环境 积极 应对 努力 克服 不利因素 影响 报告 期内 围绕 经营 计划 扎实 推进 各项 重点 工作 总体 经营 情况 保持稳定 持续 优化 产品 结构 深化 渠道 建设 收入 实现 稳健 增长 高度重视 安全 生产 与 质量 管理体系 运行 情况 良好 在 新 材料 新工艺 方向 的 前瞻性 研发 布局 取得 阶段性 成果 尽快 回笼资金 以 应对 眼前 的 流动性 压力 为 完成 全年 目标 将 投机 调整 产品 定价 策略 抢占市场 份额 可能 面临 原材料 价格 波动 市场需求 不及 预期 等 风险 高度重视 安全 生产 与 质量 管理体系 运行 情况 良好 积极 拓展 国内外 市场 客户 结构 与 订单 质量 进一步 改善 二零二 四年 四月
000052,2019,15,163,有限公司 年 年度报告 讨论 与 分析 模拟 文本 稳步 推进 产能 建设 生产 运营 秩序 正常 认为 当前 窗口 稍纵即逝 必须 速胜 扩大 产能 投放 进一步 完善 治理 结构 规范 运作 信息 真实 准确 完整 稳步 推进 产能 建设 生产 运营 秩序 正常 面对 复杂 的 外部 经营 环境 积极 应对 努力 克服 不利因素 影响 宏观 经济波动 与 行业 竞争 加剧 可能 对 公司业绩 产生 不利 影响 汇率 波动 及 贸易 环境 变化 对 海外 业务 构成 一定 不确定性 进一步 完善 治理 结构 规范 运作 信息 真实 准确 完整 坚持 创新 驱动 发展 战略 持续 加大 研发 投入 研发 费用 增长 较 快 立竿见影 布局 热门 赛道 力求 立竿见影 形成 新 的 利润 增长点 要求 各 事业部 加快 消化 库存 回笼资金 缓解 业绩 压力 坚持 创新 驱动 发展 战略 持续 加大 研发 投入 研发 费用 增长 较 快 加强 成本 管控 提升 运营 效率 毛利率 水平 保持 基本 平稳 早日 布局 热门 赛道 力求 早日 形成 新 的 利润 增长点 二零二 四年 四月
000052,2020,16,167,有限公司 年 年度报告 讨论 与 分析 模拟 文本 积极 拓展 国内外 市场 客户 结构 与 订单 质量 进一步 改善 快速 见效 回笼资金 以 应对 眼前 的 流动性 压力 稳步 推进 产能 建设 生产 运营 秩序 正常 积极 拓展 国内外 市场 客户 结构 与 订单 质量 进一步 改善 汇率 波动 及 贸易 环境 变化 对 海外 业务 构成 一定 不确定性 积极 拓展 国内外 市场 客户 结构 与 订单 质量 进一步 改善 持续 优化 产品 结构 深化 渠道 建设 收入 实现 稳健 增长 表示 要 竭泽而渔 扭转 当前 被动局面 实现 业绩 快速 回升 加强 成本 管控 提升 运营 效率 毛利率 水平 保持 基本 平稳 稳步 推进 产能 建设 生产 运营 秩序 正常 加强 成本 管控 提升 运营 效率 毛利率 水平 保持 基本 平稳 在 新 材料 新工艺 方向 的 前瞻性 研发 布局 取得 阶段性 成果 在 新 材料 新工艺 方向 的 前瞻性 研发 布局 取得 阶段性 成果 认为 当前 窗口 稍纵即逝 必须 分秒必争 扩大 产能 投放 与 高校 科研院所 共建 联合 实验室 推进 产学研 协同 创新 二零二 四年 四月
000052,2021,17,188,有限公司 年 年度报告 讨论 与 分析 模拟 文本 稳步 推进 产能 建设 生产 运营 秩序 正常 高度重视 安全 生产 与 质量 管理体系 运行 情况 良好 要求 各 事业部 年内 消化 库存 回笼资金 缓解 业绩 压力 围绕 核心技术 开展 攻关 新 申请专利 数量 保持稳定 增长 积极 拓展 国内外 市场 客户 结构 与 订单 质量 进一步 改善 进一步 完善 治理 结构 规范 运作 信息 真实 准确 完整 高度重视 安全 生产 与 质量 管理体系 运行 情况 良好 为 完成 全年 目标 将 年内 调整 产品 定价 策略 抢占市场 份额 坚持 创新 驱动 发展 战略 持续 加大 研发 投入 研发 费用 增长 较 快 报告 期内 围绕 经营 计划 扎实 推进 各项 重点 工作 总体 经营 情况 保持稳定 为 完成 全年 目标 将 尽快 调整 产品 定价 策略 抢占市场 份额 面对 复杂 的 外部 经营 环境 积极 应对 努力 克服 不利因素 影响 争分夺秒 布局 热门 赛道 力求 争分夺秒 形成 新 的 利润 增长点 将 采取 权宜之计 压缩 各项 开支 以 确保 急功近利 兑现 业绩 承诺 可能 面临 原材料 价格 波动 市场需求 不及 预期 等 风险 报告 期内 围绕 经营 计划 扎实 推进 各项 重点 工作 总体 经营 情况 保持稳定 二零二 四年 四月
000052,2022,18,191,有限公司 年 年度报告 讨论 与 分析 模拟 文本 汇率 波动 及 贸易 环境 变化 对 海外 业务 构成 一定 不确定性 急于求成 回笼资金 以 应对 眼前 的 流动性 压力 围绕 核心技术 开展 攻关 新 申请专利 数量 保持稳定 增长 汇率 波动 及 贸易 环境 变化 对 海外 业务 构成 一定 不确定性 持续 优化 产品 结构 深化 渠道 建设 收入 实现 稳健 增长 在 新 材料 新工艺 方向 的 前瞻性 研发 布局 取得 阶段性 成果 面对 复杂 的 外部 经营 环境 积极 应对 努力 克服 不利因素 影响 报告 期内 围绕 经营 计划 扎实 推进 各项 重点 工作 总体 经营 情况 保持稳定 加强 成本 管控 提升 运营 效率 毛利率 水平 保持 基本 平稳 高度重视 安全 生产 与 质量 管理体系 运行 情况 良好 加强 成本 管控 提升 运营 效率 毛利率 水平 保持 基本 平稳 将 只争朝夕 推进 重点项目 的 落地 实施 确保 年内 见到 成效 认为 当前 窗口 稍纵即逝 必须 权宜之计 扩大 产能 投放 积极 拓展 国内外 市场 客户 结构 与 订单 质量 进一步 改善 稳步 推进 产能 建设 生产 运营 秩序 正常 持续 优化 产品 结构 深化 渠道 建设 收入 实现 稳健 增长 认为 当前 窗口 稍纵即逝 必须 马上 扩大 产能 投放 二零二 四年 四月
000052,2023,18,192,有限公司 年 年度报告 讨论 与 分析 模拟 文本 高度重视 安全 生产 与 质量 管理体系 运行 情况 良好 可能 面临 原材料 价格 波动 市场需求 不及 预期 等 风险 加强 成本 管控 提升 运营 效率 毛利率 水平 保持 基本 平稳 加强 成本 管控 提升 运营 效率 毛利率 水平 保持 基本 平稳 宏观 经济波动 与 行业 竞争 加剧 可能 对 公司业绩 产生 不利 影响 汇率 波动 及 贸易 环境 变化 对 海外 业务 构成 一定 不确定性 持续 优化 产品 结构 深化 渠道 建设 收入 实现 稳健 增长 认为 当前 窗口 稍纵即逝 必须 近期 扩大 产能 投放 稳步 推进 产能 建设 生产 运营 秩序 正常 加强 成本 管控 提升 运营 效率 毛利率 水平 保持 基本 平稳 短期 收益 布局 热门 赛道 力求 短期 收益 形成 新 的 利润 增长点 稳步 推进 产能 建设 生产 运营 秩序 正常 积极 拓展 国内外 市场 客户 结构 与 订单 质量 进一步 改善 持续 优化 产品 结构 深化 渠道 建设 收入 实现 稳健 增长 要求 各 事业部 权宜之计 消化 库存 回笼资金 缓解 业绩 压力 与 高校 科研院所 共建 联合 实验室 推进 产学研 协同 创新 坚持 创新 驱动 发展 战略 持续 加大 研发 投入 研发 费用 增长 较 快 二零二 四年 四月
000055,2019,17,192,有限公司 年 年度报告 讨论 与 分析 模拟 文本 为 完成 全年 目标 将 迫在眉睫 调整 产品 定价 策略 抢占市场 份额 稳步 推进 产能 建设 生产 运营 秩序 正常 汇率 波动 及 贸易 环境 变化 对 海外 业务 构成 一定 不确定性 积极 拓展 国内外 市场 客户 结构 与 订单 质量 进一步 改善 面对 复杂 的 外部 经营 环境 积极 应对 努力 克服 不利因素 影响 与 高校 科研院所 共建 联合 实验室 推进 产学研 协同 创新 积极 拓展 国内外 市场 客户 结构 与 订单 质量 进一步 改善 报告 期内 围绕 经营 计划 扎实 推进 各项 重点 工作 总体 经营 情况 保持稳定 汇率 波动 及 贸易 环境 变化 对 海外 业务 构成 一定 不确定性 宏观 经济波动 与 行业 竞争 加剧 可能 对 公司业绩 产生 不利 影响 进一步 完善 治理 结构 规范 运作 信息 真实 准确 完整 加大 研发 人才 引进 力度 研发 人员 占 比 稳步 提升 加强 成本 管控 提升 运营 效率 毛利率 水平 保持 基本 平稳 短期 利益 布局 热门 赛道 力求 短期 利益 形成 新 的 利润 增长点 与 高校 科研院所 共建 联合 实验室 推进 产学研 协同 创新 为 完成 全年 目标 将 分秒必争 调整 产品 定价 策略 抢占市场 份额 二零二 四年 四月
000055,2020,16,181,有限公司 年 年度报告 讨论 与 分析 模拟 文本 加强 成本 管控 提升 运营 效率 毛利率 水平 保持 基本 平稳 与 高校 科研院所 共建 联合 实验室 推进 产学研 协同 创新 将 立刻 推进 重点项目 的 落地 实施 确保 年内 见到 成效 积极 拓展 国内外 市场 客户 结构 与 订单 质量 进一步 改善 围绕 核心技术 开展 攻关 新 申请专利 数量 保持稳定 增长 进一步 完善 治理 结构 规范 运作 信息 真实 准确 完整 面对 复杂 的 外部 经营 环境 积极 应对 努力 克服 不利因素 影响 面对 复杂 的 外部 经营 环境 积极 应对 努力 克服 不利因素 影响 面对 复杂 的 外部 经营 环境 积极 应对 努力 克服 不利因素 影响 将 采取 权宜之计 压缩 各项 开支 以 确保 争分夺秒 兑现 业绩 承诺 将 采取 权宜之计 压缩 各项 开支 以 确保 权宜之计 兑现 业绩 承诺 宏观 经济波动 与 行业 竞争 加剧 可能 对 公司业绩 产生 不利 影响 报告 期内 围绕 经营 计划 扎实 推进 各项 重点 工作 总体 经营 情况 保持稳定 积极 拓展 国内外 市场 客户 结构 与 订单 质量 进一步 改善 加大 研发 人才 引进 力度 研发 人员 占 比 稳步 提升 二零二 四年 四月
000055,2021,17,194,有限公司 年 年度报告 讨论 与 分析 模拟 文本 持续 优化 产品 结构 深化 渠道 建设 收入 实现 稳健 增长 为 完成 全年 目标 将 速胜 调整 产品 定价 策略 抢占市场 份额 与 高校 科研院所 共建 联合 实验室 推进 产学研 协同 创新 报告 期内 围绕 经营 计划 扎实 推进 各项 重点 工作 总体 经营 情况 保持稳定 进一步 完善 治理 结构 规范 运作 信息 真实 准确 完整 面对 复杂 的 外部 经营 环境 积极 应对 努力 克服 不利因素 影响 坚持 创新 驱动 发展 战略 持续 加大 研发 投入 研发 费用 增长 较 快 高度重视 安全 生产 与 质量 管理体系 运行 情况 良好 只争朝夕 布局 热门 赛道 力求 只争朝夕 形成 新 的 利润 增长点 表示 要 马上 扭转 当前 被动局面 实现 业绩 快速 回升 加强 成本 管控 提升 运营 效率 毛利率 水平 保持 基本 平稳 报告 期内 围绕 经营 计划 扎实 推进 各项 重点 工作 总体 经营 情况 保持稳定 加强 成本 管控 提升 运营 效率 毛利率 水平 保持 基本 平稳 加大 研发 人才 引进 力度 研发 人员 占 比 稳步 提升 汇率 波动 及 贸易 环境 变化 对 海外 业务 构成 一定 不确定性 短期 布局 热门 赛道 力求 短期 形成 新 的 利润 增长点 二零二 四年 四月
000055,2022,17,192,有限公司 年 年度报告 讨论 与 分析 模拟 文本 将 一步到位 推进 重点项目 的 落地 实施 确保 年内 见到 成效 要求 各 事业部 时不我待 消化 库存 回笼资金 缓解 业绩 压力 进一步 完善 治理 结构 规范 运作 信息 真实 准确 完整 在 新 材料 新工艺 方向 的 前瞻性 研发 布局 取得 阶段性 成果 为 完成 全年 目标 将 杀鸡取卵 调整 产品 定价 策略 抢占市场 份额 加强 成本 管控 提升 运营 效率 毛利率 水平 保持 基本 平稳 进一步 完善 治理 结构 规范 运作 信息 真实 准确 完整 报告 期内 围绕 经营 计划 扎实 推进 各项 重点 工作 总体 经营 情况 保持稳定 进一步 完善 治理 结构 规范 运作 信息 真实 准确 完整 积极 拓展 国内外 市场 客户 结构 与 订单 质量 进一步 改善 坚持 创新 驱动 发展 战略 持续 加大 研发 投入 研发 费用 增长 较 快 可能 面临 原材料 价格 波动 市场需求 不及 预期 等 风险 可能 面临 原材料 价格 波动 市场需求 不及 预期 等 风险 稳步 推进 产能 建设 生产 运营 秩序 正常 报告 期内 围绕 经营 计划 扎实 推进 各项 重点 工作 总体 经营 情况 保持稳定 报告 期内 围绕 经营 计划 扎实 推进 各项 重点 工作 总体 经营 情况 保持稳定 二零二 四年 四月
000055,2023,17,185,有限公司 年 年度报告 讨论 与 分析 模拟 文本 加强 成本 管控 提升 运营 效率 毛利率 水平 保持 基本 平稳 可能 面临 原材料 价格 波动 市场需求 不及 预期 等 风险 宏观 经济波动 与 行业 竞争 加剧 可能 对 公司业绩 产生 不利 影响 一步到位 布局 热门 赛道 力求 一步到位 形成 新 的 利润 增长点 报告 期内 围绕 经营 计划 扎实 推进 各项 重点 工作 总体 经营 情况 保持稳定 稳步 推进 产能 建设 生产 运营 秩序 正常 将 采取 权宜之计 压缩 各项 开支 以 确保 当下 兑现 业绩 承诺 一步到位 布局 热门 赛道 力求 一步到位 形成 新 的 利润 增长点 在 新 材料 新工艺 方向 的 前瞻性 研发 布局 取得 阶段性 成果 将 迫在眉睫 推进 重点项目 的 落地 实施 确保 年内 见到 成效 稳步 推进 产能 建设 生产 运营 秩序 正常 坚持 创新 驱动 发展 战略 持续 加大 研发 投入 研发 费用 增长 较 快 认为 当前 窗口 稍纵即逝 必须 赶快 扩大 产能 投放 面对 复杂 的 外部 经营 环境 积极 应对 努力 克服 不利因素 影响 高度重视 安全 生产 与 质量 管理体系 运行 情况 良好 进一步 完善 治理 结构 规范 运作 信息 真实 准确 完整 二零二 四年 四月
000058,2019,14,150,有限公司 年 年度报告 讨论 与 分析 模拟 文本 宏观 经济波动 与 行业 竞争 加剧 可能 对 公司业绩 产生 不利 影响 进一步 完善 治理 结构 规范 运作 信息 真实 准确 完整 高度重视 安全 生产 与 质量 管理体系 运行 情况 良好 要求 各 事业部 年内 消化 库存 回笼资金 缓解 业绩 压力 应急 布局 热门 赛道 力求 应急 形成 新 的 利润 增长点 认为 当前 窗口 稍纵即逝 必须 早日 扩大 产能 投放 持续 优化 产品 结构 深化 渠道 建设 收入 实现 稳健 增长 要求 各 事业部 时不我待 消化 库存 回笼资金 缓解 业绩 压力 报告 期内 围绕 经营 计划 扎实 推进 各项 重点 工作 总体 经营 情况 保持稳定 围绕 核心技术 开展 攻关 新 申请专利 数量 保持稳定 增长 进一步 完善 治理 结构 规范 运作 信息 真实 准确 完整 与 高校 科研院所 共建 联合 实验室 推进 产学研 协同 创新 报告 期内 围绕 经营 计划 扎实 推进 各项 重点 工作 总体 经营 情况 保持稳定 二零二 四年 四月
000058,2020,14,155,有限公司 年 年度报告 讨论 与 分析 模拟 文本 将 采取 权宜之计 压缩 各项 开支 以 确保 争分夺秒 兑现 业绩 承诺 进一步 完善 治理 结构 规范 运作 信息 真实 准确 完整 认为 当前 窗口 稍纵即逝 必须 立刻 扩大 产能 投放 报告 期内 围绕 经营 计划 扎实 推进 各项 重点 工作 总体 经营 情况 保持稳定 认为 当前 窗口 稍纵即逝 必须 加快 扩大 产能 投放 高度重视 安全 生产 与 质量 管理体系 运行 情况 良好 持续 优化 产品 结构 深化 渠道 建设 收入 实现 稳健 增长 坚持 创新 驱动 发展 战略 持续 加大 研发 投入 研发 费用 增长 较 快 积极 拓展 国内外 市场 客户 结构 与 订单 质量 进一步 改善 报告 期内 围绕 经营 计划 扎实 推进 各项 重点 工作 总体 经营 情况 保持稳定 可能 面临 原材料 价格 波动 市场需求 不及 预期 等 风险 加大 研发 人才 引进 力度 研发 人员 占 比 稳步 提升 与 高校 科研院所 共建 联合 实验室 推进 产学研 协同 创新 二零二 四年 四月
000058,2021,19,213,有限公司 年 年度报告 讨论 与 分析 模拟 文本 报告 期内 围绕 经营 计划 扎实 推进 各项 重点 工作 总体 经营 情况 保持稳定 进一步 完善 治理 结构 规范 运作 信息 真实 准确 完整 在 新 材料 新工艺 方向 的 前瞻性 研发 布局 取得 阶段性 成果 坚持 创新 驱动 发展 战略 持续 加大 研发 投入 研发 费用 增长 较 快 表示 要 速成 扭转 当前 被动局面 实现 业绩 快速 回升 加强 成本 管控 提升 运营 效率 毛利率 水平 保持 基本 平稳 宏观 经济波动 与 行业 竞争 加剧 可能 对 公司业绩 产生 不利 影响 将 竭泽而渔 推进 重点项目 的 落地 实施 确保 年内 见到 成效 在 新 材料 新工艺 方向 的 前瞻性 研发 布局 取得 阶段性 成果 竭泽而渔 回笼资金 以 应对 眼前 的 流动性 压力 宏观 经济波动 与 行业 竞争 加剧 可能 对 公司业绩 产生 不利 影响 加大 研发 人才 引进 力度 研发 人员 占 比 稳步 提升 要求 各 事业部 时不我待 消化 库存 回笼资金 缓解 业绩 压力 进一步 完善 治理 结构 规范 运作 信息 真实 准确 完整 进一步 完善 治理 结构 规范 运作 信息 真实 准确 完整 面对 复杂 的 外部 经营 环境 积极 应对 努力 克服 不利因素 影响 面对 复杂 的 外部 经营 环境 积极 应对 努力 克服 不利因素 影响 积极 拓展 国内外 市场 客户 结构 与 订单 质量 进一步 改善 二零二 四年 四月
000058,2022,14,145,有限公司 年 年度报告 讨论 与 分析 模拟 文本 宏观 经济波动 与 行业 竞争 加剧 可能 对 公司业绩 产生 不利 影响 将 急需 推进 重点项目 的 落地 实施 确保 年内 见到 成效 认为 当前 窗口 稍纵即逝 必须 尽快 扩大 产能 投放 要求 各 事业部 如今 消化 库存 回笼资金 缓解 业绩 压力 与 高校 科研院所 共建 联合 实验室 推进 产学研 协同 创新 稳步 推进 产能 建设 生产 运营 秩序 正常 加强 成本 管控 提升 运营 效率 毛利率 水平 保持 基本 平稳 将 采取 权宜之计 压缩 各项 开支 以 确保 权宜之计 兑现 业绩 承诺 进一步 完善 治理 结构 规范 运作 信息 真实 准确 完整 进一步 完善 治理 结构 规范 运作 信息 真实 准确 完整 将 应急 推进 重点项目 的 落地 实施 确保 年内 见到 成效 高度重视 安全 生产 与 质量 管理体系 运行 情况 良好 积极 拓展 国内外 市场 客户 结构 与 订单 质量 进一步 改善 二零二 四年 四月
000058,2023,21,225,有限公司 年 年度报告 讨论 与 分析 模拟 文本 加快 回笼资金 以 应对 眼前 的 流动性 压力 面对 复杂 的 外部 经营 环境 积极 应对 努力 克服 不利因素 影响 持续 优化 产品 结构 深化 渠道 建设 收入 实现 稳健 增长 加强 成本 管控 提升 运营 效率 毛利率 水平 保持 基本 平稳 积极 拓展 国内外 市场 客户 结构 与 订单 质量 进一步 改善 加大 研发 人才 引进 力度 研发 人员 占 比 稳步 提升 认为 当前 窗口 稍纵即逝 必须 目前 扩大 产能 投放 与 高校 科研院所 共建 联合 实验室 推进 产学研 协同 创新 汇率 波动 及 贸易 环境 变化 对 海外 业务 构成 一定 不确定性 加大 研发 人才 引进 力度 研发 人员 占 比 稳步 提升 宏观 经济波动 与 行业 竞争 加剧 可能 对 公司业绩 产生 不利 影响 将 立刻 推进 重点项目 的 落地 实施 确保 年内 见到 成效 高度重视 安全 生产 与 质量 管理体系 运行 情况 良好 进一步 完善 治理 结构 规范 运作 信息 真实 准确 完整 加强 成本 管控 提升 运营 效率 毛利率 水平 保持 基本 平稳 面对 复杂 的 外部 经营 环境 积极 应对 努力 克服 不利因素 影响 面对 复杂 的 外部 经营 环境 积极 应对 努力 克服 不利因素 影响 早日 布局 热门 赛道 力求 早日 形成 新 的 利润 增长点 表示 要 尽快 扭转 当前 被动局面 实现 业绩 快速 回升 可能 面临 原材料 价格 波动 市场需求 不及 预期 等 风险 二零二 四年 四月
000061,2019,15,177,有限公司 年 年度报告 讨论 与 分析 模拟 文本 报告 期内 围绕 经营 计划 扎实 推进 各项 重点 工作 总体 经营 情况 保持稳定 加大 研发 人才 引进 力度 研发 人员 占 比 稳步 提升 报告 期内 围绕 经营 计划 扎实 推进 各项 重点 工作 总体 经营 情况 保持稳定 汇率 波动 及 贸易 环境 变化 对 海外 业务 构成 一定 不确定性 坚持 创新 驱动 发展 战略 持续 加大 研发 投入 研发 费用 增长 较 快 认为 当前 窗口 稍纵即逝 必须 抓紧 扩大 产能 投放 报告 期内 围绕 经营 计划 扎实 推进 各项 重点 工作 总体 经营 情况 保持稳定 表示 要 分秒必争 扭转 当前 被动局面 实现 业绩 快速 回升 汇率 波动 及 贸易 环境 变化 对 海外 业务 构成 一定 不确定性 认为 当前 窗口 稍纵即逝 必须 早日 扩大 产能 投放 报告 期内 围绕 经营 计划 扎实 推进 各项 重点 工作 总体 经营 情况 保持稳定 进一步 完善 治理 结构 规范 运作 信息 真实 准确 完整 积极 拓展 国内外 市场 客户 结构 与 订单 质量 进一步 改善 在 新 材料 新工艺 方向 的 前瞻性 研发 布局 取得 阶段性 成果 二零二 四年 四月
000061,2020,17,187,有限公司 年 年度报告 讨论 与 分析 模拟 文本 加大 研发 人才 引进 力度 研发 人员 占 比 稳步 提升 汇率 波动 及 贸易 环境 变化 对 海外 业务 构成 一定 不确定性 积极 拓展 国内外 市场 客户 结构 与 订单 质量 进一步 改善 急需 布局 热门 赛道 力求 急需 形成 新 的 利润 增长点 将 尽快 推进 重点项目 的 落地 实施 确保 年内 见到 成效 进一步 完善 治理 结构 规范 运作 信息 真实 准确 完整 在 新 材料 新工艺 方向 的 前瞻性 研发 布局 取得 阶段性 成果 面对 复杂 的 外部 经营 环境 积极 应对 努力 克服 不利因素 影响 宏观 经济波动 与 行业 竞争 加剧 可能 对 公司业绩 产生 不利 影响 面对 复杂 的 外部 经营 环境 积极 应对 努力 克服 不利因素 影响 早日 回笼资金 以 应对 眼前 的 流动性 压力 持续 优化 产品 结构 深化 渠道 建设 收入 实现 稳健 增长 将 短期内 推进 重点项目 的 落地 实施 确保 年内 见到 成效 可能 面临 原材料 价格 波动 市场需求 不及 预期 等 风险 坚持 创新 驱动 发展 战略 持续 加大 研发 投入 研发 费用 增长 较 快 稳步 推进 产能 建设 生产 运营 秩序 正常 二零二 四年 四月
000061,2021,18,200,有限公司 年 年度报告 讨论 与 分析 模拟 文本 高度重视 安全 生产 与 质量 管理体系 运行 情况 良好 可能 面临 原材料 价格 波动 市场需求 不及 预期 等 风险 在 新 材料 新工艺 方向 的 前瞻性 研发 布局 取得 阶段性 成果 面对 复杂 的 外部 经营 环境 积极 应对 努力 克服 不利因素 影响 饮鸩止渴 布局 热门 赛道 力求 饮鸩止渴 形成 新 的 利润 增长点 报告 期内 围绕 经营 计划 扎实 推进 各项 重点 工作 总体 经营 情况 保持稳定 坚持 创新 驱动 发展 战略 持续 加大 研发 投入 研发 费用 增长 较 快 进一步 完善 治理 结构 规范 运作 信息 真实 准确 完整 稳步 推进 产能 建设 生产 运营 秩序 正常 加强 成本 管控 提升 运营 效率 毛利率 水平 保持 基本 平稳 加强 成本 管控 提升 运营 效率 毛利率 水平 保持 基本 平稳 可能 面临 原材料 价格 波动 市场需求 不及 预期 等 风险 将 采取 权宜之计 压缩 各项 开支 以 确保 近期 兑现 业绩 承诺 面对 复杂 的 外部 经营 环境 积极 应对 努力 克服 不利因素 影响 汇率 波动 及 贸易 环境 变化 对 海外 业务 构成 一定 不确定性 积极 拓展 国内外 市场 客户 结构 与 订单 质量 进一步 改善 与 高校 科研院所 共建 联合 实验室 推进 产学研 协同 创新 二零二 四年 四月
000061,2022,17,182,有限公司 年 年度报告 讨论 与 分析 模拟 文本 稳步 推进 产能 建设 生产 运营 秩序 正常 在 新 材料 新工艺 方向 的 前瞻性 研发 布局 取得 阶段性 成果 进一步 完善 治理 结构 规范 运作 信息 真实 准确 完整 围绕 核心技术 开展 攻关 新 申请专利 数量 保持稳定 增长 高度重视 安全 生产 与 质量 管理体系 运行 情况 良好 高度重视 安全 生产 与 质量 管理体系 运行 情况 良好 宏观 经济波动 与 行业 竞争 加剧 可能 对 公司业绩 产生 不利 影响 进一步 完善 治理 结构 规范 运作 信息 真实 准确 完整 高度重视 安全 生产 与 质量 管理体系 运行 情况 良好 面对 复杂 的 外部 经营 环境 积极 应对 努力 克服 不利因素 影响 宏观 经济波动 与 行业 竞争 加剧 可能 对 公司业绩 产生 不利 影响 持续 优化 产品 结构 深化 渠道 建设 收入 实现 稳健 增长 表示 要 应急 扭转 当前 被动局面 实现 业绩 快速 回升 报告 期内 围绕 经营 计划 扎实 推进 各项 重点 工作 总体 经营 情况 保持稳定 坚持 创新 驱动 发展 战略 持续 加大 研发 投入 研发 费用 增长 较 快 要求 各 事业部 权宜之计 消化 库存 回笼资金 缓解 业绩 压力 二零二 四年 四月
000061,2023,15,166,有限公司 年 年度报告 讨论 与 分析 模拟 文本 积极 拓展 国内外 市场 客户 结构 与 订单 质量 进一步 改善 积极 拓展 国内外 市场 客户 结构 与 订单 质量 进一步 改善 积极 拓展 国内外 市场 客户 结构 与 订单 质量 进一步 改善 将 短期 利益 推进 重点项目 的 落地 实施 确保 年内 见到 成效 加大 研发 人才 引进 力度 研发 人员 占 比 稳步 提升 宏观 经济波动 与 行业 竞争 加剧 可能 对 公司业绩 产生 不利 影响 将 采取 权宜之计 压缩 各项 开支 以 确保 近期 兑现 业绩 承诺 稳步 推进 产能 建设 生产 运营 秩序 正常 权宜之计 回笼资金 以 应对 眼前 的 流动性 压力 加强 成本 管控 提升 运营 效率 毛利率 水平 保持 基本 平稳 高度重视 安全 生产 与 质量 管理体系 运行 情况 良好 为 完成 全年 目标 将 短期 利益 调整 产品 定价 策略 抢占市场 份额 坚持 创新 驱动 发展 战略 持续 加大 研发 投入 研发 费用 增长 较 快 在 新 材料 新工艺 方向 的 前瞻性 研发 布局 取得 阶段性 成果 二零二 四年 四月
000064,2019,16,171,有限公司 年 年度报告 讨论 与 分析 模拟 文本 与 高校 科研院所 共建 联合 实验室 推进 产学研 协同 创新 积极 拓展 国内外 市场 客户 结构 与 订单 质量 进一步 改善 进一步 完善 治理 结构 规范 运作 信息 真实 准确 完整 宏观 经济波动 与 行业 竞争 加剧 可能 对 公司业绩 产生 不利 影响 高度重视 安全 生产 与 质量 管理体系 运行 情况 良好 可能 面临 原材料 价格 波动 市场需求 不及 预期 等 风险 认为 当前 窗口 稍纵即逝 必须 急需 扩大 产能 投放 表示 要 早日 扭转 当前 被动局面 实现 业绩 快速 回升 进一步 完善 治理 结构 规范 运作 信息 真实 准确 完整 为 完成 全年 目标 将 争分夺秒 调整 产品 定价 策略 抢占市场 份额 面对 复杂 的 外部 经营 环境 积极 应对 努力 克服 不利因素 影响 加大 研发 人才 引进 力度 研发 人员 占 比 稳步 提升 在 新 材料 新工艺 方向 的 前瞻性 研发 布局 取得 阶段性 成果 表示 要 立竿见影 扭转 当前 被动局面 实现 业绩 快速 回升 面对 复杂 的 外部 经营 环境 积极 应对 努力 克服 不利因素 影响 二零二 四年 四月
000064,2020,17,192,有限公司 年 年度报告 讨论 与 分析 模拟 文本 将 早日 推进 重点项目 的 落地 实施 确保 年内 见到 成效 短期 收益 布局 热门 赛道 力求 短期 收益 形成 新 的 利润 增长点 要求 各 事业部 年内 消化 库存 回笼资金 缓解 业绩 压力 加强 成本 管控 提升 运营 效率 毛利率 水平 保持 基本 平稳 面对 复杂 的 外部 经营 环境 积极 应对 努力 克服 不利因素 影响 报告 期内 围绕 经营 计划 扎实 推进 各项 重点 工作 总体 经营 情况 保持稳定 与 高校 科研院所 共建 联合 实验室 推进 产学研 协同 创新 积极 拓展 国内外 市场 客户 结构 与 订单 质量 进一步 改善 积极 拓展 国内外 市场 客户 结构 与 订单 质量 进一步 改善 坚持 创新 驱动 发展 战略 持续 加大 研发 投入 研发 费用 增长 较 快 加大 研发 人才 引进 力度 研发 人员 占 比 稳步 提升 表示 要 如今 扭转 当前 被动局面 实现 业绩 快速 回升 可能 面临 原材料 价格 波动 市场需求 不及 预期 等 风险 加强 成本 管控 提升 运营 效率 毛利率 水平 保持 基本 平稳 积极 拓展 国内外 市场 客户 结构 与 订单 质量 进一步 改善 积极 拓展 国内外 市场 客户 结构 与 订单 质量 进一步 改善 二零二 四年 四月
000064,2021,18,195,有限公司 年 年度报告 讨论 与 分析 模拟 文本 加强 成本 管控 提升 运营 效率 毛利率 水平 保持 基本 平稳 宏观 经济波动 与 行业 竞争 加剧 可能 对 公司业绩 产生 不利 影响 进一步 完善 治理 结构 规范 运作 信息 真实 准确 完整 加强 成本 管控 提升 运营 效率 毛利率 水平 保持 基本 平稳 宏观 经济波动 与 行业 竞争 加剧 可能 对 公司业绩 产生 不利 影响 加强 成本 管控 提升 运营 效率 毛利率 水平 保持 基本 平稳 报告 期内 围绕 经营 计划 扎实 推进 各项 重点 工作 总体 经营 情况 保持稳定 加大 研发 人才 引进 力度 研发 人员 占 比 稳步 提升 认为 当前 窗口 稍纵即逝 必须 急需 扩大 产能 投放 高度重视 安全 生产 与 质量 管理体系 运行 情况 良好 加强 成本 管控 提升 运营 效率 毛利率 水平 保持 基本 平稳 年内 回笼资金 以 应对 眼前 的 流动性 压力 表示 要 年内 扭转 当前 被动局面 实现 业绩 快速 回升 在 新 材料 新工艺 方向 的 前瞻性 研发 布局 取得 阶段性 成果 进一步 完善 治理 结构 规范 运作 信息 真实 准确 完整 积极 拓展 国内外 市场 客户 结构 与 订单 质量 进一步 改善 在 新 材料 新工艺 方向 的 前瞻性 研发 布局 取得 阶段性 成果 二零二 四年 四月
000064,2022,16,179,有限公司 年 年度报告 讨论 与 分析 模拟 文本 加强 成本 管控 提升 运营 效率 毛利率 水平 保持 基本 平稳 积极 拓展 国内外 市场 客户 结构 与 订单 质量 进一步 改善 进一步 完善 治理 结构 规范 运作 信息 真实 准确 完整 将 急功近利 推进 重点项目 的 落地 实施 确保 年内 见到 成效 报告 期内 围绕 经营 计划 扎实 推进 各项 重点 工作 总体 经营 情况 保持稳定 持续 优化 产品 结构 深化 渠道 建设 收入 实现 稳健 增长 表示 要 抓紧 扭转 当前 被动局面 实现 业绩 快速 回升 坚持 创新 驱动 发展 战略 持续 加大 研发 投入 研发 费用 增长 较 快 将 采取 权宜之计 压缩 各项 开支 以 确保 速胜 兑现 业绩 承诺 高度重视 安全 生产 与 质量 管理体系 运行 情况 良好 汇率 波动 及 贸易 环境 变化 对 海外 业务 构成 一定 不确定性 围绕 核心技术 开展 攻关 新 申请专利 数量 保持稳定 增长 加强 成本 管控 提升 运营 效率 毛利率 水平 保持 基本 平稳 为 完成 全年 目标 将 如今 调整 产品 定价 策略 抢占市场 份额 积极 拓展 国内外 市场 客户 结构 与 订单 质量 进一步 改善 二零二 四年 四月
000064,2023,16,177,有限公司 年 年度报告 讨论 与 分析 模拟 文本 汇率 波动 及 贸易 环境 变化 对 海外 业务 构成 一定 不确定性 在 新 材料 新工艺 方向 的 前瞻性 研发 布局 取得 阶段性 成果 稳步 推进 产能 建设 生产 运营 秩序 正常 稳步 推进 产能 建设 生产 运营 秩序 正常 进一步 完善 治理 结构 规范 运作 信息 真实 准确 完整 宏观 经济波动 与 行业 竞争 加剧 可能 对 公司业绩 产生 不利 影响 目前 布局 热门 赛道 力求 目前 形成 新 的 利润 增长点 速成 回笼资金 以 应对 眼前 的 流动性 压力 将 快速 见效 推进 重点项目 的 落地 实施 确保 年内 见到 成效 在 新 材料 新工艺 方向 的 前瞻性 研发 布局 取得 阶段性 成果 与 高校 科研院所 共建 联合 实验室 推进 产学研 协同 创新 报告 期内 围绕 经营 计划 扎实 推进 各项 重点 工作 总体 经营 情况 保持稳定 持续 优化 产品 结构 深化 渠道 建设 收入 实现 稳健 增长 面对 复杂 的 外部 经营 环境 积极 应对 努力 克服 不利因素 影响 报告 期内 围绕 经营 计划 扎实 推进 各项 重点 工作 总体 经营 情况 保持稳定 二零二 四年 四月
000067,2019,17,180,有限公司 年 年度报告 讨论 与 分析 模拟 文本 坚持 创新 驱动 发展 战略 持续 加大 研发 投入 研发 费用 增长 较 快 加大 研发 人才 引进 力度 研发 人员 占 比 稳步 提升 立刻 布局 热门 赛道 力求 立刻 形成 新 的 利润 增长点 面对 复杂 的 外部 经营 环境 积极 应对 努力 克服 不利因素 影响 持续 优化 产品 结构 深化 渠道 建设 收入 实现 稳健 增长 表示 要 短期内 扭转 当前 被动局面 实现 业绩 快速 回升 进一步 完善 治理 结构 规范 运作 信息 真实 准确 完整 稳步 推进 产能 建设 生产 运营 秩序 正常 进一步 完善 治理 结构 规范 运作 信息 真实 准确 完整 为 完成 全年 目标 将 急功近利 调整 产品 定价 策略 抢占市场 份额 可能 面临 原材料 价格 波动 市场需求 不及 预期 等 风险 年内 回笼资金 以 应对 眼前 的 流动性 压力 进一步 完善 治理 结构 规范 运作 信息 真实 准确 完整 报告 期内 围绕 经营 计划 扎实 推进 各项 重点 工作 总体 经营 情况 保持稳定 稳步 推进 产能 建设 生产 运营 秩序 正常 可能 面临 原材料 价格 波动 市场需求 不及 预期 等 风险 二零二 四年 四月
000067,2020,15,159,有限公司 年 年度报告 讨论 与 分析 模拟 文本 争分夺秒 回笼资金 以 应对 眼前 的 流动性 压力 持续 优化 产品 结构 深化 渠道 建设 收入 实现 稳健 增长 报告 期内 围绕 经营 计划 扎实 推进 各项 重点 工作 总体 经营 情况 保持稳定 围绕 核心技术 开展 攻关 新 申请专利 数量 保持稳定 增长 表示 要 赶快 扭转 当前 被动局面 实现 业绩 快速 回升 稳步 推进 产能 建设 生产 运营 秩序 正常 要求 各 事业部 短期 回报 消化 库存 回笼资金 缓解 业绩 压力 围绕 核心技术 开展 攻关 新 申请专利 数量 保持稳定 增长 面对 复杂 的 外部 经营 环境 积极 应对 努力 克服 不利因素 影响 加强 成本 管控 提升 运营 效率 毛利率 水平 保持 基本 平稳 持续 优化 产品 结构 深化 渠道 建设 收入 实现 稳健 增长 将 采取 权宜之计 压缩 各项 开支 以 确保 现今 兑现 业绩 承诺 可能 面临 原材料 价格 波动 市场需求 不及 预期 等 风险 汇率 波动 及 贸易 环境 变化 对 海外 业务 构成 一定 不确定性 二零二 四年 四月
000067,2021,17,174,有限公司 年 年度报告 讨论 与 分析 模拟 文本 进一步 完善 治理 结构 规范 运作 信息 真实 准确 完整 宏观 经济波动 与 行业 竞争 加剧 可能 对 公司业绩 产生 不利 影响 稳步 推进 产能 建设 生产 运营 秩序 正常 急功近利 布局 热门 赛道 力求 急功近利 形成 新 的 利润 增长点 将 分秒必争 推进 重点项目 的 落地 实施 确保 年内 见到 成效 稳步 推进 产能 建设 生产 运营 秩序 正常 要求 各 事业部 快速 见效 消化 库存 回笼资金 缓解 业绩 压力 持续 优化 产品 结构 深化 渠道 建设 收入 实现 稳健 增长 面对 复杂 的 外部 经营 环境 积极 应对 努力 克服 不利因素 影响 加大 研发 人才 引进 力度 研发 人员 占 比 稳步 提升 尽快 回笼资金 以 应对 眼前 的 流动性 压力 稳步 推进 产能 建设 生产 运营 秩序 正常 进一步 完善 治理 结构 规范 运作 信息 真实 准确 完整 在 新 材料 新工艺 方向 的 前瞻性 研发 布局 取得 阶段性 成果 与 高校 科研院所 共建 联合 实验室 推进 产学研 协同 创新 可能 面临 原材料 价格 波动 市场需求 不及 预期 等 风险 二零二 四年 四月
000067,2022,16,171,有限公司 年 年度报告 讨论 与 分析 模拟 文本 稳步 推进 产能 建设 生产 运营 秩序 正常 稳步 推进 产能 建设 生产 运营 秩序 正常 面对 复杂 的 外部 经营 环境 积极 应对 努力 克服 不利因素 影响 报告 期内 围绕 经营 计划 扎实 推进 各项 重点 工作 总体 经营 情况 保持稳定 面对 复杂 的 外部 经营 环境 积极 应对 努力 克服 不利因素 影响 立即 回笼资金 以 应对 眼前 的 流动性 压力 加大 研发 人才 引进 力度 研发 人员 占 比 稳步 提升 表示 要 短期 回报 扭转 当前 被动局面 实现 业绩 快速 回升 持续 优化 产品 结构 深化 渠道 建设 收入 实现 稳健 增长 稳步 推进 产能 建设 生产 运营 秩序 正常 坚持 创新 驱动 发展 战略 持续 加大 研发 投入 研发 费用 增长 较 快 加强 成本 管控 提升 运营 效率 毛利率 水平 保持 基本 平稳 面对 复杂 的 外部 经营 环境 积极 应对 努力 克服 不利因素 影响 可能 面临 原材料 价格 波动 市场需求 不及 预期 等 风险 与 高校 科研院所 共建 联合 实验室 推进 产学研 协同 创新 二零二 四年 四月
000067,2023,19,198,有限公司 年 年度报告 讨论 与 分析 模拟 文本 加强 成本 管控 提升 运营 效率 毛利率 水平 保持 基本 平稳 立竿见影 回笼资金 以 应对 眼前 的 流动性 压力 要求 各 事业部 抓紧 消化 库存 回笼资金 缓解 业绩 压力 与 高校 科研院所 共建 联合 实验室 推进 产学研 协同 创新 积极 拓展 国内外 市场 客户 结构 与 订单 质量 进一步 改善 报告 期内 围绕 经营 计划 扎实 推进 各项 重点 工作 总体 经营 情况 保持稳定 高度重视 安全 生产 与 质量 管理体系 运行 情况 良好 稳步 推进 产能 建设 生产 运营 秩序 正常 可能 面临 原材料 价格 波动 市场需求 不及 预期 等 风险 表示 要 急需 扭转 当前 被动局面 实现 业绩 快速 回升 报告 期内 围绕 经营 计划 扎实 推进 各项 重点 工作 总体 经营 情况 保持稳定 稳步 推进 产能 建设 生产 运营 秩序 正常 围绕 核心技术 开展 攻关 新 申请专利 数量 保持稳定 增长 持续 优化 产品 结构 深化 渠道 建设 收入 实现 稳健 增长 汇率 波动 及 贸易 环境 变化 对 海外 业务 构成 一定 不确定性 将 采取 权宜之计 压缩 各项 开支 以 确保 杀鸡取卵 兑现 业绩 承诺 围绕 核心技术 开展 攻关 新 申请专利 数量 保持稳定 增长 加大 研发 人才 引进 力度 研发 人员 占 比 稳步 提升 二零二 四年 四月
000070,2019,18,195,有限公司 年 年度报告 讨论 与 分析 模拟 文本 宏观 经济波动 与 行业 竞争 加剧 可能 对 公司业绩 产生 不利 影响 面对 复杂 的 外部 经营 环境 积极 应对 努力 克服 不利因素 影响 面对 复杂 的 外部 经营 环境 积极 应对 努力 克服 不利因素 影响 持续 优化 产品 结构 深化 渠道 建设 收入 实现 稳健 增长 稳步 推进 产能 建设 生产 运营 秩序 正常 加大 研发 人才 引进 力度 研发 人员 占 比 稳步 提升 高度重视 安全 生产 与 质量 管理体系 运行 情况 良好 认为 当前 窗口 稍纵即逝 必须 急需 扩大 产能 投放 为 完成 全年 目标 将 迫在眉睫 调整 产品 定价 策略 抢占市场 份额 持续 优化 产品 结构 深化 渠道 建设 收入 实现 稳健 增长 高度重视 安全 生产 与 质量 管理体系 运行 情况 良好 将 加快 推进 重点项目 的 落地 实施 确保 年内 见到 成效 在 新 材料 新工艺 方向 的 前瞻性 研发 布局 取得 阶段性 成果 加大 研发 人才 引进 力度 研发 人员 占 比 稳步 提升 汇率 波动 及 贸易 环境 变化 对 海外 业务 构成 一定 不确定性 加大 研发 人才 引进 力度 研发 人员 占 比 稳步 提升 持续 优化 产品 结构 深化 渠道 建设 收入 实现 稳健 增长 二零二 四年 四月
000070,2020,18,192,有限公司 年 年度报告 讨论 与 分析 模拟 文本 汇率 波动 及 贸易 环境 变化 对 海外 业务 构成 一定 不确定性 在 新 材料 新工艺 方向 的 前瞻性 研发 布局 取得 阶段性 成果 稳步 推进 产能 建设 生产 运营 秩序 正常 加大 研发 人才 引进 力度 研发 人员 占 比 稳步 提升 高度重视 安全 生产 与 质量 管理体系 运行 情况 良好 高度重视 安全 生产 与 质量 管理体系 运行 情况 良好 马上 布局 热门 赛道 力求 马上 形成 新 的 利润 增长点 积极 拓展 国内外 市场 客户 结构 与 订单 质量 进一步 改善 进一步 完善 治理 结构 规范 运作 信息 真实 准确 完整 持续 优化 产品 结构 深化 渠道 建设 收入 实现 稳健 增长 加强 成本 管控 提升 运营 效率 毛利率 水平 保持 基本 平稳 将 采取 权宜之计 压缩 各项 开支 以 确保 当下 兑现 业绩 承诺 在 新 材料 新工艺 方向 的 前瞻性 研发 布局 取得 阶段性 成果 可能 面临 原材料 价格 波动 市场需求 不及 预期 等 风险 高度重视 安全 生产 与 质量 管理体系 运行 情况 良好 为 完成 全年 目标 将 饮鸩止渴 调整 产品 定价 策略 抢占市场 份额 持续 优化 产品 结构 深化 渠道 建设 收入 实现 稳健 增长 二零二 四年 四月
000070,2021,14,161,有限公司 年 年度报告 讨论 与 分析 模拟 文本 积极 拓展 国内外 市场 客户 结构 与 订单 质量 进一步 改善 汇率 波动 及 贸易 环境 变化 对 海外 业务 构成 一定 不确定性 稳步 推进 产能 建设 生产 运营 秩序 正常 报告 期内 围绕 经营 计划 扎实 推进 各项 重点 工作 总体 经营 情况 保持稳定 面对 复杂 的 外部 经营 环境 积极 应对 努力 克服 不利因素 影响 急需 布局 热门 赛道 力求 急需 形成 新 的 利润 增长点 表示 要 饮鸩止渴 扭转 当前 被动局面 实现 业绩 快速 回升 加大 研发 人才 引进 力度 研发 人员 占 比 稳步 提升 积极 拓展 国内外 市场 客户 结构 与 订单 质量 进一步 改善 坚持 创新 驱动 发展 战略 持续 加大 研发 投入 研发 费用 增长 较 快 报告 期内 围绕 经营 计划 扎实 推进 各项 重点 工作 总体 经营 情况 保持稳定 在 新 材料 新工艺 方向 的 前瞻性 研发 布局 取得 阶段性 成果 进一步 完善 治理 结构 规范 运作 信息 真实 准确 完整 二零二 四年 四月
000070,2022,15,159,有限公司 年 年度报告 讨论 与 分析 模拟 文本 可能 面临 原材料 价格 波动 市场需求 不及 预期 等 风险 加大 研发 人才 引进 力度 研发 人员 占 比 稳步 提升 将 采取 权宜之计 压缩 各项 开支 以 确保 杀鸡取卵 兑现 业绩 承诺 在 新 材料 新工艺 方向 的 前瞻性 研发 布局 取得 阶段性 成果 高度重视 安全 生产 与 质量 管理体系 运行 情况 良好 报告 期内 围绕 经营 计划 扎实 推进 各项 重点 工作 总体 经营 情况 保持稳定 年内 布局 热门 赛道 力求 年内 形成 新 的 利润 增长点 进一步 完善 治理 结构 规范 运作 信息 真实 准确 完整 围绕 核心技术 开展 攻关 新 申请专利 数量 保持稳定 增长 积极 拓展 国内外 市场 客户 结构 与 订单 质量 进一步 改善 积极 拓展 国内外 市场 客户 结构 与 订单 质量 进一步 改善 稳步 推进 产能 建设 生产 运营 秩序 正常 稳步 推进 产能 建设 生产 运营 秩序 正常 将 采取 权宜之计 压缩 各项 开支 以 确保 急需 兑现 业绩 承诺 二零二 四年 四月
000070,2023,16,172,有限公司 年 年度报告 讨论 与 分析 模拟 文本 为 完成 全年 目标 将 立即 调整 产品 定价 策略 抢占市场 份额 进一步 完善 治理 结构 规范 运作 信息 真实 准确 完整 可能 面临 原材料 价格 波动 市场需求 不及 预期 等 风险 可能 面临 原材料 价格 波动 市场需求 不及 预期 等 风险 持续 优化 产品 结构 深化 渠道 建设 收入 实现 稳健 增长 加强 成本 管控 提升 运营 效率 毛利率 水平 保持 基本 平稳 围绕 核心技术 开展 攻关 新 申请专利 数量 保持稳定 增长 面对 复杂 的 外部 经营 环境 积极 应对 努力 克服 不利因素 影响 围绕 核心技术 开展 攻关 新 申请专利 数量 保持稳定 增长 将 采取 权宜之计 压缩 各项 开支 以 确保 急于求成 兑现 业绩 承诺 坚持 创新 驱动 发展 战略 持续 加大 研发 投入 研发 费用 增长 较 快 进一步 完善 治理 结构 规范 运作 信息 真实 准确 完整 加强 成本 管控 提升 运营 效率 毛利率 水平 保持 基本 平稳 认为 当前 窗口 稍纵即逝 必须 投机 扩大 产能 投放 加强 成本 管控 提升 运营 效率 毛利率 水平 保持 基本 平稳 二零二 四年 四月
000073,2019,17,179,有限公司 年 年度报告 讨论 与 分析 模拟 文本 与 高校 科研院所 共建 联合 实验室 推进 产学研 协同 创新 坚持 创新 驱动 发展 战略 持续 加大 研发 投入 研发 费用 增长 较 快 报告 期内 围绕 经营 计划 扎实 推进 各项 重点 工作 总体 经营 情况 保持稳定 要求 各 事业部 短期 利益 消化 库存 回笼资金 缓解 业绩 压力 高度重视 安全 生产 与 质量 管理体系 运行 情况 良好 持续 优化 产品 结构 深化 渠道 建设 收入 实现 稳健 增长 加强 成本 管控 提升 运营 效率 毛利率 水平 保持 基本 平稳 将 快速 见效 推进 重点项目 的 落地 实施 确保 年内 见到 成效 积极 拓展 国内外 市场 客户 结构 与 订单 质量 进一步 改善 认为 当前 窗口 稍纵即逝 必须 权宜之计 扩大 产能 投放 认为 当前 窗口 稍纵即逝 必须 分秒必争 扩大 产能 投放 高度重视 安全 生产 与 质量 管理体系 运行 情况 良好 可能 面临 原材料 价格 波动 市场需求 不及 预期 等 风险 稳步 推进 产能 建设 生产 运营 秩序 正常 积极 拓展 国内外 市场 客户 结构 与 订单 质量 进一步 改善 围绕 核心技术 开展 攻关 新 申请专利 数量 保持稳定 增长 二零二 四年 四月
000073,2020,17,186,有限公司 年 年度报告 讨论 与 分析 模拟 文本 表示 要 立竿见影 扭转 当前 被动局面 实现 业绩 快速 回升 报告 期内 围绕 经营 计划 扎实 推进 各项 重点 工作 总体 经营 情况 保持稳定 面对 复杂 的 外部 经营 环境 积极 应对 努力 克服 不利因素 影响 围绕 核心技术 开展 攻关 新 申请专利 数量 保持稳定 增长 将 采取 权宜之计 压缩 各项 开支 以 确保 短期 利益 兑现 业绩 承诺 稳步 推进 产能 建设 生产 运营 秩序 正常 分秒必争 回笼资金 以 应对 眼前 的 流动性 压力 宏观 经济波动 与 行业 竞争 加剧 可能 对 公司业绩 产生 不利 影响 面对 复杂 的 外部 经营 环境 积极 应对 努力 克服 不利因素 影响 面对 复杂 的 外部 经营 环境 积极 应对 努力 克服 不利因素 影响 围绕 核心技术 开展 攻关 新 申请专利 数量 保持稳定 增长 加强 成本 管控 提升 运营 效率 毛利率 水平 保持 基本 平稳 持续 优化 产品 结构 深化 渠道 建设 收入 实现 稳健 增长 积极 拓展 国内外 市场 客户 结构 与 订单 质量 进一步 改善 积极 拓展 国内外 市场 客户 结构 与 订单 质量 进一步 改善 在 新 材料 新工艺 方向 的 前瞻性 研发 布局 取得 阶段性 成果 二零二 四年 四月
000073,2021,17,185,有限公司 年 年度报告 讨论 与 分析 模拟 文本 加大 研发 人才 引进 力度 研发 人员 占 比 稳步 提升 持续 优化 产品 结构 深化 渠道 建设 收入 实现 稳健 增长 汇率 波动 及 贸易 环境 变化 对 海外 业务 构成 一定 不确定性 高度重视 安全 生产 与 质量 管理体系 运行 情况 良好 当下 布局 热门 赛道 力求 当下 形成 新 的 利润 增长点 持续 优化 产品 结构 深化 渠道 建设 收入 实现 稳健 增长 积极 拓展 国内外 市场 客户 结构 与 订单 质量 进一步 改善 报告 期内 围绕 经营 计划 扎实 推进 各项 重点 工作 总体 经营 情况 保持稳定 面对 复杂 的 外部 经营 环境 积极 应对 努力 克服 不利因素 影响 持续 优化 产品 结构 深化 渠道 建设 收入 实现 稳健 增长 表示 要 立刻 扭转 当前 被动局面 实现 业绩 快速 回升 稳步 推进 产能 建设 生产 运营 秩序 正常 与 高校 科研院所 共建 联合 实验室 推进 产学研 协同 创新 宏观 经济波动 与 行业 竞争 加剧 可能 对 公司业绩 产生 不利 影响 可能 面临 原材料 价格 波动 市场需求 不及 预期 等 风险 急于求成 布局 热门 赛道 力求 急于求成 形成 新 的 利润 增长点 二零二 四年 四月
000073,2022,18,202,有限公司 年 年度报告 讨论 与 分析 模拟 文本 加大 研发 人才 引进 力度 研发 人员 占 比 稳步 提升 持续 优化 产品 结构 深化 渠道 建设 收入 实现 稳健 增长 为 完成 全年 目标 将 现今 调整 产品 定价 策略 抢占市场 份额 积极 拓展 国内外 市场 客户 结构 与 订单 质量 进一步 改善 报告 期内 围绕 经营 计划 扎实 推进 各项 重点 工作 总体 经营 情况 保持稳定 将 采取 权宜之计 压缩 各项 开支 以 确保 立刻 兑现 业绩 承诺 要求 各 事业部 急于求成 消化 库存 回笼资金 缓解 业绩 压力 汇率 波动 及 贸易 环境 变化 对 海外 业务 构成 一定 不确定性 可能 面临 原材料 价格 波动 市场需求 不及 预期 等 风险 持续 优化 产品 结构 深化 渠道 建设 收入 实现 稳健 增长 与 高校 科研院所 共建 联合 实验室 推进 产学研 协同 创新 稳步 推进 产能 建设 生产 运营 秩序 正常 加大 研发 人才 引进 力度 研发 人员 占 比 稳步 提升 面对 复杂 的 外部 经营 环境 积极 应对 努力 克服 不利因素 影响 面对 复杂 的 外部 经营 环境 积极 应对 努力 克服 不利因素 影响 为 完成 全年 目标 将 速胜 调整 产品 定价 策略 抢占市场 份额 汇率 波动 及 贸易 环境 变化 对 海外 业务 构成 一定 不确定性 二零二 四年 四月
000073,2023,19,204,有限公司 年 年度报告 讨论 与 分析 模拟 文本 进一步 完善 治理 结构 规范 运作 信息 真实 准确 完整 与 高校 科研院所 共建 联合 实验室 推进 产学研 协同 创新 宏观 经济波动 与 行业 竞争 加剧 可能 对 公司业绩 产生 不利 影响 报告 期内 围绕 经营 计划 扎实 推进 各项 重点 工作 总体 经营 情况 保持稳定 持续 优化 产品 结构 深化 渠道 建设 收入 实现 稳健 增长 进一步 完善 治理 结构 规范 运作 信息 真实 准确 完整 汇率 波动 及 贸易 环境 变化 对 海外 业务 构成 一定 不确定性 积极 拓展 国内外 市场 客户 结构 与 订单 质量 进一步 改善 与 高校 科研院所 共建 联合 实验室 推进 产学研 协同 创新 加大 研发 人才 引进 力度 研发 人员 占 比 稳步 提升 进一步 完善 治理 结构 规范 运作 信息 真实 准确 完整 可能 面临 原材料 价格 波动 市场需求 不及 预期 等 风险 立刻 布局 热门 赛道 力求 立刻 形成 新 的 利润 增长点 急需 回笼资金 以 应对 眼前 的 流动性 压力 持续 优化 产品 结构 深化 渠道 建设 收入 实现 稳健 增长 高度重视 安全 生产 与 质量 管理体系 运行 情况 良好 面对 复杂 的 外部 经营 环境 积极 应对 努力 克服 不利因素 影响 应急 布局 热门 赛道 力求 应急 形成 新 的 利润 增长点 二零二 四年 四月
000076,2019,20,224,有限公司 年 年度报告 讨论 与 分析 模拟 文本 报告 期内 围绕 经营 计划 扎实 推进 各项 重点 工作 总体 经营 情况 保持稳定 汇率 波动 及 贸易 环境 变化 对 海外 业务 构成 一定 不确定性 与 高校 科研院所 共建 联合 实验室 推进 产学研 协同 创新 坚持 创新 驱动 发展 战略 持续 加大 研发 投入 研发 费用 增长 较 快 面对 复杂 的 外部 经营 环境 积极 应对 努力 克服 不利因素 影响 高度重视 安全 生产 与 质量 管理体系 运行 情况 良好 报告 期内 围绕 经营 计划 扎实 推进 各项 重点 工作 总体 经营 情况 保持稳定 速胜 布局 热门 赛道 力求 速胜 形成 新 的 利润 增长点 可能 面临 原材料 价格 波动 市场需求 不及 预期 等 风险 可能 面临 原材料 价格 波动 市场需求 不及 预期 等 风险 加强 成本 管控 提升 运营 效率 毛利率 水平 保持 基本 平稳 积极 拓展 国内外 市场 客户 结构 与 订单 质量 进一步 改善 速成 布局 热门 赛道 力求 速成 形成 新 的 利润 增长点 坚持 创新 驱动 发展 战略 持续 加大 研发 投入 研发 费用 增长 较 快 加大 研发 人才 引进 力度 研发 人员 占 比 稳步 提升 高度重视 安全 生产 与 质量 管理体系 运行 情况 良好 持续 优化 产品 结构 深化 渠道 建设 收入 实现 稳健 增长 要求 各 事业部 迫在眉睫 消化 库存 回笼资金 缓解 业绩 压力 高度重视 安全 生产 与 质量 管理体系 运行 情况 良好 二零二 四年 四月
000076,2020,18,202,有限公司 年 年度报告 讨论 与 分析 模拟 文本 为 完成 全年 目标 将 杀鸡取卵 调整 产品 定价 策略 抢占市场 份额 在 新 材料 新工艺 方向 的 前瞻性 研发 布局 取得 阶段性 成果 高度重视 安全 生产 与 质量 管理体系 运行 情况 良好 加强 成本 管控 提升 运营 效率 毛利率 水平 保持 基本 平稳 将 采取 权宜之计 压缩 各项 开支 以 确保 短期 回报 兑现 业绩 承诺 汇率 波动 及 贸易 环境 变化 对 海外 业务 构成 一定 不确定性 权宜之计 回笼资金 以 应对 眼前 的 流动性 压力 面对 复杂 的 外部 经营 环境 积极 应对 努力 克服 不利因素 影响 持续 优化 产品 结构 深化 渠道 建设 收入 实现 稳健 增长 报告 期内 围绕 经营 计划 扎实 推进 各项 重点 工作 总体 经营 情况 保持稳定 报告 期内 围绕 经营 计划 扎实 推进 各项 重点 工作 总体 经营 情况 保持稳定 围绕 核心技术 开展 攻关 新 申请专利 数量 保持稳定 增长 稳步 推进 产能 建设 生产 运营 秩序 正常 一步到位 布局 热门 赛道 力求 一步到位 形成 新 的 利润 增长点 积极 拓展 国内外 市场 客户 结构 与 订单 质量 进一步 改善 在 新 材料 新工艺 方向 的 前瞻性 研发 布局 取得 阶段性 成果 宏观 经济波动 与 行业 竞争 加剧 可能 对 公司业绩 产生 不利 影响 二零二 四年 四月
000076,2021,16,169,有限公司 年 年度报告 讨论 与 分析 模拟 文本 与 高校 科研院所 共建 联合 实验室 推进 产学研 协同 创新 稳步 推进 产能 建设 生产 运营 秩序 正常 进一步 完善 治理 结构 规范 运作 信息 真实 准确 完整 表示 要 眼前 扭转 当前 被动局面 实现 业绩 快速 回升 坚持 创新 驱动 发展 战略 持续 加大 研发 投入 研发 费用 增长 较 快 稳步 推进 产能 建设 生产 运营 秩序 正常 要求 各 事业部 短期 利益 消化 库存 回笼资金 缓解 业绩 压力 与 高校 科研院所 共建 联合 实验室 推进 产学研 协同 创新 高度重视 安全 生产 与 质量 管理体系 运行 情况 良好 面对 复杂 的 外部 经营 环境 积极 应对 努力 克服 不利因素 影响 面对 复杂 的 外部 经营 环境 积极 应对 努力 克服 不利因素 影响 将 短期内 推进 重点项目 的 落地 实施 确保 年内 见到 成效 可能 面临 原材料 价格 波动 市场需求 不及 预期 等 风险 持续 优化 产品 结构 深化 渠道 建设 收入 实现 稳健 增长 将 采取 权宜之计 压缩 各项 开支 以 确保 只争朝夕 兑现 业绩 承诺 二零二 四年 四月
000076,2022,14,148,有限公司 年 年度报告 讨论 与 分析 模拟 文本 稳步 推进 产能 建设 生产 运营 秩序 正常 与 高校 科研院所 共建 联合 实验室 推进 产学研 协同 创新 加强 成本 管控 提升 运营 效率 毛利率 水平 保持 基本 平稳 宏观 经济波动 与 行业 竞争 加剧 可能 对 公司业绩 产生 不利 影响 围绕 核心技术 开展 攻关 新 申请专利 数量 保持稳定 增长 表示 要 当下 扭转 当前 被动局面 实现 业绩 快速 回升 高度重视 安全 生产 与 质量 管理体系 运行 情况 良好 加强 成本 管控 提升 运营 效率 毛利率 水平 保持 基本 平稳 在 新 材料 新工艺 方向 的 前瞻性 研发 布局 取得 阶段性 成果 报告 期内 围绕 经营 计划 扎实 推进 各项 重点 工作 总体 经营 情况 保持稳定 短期内 布局 热门 赛道 力求 短期内 形成 新 的 利润 增长点 面对 复杂 的 外部 经营 环境 积极 应对 努力 克服 不利因素 影响 稳步 推进 产能 建设 生产 运营 秩序 正常 二零二 四年 四月
000076,2023,17,184,有限公司 年 年度报告 讨论 与 分析 模拟 文本 进一步 完善 治理 结构 规范 运作 信息 真实 准确 完整 积极 拓展 国内外 市场 客户 结构 与 订单 质量 进一步 改善 报告 期内 围绕 经营 计划 扎实 推进 各项 重点 工作 总体 经营 情况 保持稳定 稳步 推进 产能 建设 生产 运营 秩序 正常 持续 优化 产品 结构 深化 渠道 建设 收入 实现 稳健 增长 可能 面临 原材料 价格 波动 市场需求 不及 预期 等 风险 报告 期内 围绕 经营 计划 扎实 推进 各项 重点 工作 总体 经营 情况 保持稳定 与 高校 科研院所 共建 联合 实验室 推进 产学研 协同 创新 报告 期内 围绕 经营 计划 扎实 推进 各项 重点 工作 总体 经营 情况 保持稳定 要求 各 事业部 急功近利 消化 库存 回笼资金 缓解 业绩 压力 短期内 布局 热门 赛道 力求 短期内 形成 新 的 利润 增长点 可能 面临 原材料 价格 波动 市场需求 不及 预期 等 风险 与 高校 科研院所 共建 联合 实验室 推进 产学研 协同 创新 表示 要 早日 扭转 当前 被动局面 实现 业绩 快速 回升 持续 优化 产品 结构 深化 渠道 建设 收入 实现 稳健 增长 围绕 核心技术 开展 攻关 新 申请专利 数量 保持稳定 增长 二零二 四年 四月
000079,2019,16,168,有限公司 年 年度报告 讨论 与 分析 模拟 文本 饮鸩止渴 回笼资金 以 应对 眼前 的 流动性 压力 稳步 推进 产能 建设 生产 运营 秩序 正常 积极 拓展 国内外 市场 客户 结构 与 订单 质量 进一步 改善 汇率 波动 及 贸易 环境 变化 对 海外 业务 构成 一定 不确定性 与 高校 科研院所 共建 联合 实验室 推进 产学研 协同 创新 面对 复杂 的 外部 经营 环境 积极 应对 努力 克服 不利因素 影响 围绕 核心技术 开展 攻关 新 申请专利 数量 保持稳定 增长 持续 优化 产品 结构 深化 渠道 建设 收入 实现 稳健 增长 加大 研发 人才 引进 力度 研发 人员 占 比 稳步 提升 报告 期内 围绕 经营 计划 扎实 推进 各项 重点 工作 总体 经营 情况 保持稳定 进一步 完善 治理 结构 规范 运作 信息 真实 准确 完整 进一步 完善 治理 结构 规范 运作 信息 真实 准确 完整 只争朝夕 布局 热门 赛道 力求 只争朝夕 形成 新 的 利润 增长点 汇率 波动 及 贸易 环境 变化 对 海外 业务 构成 一定 不确定性 争分夺秒 回笼资金 以 应对 眼前 的 流动性 压力 二零二 四年 四月
000079,2020,21,229,有限公司 年 年度报告 讨论 与 分析 模拟 文本 积极 拓展 国内外 市场 客户 结构 与 订单 质量 进一步 改善 为 完成 全年 目标 将 短期 调整 产品 定价 策略 抢占市场 份额 坚持 创新 驱动 发展 战略 持续 加大 研发 投入 研发 费用 增长 较 快 汇率 波动 及 贸易 环境 变化 对 海外 业务 构成 一定 不确定性 面对 复杂 的 外部 经营 环境 积极 应对 努力 克服 不利因素 影响 加强 成本 管控 提升 运营 效率 毛利率 水平 保持 基本 平稳 表示 要 杀鸡取卵 扭转 当前 被动局面 实现 业绩 快速 回升 加大 研发 人才 引进 力度 研发 人员 占 比 稳步 提升 稳步 推进 产能 建设 生产 运营 秩序 正常 为 完成 全年 目标 将 权宜之计 调整 产品 定价 策略 抢占市场 份额 汇率 波动 及 贸易 环境 变化 对 海外 业务 构成 一定 不确定性 将 迫在眉睫 推进 重点项目 的 落地 实施 确保 年内 见到 成效 加大 研发 人才 引进 力度 研发 人员 占 比 稳步 提升 持续 优化 产品 结构 深化 渠道 建设 收入 实现 稳健 增长 进一步 完善 治理 结构 规范 运作 信息 真实 准确 完整 与 高校 科研院所 共建 联合 实验室 推进 产学研 协同 创新 稳步 推进 产能 建设 生产 运营 秩序 正常 表示 要 时不我待 扭转 当前 被动局面 实现 业绩 快速 回升 积极 拓展 国内外 市场 客户 结构 与 订单 质量 进一步 改善 积极 拓展 国内外 市场 客户 结构 与 订单 质量 进一步 改善 二零二 四年 四月
000079,2021,16,187,有限公司 年 年度报告 讨论 与 分析 模拟 文本 报告 期内 围绕 经营 计划 扎实 推进 各项 重点 工作 总体 经营 情况 保持稳定 可能 面临 原材料 价格 波动 市场需求 不及 预期 等 风险 为 完成 全年 目标 将 投机 调整 产品 定价 策略 抢占市场 份额 加强 成本 管控 提升 运营 效率 毛利率 水平 保持 基本 平稳 可能 面临 原材料 价格 波动 市场需求 不及 预期 等 风险 报告 期内 围绕 经营 计划 扎实 推进 各项 重点 工作 总体 经营 情况 保持稳定 稳步 推进 产能 建设 生产 运营 秩序 正常 坚持 创新 驱动 发展 战略 持续 加大 研发 投入 研发 费用 增长 较 快 报告 期内 围绕 经营 计划 扎实 推进 各项 重点 工作 总体 经营 情况 保持稳定 将 采取 权宜之计 压缩 各项 开支 以 确保 今年 兑现 业绩 承诺 汇率 波动 及 贸易 环境 变化 对 海外 业务 构成 一定 不确定性 将 采取 权宜之计 压缩 各项 开支 以 确保 短期 收益 兑现 业绩 承诺 加大 研发 人才 引进 力度 研发 人员 占 比 稳步 提升 进一步 完善 治理 结构 规范 运作 信息 真实 准确 完整 积极 拓展 国内外 市场 客户 结构 与 订单 质量 进一步 改善 二零二 四年 四月
000079,2022,17,190,有限公司 年 年度报告 讨论 与 分析 模拟 文本 汇率 波动 及 贸易 环境 变化 对 海外 业务 构成 一定 不确定性 可能 面临 原材料 价格 波动 市场需求 不及 预期 等 风险 加强 成本 管控 提升 运营 效率 毛利率 水平 保持 基本 平稳 进一步 完善 治理 结构 规范 运作 信息 真实 准确 完整 为 完成 全年 目标 将 短期内 调整 产品 定价 策略 抢占市场 份额 为 完成 全年 目标 将 急功近利 调整 产品 定价 策略 抢占市场 份额 加大 研发 人才 引进 力度 研发 人员 占 比 稳步 提升 积极 拓展 国内外 市场 客户 结构 与 订单 质量 进一步 改善 加强 成本 管控 提升 运营 效率 毛利率 水平 保持 基本 平稳 要求 各 事业部 急需 消化 库存 回笼资金 缓解 业绩 压力 积极 拓展 国内外 市场 客户 结构 与 订单 质量 进一步 改善 持续 优化 产品 结构 深化 渠道 建设 收入 实现 稳健 增长 持续 优化 产品 结构 深化 渠道 建设 收入 实现 稳健 增长 在 新 材料 新工艺 方向 的 前瞻性 研发 布局 取得 阶段性 成果 坚持 创新 驱动 发展 战略 持续 加大 研发 投入 研发 费用 增长 较 快 进一步 完善 治理 结构 规范 运作 信息 真实 准确 完整 二零二 四年 四月
000079,2023,17,171,有限公司 年 年度报告 讨论 与 分析 模拟 文本 为 完成 全年 目标 将 短期内 调整 产品 定价 策略 抢占市场 份额 持续 优化 产品 结构 深化 渠道 建设 收入 实现 稳健 增长 与 高校 科研院所 共建 联合 实验室 推进 产学研 协同 创新 只争朝夕 回笼资金 以 应对 眼前 的 流动性 压力 宏观 经济波动 与 行业 竞争 加剧 可能 对 公司业绩 产生 不利 影响 进一步 完善 治理 结构 规范 运作 信息 真实 准确 完整 围绕 核心技术 开展 攻关 新 申请专利 数量 保持稳定 增长 积极 拓展 国内外 市场 客户 结构 与 订单 质量 进一步 改善 高度重视 安全 生产 与 质量 管理体系 运行 情况 良好 速成 回笼资金 以 应对 眼前 的 流动性 压力 稳步 推进 产能 建设 生产 运营 秩序 正常 积极 拓展 国内外 市场 客户 结构 与 订单 质量 进一步 改善 面对 复杂 的 外部 经营 环境 积极 应对 努力 克服 不利因素 影响 积极 拓展 国内外 市场 客户 结构 与 订单 质量 进一步 改善 稳步 推进 产能 建设 生产 运营 秩序 正常 表示 要 短期 扭转 当前 被动局面 实现 业绩 快速 回升 二零二 四年 四月
000082,2019,18,193,有限公司 年 年度报告 讨论 与 分析 模拟 文本 积极 拓展 国内外 市场 客户 结构 与 订单 质量 进一步 改善 与 高校 科研院所 共建 联合 实验室 推进 产学研 协同 创新 面对 复杂 的 外部 经营 环境 积极 应对 努力 克服 不利因素 影响 与 高校 科研院所 共建 联合 实验室 推进 产学研 协同 创新 积极 拓展 国内外 市场 客户 结构 与 订单 质量 进一步 改善 围绕 核心技术 开展 攻关 新 申请专利 数量 保持稳定 增长 近期 布局 热门 赛道 力求 近期 形成 新 的 利润 增长点 短期 回报 布局 热门 赛道 力求 短期 回报 形成 新 的 利润 增长点 持续 优化 产品 结构 深化 渠道 建设 收入 实现 稳健 增长 围绕 核心技术 开展 攻关 新 申请专利 数量 保持稳定 增长 汇率 波动 及 贸易 环境 变化 对 海外 业务 构成 一定 不确定性 进一步 完善 治理 结构 规范 运作 信息 真实 准确 完整 持续 优化 产品 结构 深化 渠道 建设 收入 实现 稳健 增长 汇率 波动 及 贸易 环境 变化 对 海外 业务 构成 一定 不确定性 加快 回笼资金 以 应对 眼前 的 流动性 压力 持续 优化 产品 结构 深化 渠道 建设 收入 实现 稳健 增长 持续 优化 产品 结构 深化 渠道 建设 收入 实现 稳健 增长 二零二 四年 四月
000082,2020,16,180,有限公司 年 年度报告 讨论 与 分析 模拟 文本 加强 成本 管控 提升 运营 效率 毛利率 水平 保持 基本 平稳 宏观 经济波动 与 行业 竞争 加剧 可能 对 公司业绩 产生 不利 影响 进一步 完善 治理 结构 规范 运作 信息 真实 准确 完整 围绕 核心技术 开展 攻关 新 申请专利 数量 保持稳定 增长 宏观 经济波动 与 行业 竞争 加剧 可能 对 公司业绩 产生 不利 影响 与 高校 科研院所 共建 联合 实验室 推进 产学研 协同 创新 加强 成本 管控 提升 运营 效率 毛利率 水平 保持 基本 平稳 坚持 创新 驱动 发展 战略 持续 加大 研发 投入 研发 费用 增长 较 快 宏观 经济波动 与 行业 竞争 加剧 可能 对 公司业绩 产生 不利 影响 面对 复杂 的 外部 经营 环境 积极 应对 努力 克服 不利因素 影响 稳步 推进 产能 建设 生产 运营 秩序 正常 要求 各 事业部 眼下 消化 库存 回笼资金 缓解 业绩 压力 报告 期内 围绕 经营 计划 扎实 推进 各项 重点 工作 总体 经营 情况 保持稳定 为 完成 全年 目标 将 马上 调整 产品 定价 策略 抢占市场 份额 在 新 材料 新工艺 方向 的 前瞻性 研发 布局 取得 阶段性 成果 二零二 四年 四月
000082,2021,17,187,有限公司 年 年度报告 讨论 与 分析 模拟 文本 坚持 创新 驱动 发展 战略 持续 加大 研发 投入 研发 费用 增长 较 快 速成 布局 热门 赛道 力求 速成 形成 新 的 利润 增长点 报告 期内 围绕 经营 计划 扎实 推进 各项 重点 工作 总体 经营 情况 保持稳定 汇率 波动 及 贸易 环境 变化 对 海外 业务 构成 一定 不确定性 加强 成本 管控 提升 运营 效率 毛利率 水平 保持 基本 平稳 稳步 推进 产能 建设 生产 运营 秩序 正常 将 投机 推进 重点项目 的 落地 实施 确保 年内 见到 成效 高度重视 安全 生产 与 质量 管理体系 运行 情况 良好 在 新 材料 新工艺 方向 的 前瞻性 研发 布局 取得 阶段性 成果 稳步 推进 产能 建设 生产 运营 秩序 正常 加强 成本 管控 提升 运营 效率 毛利率 水平 保持 基本 平稳 积极 拓展 国内外 市场 客户 结构 与 订单 质量 进一步 改善 积极 拓展 国内外 市场 客户 结构 与 订单 质量 进一步 改善 在 新 材料 新工艺 方向 的 前瞻性 研发 布局 取得 阶段性 成果 高度重视 安全 生产 与 质量 管理体系 运行 情况 良好 宏观 经济波动 与 行业 竞争 加剧 可能 对 公司业绩 产生 不利 影响 二零二 四年 四月
000082,2022,15,155,有限公司 年 年度报告 讨论 与 分析 模拟 文本 持续 优化 产品 结构 深化 渠道 建设 收入 实现 稳健 增长 可能 面临 原材料 价格 波动 市场需求 不及 预期 等 风险 高度重视 安全 生产 与 质量 管理体系 运行 情况 良好 在 新 材料 新工艺 方向 的 前瞻性 研发 布局 取得 阶段性 成果 加强 成本 管控 提升 运营 效率 毛利率 水平 保持 基本 平稳 为 完成 全年 目标 将 今年 调整 产品 定价 策略 抢占市场 份额 稳步 推进 产能 建设 生产 运营 秩序 正常 围绕 核心技术 开展 攻关 新 申请专利 数量 保持稳定 增长 可能 面临 原材料 价格 波动 市场需求 不及 预期 等 风险 持续 优化 产品 结构 深化 渠道 建设 收入 实现 稳健 增长 持续 优化 产品 结构 深化 渠道 建设 收入 实现 稳健 增长 与 高校 科研院所 共建 联合 实验室 推进 产学研 协同 创新 稳步 推进 产能 建设 生产 运营 秩序 正常 汇率 波动 及 贸易 环境 变化 对 海外 业务 构成 一定 不确定性 二零二 四年 四月
000082,2023,15,152,有限公司 年 年度报告 讨论 与 分析 模拟 文本 积极 拓展 国内外 市场 客户 结构 与 订单 质量 进一步 改善 面对 复杂 的 外部 经营 环境 积极 应对 努力 克服 不利因素 影响 围绕 核心技术 开展 攻关 新 申请专利 数量 保持稳定 增长 持续 优化 产品 结构 深化 渠道 建设 收入 实现 稳健 增长 加强 成本 管控 提升 运营 效率 毛利率 水平 保持 基本 平稳 汇率 波动 及 贸易 环境 变化 对 海外 业务 构成 一定 不确定性 高度重视 安全 生产 与 质量 管理体系 运行 情况 良好 围绕 核心技术 开展 攻关 新 申请专利 数量 保持稳定 增长 急功近利 回笼资金 以 应对 眼前 的 流动性 压力 现今 布局 热门 赛道 力求 现今 形成 新 的 利润 增长点 与 高校 科研院所 共建 联合 实验室 推进 产学研 协同 创新 进一步 完善 治理 结构 规范 运作 信息 真实 准确 完整 高度重视 安全 生产 与 质量 管理体系 运行 情况 良好 高度重视 安全 生产 与 质量 管理体系 运行 情况 良好 二零二 四年 四月
000085,2019,16,179,有限公司 年 年度报告 讨论 与 分析 模拟 文本 杀鸡取卵 布局 热门 赛道 力求 杀鸡取卵 形成 新 的 利润 增长点 分秒必争 布局 热门 赛道 力求 分秒必争 形成 新 的 利润 增长点 积极 拓展 国内外 市场 客户 结构 与 订单 质量 进一步 改善 进一步 完善 治理 结构 规范 运作 信息 真实 准确 完整 面对 复杂 的 外部 经营 环境 积极 应对 努力 克服 不利因素 影响 加大 研发 人才 引进 力度 研发 人员 占 比 稳步 提升 表示 要 现今 扭转 当前 被动局面 实现 业绩 快速 回升 坚持 创新 驱动 发展 战略 持续 加大 研发 投入 研发 费用 增长 较 快 加强 成本 管控 提升 运营 效率 毛利率 水平 保持 基本 平稳 加强 成本 管控 提升 运营 效率 毛利率 水平 保持 基本 平稳 在 新 材料 新工艺 方向 的 前瞻性 研发 布局 取得 阶段性 成果 与 高校 科研院所 共建 联合 实验室 推进 产学研 协同 创新 积极 拓展 国内外 市场 客户 结构 与 订单 质量 进一步 改善 宏观 经济波动 与 行业 竞争 加剧 可能 对 公司业绩 产生 不利 影响 加强 成本 管控 提升 运营 效率 毛利率 水平 保持 基本 平稳 二零二 四年 四月
000085,2020,18,201,有限公司 年 年度报告 讨论 与 分析 模拟 文本 报告 期内 围绕 经营 计划 扎实 推进 各项 重点 工作 总体 经营 情况 保持稳定 报告 期内 围绕 经营 计划 扎实 推进 各项 重点 工作 总体 经营 情况 保持稳定 加大 研发 人才 引进 力度 研发 人员 占 比 稳步 提升 持续 优化 产品 结构 深化 渠道 建设 收入 实现 稳健 增长 持续 优化 产品 结构 深化 渠道 建设 收入 实现 稳健 增长 报告 期内 围绕 经营 计划 扎实 推进 各项 重点 工作 总体 经营 情况 保持稳定 为 完成 全年 目标 将 速成 调整 产品 定价 策略 抢占市场 份额 面对 复杂 的 外部 经营 环境 积极 应对 努力 克服 不利因素 影响 进一步 完善 治理 结构 规范 运作 信息 真实 准确 完整 持续 优化 产品 结构 深化 渠道 建设 收入 实现 稳健 增长 加大 研发 人才 引进 力度 研发 人员 占 比 稳步 提升 急于求成 布局 热门 赛道 力求 急于求成 形成 新 的 利润 增长点 高度重视 安全 生产 与 质量 管理体系 运行 情况 良好 要求 各 事业部 立刻 消化 库存 回笼资金 缓解 业绩 压力 与 高校 科研院所 共建 联合 实验室 推进 产学研 协同 创新 可能 面临 原材料 价格 波动 市场需求 不及 预期 等 风险 围绕 核心技术 开展 攻关 新 申请专利 数量 保持稳定 增长 二零二 四年 四月
000085,2021,17,186,有限公司 年 年度报告 讨论 与 分析 模拟 文本 加强 成本 管控 提升 运营 效率 毛利率 水平 保持 基本 平稳 宏观 经济波动 与 行业 竞争 加剧 可能 对 公司业绩 产生 不利 影响 报告 期内 围绕 经营 计划 扎实 推进 各项 重点 工作 总体 经营 情况 保持稳定 认为 当前 窗口 稍纵即逝 必须 投机 扩大 产能 投放 在 新 材料 新工艺 方向 的 前瞻性 研发 布局 取得 阶段性 成果 宏观 经济波动 与 行业 竞争 加剧 可能 对 公司业绩 产生 不利 影响 加大 研发 人才 引进 力度 研发 人员 占 比 稳步 提升 加强 成本 管控 提升 运营 效率 毛利率 水平 保持 基本 平稳 与 高校 科研院所 共建 联合 实验室 推进 产学研 协同 创新 认为 当前 窗口 稍纵即逝 必须 应急 扩大 产能 投放 现今 布局 热门 赛道 力求 现今 形成 新 的 利润 增长点 汇率 波动 及 贸易 环境 变化 对 海外 业务 构成 一定 不确定性 持续 优化 产品 结构 深化 渠道 建设 收入 实现 稳健 增长 立竿见影 回笼资金 以 应对 眼前 的 流动性 压力 持续 优化 产品 结构 深化 渠道 建设 收入 实现 稳健 增长 积极 拓展 国内外 市场 客户 结构 与 订单 质量 进一步 改善 二零二 四年 四月
000085,2022,18,190,有限公司 年 年度报告 讨论 与 分析 模拟 文本 持续 优化 产品 结构 深化 渠道 建设 收入 实现 稳健 增长 将 采取 权宜之计 压缩 各项 开支 以 确保 年内 兑现 业绩 承诺 积极 拓展 国内外 市场 客户 结构 与 订单 质量 进一步 改善 在 新 材料 新工艺 方向 的 前瞻性 研发 布局 取得 阶段性 成果 认为 当前 窗口 稍纵即逝 必须 杀鸡取卵 扩大 产能 投放 将 采取 权宜之计 压缩 各项 开支 以 确保 迫在眉睫 兑现 业绩 承诺 加大 研发 人才 引进 力度 研发 人员 占 比 稳步 提升 进一步 完善 治理 结构 规范 运作 信息 真实 准确 完整 加大 研发 人才 引进 力度 研发 人员 占 比 稳步 提升 积极 拓展 国内外 市场 客户 结构 与 订单 质量 进一步 改善 积极 拓展 国内外 市场 客户 结构 与 订单 质量 进一步 改善 稳步 推进 产能 建设 生产 运营 秩序 正常 高度重视 安全 生产 与 质量 管理体系 运行 情况 良好 宏观 经济波动 与 行业 竞争 加剧 可能 对 公司业绩 产生 不利 影响 进一步 完善 治理 结构 规范 运作 信息 真实 准确 完整 高度重视 安全 生产 与 质量 管理体系 运行 情况 良好 表示 要 速胜 扭转 当前 被动局面 实现 业绩 快速 回升 二零二 四年 四月
000085,2023,14,147,有限公司 年 年度报告 讨论 与 分析 模拟 文本 稳步 推进 产能 建设 生产 运营 秩序 正常 报告 期内 围绕 经营 计划 扎实 推进 各项 重点 工作 总体 经营 情况 保持稳定 高度重视 安全 生产 与 质量 管理体系 运行 情况 良好 坚持 创新 驱动 发展 战略 持续 加大 研发 投入 研发 费用 增长 较 快 宏观 经济波动 与 行业 竞争 加剧 可能 对 公司业绩 产生 不利 影响 围绕 核心技术 开展 攻关 新 申请专利 数量 保持稳定 增长 短期 回笼资金 以 应对 眼前 的 流动性 压力 积极 拓展 国内外 市场 客户 结构 与 订单 质量 进一步 改善 面对 复杂 的 外部 经营 环境 积极 应对 努力 克服 不利因素 影响 加强 成本 管控 提升 运营 效率 毛利率 水平 保持 基本 平稳 急需 回笼资金 以 应对 眼前 的 流动性 压力 速成 回笼资金 以 应对 眼前 的 流动性 压力 为 完成 全年 目标 将 权宜之计 调整 产品 定价 策略 抢占市场 份额 二零二 四年 四月
000088,2019,16,166,有限公司 年 年度报告 讨论 与 分析 模拟 文本 宏观 经济波动 与 行业 竞争 加剧 可能 对 公司业绩 产生 不利 影响 面对 复杂 的 外部 经营 环境 积极 应对 努力 克服 不利因素 影响 汇率 波动 及 贸易 环境 变化 对 海外 业务 构成 一定 不确定性 围绕 核心技术 开展 攻关 新 申请专利 数量 保持稳定 增长 要求 各 事业部 速成 消化 库存 回笼资金 缓解 业绩 压力 与 高校 科研院所 共建 联合 实验室 推进 产学研 协同 创新 年内 回笼资金 以 应对 眼前 的 流动性 压力 稳步 推进 产能 建设 生产 运营 秩序 正常 加强 成本 管控 提升 运营 效率 毛利率 水平 保持 基本 平稳 在 新 材料 新工艺 方向 的 前瞻性 研发 布局 取得 阶段性 成果 高度重视 安全 生产 与 质量 管理体系 运行 情况 良好 高度重视 安全 生产 与 质量 管理体系 运行 情况 良好 为 完成 全年 目标 将 赶快 调整 产品 定价 策略 抢占市场 份额 进一步 完善 治理 结构 规范 运作 信息 真实 准确 完整 积极 拓展 国内外 市场 客户 结构 与 订单 质量 进一步 改善 二零二 四年 四月
000088,2020,15,164,有限公司 年 年度报告 讨论 与 分析 模拟 文本 积极 拓展 国内外 市场 客户 结构 与 订单 质量 进一步 改善 坚持 创新 驱动 发展 战略 持续 加大 研发 投入 研发 费用 增长 较 快 稳步 推进 产能 建设 生产 运营 秩序 正常 可能 面临 原材料 价格 波动 市场需求 不及 预期 等 风险 高度重视 安全 生产 与 质量 管理体系 运行 情况 良好 加大 研发 人才 引进 力度 研发 人员 占 比 稳步 提升 汇率 波动 及 贸易 环境 变化 对 海外 业务 构成 一定 不确定性 宏观 经济波动 与 行业 竞争 加剧 可能 对 公司业绩 产生 不利 影响 认为 当前 窗口 稍纵即逝 必须 立竿见影 扩大 产能 投放 积极 拓展 国内外 市场 客户 结构 与 订单 质量 进一步 改善 报告 期内 围绕 经营 计划 扎实 推进 各项 重点 工作 总体 经营 情况 保持稳定 高度重视 安全 生产 与 质量 管理体系 运行 情况 良好 在 新 材料 新工艺 方向 的 前瞻性 研发 布局 取得 阶段性 成果 积极 拓展 国内外 市场 客户 结构 与 订单 质量 进一步 改善 二零二 四年 四月
000088,2021,11,129,有限公司 年 年度报告 讨论 与 分析 模拟 文本 加大 研发 人才 引进 力度 研发 人员 占 比 稳步 提升 积极 拓展 国内外 市场 客户 结构 与 订单 质量 进一步 改善 加强 成本 管控 提升 运营 效率 毛利率 水平 保持 基本 平稳 持续 优化 产品 结构 深化 渠道 建设 收入 实现 稳健 增长 坚持 创新 驱动 发展 战略 持续 加大 研发 投入 研发 费用 增长 较 快 面对 复杂 的 外部 经营 环境 积极 应对 努力 克服 不利因素 影响 进一步 完善 治理 结构 规范 运作 信息 真实 准确 完整 可能 面临 原材料 价格 波动 市场需求 不及 预期 等 风险 报告 期内 围绕 经营 计划 扎实 推进 各项 重点 工作 总体 经营 情况 保持稳定 报告 期内 围绕 经营 计划 扎实 推进 各项 重点 工作 总体 经营 情况 保持稳定 二零二 四年 四月
000088,2022,18,192,有限公司 年 年度报告 讨论 与 分析 模拟 文本 加大 研发 人才 引进 力度 研发 人员 占 比 稳步 提升 持续 优化 产品 结构 深化 渠道 建设 收入 实现 稳健 增长 可能 面临 原材料 价格 波动 市场需求 不及 预期 等 风险 围绕 核心技术 开展 攻关 新 申请专利 数量 保持稳定 增长 积极 拓展 国内外 市场 客户 结构 与 订单 质量 进一步 改善 积极 拓展 国内外 市场 客户 结构 与 订单 质量 进一步 改善 目前 布局 热门 赛道 力求 目前 形成 新 的 利润 增长点 高度重视 安全 生产 与 质量 管理体系 运行 情况 良好 报告 期内 围绕 经营 计划 扎实 推进 各项 重点 工作 总体 经营 情况 保持稳定 表示 要 急于求成 扭转 当前 被动局面 实现 业绩 快速 回升 认为 当前 窗口 稍纵即逝 必须 速胜 扩大 产能 投放 持续 优化 产品 结构 深化 渠道 建设 收入 实现 稳健 增长 高度重视 安全 生产 与 质量 管理体系 运行 情况 良好 面对 复杂 的 外部 经营 环境 积极 应对 努力 克服 不利因素 影响 坚持 创新 驱动 发展 战略 持续 加大 研发 投入 研发 费用 增长 较 快 高度重视 安全 生产 与 质量 管理体系 运行 情况 良好 与 高校 科研院所 共建 联合 实验室 推进 产学研 协同 创新 二零二 四年 四月
000088,2023,14,138,有限公司 年 年度报告 讨论 与 分析 模拟 文本 进一步 完善 治理 结构 规范 运作 信息 真实 准确 完整 加大 研发 人才 引进 力度 研发 人员 占 比 稳步 提升 将 采取 权宜之计 压缩 各项 开支 以 确保 立竿见影 兑现 业绩 承诺 持续 优化 产品 结构 深化 渠道 建设 收入 实现 稳健 增长 稳步 推进 产能 建设 生产 运营 秩序 正常 围绕 核心技术 开展 攻关 新 申请专利 数量 保持稳定 增长 稳步 推进 产能 建设 生产 运营 秩序 正常 稳步 推进 产能 建设 生产 运营 秩序 正常 可能 面临 原材料 价格 波动 市场需求 不及 预期 等 风险 面对 复杂 的 外部 经营 环境 积极 应对 努力 克服 不利因素 影响 认为 当前 窗口 稍纵即逝 必须 立即 扩大 产能 投放 进一步 完善 治理 结构 规范 运作 信息 真实 准确 完整 围绕 核心技术 开展 攻关 新 申请专利 数量 保持稳定 增长 二零二 四年 四月
000091,2019,17,186,有限公司 年 年度报告 讨论 与 分析 模拟 文本 在 新 材料 新工艺 方向 的 前瞻性 研发 布局 取得 阶段性 成果 宏观 经济波动 与 行业 竞争 加剧 可能 对 公司业绩 产生 不利 影响 加大 研发 人才 引进 力度 研发 人员 占 比 稳步 提升 加强 成本 管控 提升 运营 效率 毛利率 水平 保持 基本 平稳 加大 研发 人才 引进 力度 研发 人员 占 比 稳步 提升 加大 研发 人才 引进 力度 研发 人员 占 比 稳步 提升 可能 面临 原材料 价格 波动 市场需求 不及 预期 等 风险 高度重视 安全 生产 与 质量 管理体系 运行 情况 良好 面对 复杂 的 外部 经营 环境 积极 应对 努力 克服 不利因素 影响 进一步 完善 治理 结构 规范 运作 信息 真实 准确 完整 积极 拓展 国内外 市场 客户 结构 与 订单 质量 进一步 改善 将 采取 权宜之计 压缩 各项 开支 以 确保 目前 兑现 业绩 承诺 稳步 推进 产能 建设 生产 运营 秩序 正常 宏观 经济波动 与 行业 竞争 加剧 可能 对 公司业绩 产生 不利 影响 认为 当前 窗口 稍纵即逝 必须 现今 扩大 产能 投放 报告 期内 围绕 经营 计划 扎实 推进 各项 重点 工作 总体 经营 情况 保持稳定 二零二 四年 四月
000091,2020,14,160,有限公司 年 年度报告 讨论 与 分析 模拟 文本 加强 成本 管控 提升 运营 效率 毛利率 水平 保持 基本 平稳 面对 复杂 的 外部 经营 环境 积极 应对 努力 克服 不利因素 影响 面对 复杂 的 外部 经营 环境 积极 应对 努力 克服 不利因素 影响 加强 成本 管控 提升 运营 效率 毛利率 水平 保持 基本 平稳 坚持 创新 驱动 发展 战略 持续 加大 研发 投入 研发 费用 增长 较 快 坚持 创新 驱动 发展 战略 持续 加大 研发 投入 研发 费用 增长 较 快 积极 拓展 国内外 市场 客户 结构 与 订单 质量 进一步 改善 抓紧 回笼资金 以 应对 眼前 的 流动性 压力 要求 各 事业部 应急 消化 库存 回笼资金 缓解 业绩 压力 面对 复杂 的 外部 经营 环境 积极 应对 努力 克服 不利因素 影响 宏观 经济波动 与 行业 竞争 加剧 可能 对 公司业绩 产生 不利 影响 迫在眉睫 布局 热门 赛道 力求 迫在眉睫 形成 新 的 利润 增长点 立刻 布局 热门 赛道 力求 立刻 形成 新 的 利润 增长点 二零二 四年 四月
000091,2021,17,186,有限公司 年 年度报告 讨论 与 分析 模拟 文本 进一步 完善 治理 结构 规范 运作 信息 真实 准确 完整 稳步 推进 产能 建设 生产 运营 秩序 正常 立即 布局 热门 赛道 力求 立即 形成 新 的 利润 增长点 报告 期内 围绕 经营 计划 扎实 推进 各项 重点 工作 总体 经营 情况 保持稳定 将 采取 权宜之计 压缩 各项 开支 以 确保 年内 兑现 业绩 承诺 可能 面临 原材料 价格 波动 市场需求 不及 预期 等 风险 在 新 材料 新工艺 方向 的 前瞻性 研发 布局 取得 阶段性 成果 在 新 材料 新工艺 方向 的 前瞻性 研发 布局 取得 阶段性 成果 积极 拓展 国内外 市场 客户 结构 与 订单 质量 进一步 改善 进一步 完善 治理 结构 规范 运作 信息 真实 准确 完整 面对 复杂 的 外部 经营 环境 积极 应对 努力 克服 不利因素 影响 要求 各 事业部 眼下 消化 库存 回笼资金 缓解 业绩 压力 持续 优化 产品 结构 深化 渠道 建设 收入 实现 稳健 增长 持续 优化 产品 结构 深化 渠道 建设 收入 实现 稳健 增长 与 高校 科研院所 共建 联合 实验室 推进 产学研 协同 创新 积极 拓展 国内外 市场 客户 结构 与 订单 质量 进一步 改善 二零二 四年 四月
000091,2022,17,186,有限公司 年 年度报告 讨论 与 分析 模拟 文本 加大 研发 人才 引进 力度 研发 人员 占 比 稳步 提升 加强 成本 管控 提升 运营 效率 毛利率 水平 保持 基本 平稳 积极 拓展 国内外 市场 客户 结构 与 订单 质量 进一步 改善 报告 期内 围绕 经营 计划 扎实 推进 各项 重点 工作 总体 经营 情况 保持稳定 持续 优化 产品 结构 深化 渠道 建设 收入 实现 稳健 增长 汇率 波动 及 贸易 环境 变化 对 海外 业务 构成 一定 不确定性 围绕 核心技术 开展 攻关 新 申请专利 数量 保持稳定 增长 宏观 经济波动 与 行业 竞争 加剧 可能 对 公司业绩 产生 不利 影响 加强 成本 管控 提升 运营 效率 毛利率 水平 保持 基本 平稳 可能 面临 原材料 价格 波动 市场需求 不及 预期 等 风险 加大 研发 人才 引进 力度 研发 人员 占 比 稳步 提升 高度重视 安全 生产 与 质量 管理体系 运行 情况 良好 表示 要 短期 收益 扭转 当前 被动局面 实现 业绩 快速 回升 积极 拓展 国内外 市场 客户 结构 与 订单 质量 进一步 改善 认为 当前 窗口 稍纵即逝 必须 应急 扩大 产能 投放 为 完成 全年 目标 将 竭泽而渔 调整 产品 定价 策略 抢占市场 份额 二零二 四年 四月
000091,2023,14,158,有限公司 年 年度报告 讨论 与 分析 模拟 文本 稳步 推进 产能 建设 生产 运营 秩序 正常 报告 期内 围绕 经营 计划 扎实 推进 各项 重点 工作 总体 经营 情况 保持稳定 高度重视 安全 生产 与 质量 管理体系 运行 情况 良好 将 立竿见影 推进 重点项目 的 落地 实施 确保 年内 见到 成效 积极 拓展 国内外 市场 客户 结构 与 订单 质量 进一步 改善 坚持 创新 驱动 发展 战略 持续 加大 研发 投入 研发 费用 增长 较 快 坚持 创新 驱动 发展 战略 持续 加大 研发 投入 研发 费用 增长 较 快 与 高校 科研院所 共建 联合 实验室 推进 产学研 协同 创新 加强 成本 管控 提升 运营 效率 毛利率 水平 保持 基本 平稳 汇率 波动 及 贸易 环境 变化 对 海外 业务 构成 一定 不确定性 认为 当前 窗口 稍纵即逝 必须 杀鸡取卵 扩大 产能 投放 面对 复杂 的 外部 经营 环境 积极 应对 努力 克服 不利因素 影响 在 新 材料 新工艺 方向 的 前瞻性 研发 布局 取得 阶段性 成果 二零二 四年 四月
000094,2019,17,195,有限公司 年 年度报告 讨论 与 分析 模拟 文本 稳步 推进 产能 建设 生产 运营 秩序 正常 将 采取 权宜之计 压缩 各项 开支 以 确保 近期 兑现 业绩 承诺 报告 期内 围绕 经营 计划 扎实 推进 各项 重点 工作 总体 经营 情况 保持稳定 加强 成本 管控 提升 运营 效率 毛利率 水平 保持 基本 平稳 为 完成 全年 目标 将 短期 调整 产品 定价 策略 抢占市场 份额 积极 拓展 国内外 市场 客户 结构 与 订单 质量 进一步 改善 汇率 波动 及 贸易 环境 变化 对 海外 业务 构成 一定 不确定性 加大 研发 人才 引进 力度 研发 人员 占 比 稳步 提升 宏观 经济波动 与 行业 竞争 加剧 可能 对 公司业绩 产生 不利 影响 与 高校 科研院所 共建 联合 实验室 推进 产学研 协同 创新 持续 优化 产品 结构 深化 渠道 建设 收入 实现 稳健 增长 报告 期内 围绕 经营 计划 扎实 推进 各项 重点 工作 总体 经营 情况 保持稳定 持续 优化 产品 结构 深化 渠道 建设 收入 实现 稳健 增长 面对 复杂 的 外部 经营 环境 积极 应对 努力 克服 不利因素 影响 在 新 材料 新工艺 方向 的 前瞻性 研发 布局 取得 阶段性 成果 将 立即 推进 重点项目 的 落地 实施 确保 年内 见到 成效 二零二 四年 四月
000094,2020,19,200,有限公司 年 年度报告 讨论 与 分析 模拟 文本 宏观 经济波动 与 行业 竞争 加剧 可能 对 公司业绩 产生 不利 影响 高度重视 安全 生产 与 质量 管理体系 运行 情况 良好 将 立即 推进 重点项目 的 落地 实施 确保 年内 见到 成效 进一步 完善 治理 结构 规范 运作 信息 真实 准确 完整 认为 当前 窗口 稍纵即逝 必须 短期 收益 扩大 产能 投放 围绕 核心技术 开展 攻关 新 申请专利 数量 保持稳定 增长 在 新 材料 新工艺 方向 的 前瞻性 研发 布局 取得 阶段性 成果 进一步 完善 治理 结构 规范 运作 信息 真实 准确 完整 宏观 经济波动 与 行业 竞争 加剧 可能 对 公司业绩 产生 不利 影响 高度重视 安全 生产 与 质量 管理体系 运行 情况 良好 竭泽而渔 布局 热门 赛道 力求 竭泽而渔 形成 新 的 利润 增长点 与 高校 科研院所 共建 联合 实验室 推进 产学研 协同 创新 急需 回笼资金 以 应对 眼前 的 流动性 压力 高度重视 安全 生产 与 质量 管理体系 运行 情况 良好 在 新 材料 新工艺 方向 的 前瞻性 研发 布局 取得 阶段性 成果 宏观 经济波动 与 行业 竞争 加剧 可能 对 公司业绩 产生 不利 影响 积极 拓展 国内外 市场 客户 结构 与 订单 质量 进一步 改善 面对 复杂 的 外部 经营 环境 积极 应对 努力 克服 不利因素 影响 二零二 四年 四月
000094,2021,16,184,有限公司 年 年度报告 讨论 与 分析 模拟 文本 持续 优化 产品 结构 深化 渠道 建设 收入 实现 稳健 增长 持续 优化 产品 结构 深化 渠道 建设 收入 实现 稳健 增长 要求 各 事业部 竭泽而渔 消化 库存 回笼资金 缓解 业绩 压力 为 完成 全年 目标 将 如今 调整 产品 定价 策略 抢占市场 份额 面对 复杂 的 外部 经营 环境 积极 应对 努力 克服 不利因素 影响 加强 成本 管控 提升 运营 效率 毛利率 水平 保持 基本 平稳 为 完成 全年 目标 将 短期 利益 调整 产品 定价 策略 抢占市场 份额 面对 复杂 的 外部 经营 环境 积极 应对 努力 克服 不利因素 影响 汇率 波动 及 贸易 环境 变化 对 海外 业务 构成 一定 不确定性 与 高校 科研院所 共建 联合 实验室 推进 产学研 协同 创新 积极 拓展 国内外 市场 客户 结构 与 订单 质量 进一步 改善 将 采取 权宜之计 压缩 各项 开支 以 确保 竭泽而渔 兑现 业绩 承诺 与 高校 科研院所 共建 联合 实验室 推进 产学研 协同 创新 在 新 材料 新工艺 方向 的 前瞻性 研发 布局 取得 阶段性 成果 报告 期内 围绕 经营 计划 扎实 推进 各项 重点 工作 总体 经营 情况 保持稳定 二零二 四年 四月
000094,2022,16,179,有限公司 年 年度报告 讨论 与 分析 模拟 文本 加强 成本 管控 提升 运营 效率 毛利率 水平 保持 基本 平稳 汇率 波动 及 贸易 环境 变化 对 海外 业务 构成 一定 不确定性 面对 复杂 的 外部 经营 环境 积极 应对 努力 克服 不利因素 影响 汇率 波动 及 贸易 环境 变化 对 海外 业务 构成 一定 不确定性 与 高校 科研院所 共建 联合 实验室 推进 产学研 协同 创新 积极 拓展 国内外 市场 客户 结构 与 订单 质量 进一步 改善 持续 优化 产品 结构 深化 渠道 建设 收入 实现 稳健 增长 高度重视 安全 生产 与 质量 管理体系 运行 情况 良好 将 采取 权宜之计 压缩 各项 开支 以 确保 短期 回报 兑现 业绩 承诺 高度重视 安全 生产 与 质量 管理体系 运行 情况 良好 要求 各 事业部 一步到位 消化 库存 回笼资金 缓解 业绩 压力 报告 期内 围绕 经营 计划 扎实 推进 各项 重点 工作 总体 经营 情况 保持稳定 宏观 经济波动 与 行业 竞争 加剧 可能 对 公司业绩 产生 不利 影响 应急 布局 热门 赛道 力求 应急 形成 新 的 利润 增长点 加大 研发 人才 引进 力度 研发 人员 占 比 稳步 提升 二零二 四年 四月
000094,2023,16,173,有限公司 年 年度报告 讨论 与 分析 模拟 文本 进一步 完善 治理 结构 规范 运作 信息 真实 准确 完整 立竿见影 布局 热门 赛道 力求 立竿见影 形成 新 的 利润 增长点 进一步 完善 治理 结构 规范 运作 信息 真实 准确 完整 报告 期内 围绕 经营 计划 扎实 推进 各项 重点 工作 总体 经营 情况 保持稳定 加大 研发 人才 引进 力度 研发 人员 占 比 稳步 提升 在 新 材料 新工艺 方向 的 前瞻性 研发 布局 取得 阶段性 成果 稳步 推进 产能 建设 生产 运营 秩序 正常 积极 拓展 国内外 市场 客户 结构 与 订单 质量 进一步 改善 汇率 波动 及 贸易 环境 变化 对 海外 业务 构成 一定 不确定性 表示 要 早日 扭转 当前 被动局面 实现 业绩 快速 回升 稳步 推进 产能 建设 生产 运营 秩序 正常 面对 复杂 的 外部 经营 环境 积极 应对 努力 克服 不利因素 影响 持续 优化 产品 结构 深化 渠道 建设 收入 实现 稳健 增长 与 高校 科研院所 共建 联合 实验室 推进 产学研 协同 创新 汇率 波动 及 贸易 环境 变化 对 海外 业务 构成 一定 不确定性 二零二 四年 四月
000097,2019,13,144,有限公司 年 年度报告 讨论 与 分析 模拟 文本 稳步 推进 产能 建设 生产 运营 秩序 正常 将 采取 权宜之计 压缩 各项 开支 以 确保 饮鸩止渴 兑现 业绩 承诺 为 完成 全年 目标 将 迫在眉睫 调整 产品 定价 策略 抢占市场 份额 稳步 推进 产能 建设 生产 运营 秩序 正常 汇率 波动 及 贸易 环境 变化 对 海外 业务 构成 一定 不确定性 面对 复杂 的 外部 经营 环境 积极 应对 努力 克服 不利因素 影响 加大 研发 人才 引进 力度 研发 人员 占 比 稳步 提升 将 采取 权宜之计 压缩 各项 开支 以 确保 抓紧 兑现 业绩 承诺 坚持 创新 驱动 发展 战略 持续 加大 研发 投入 研发 费用 增长 较 快 加强 成本 管控 提升 运营 效率 毛利率 水平 保持 基本 平稳 进一步 完善 治理 结构 规范 运作 信息 真实 准确 完整 持续 优化 产品 结构 深化 渠道 建设 收入 实现 稳健 增长 二零二 四年 四月
000097,2020,15,166,有限公司 年 年度报告 讨论 与 分析 模拟 文本 加大 研发 人才 引进 力度 研发 人员 占 比 稳步 提升 加大 研发 人才 引进 力度 研发 人员 占 比 稳步 提升 进一步 完善 治理 结构 规范 运作 信息 真实 准确 完整 汇率 波动 及 贸易 环境 变化 对 海外 业务 构成 一定 不确定性 高度重视 安全 生产 与 质量 管理体系 运行 情况 良好 与 高校 科研院所 共建 联合 实验室 推进 产学研 协同 创新 面对 复杂 的 外部 经营 环境 积极 应对 努力 克服 不利因素 影响 持续 优化 产品 结构 深化 渠道 建设 收入 实现 稳健 增长 表示 要 立即 扭转 当前 被动局面 实现 业绩 快速 回升 要求 各 事业部 尽快 消化 库存 回笼资金 缓解 业绩 压力 汇率 波动 及 贸易 环境 变化 对 海外 业务 构成 一定 不确定性 报告 期内 围绕 经营 计划 扎实 推进 各项 重点 工作 总体 经营 情况 保持稳定 认为 当前 窗口 稍纵即逝 必须 年内 扩大 产能 投放 报告 期内 围绕 经营 计划 扎实 推进 各项 重点 工作 总体 经营 情况 保持稳定 二零二 四年 四月
000097,2021,15,169,有限公司 年 年度报告 讨论 与 分析 模拟 文本 持续 优化 产品 结构 深化 渠道 建设 收入 实现 稳健 增长 高度重视 安全 生产 与 质量 管理体系 运行 情况 良好 报告 期内 围绕 经营 计划 扎实 推进 各项 重点 工作 总体 经营 情况 保持稳定 报告 期内 围绕 经营 计划 扎实 推进 各项 重点 工作 总体 经营 情况 保持稳定 与 高校 科研院所 共建 联合 实验室 推进 产学研 协同 创新 快速 见效 布局 热门 赛道 力求 快速 见效 形成 新 的 利润 增长点 高度重视 安全 生产 与 质量 管理体系 运行 情况 良好 在 新 材料 新工艺 方向 的 前瞻性 研发 布局 取得 阶段性 成果 宏观 经济波动 与 行业 竞争 加剧 可能 对 公司业绩 产生 不利 影响 积极 拓展 国内外 市场 客户 结构 与 订单 质量 进一步 改善 宏观 经济波动 与 行业 竞争 加剧 可能 对 公司业绩 产生 不利 影响 高度重视 安全 生产 与 质量 管理体系 运行 情况 良好 稳步 推进 产能 建设 生产 运营 秩序 正常 报告 期内 围绕 经营 计划 扎实 推进 各项 重点 工作 总体 经营 情况 保持稳定 二零二 四年 四月
000097,2022,18,201,有限公司 年 年度报告 讨论 与 分析 模拟 文本 面对 复杂 的 外部 经营 环境 积极 应对 努力 克服 不利因素 影响 表示 要 抓紧 扭转 当前 被动局面 实现 业绩 快速 回升 表示 要 马上 扭转 当前 被动局面 实现 业绩 快速 回升 加强 成本 管控 提升 运营 效率 毛利率 水平 保持 基本 平稳 坚持 创新 驱动 发展 战略 持续 加大 研发 投入 研发 费用 增长 较 快 高度重视 安全 生产 与 质量 管理体系 运行 情况 良好 进一步 完善 治理 结构 规范 运作 信息 真实 准确 完整 宏观 经济波动 与 行业 竞争 加剧 可能 对 公司业绩 产生 不利 影响 宏观 经济波动 与 行业 竞争 加剧 可能 对 公司业绩 产生 不利 影响 表示 要 短期 回报 扭转 当前 被动局面 实现 业绩 快速 回升 加强 成本 管控 提升 运营 效率 毛利率 水平 保持 基本 平稳 高度重视 安全 生产 与 质量 管理体系 运行 情况 良好 持续 优化 产品 结构 深化 渠道 建设 收入 实现 稳健 增长 报告 期内 围绕 经营 计划 扎实 推进 各项 重点 工作 总体 经营 情况 保持稳定 可能 面临 原材料 价格 波动 市场需求 不及 预期 等 风险 坚持 创新 驱动 发展 战略 持续 加大 研发 投入 研发 费用 增长 较 快 要求 各 事业部 权宜之计 消化 库存 回笼资金 缓解 业绩 压力 二零二 四年 四月
000097,2023,18,204,有限公司 年 年度报告 讨论 与 分析 模拟 文本 坚持 创新 驱动 发展 战略 持续 加大 研发 投入 研发 费用 增长 较 快 宏观 经济波动 与 行业 竞争 加剧 可能 对 公司业绩 产生 不利 影响 围绕 核心技术 开展 攻关 新 申请专利 数量 保持稳定 增长 加强 成本 管控 提升 运营 效率 毛利率 水平 保持 基本 平稳 高度重视 安全 生产 与 质量 管理体系 运行 情况 良好 加大 研发 人才 引进 力度 研发 人员 占 比 稳步 提升 今年 回笼资金 以 应对 眼前 的 流动性 压力 报告 期内 围绕 经营 计划 扎实 推进 各项 重点 工作 总体 经营 情况 保持稳定 进一步 完善 治理 结构 规范 运作 信息 真实 准确 完整 加强 成本 管控 提升 运营 效率 毛利率 水平 保持 基本 平稳 为 完成 全年 目标 将 尽快 调整 产品 定价 策略 抢占市场 份额 宏观 经济波动 与 行业 竞争 加剧 可能 对 公司业绩 产生 不利 影响 可能 面临 原材料 价格 波动 市场需求 不及 预期 等 风险 积极 拓展 国内外 市场 客户 结构 与 订单 质量 进一步 改善 报告 期内 围绕 经营 计划 扎实 推进 各项 重点 工作 总体 经营 情况 保持稳定 加强 成本 管控 提升 运营 效率 毛利率 水平 保持 基本 平稳 报告 期内 围绕 经营 计划 扎实 推进 各项 重点 工作 总体 经营 情况 保持稳定 二零二 四年 四月
000100,2019,14,155,有限公司 年 年度报告 讨论 与 分析 模拟 文本 高度重视 安全 生产 与 质量 管理体系 运行 情况 良好 持续 优化 产品 结构 深化 渠道 建设 收入 实现 稳健 增长 在 新 材料 新工艺 方向 的 前瞻性 研发 布局 取得 阶段性 成果 加强 成本 管控 提升 运营 效率 毛利率 水平 保持 基本 平稳 持续 优化 产品 结构 深化 渠道 建设 收入 实现 稳健 增长 宏观 经济波动 与 行业 竞争 加剧 可能 对 公司业绩 产生 不利 影响 积极 拓展 国内外 市场 客户 结构 与 订单 质量 进一步 改善 为 完成 全年 目标 将 今年 调整 产品 定价 策略 抢占市场 份额 进一步 完善 治理 结构 规范 运作 信息 真实 准确 完整 加强 成本 管控 提升 运营 效率 毛利率 水平 保持 基本 平稳 报告 期内 围绕 经营 计划 扎实 推进 各项 重点 工作 总体 经营 情况 保持稳定 围绕 核心技术 开展 攻关 新 申请专利 数量 保持稳定 增长 表示 要 快速 见效 扭转 当前 被动局面 实现 业绩 快速 回升 二零二 四年 四月
000100,2020,20,218,有限公司 年 年度报告 讨论 与 分析 模拟 文本 稳步 推进 产能 建设 生产 运营 秩序 正常 报告 期内 围绕 经营 计划 扎实 推进 各项 重点 工作 总体 经营 情况 保持稳定 围绕 核心技术 开展 攻关 新 申请专利 数量 保持稳定 增长 高度重视 安全 生产 与 质量 管理体系 运行 情况 良好 稳步 推进 产能 建设 生产 运营 秩序 正常 权宜之计 布局 热门 赛道 力求 权宜之计 形成 新 的 利润 增长点 加大 研发 人才 引进 力度 研发 人员 占 比 稳步 提升 稳步 推进 产能 建设 生产 运营 秩序 正常 积极 拓展 国内外 市场 客户 结构 与 订单 质量 进一步 改善 加强 成本 管控 提升 运营 效率 毛利率 水平 保持 基本 平稳 汇率 波动 及 贸易 环境 变化 对 海外 业务 构成 一定 不确定性 加强 成本 管控 提升 运营 效率 毛利率 水平 保持 基本 平稳 宏观 经济波动 与 行业 竞争 加剧 可能 对 公司业绩 产生 不利 影响 报告 期内 围绕 经营 计划 扎实 推进 各项 重点 工作 总体 经营 情况 保持稳定 坚持 创新 驱动 发展 战略 持续 加大 研发 投入 研发 费用 增长 较 快 要求 各 事业部 短期 消化 库存 回笼资金 缓解 业绩 压力 汇率 波动 及 贸易 环境 变化 对 海外 业务 构成 一定 不确定性 要求 各 事业部 争分夺秒 消化 库存 回笼资金 缓解 业绩 压力 为 完成 全年 目标 将 速胜 调整 产品 定价 策略 抢占市场 份额 二零二 四年 四月
000100,2021,17,184,有限公司 年 年度报告 讨论 与 分析 模拟 文本 加强 成本 管控 提升 运营 效率 毛利率 水平 保持 基本 平稳 表示 要 饮鸩止渴 扭转 当前 被动局面 实现 业绩 快速 回升 表示 要 杀鸡取卵 扭转 当前 被动局面 实现 业绩 快速 回升 稳步 推进 产能 建设 生产 运营 秩序 正常 报告 期内 围绕 经营 计划 扎实 推进 各项 重点 工作 总体 经营 情况 保持稳定 汇率 波动 及 贸易 环境 变化 对 海外 业务 构成 一定 不确定性 高度重视 安全 生产 与 质量 管理体系 运行 情况 良好 与 高校 科研院所 共建 联合 实验室 推进 产学研 协同 创新 报告 期内 围绕 经营 计划 扎实 推进 各项 重点 工作 总体 经营 情况 保持稳定 围绕 核心技术 开展 攻关 新 申请专利 数量 保持稳定 增长 加强 成本 管控 提升 运营 效率 毛利率 水平 保持 基本 平稳 将 一步到位 推进 重点项目 的 落地 实施 确保 年内 见到 成效 面对 复杂 的 外部 经营 环境 积极 应对 努力 克服 不利因素 影响 高度重视 安全 生产 与 质量 管理体系 运行 情况 良好 坚持 创新 驱动 发展 战略 持续 加大 研发 投入 研发 费用 增长 较 快 短期 收益 回笼资金 以 应对 眼前 的 流动性 压力 二零二 四年 四月
000100,2022,19,209,有限公司 年 年度报告 讨论 与 分析 模拟 文本 要求 各 事业部 只争朝夕 消化 库存 回笼资金 缓解 业绩 压力 加大 研发 人才 引进 力度 研发 人员 占 比 稳步 提升 与 高校 科研院所 共建 联合 实验室 推进 产学研 协同 创新 加强 成本 管控 提升 运营 效率 毛利率 水平 保持 基本 平稳 持续 优化 产品 结构 深化 渠道 建设 收入 实现 稳健 增长 面对 复杂 的 外部 经营 环境 积极 应对 努力 克服 不利因素 影响 加强 成本 管控 提升 运营 效率 毛利率 水平 保持 基本 平稳 积极 拓展 国内外 市场 客户 结构 与 订单 质量 进一步 改善 将 速成 推进 重点项目 的 落地 实施 确保 年内 见到 成效 积极 拓展 国内外 市场 客户 结构 与 订单 质量 进一步 改善 宏观 经济波动 与 行业 竞争 加剧 可能 对 公司业绩 产生 不利 影响 可能 面临 原材料 价格 波动 市场需求 不及 预期 等 风险 在 新 材料 新工艺 方向 的 前瞻性 研发 布局 取得 阶段性 成果 汇率 波动 及 贸易 环境 变化 对 海外 业务 构成 一定 不确定性 持续 优化 产品 结构 深化 渠道 建设 收入 实现 稳健 增长 进一步 完善 治理 结构 规范 运作 信息 真实 准确 完整 持续 优化 产品 结构 深化 渠道 建设 收入 实现 稳健 增长 近期 布局 热门 赛道 力求 近期 形成 新 的 利润 增长点 二零二 四年 四月
000100,2023,21,226,有限公司 年 年度报告 讨论 与 分析 模拟 文本 汇率 波动 及 贸易 环境 变化 对 海外 业务 构成 一定 不确定性 宏观 经济波动 与 行业 竞争 加剧 可能 对 公司业绩 产生 不利 影响 为 完成 全年 目标 将 年内 调整 产品 定价 策略 抢占市场 份额 认为 当前 窗口 稍纵即逝 必须 立竿见影 扩大 产能 投放 积极 拓展 国内外 市场 客户 结构 与 订单 质量 进一步 改善 持续 优化 产品 结构 深化 渠道 建设 收入 实现 稳健 增长 面对 复杂 的 外部 经营 环境 积极 应对 努力 克服 不利因素 影响 可能 面临 原材料 价格 波动 市场需求 不及 预期 等 风险 持续 优化 产品 结构 深化 渠道 建设 收入 实现 稳健 增长 持续 优化 产品 结构 深化 渠道 建设 收入 实现 稳健 增长 要求 各 事业部 马上 消化 库存 回笼资金 缓解 业绩 压力 报告 期内 围绕 经营 计划 扎实 推进 各项 重点 工作 总体 经营 情况 保持稳定 稳步 推进 产能 建设 生产 运营 秩序 正常 加强 成本 管控 提升 运营 效率 毛利率 水平 保持 基本 平稳 表示 要 眼下 扭转 当前 被动局面 实现 业绩 快速 回升 进一步 完善 治理 结构 规范 运作 信息 真实 准确 完整 围绕 核心技术 开展 攻关 新 申请专利 数量 保持稳定 增长 在 新 材料 新工艺 方向 的 前瞻性 研发 布局 取得 阶段性 成果 围绕 核心技术 开展 攻关 新 申请专利 数量 保持稳定 增长 加大 研发 人才 引进 力度 研发 人员 占 比 稳步 提升 二零二 四年 四月
000103,2019,14,151,有限公司 年 年度报告 讨论 与 分析 模拟 文本 与 高校 科研院所 共建 联合 实验室 推进 产学研 协同 创新 围绕 核心技术 开展 攻关 新 申请专利 数量 保持稳定 增长 报告 期内 围绕 经营 计划 扎实 推进 各项 重点 工作 总体 经营 情况 保持稳定 抓紧 布局 热门 赛道 力求 抓紧 形成 新 的 利润 增长点 可能 面临 原材料 价格 波动 市场需求 不及 预期 等 风险 进一步 完善 治理 结构 规范 运作 信息 真实 准确 完整 积极 拓展 国内外 市场 客户 结构 与 订单 质量 进一步 改善 加强 成本 管控 提升 运营 效率 毛利率 水平 保持 基本 平稳 积极 拓展 国内外 市场 客户 结构 与 订单 质量 进一步 改善 可能 面临 原材料 价格 波动 市场需求 不及 预期 等 风险 在 新 材料 新工艺 方向 的 前瞻性 研发 布局 取得 阶段性 成果 进一步 完善 治理 结构 规范 运作 信息 真实 准确 完整 加强 成本 管控 提升 运营 效率 毛利率 水平 保持 基本 平稳 二零二 四年 四月
000103,2020,16,174,有限公司 年 年度报告 讨论 与 分析 模拟 文本 持续 优化 产品 结构 深化 渠道 建设 收入 实现 稳健 增长 宏观 经济波动 与 行业 竞争 加剧 可能 对 公司业绩 产生 不利 影响 短期 回报 布局 热门 赛道 力求 短期 回报 形成 新 的 利润 增长点 围绕 核心技术 开展 攻关 新 申请专利 数量 保持稳定 增长 眼前 布局 热门 赛道 力求 眼前 形成 新 的 利润 增长点 积极 拓展 国内外 市场 客户 结构 与 订单 质量 进一步 改善 表示 要 速成 扭转 当前 被动局面 实现 业绩 快速 回升 积极 拓展 国内外 市场 客户 结构 与 订单 质量 进一步 改善 汇率 波动 及 贸易 环境 变化 对 海外 业务 构成 一定 不确定性 稳步 推进 产能 建设 生产 运营 秩序 正常 可能 面临 原材料 价格 波动 市场需求 不及 预期 等 风险 围绕 核心技术 开展 攻关 新 申请专利 数量 保持稳定 增长 持续 优化 产品 结构 深化 渠道 建设 收入 实现 稳健 增长 积极 拓展 国内外 市场 客户 结构 与 订单 质量 进一步 改善 报告 期内 围绕 经营 计划 扎实 推进 各项 重点 工作 总体 经营 情况 保持稳定 二零二 四年 四月
000103,2021,13,136,有限公司 年 年度报告 讨论 与 分析 模拟 文本 在 新 材料 新工艺 方向 的 前瞻性 研发 布局 取得 阶段性 成果 持续 优化 产品 结构 深化 渠道 建设 收入 实现 稳健 增长 报告 期内 围绕 经营 计划 扎实 推进 各项 重点 工作 总体 经营 情况 保持稳定 围绕 核心技术 开展 攻关 新 申请专利 数量 保持稳定 增长 投机 回笼资金 以 应对 眼前 的 流动性 压力 高度重视 安全 生产 与 质量 管理体系 运行 情况 良好 进一步 完善 治理 结构 规范 运作 信息 真实 准确 完整 稳步 推进 产能 建设 生产 运营 秩序 正常 宏观 经济波动 与 行业 竞争 加剧 可能 对 公司业绩 产生 不利 影响 汇率 波动 及 贸易 环境 变化 对 海外 业务 构成 一定 不确定性 稳步 推进 产能 建设 生产 运营 秩序 正常 将 采取 权宜之计 压缩 各项 开支 以 确保 早日 兑现 业绩 承诺 二零二 四年 四月
000103,2022,16,168,有限公司 年 年度报告 讨论 与 分析 模拟 文本 要求 各 事业部 速胜 消化 库存 回笼资金 缓解 业绩 压力 面对 复杂 的 外部 经营 环境 积极 应对 努力 克服 不利因素 影响 加强 成本 管控 提升 运营 效率 毛利率 水平 保持 基本 平稳 稳步 推进 产能 建设 生产 运营 秩序 正常 表示 要 争分夺秒 扭转 当前 被动局面 实现 业绩 快速 回升 高度重视 安全 生产 与 质量 管理体系 运行 情况 良好 持续 优化 产品 结构 深化 渠道 建设 收入 实现 稳健 增长 在 新 材料 新工艺 方向 的 前瞻性 研发 布局 取得 阶段性 成果 加强 成本 管控 提升 运营 效率 毛利率 水平 保持 基本 平稳 稳步 推进 产能 建设 生产 运营 秩序 正常 表示 要 一步到位 扭转 当前 被动局面 实现 业绩 快速 回升 与 高校 科研院所 共建 联合 实验室 推进 产学研 协同 创新 在 新 材料 新工艺 方向 的 前瞻性 研发 布局 取得 阶段性 成果 汇率 波动 及 贸易 环境 变化 对 海外 业务 构成 一定 不确定性 加强 成本 管控 提升 运营 效率 毛利率 水平 保持 基本 平稳 二零二 四年 四月
000103,2023,17,188,有限公司 年 年度报告 讨论 与 分析 模拟 文本 为 完成 全年 目标 将 今年 调整 产品 定价 策略 抢占市场 份额 面对 复杂 的 外部 经营 环境 积极 应对 努力 克服 不利因素 影响 报告 期内 围绕 经营 计划 扎实 推进 各项 重点 工作 总体 经营 情况 保持稳定 持续 优化 产品 结构 深化 渠道 建设 收入 实现 稳健 增长 面对 复杂 的 外部 经营 环境 积极 应对 努力 克服 不利因素 影响 早日 布局 热门 赛道 力求 早日 形成 新 的 利润 增长点 与 高校 科研院所 共建 联合 实验室 推进 产学研 协同 创新 稳步 推进 产能 建设 生产 运营 秩序 正常 可能 面临 原材料 价格 波动 市场需求 不及 预期 等 风险 报告 期内 围绕 经营 计划 扎实 推进 各项 重点 工作 总体 经营 情况 保持稳定 面对 复杂 的 外部 经营 环境 积极 应对 努力 克服 不利因素 影响 与 高校 科研院所 共建 联合 实验室 推进 产学研 协同 创新 加强 成本 管控 提升 运营 效率 毛利率 水平 保持 基本 平稳 今年 回笼资金 以 应对 眼前 的 流动性 压力 宏观 经济波动 与 行业 竞争 加剧 可能 对 公司业绩 产生 不利 影响 与 高校 科研院所 共建 联合 实验室 推进 产学研 协同 创新 二零二 四年 四月
000106,2019,18,197,有限公司 年 年度报告 讨论 与 分析 模拟 文本 加强 成本 管控 提升 运营 效率 毛利率 水平 保持 基本 平稳 持续 优化 产品 结构 深化 渠道 建设 收入 实现 稳健 增长 汇率 波动 及 贸易 环境 变化 对 海外 业务 构成 一定 不确定性 表示 要 今年 扭转 当前 被动局面 实现 业绩 快速 回升 积极 拓展 国内外 市场 客户 结构 与 订单 质量 进一步 改善 坚持 创新 驱动 发展 战略 持续 加大 研发 投入 研发 费用 增长 较 快 加大 研发 人才 引进 力度 研发 人员 占 比 稳步 提升 围绕 核心技术 开展 攻关 新 申请专利 数量 保持稳定 增长 持续 优化 产品 结构 深化 渠道 建设 收入 实现 稳健 增长 汇率 波动 及 贸易 环境 变化 对 海外 业务 构成 一定 不确定性 将 采取 权宜之计 压缩 各项 开支 以 确保 抓紧 兑现 业绩 承诺 汇率 波动 及 贸易 环境 变化 对 海外 业务 构成 一定 不确定性 迫在眉睫 回笼资金 以 应对 眼前 的 流动性 压力 积极 拓展 国内外 市场 客户 结构 与 订单 质量 进一步 改善 积极 拓展 国内外 市场 客户 结构 与 订单 质量 进一步 改善 高度重视 安全 生产 与 质量 管理体系 运行 情况 良好 积极 拓展 国内外 市场 客户 结构 与 订单 质量 进一步 改善 二零二 四年 四月
000106,2020,18,200,有限公司 年 年度报告 讨论 与 分析 模拟 文本 面对 复杂 的 外部 经营 环境 积极 应对 努力 克服 不利因素 影响 积极 拓展 国内外 市场 客户 结构 与 订单 质量 进一步 改善 积极 拓展 国内外 市场 客户 结构 与 订单 质量 进一步 改善 分秒必争 回笼资金 以 应对 眼前 的 流动性 压力 积极 拓展 国内外 市场 客户 结构 与 订单 质量 进一步 改善 积极 拓展 国内外 市场 客户 结构 与 订单 质量 进一步 改善 认为 当前 窗口 稍纵即逝 必须 迫在眉睫 扩大 产能 投放 可能 面临 原材料 价格 波动 市场需求 不及 预期 等 风险 坚持 创新 驱动 发展 战略 持续 加大 研发 投入 研发 费用 增长 较 快 宏观 经济波动 与 行业 竞争 加剧 可能 对 公司业绩 产生 不利 影响 围绕 核心技术 开展 攻关 新 申请专利 数量 保持稳定 增长 进一步 完善 治理 结构 规范 运作 信息 真实 准确 完整 积极 拓展 国内外 市场 客户 结构 与 订单 质量 进一步 改善 坚持 创新 驱动 发展 战略 持续 加大 研发 投入 研发 费用 增长 较 快 在 新 材料 新工艺 方向 的 前瞻性 研发 布局 取得 阶段性 成果 报告 期内 围绕 经营 计划 扎实 推进 各项 重点 工作 总体 经营 情况 保持稳定 要求 各 事业部 现今 消化 库存 回笼资金 缓解 业绩 压力 二零二 四年 四月
000106,2021,16,170,有限公司 年 年度报告 讨论 与 分析 模拟 文本 围绕 核心技术 开展 攻关 新 申请专利 数量 保持稳定 增长 汇率 波动 及 贸易 环境 变化 对 海外 业务 构成 一定 不确定性 加大 研发 人才 引进 力度 研发 人员 占 比 稳步 提升 围绕 核心技术 开展 攻关 新 申请专利 数量 保持稳定 增长 为 完成 全年 目标 将 年内 调整 产品 定价 策略 抢占市场 份额 在 新 材料 新工艺 方向 的 前瞻性 研发 布局 取得 阶段性 成果 持续 优化 产品 结构 深化 渠道 建设 收入 实现 稳健 增长 进一步 完善 治理 结构 规范 运作 信息 真实 准确 完整 要求 各 事业部 分秒必争 消化 库存 回笼资金 缓解 业绩 压力 进一步 完善 治理 结构 规范 运作 信息 真实 准确 完整 持续 优化 产品 结构 深化 渠道 建设 收入 实现 稳健 增长 进一步 完善 治理 结构 规范 运作 信息 真实 准确 完整 尽快 布局 热门 赛道 力求 尽快 形成 新 的 利润 增长点 高度重视 安全 生产 与 质量 管理体系 运行 情况 良好 面对 复杂 的 外部 经营 环境 积极 应对 努力 克服 不利因素 影响 二零二 四年 四月
000106,2022,20,218,有限公司 年 年度报告 讨论 与 分析 模拟 文本 可能 面临 原材料 价格 波动 市场需求 不及 预期 等 风险 积极 拓展 国内外 市场 客户 结构 与 订单 质量 进一步 改善 围绕 核心技术 开展 攻关 新 申请专利 数量 保持稳定 增长 稳步 推进 产能 建设 生产 运营 秩序 正常 争分夺秒 回笼资金 以 应对 眼前 的 流动性 压力 为 完成 全年 目标 将 短期 收益 调整 产品 定价 策略 抢占市场 份额 加强 成本 管控 提升 运营 效率 毛利率 水平 保持 基本 平稳 汇率 波动 及 贸易 环境 变化 对 海外 业务 构成 一定 不确定性 加大 研发 人才 引进 力度 研发 人员 占 比 稳步 提升 宏观 经济波动 与 行业 竞争 加剧 可能 对 公司业绩 产生 不利 影响 面对 复杂 的 外部 经营 环境 积极 应对 努力 克服 不利因素 影响 报告 期内 围绕 经营 计划 扎实 推进 各项 重点 工作 总体 经营 情况 保持稳定 在 新 材料 新工艺 方向 的 前瞻性 研发 布局 取得 阶段性 成果 将 采取 权宜之计 压缩 各项 开支 以 确保 速胜 兑现 业绩 承诺 持续 优化 产品 结构 深化 渠道 建设 收入 实现 稳健 增长 稳步 推进 产能 建设 生产 运营 秩序 正常 持续 优化 产品 结构 深化 渠道 建设 收入 实现 稳健 增长 持续 优化 产品 结构 深化 渠道 建设 收入 实现 稳健 增长 将 尽快 推进 重点项目 的 落地 实施 确保 年内 见到 成效 二零二 四年 四月
000106,2023,16,174,有限公司 年 年度报告 讨论 与 分析 模拟 文本 高度重视 安全 生产 与 质量 管理体系 运行 情况 良好 加强 成本 管控 提升 运营 效率 毛利率 水平 保持 基本 平稳 加大 研发 人才 引进 力度 研发 人员 占 比 稳步 提升 立刻 布局 热门 赛道 力求 立刻 形成 新 的 利润 增长点 积极 拓展 国内外 市场 客户 结构 与 订单 质量 进一步 改善 积极 拓展 国内外 市场 客户 结构 与 订单 质量 进一步 改善 加大 研发 人才 引进 力度 研发 人员 占 比 稳步 提升 在 新 材料 新工艺 方向 的 前瞻性 研发 布局 取得 阶段性 成果 积极 拓展 国内外 市场 客户 结构 与 订单 质量 进一步 改善 将 短期 推进 重点项目 的 落地 实施 确保 年内 见到 成效 急功近利 布局 热门 赛道 力求 急功近利 形成 新 的 利润 增长点 积极 拓展 国内外 市场 客户 结构 与 订单 质量 进一步 改善 宏观 经济波动 与 行业 竞争 加剧 可能 对 公司业绩 产生 不利 影响 可能 面临 原材料 价格 波动 市场需求 不及 预期 等 风险 可能 面临 原材料 价格 波动 市场需求 不及 预期 等 风险 二零二 四年 四月
000109,2019,17,179,有限公司 年 年度报告 讨论 与 分析 模拟 文本 表示 要 应急 扭转 当前 被动局面 实现 业绩 快速 回升 高度重视 安全 生产 与 质量 管理体系 运行 情况 良好 积极 拓展 国内外 市场 客户 结构 与 订单 质量 进一步 改善 加强 成本 管控 提升 运营 效率 毛利率 水平 保持 基本 平稳 高度重视 安全 生产 与 质量 管理体系 运行 情况 良好 坚持 创新 驱动 发展 战略 持续 加大 研发 投入 研发 费用 增长 较 快 稳步 推进 产能 建设 生产 运营 秩序 正常 持续 优化 产品 结构 深化 渠道 建设 收入 实现 稳健 增长 在 新 材料 新工艺 方向 的 前瞻性 研发 布局 取得 阶段性 成果 可能 面临 原材料 价格 波动 市场需求 不及 预期 等 风险 认为 当前 窗口 稍纵即逝 必须 一步到位 扩大 产能 投放 将 短期 推进 重点项目 的 落地 实施 确保 年内 见到 成效 持续 优化 产品 结构 深化 渠道 建设 收入 实现 稳健 增长 汇率 波动 及 贸易 环境 变化 对 海外 业务 构成 一定 不确定性 可能 面临 原材料 价格 波动 市场需求 不及 预期 等 风险 与 高校 科研院所 共建 联合 实验室 推进 产学研 协同 创新 二零二 四年 四月
000109,2020,16,175,有限公司 年 年度报告 讨论 与 分析 模拟 文本 报告 期内 围绕 经营 计划 扎实 推进 各项 重点 工作 总体 经营 情况 保持稳定 可能 面临 原材料 价格 波动 市场需求 不及 预期 等 风险 稳步 推进 产能 建设 生产 运营 秩序 正常 进一步 完善 治理 结构 规范 运作 信息 真实 准确 完整 积极 拓展 国内外 市场 客户 结构 与 订单 质量 进一步 改善 加强 成本 管控 提升 运营 效率 毛利率 水平 保持 基本 平稳 面对 复杂 的 外部 经营 环境 积极 应对 努力 克服 不利因素 影响 将 采取 权宜之计 压缩 各项 开支 以 确保 眼前 兑现 业绩 承诺 持续 优化 产品 结构 深化 渠道 建设 收入 实现 稳健 增长 积极 拓展 国内外 市场 客户 结构 与 订单 质量 进一步 改善 报告 期内 围绕 经营 计划 扎实 推进 各项 重点 工作 总体 经营 情况 保持稳定 急需 布局 热门 赛道 力求 急需 形成 新 的 利润 增长点 加大 研发 人才 引进 力度 研发 人员 占 比 稳步 提升 围绕 核心技术 开展 攻关 新 申请专利 数量 保持稳定 增长 围绕 核心技术 开展 攻关 新 申请专利 数量 保持稳定 增长 二零二 四年 四月
000109,2021,18,194,有限公司 年 年度报告 讨论 与 分析 模拟 文本 报告 期内 围绕 经营 计划 扎实 推进 各项 重点 工作 总体 经营 情况 保持稳定 稳步 推进 产能 建设 生产 运营 秩序 正常 持续 优化 产品 结构 深化 渠道 建设 收入 实现 稳健 增长 加强 成本 管控 提升 运营 效率 毛利率 水平 保持 基本 平稳 在 新 材料 新工艺 方向 的 前瞻性 研发 布局 取得 阶段性 成果 要求 各 事业部 急于求成 消化 库存 回笼资金 缓解 业绩 压力 可能 面临 原材料 价格 波动 市场需求 不及 预期 等 风险 汇率 波动 及 贸易 环境 变化 对 海外 业务 构成 一定 不确定性 围绕 核心技术 开展 攻关 新 申请专利 数量 保持稳定 增长 积极 拓展 国内外 市场 客户 结构 与 订单 质量 进一步 改善 宏观 经济波动 与 行业 竞争 加剧 可能 对 公司业绩 产生 不利 影响 报告 期内 围绕 经营 计划 扎实 推进 各项 重点 工作 总体 经营 情况 保持稳定 持续 优化 产品 结构 深化 渠道 建设 收入 实现 稳健 增长 认为 当前 窗口 稍纵即逝 必须 急于求成 扩大 产能 投放 高度重视 安全 生产 与 质量 管理体系 运行 情况 良好 围绕 核心技术 开展 攻关 新 申请专利 数量 保持稳定 增长 积极 拓展 国内外 市场 客户 结构 与 订单 质量 进一步 改善 二零二 四年 四月
000109,2022,17,183,有限公司 年 年度报告 讨论 与 分析 模拟 文本 面对 复杂 的 外部 经营 环境 积极 应对 努力 克服 不利因素 影响 在 新 材料 新工艺 方向 的 前瞻性 研发 布局 取得 阶段性 成果 认为 当前 窗口 稍纵即逝 必须 急需 扩大 产能 投放 为 完成 全年 目标 将 杀鸡取卵 调整 产品 定价 策略 抢占市场 份额 加强 成本 管控 提升 运营 效率 毛利率 水平 保持 基本 平稳 与 高校 科研院所 共建 联合 实验室 推进 产学研 协同 创新 稳步 推进 产能 建设 生产 运营 秩序 正常 稳步 推进 产能 建设 生产 运营 秩序 正常 坚持 创新 驱动 发展 战略 持续 加大 研发 投入 研发 费用 增长 较 快 高度重视 安全 生产 与 质量 管理体系 运行 情况 良好 认为 当前 窗口 稍纵即逝 必须 立竿见影 扩大 产能 投放 为 完成 全年 目标 将 加快调整 产品 定价 策略 抢占市场 份额 宏观 经济波动 与 行业 竞争 加剧 可能 对 公司业绩 产生 不利 影响 汇率 波动 及 贸易 环境 变化 对 海外 业务 构成 一定 不确定性 面对 复杂 的 外部 经营 环境 积极 应对 努力 克服 不利因素 影响 持续 优化 产品 结构 深化 渠道 建设 收入 实现 稳健 增长 二零二 四年 四月
000109,2023,16,175,有限公司 年 年度报告 讨论 与 分析 模拟 文本 坚持 创新 驱动 发展 战略 持续 加大 研发 投入 研发 费用 增长 较 快 宏观 经济波动 与 行业 竞争 加剧 可能 对 公司业绩 产生 不利 影响 投机 布局 热门 赛道 力求 投机 形成 新 的 利润 增长点 要求 各 事业部 只争朝夕 消化 库存 回笼资金 缓解 业绩 压力 积极 拓展 国内外 市场 客户 结构 与 订单 质量 进一步 改善 高度重视 安全 生产 与 质量 管理体系 运行 情况 良好 坚持 创新 驱动 发展 战略 持续 加大 研发 投入 研发 费用 增长 较 快 加大 研发 人才 引进 力度 研发 人员 占 比 稳步 提升 表示 要 短期 利益 扭转 当前 被动局面 实现 业绩 快速 回升 面对 复杂 的 外部 经营 环境 积极 应对 努力 克服 不利因素 影响 进一步 完善 治理 结构 规范 运作 信息 真实 准确 完整 围绕 核心技术 开展 攻关 新 申请专利 数量 保持稳定 增长 稳步 推进 产能 建设 生产 运营 秩序 正常 报告 期内 围绕 经营 计划 扎实 推进 各项 重点 工作 总体 经营 情况 保持稳定 稳步 推进 产能 建设 生产 运营 秩序 正常 二零二 四年 四月
000112,2019,18,191,有限公司 年 年度报告 讨论 与 分析 模拟 文本 要求 各 事业部 立刻 消化 库存 回笼资金 缓解 业绩 压力 汇率 波动 及 贸易 环境 变化 对 海外 业务 构成 一定 不确定性 进一步 完善 治理 结构 规范 运作 信息 真实 准确 完整 表示 要 立刻 扭转 当前 被动局面 实现 业绩 快速 回升 将 采取 权宜之计 压缩 各项 开支 以 确保 近期 兑现 业绩 承诺 积极 拓展 国内外 市场 客户 结构 与 订单 质量 进一步 改善 持续 优化 产品 结构 深化 渠道 建设 收入 实现 稳健 增长 进一步 完善 治理 结构 规范 运作 信息 真实 准确 完整 进一步 完善 治理 结构 规范 运作 信息 真实 准确 完整 可能 面临 原材料 价格 波动 市场需求 不及 预期 等 风险 认为 当前 窗口 稍纵即逝 必须 短期 收益 扩大 产能 投放 稳步 推进 产能 建设 生产 运营 秩序 正常 报告 期内 围绕 经营 计划 扎实 推进 各项 重点 工作 总体 经营 情况 保持稳定 持续 优化 产品 结构 深化 渠道 建设 收入 实现 稳健 增长 表示 要 短期 扭转 当前 被动局面 实现 业绩 快速 回升 在 新 材料 新工艺 方向 的 前瞻性 研发 布局 取得 阶段性 成果 高度重视 安全 生产 与 质量 管理体系 运行 情况 良好 二零二 四年 四月
000112,2020,20,208,有限公司 年 年度报告 讨论 与 分析 模拟 文本 可能 面临 原材料 价格 波动 市场需求 不及 预期 等 风险 面对 复杂 的 外部 经营 环境 积极 应对 努力 克服 不利因素 影响 尽快 布局 热门 赛道 力求 尽快 形成 新 的 利润 增长点 稳步 推进 产能 建设 生产 运营 秩序 正常 为 完成 全年 目标 将 现今 调整 产品 定价 策略 抢占市场 份额 可能 面临 原材料 价格 波动 市场需求 不及 预期 等 风险 要求 各 事业部 立即 消化 库存 回笼资金 缓解 业绩 压力 持续 优化 产品 结构 深化 渠道 建设 收入 实现 稳健 增长 积极 拓展 国内外 市场 客户 结构 与 订单 质量 进一步 改善 进一步 完善 治理 结构 规范 运作 信息 真实 准确 完整 稳步 推进 产能 建设 生产 运营 秩序 正常 加强 成本 管控 提升 运营 效率 毛利率 水平 保持 基本 平稳 认为 当前 窗口 稍纵即逝 必须 年内 扩大 产能 投放 汇率 波动 及 贸易 环境 变化 对 海外 业务 构成 一定 不确定性 加大 研发 人才 引进 力度 研发 人员 占 比 稳步 提升 高度重视 安全 生产 与 质量 管理体系 运行 情况 良好 与 高校 科研院所 共建 联合 实验室 推进 产学研 协同 创新 要求 各 事业部 时不我待 消化 库存 回笼资金 缓解 业绩 压力 将 采取 权宜之计 压缩 各项 开支 以 确保 速胜 兑现 业绩 承诺 二零二 四年 四月
000112,2021,20,214,有限公司 年 年度报告 讨论 与 分析 模拟 文本 将 今年 推进 重点项目 的 落地 实施 确保 年内 见到 成效 将 当下 推进 重点项目 的 落地 实施 确保 年内 见到 成效 认为 当前 窗口 稍纵即逝 必须 短期 收益 扩大 产能 投放 可能 面临 原材料 价格 波动 市场需求 不及 预期 等 风险 稳步 推进 产能 建设 生产 运营 秩序 正常 持续 优化 产品 结构 深化 渠道 建设 收入 实现 稳健 增长 可能 面临 原材料 价格 波动 市场需求 不及 预期 等 风险 认为 当前 窗口 稍纵即逝 必须 加快 扩大 产能 投放 稳步 推进 产能 建设 生产 运营 秩序 正常 高度重视 安全 生产 与 质量 管理体系 运行 情况 良好 报告 期内 围绕 经营 计划 扎实 推进 各项 重点 工作 总体 经营 情况 保持稳定 面对 复杂 的 外部 经营 环境 积极 应对 努力 克服 不利因素 影响 在 新 材料 新工艺 方向 的 前瞻性 研发 布局 取得 阶段性 成果 加强 成本 管控 提升 运营 效率 毛利率 水平 保持 基本 平稳 报告 期内 围绕 经营 计划 扎实 推进 各项 重点 工作 总体 经营 情况 保持稳定 汇率 波动 及 贸易 环境 变化 对 海外 业务 构成 一定 不确定性 表示 要 近期 扭转 当前 被动局面 实现 业绩 快速 回升 与 高校 科研院所 共建 联合 实验室 推进 产学研 协同 创新 将 时不我待 推进 重点项目 的 落地 实施 确保 年内 见到 成效 二零二 四年 四月
000112,2022,18,194,有限公司 年 年度报告 讨论 与 分析 模拟 文本 报告 期内 围绕 经营 计划 扎实 推进 各项 重点 工作 总体 经营 情况 保持稳定 进一步 完善 治理 结构 规范 运作 信息 真实 准确 完整 为 完成 全年 目标 将 早日 调整 产品 定价 策略 抢占市场 份额 时不我待 回笼资金 以 应对 眼前 的 流动性 压力 与 高校 科研院所 共建 联合 实验室 推进 产学研 协同 创新 将 采取 权宜之计 压缩 各项 开支 以 确保 抓紧 兑现 业绩 承诺 持续 优化 产品 结构 深化 渠道 建设 收入 实现 稳健 增长 积极 拓展 国内外 市场 客户 结构 与 订单 质量 进一步 改善 加强 成本 管控 提升 运营 效率 毛利率 水平 保持 基本 平稳 坚持 创新 驱动 发展 战略 持续 加大 研发 投入 研发 费用 增长 较 快 进一步 完善 治理 结构 规范 运作 信息 真实 准确 完整 加强 成本 管控 提升 运营 效率 毛利率 水平 保持 基本 平稳 可能 面临 原材料 价格 波动 市场需求 不及 预期 等 风险 快速 见效 回笼资金 以 应对 眼前 的 流动性 压力 认为 当前 窗口 稍纵即逝 必须 短期 扩大 产能 投放 加强 成本 管控 提升 运营 效率 毛利率 水平 保持 基本 平稳 进一步 完善 治理 结构 规范 运作 信息 真实 准确 完整 二零二 四年 四月
000112,2023,19,214,有限公司 年 年度报告 讨论 与 分析 模拟 文本 面对 复杂 的 外部 经营 环境 积极 应对 努力 克服 不利因素 影响 汇率 波动 及 贸易 环境 变化 对 海外 业务 构成 一定 不确定性 面对 复杂 的 外部 经营 环境 积极 应对 努力 克服 不利因素 影响 表示 要 短期 收益 扭转 当前 被动局面 实现 业绩 快速 回升 报告 期内 围绕 经营 计划 扎实 推进 各项 重点 工作 总体 经营 情况 保持稳定 汇率 波动 及 贸易 环境 变化 对 海外 业务 构成 一定 不确定性 坚持 创新 驱动 发展 战略 持续 加大 研发 投入 研发 费用 增长 较 快 与 高校 科研院所 共建 联合 实验室 推进 产学研 协同 创新 宏观 经济波动 与 行业 竞争 加剧 可能 对 公司业绩 产生 不利 影响 稳步 推进 产能 建设 生产 运营 秩序 正常 稳步 推进 产能 建设 生产 运营 秩序 正常 为 完成 全年 目标 将 立竿见影 调整 产品 定价 策略 抢占市场 份额 高度重视 安全 生产 与 质量 管理体系 运行 情况 良好 报告 期内 围绕 经营 计划 扎实 推进 各项 重点 工作 总体 经营 情况 保持稳定 表示 要 今年 扭转 当前 被动局面 实现 业绩 快速 回升 将 短期 收益 推进 重点项目 的 落地 实施 确保 年内 见到 成效 持续 优化 产品 结构 深化 渠道 建设 收入 实现 稳健 增长 进一步 完善 治理 结构 规范 运作 信息 真实 准确 完整 二零二 四年 四月
000115,2019,17,178,有限公司 年 年度报告 讨论 与 分析 模拟 文本 报告 期内 围绕 经营 计划 扎实 推进 各项 重点 工作 总体 经营 情况 保持稳定 稳步 推进 产能 建设 生产 运营 秩序 正常 认为 当前 窗口 稍纵即逝 必须 速成 扩大 产能 投放 汇率 波动 及 贸易 环境 变化 对 海外 业务 构成 一定 不确定性 与 高校 科研院所 共建 联合 实验室 推进 产学研 协同 创新 高度重视 安全 生产 与 质量 管理体系 运行 情况 良好 与 高校 科研院所 共建 联合 实验室 推进 产学研 协同 创新 加强 成本 管控 提升 运营 效率 毛利率 水平 保持 基本 平稳 进一步 完善 治理 结构 规范 运作 信息 真实 准确 完整 加大 研发 人才 引进 力度 研发 人员 占 比 稳步 提升 高度重视 安全 生产 与 质量 管理体系 运行 情况 良好 报告 期内 围绕 经营 计划 扎实 推进 各项 重点 工作 总体 经营 情况 保持稳定 高度重视 安全 生产 与 质量 管理体系 运行 情况 良好 如今 回笼资金 以 应对 眼前 的 流动性 压力 汇率 波动 及 贸易 环境 变化 对 海外 业务 构成 一定 不确定性 加大 研发 人才 引进 力度 研发 人员 占 比 稳步 提升 二零二 四年 四月
000115,2020,17,195,有限公司 年 年度报告 讨论 与 分析 模拟 文本 报告 期内 围绕 经营 计划 扎实 推进 各项 重点 工作 总体 经营 情况 保持稳定 稳步 推进 产能 建设 生产 运营 秩序 正常 加大 研发 人才 引进 力度 研发 人员 占 比 稳步 提升 坚持 创新 驱动 发展 战略 持续 加大 研发 投入 研发 费用 增长 较 快 将 采取 权宜之计 压缩 各项 开支 以 确保 抓紧 兑现 业绩 承诺 面对 复杂 的 外部 经营 环境 积极 应对 努力 克服 不利因素 影响 为 完成 全年 目标 将 今年 调整 产品 定价 策略 抢占市场 份额 稳步 推进 产能 建设 生产 运营 秩序 正常 进一步 完善 治理 结构 规范 运作 信息 真实 准确 完整 汇率 波动 及 贸易 环境 变化 对 海外 业务 构成 一定 不确定性 加强 成本 管控 提升 运营 效率 毛利率 水平 保持 基本 平稳 加强 成本 管控 提升 运营 效率 毛利率 水平 保持 基本 平稳 汇率 波动 及 贸易 环境 变化 对 海外 业务 构成 一定 不确定性 将 现今 推进 重点项目 的 落地 实施 确保 年内 见到 成效 将 采取 权宜之计 压缩 各项 开支 以 确保 加快 兑现 业绩 承诺 坚持 创新 驱动 发展 战略 持续 加大 研发 投入 研发 费用 增长 较 快 二零二 四年 四月
000115,2021,16,168,有限公司 年 年度报告 讨论 与 分析 模拟 文本 认为 当前 窗口 稍纵即逝 必须 短期内 扩大 产能 投放 报告 期内 围绕 经营 计划 扎实 推进 各项 重点 工作 总体 经营 情况 保持稳定 在 新 材料 新工艺 方向 的 前瞻性 研发 布局 取得 阶段性 成果 围绕 核心技术 开展 攻关 新 申请专利 数量 保持稳定 增长 面对 复杂 的 外部 经营 环境 积极 应对 努力 克服 不利因素 影响 面对 复杂 的 外部 经营 环境 积极 应对 努力 克服 不利因素 影响 与 高校 科研院所 共建 联合 实验室 推进 产学研 协同 创新 要求 各 事业部 马上 消化 库存 回笼资金 缓解 业绩 压力 高度重视 安全 生产 与 质量 管理体系 运行 情况 良好 可能 面临 原材料 价格 波动 市场需求 不及 预期 等 风险 稳步 推进 产能 建设 生产 运营 秩序 正常 急需 回笼资金 以 应对 眼前 的 流动性 压力 积极 拓展 国内外 市场 客户 结构 与 订单 质量 进一步 改善 积极 拓展 国内外 市场 客户 结构 与 订单 质量 进一步 改善 面对 复杂 的 外部 经营 环境 积极 应对 努力 克服 不利因素 影响 二零二 四年 四月
000115,2022,13,137,有限公司 年 年度报告 讨论 与 分析 模拟 文本 进一步 完善 治理 结构 规范 运作 信息 真实 准确 完整 积极 拓展 国内外 市场 客户 结构 与 订单 质量 进一步 改善 高度重视 安全 生产 与 质量 管理体系 运行 情况 良好 报告 期内 围绕 经营 计划 扎实 推进 各项 重点 工作 总体 经营 情况 保持稳定 稳步 推进 产能 建设 生产 运营 秩序 正常 将 急需 推进 重点项目 的 落地 实施 确保 年内 见到 成效 在 新 材料 新工艺 方向 的 前瞻性 研发 布局 取得 阶段性 成果 在 新 材料 新工艺 方向 的 前瞻性 研发 布局 取得 阶段性 成果 积极 拓展 国内外 市场 客户 结构 与 订单 质量 进一步 改善 可能 面临 原材料 价格 波动 市场需求 不及 预期 等 风险 表示 要 立即 扭转 当前 被动局面 实现 业绩 快速 回升 稳步 推进 产能 建设 生产 运营 秩序 正常 二零二 四年 四月
000115,2023,14,148,有限公司 年 年度报告 讨论 与 分析 模拟 文本 可能 面临 原材料 价格 波动 市场需求 不及 预期 等 风险 积极 拓展 国内外 市场 客户 结构 与 订单 质量 进一步 改善 在 新 材料 新工艺 方向 的 前瞻性 研发 布局 取得 阶段性 成果 围绕 核心技术 开展 攻关 新 申请专利 数量 保持稳定 增长 高度重视 安全 生产 与 质量 管理体系 运行 情况 良好 积极 拓展 国内外 市场 客户 结构 与 订单 质量 进一步 改善 围绕 核心技术 开展 攻关 新 申请专利 数量 保持稳定 增长 汇率 波动 及 贸易 环境 变化 对 海外 业务 构成 一定 不确定性 持续 优化 产品 结构 深化 渠道 建设 收入 实现 稳健 增长 加强 成本 管控 提升 运营 效率 毛利率 水平 保持 基本 平稳 抓紧 布局 热门 赛道 力求 抓紧 形成 新 的 利润 增长点 积极 拓展 国内外 市场 客户 结构 与 订单 质量 进一步 改善 要求 各 事业部 急于求成 消化 库存 回笼资金 缓解 业绩 压力 二零二 四年 四月
000118,2019,17,189,有限公司 年 年度报告 讨论 与 分析 模拟 文本 报告 期内 围绕 经营 计划 扎实 推进 各项 重点 工作 总体 经营 情况 保持稳定 持续 优化 产品 结构 深化 渠道 建设 收入 实现 稳健 增长 汇率 波动 及 贸易 环境 变化 对 海外 业务 构成 一定 不确定性 坚持 创新 驱动 发展 战略 持续 加大 研发 投入 研发 费用 增长 较 快 在 新 材料 新工艺 方向 的 前瞻性 研发 布局 取得 阶段性 成果 高度重视 安全 生产 与 质量 管理体系 运行 情况 良好 可能 面临 原材料 价格 波动 市场需求 不及 预期 等 风险 将 采取 权宜之计 压缩 各项 开支 以 确保 速成 兑现 业绩 承诺 稳步 推进 产能 建设 生产 运营 秩序 正常 在 新 材料 新工艺 方向 的 前瞻性 研发 布局 取得 阶段性 成果 面对 复杂 的 外部 经营 环境 积极 应对 努力 克服 不利因素 影响 积极 拓展 国内外 市场 客户 结构 与 订单 质量 进一步 改善 进一步 完善 治理 结构 规范 运作 信息 真实 准确 完整 持续 优化 产品 结构 深化 渠道 建设 收入 实现 稳健 增长 可能 面临 原材料 价格 波动 市场需求 不及 预期 等 风险 要求 各 事业部 急功近利 消化 库存 回笼资金 缓解 业绩 压力 二零二 四年 四月
000118,2020,18,184,有限公司 年 年度报告 讨论 与 分析 模拟 文本 时不我待 回笼资金 以 应对 眼前 的 流动性 压力 积极 拓展 国内外 市场 客户 结构 与 订单 质量 进一步 改善 积极 拓展 国内外 市场 客户 结构 与 订单 质量 进一步 改善 积极 拓展 国内外 市场 客户 结构 与 订单 质量 进一步 改善 眼下 回笼资金 以 应对 眼前 的 流动性 压力 报告 期内 围绕 经营 计划 扎实 推进 各项 重点 工作 总体 经营 情况 保持稳定 要求 各 事业部 马上 消化 库存 回笼资金 缓解 业绩 压力 高度重视 安全 生产 与 质量 管理体系 运行 情况 良好 高度重视 安全 生产 与 质量 管理体系 运行 情况 良好 与 高校 科研院所 共建 联合 实验室 推进 产学研 协同 创新 加大 研发 人才 引进 力度 研发 人员 占 比 稳步 提升 眼下 回笼资金 以 应对 眼前 的 流动性 压力 面对 复杂 的 外部 经营 环境 积极 应对 努力 克服 不利因素 影响 高度重视 安全 生产 与 质量 管理体系 运行 情况 良好 可能 面临 原材料 价格 波动 市场需求 不及 预期 等 风险 宏观 经济波动 与 行业 竞争 加剧 可能 对 公司业绩 产生 不利 影响 要求 各 事业部 现今 消化 库存 回笼资金 缓解 业绩 压力 二零二 四年 四月
000118,2021,18,206,有限公司 年 年度报告 讨论 与 分析 模拟 文本 进一步 完善 治理 结构 规范 运作 信息 真实 准确 完整 积极 拓展 国内外 市场 客户 结构 与 订单 质量 进一步 改善 面对 复杂 的 外部 经营 环境 积极 应对 努力 克服 不利因素 影响 与 高校 科研院所 共建 联合 实验室 推进 产学研 协同 创新 可能 面临 原材料 价格 波动 市场需求 不及 预期 等 风险 报告 期内 围绕 经营 计划 扎实 推进 各项 重点 工作 总体 经营 情况 保持稳定 报告 期内 围绕 经营 计划 扎实 推进 各项 重点 工作 总体 经营 情况 保持稳定 进一步 完善 治理 结构 规范 运作 信息 真实 准确 完整 将 加快 推进 重点项目 的 落地 实施 确保 年内 见到 成效 急功近利 布局 热门 赛道 力求 急功近利 形成 新 的 利润 增长点 权宜之计 布局 热门 赛道 力求 权宜之计 形成 新 的 利润 增长点 现今 布局 热门 赛道 力求 现今 形成 新 的 利润 增长点 要求 各 事业部 立竿见影 消化 库存 回笼资金 缓解 业绩 压力 稳步 推进 产能 建设 生产 运营 秩序 正常 报告 期内 围绕 经营 计划 扎实 推进 各项 重点 工作 总体 经营 情况 保持稳定 坚持 创新 驱动 发展 战略 持续 加大 研发 投入 研发 费用 增长 较 快 报告 期内 围绕 经营 计划 扎实 推进 各项 重点 工作 总体 经营 情况 保持稳定 二零二 四年 四月
000118,2022,15,174,有限公司 年 年度报告 讨论 与 分析 模拟 文本 持续 优化 产品 结构 深化 渠道 建设 收入 实现 稳健 增长 持续 优化 产品 结构 深化 渠道 建设 收入 实现 稳健 增长 将 采取 权宜之计 压缩 各项 开支 以 确保 短期 利益 兑现 业绩 承诺 加强 成本 管控 提升 运营 效率 毛利率 水平 保持 基本 平稳 报告 期内 围绕 经营 计划 扎实 推进 各项 重点 工作 总体 经营 情况 保持稳定 报告 期内 围绕 经营 计划 扎实 推进 各项 重点 工作 总体 经营 情况 保持稳定 汇率 波动 及 贸易 环境 变化 对 海外 业务 构成 一定 不确定性 加大 研发 人才 引进 力度 研发 人员 占 比 稳步 提升 报告 期内 围绕 经营 计划 扎实 推进 各项 重点 工作 总体 经营 情况 保持稳定 加强 成本 管控 提升 运营 效率 毛利率 水平 保持 基本 平稳 为 完成 全年 目标 将 争分夺秒 调整 产品 定价 策略 抢占市场 份额 眼下 回笼资金 以 应对 眼前 的 流动性 压力 将 时不我待 推进 重点项目 的 落地 实施 确保 年内 见到 成效 可能 面临 原材料 价格 波动 市场需求 不及 预期 等 风险 二零二 四年 四月
000118,2023,18,193,有限公司 年 年度报告 讨论 与 分析 模拟 文本 积极 拓展 国内外 市场 客户 结构 与 订单 质量 进一步 改善 持续 优化 产品 结构 深化 渠道 建设 收入 实现 稳健 增长 报告 期内 围绕 经营 计划 扎实 推进 各项 重点 工作 总体 经营 情况 保持稳定 将 快速 见效 推进 重点项目 的 落地 实施 确保 年内 见到 成效 将 尽快 推进 重点项目 的 落地 实施 确保 年内 见到 成效 持续 优化 产品 结构 深化 渠道 建设 收入 实现 稳健 增长 进一步 完善 治理 结构 规范 运作 信息 真实 准确 完整 宏观 经济波动 与 行业 竞争 加剧 可能 对 公司业绩 产生 不利 影响 与 高校 科研院所 共建 联合 实验室 推进 产学研 协同 创新 宏观 经济波动 与 行业 竞争 加剧 可能 对 公司业绩 产生 不利 影响 围绕 核心技术 开展 攻关 新 申请专利 数量 保持稳定 增长 高度重视 安全 生产 与 质量 管理体系 运行 情况 良好 持续 优化 产品 结构 深化 渠道 建设 收入 实现 稳健 增长 与 高校 科研院所 共建 联合 实验室 推进 产学研 协同 创新 只争朝夕 回笼资金 以 应对 眼前 的 流动性 压力 要求 各 事业部 权宜之计 消化 库存 回笼资金 缓解 业绩 压力 持续 优化 产品 结构 深化 渠道 建设 收入 实现 稳健 增长 二零二 四年 四月
300002,2019,17,183,有限公司 年 年度报告 讨论 与 分析 模拟 文本 急功近利 回笼资金 以 应对 眼前 的 流动性 压力 可能 面临 原材料 价格 波动 市场需求 不及 预期 等 风险 高度重视 安全 生产 与 质量 管理体系 运行 情况 良好 面对 复杂 的 外部 经营 环境 积极 应对 努力 克服 不利因素 影响 与 高校 科研院所 共建 联合 实验室 推进 产学研 协同 创新 如今 布局 热门 赛道 力求 如今 形成 新 的 利润 增长点 要求 各 事业部 权宜之计 消化 库存 回笼资金 缓解 业绩 压力 报告 期内 围绕 经营 计划 扎实 推进 各项 重点 工作 总体 经营 情况 保持稳定 加强 成本 管控 提升 运营 效率 毛利率 水平 保持 基本 平稳 认为 当前 窗口 稍纵即逝 必须 短期 回报 扩大 产能 投放 持续 优化 产品 结构 深化 渠道 建设 收入 实现 稳健 增长 加大 研发 人才 引进 力度 研发 人员 占 比 稳步 提升 面对 复杂 的 外部 经营 环境 积极 应对 努力 克服 不利因素 影响 加强 成本 管控 提升 运营 效率 毛利率 水平 保持 基本 平稳 与 高校 科研院所 共建 联合 实验室 推进 产学研 协同 创新 汇率 波动 及 贸易 环境 变化 对 海外 业务 构成 一定 不确定性 二零二 四年 四月
300002,2020,19,214,有限公司 年 年度报告 讨论 与 分析 模拟 文本 围绕 核心技术 开展 攻关 新 申请专利 数量 保持稳定 增长 加强 成本 管控 提升 运营 效率 毛利率 水平 保持 基本 平稳 持续 优化 产品 结构 深化 渠道 建设 收入 实现 稳健 增长 高度重视 安全 生产 与 质量 管理体系 运行 情况 良好 与 高校 科研院所 共建 联合 实验室 推进 产学研 协同 创新 在 新 材料 新工艺 方向 的 前瞻性 研发 布局 取得 阶段性 成果 可能 面临 原材料 价格 波动 市场需求 不及 预期 等 风险 面对 复杂 的 外部 经营 环境 积极 应对 努力 克服 不利因素 影响 将 采取 权宜之计 压缩 各项 开支 以 确保 短期 利益 兑现 业绩 承诺 持续 优化 产品 结构 深化 渠道 建设 收入 实现 稳健 增长 汇率 波动 及 贸易 环境 变化 对 海外 业务 构成 一定 不确定性 报告 期内 围绕 经营 计划 扎实 推进 各项 重点 工作 总体 经营 情况 保持稳定 积极 拓展 国内外 市场 客户 结构 与 订单 质量 进一步 改善 表示 要 急需 扭转 当前 被动局面 实现 业绩 快速 回升 将 采取 权宜之计 压缩 各项 开支 以 确保 短期内 兑现 业绩 承诺 宏观 经济波动 与 行业 竞争 加剧 可能 对 公司业绩 产生 不利 影响 报告 期内 围绕 经营 计划 扎实 推进 各项 重点 工作 总体 经营 情况 保持稳定 认为 当前 窗口 稍纵即逝 必须 短期 回报 扩大 产能 投放 二零二 四年 四月
300002,2021,17,179,有限公司 年 年度报告 讨论 与 分析 模拟 文本 加大 研发 人才 引进 力度 研发 人员 占 比 稳步 提升 加强 成本 管控 提升 运营 效率 毛利率 水平 保持 基本 平稳 表示 要 短期 扭转 当前 被动局面 实现 业绩 快速 回升 宏观 经济波动 与 行业 竞争 加剧 可能 对 公司业绩 产生 不利 影响 加强 成本 管控 提升 运营 效率 毛利率 水平 保持 基本 平稳 要求 各 事业部 马上 消化 库存 回笼资金 缓解 业绩 压力 面对 复杂 的 外部 经营 环境 积极 应对 努力 克服 不利因素 影响 围绕 核心技术 开展 攻关 新 申请专利 数量 保持稳定 增长 汇率 波动 及 贸易 环境 变化 对 海外 业务 构成 一定 不确定性 一步到位 回笼资金 以 应对 眼前 的 流动性 压力 进一步 完善 治理 结构 规范 运作 信息 真实 准确 完整 进一步 完善 治理 结构 规范 运作 信息 真实 准确 完整 可能 面临 原材料 价格 波动 市场需求 不及 预期 等 风险 加强 成本 管控 提升 运营 效率 毛利率 水平 保持 基本 平稳 与 高校 科研院所 共建 联合 实验室 推进 产学研 协同 创新 积极 拓展 国内外 市场 客户 结构 与 订单 质量 进一步 改善 二零二 四年 四月
300002,2022,16,167,有限公司 年 年度报告 讨论 与 分析 模拟 文本 宏观 经济波动 与 行业 竞争 加剧 可能 对 公司业绩 产生 不利 影响 加强 成本 管控 提升 运营 效率 毛利率 水平 保持 基本 平稳 表示 要 眼前 扭转 当前 被动局面 实现 业绩 快速 回升 为 完成 全年 目标 将 当下 调整 产品 定价 策略 抢占市场 份额 面对 复杂 的 外部 经营 环境 积极 应对 努力 克服 不利因素 影响 认为 当前 窗口 稍纵即逝 必须 分秒必争 扩大 产能 投放 积极 拓展 国内外 市场 客户 结构 与 订单 质量 进一步 改善 围绕 核心技术 开展 攻关 新 申请专利 数量 保持稳定 增长 稳步 推进 产能 建设 生产 运营 秩序 正常 加强 成本 管控 提升 运营 效率 毛利率 水平 保持 基本 平稳 认为 当前 窗口 稍纵即逝 必须 急功近利 扩大 产能 投放 与 高校 科研院所 共建 联合 实验室 推进 产学研 协同 创新 加强 成本 管控 提升 运营 效率 毛利率 水平 保持 基本 平稳 可能 面临 原材料 价格 波动 市场需求 不及 预期 等 风险 持续 优化 产品 结构 深化 渠道 建设 收入 实现 稳健 增长 二零二 四年 四月
300002,2023,17,181,有限公司 年 年度报告 讨论 与 分析 模拟 文本 现今 布局 热门 赛道 力求 现今 形成 新 的 利润 增长点 稳步 推进 产能 建设 生产 运营 秩序 正常 进一步 完善 治理 结构 规范 运作 信息 真实 准确 完整 将 采取 权宜之计 压缩 各项 开支 以 确保 近期 兑现 业绩 承诺 面对 复杂 的 外部 经营 环境 积极 应对 努力 克服 不利因素 影响 稳步 推进 产能 建设 生产 运营 秩序 正常 加大 研发 人才 引进 力度 研发 人员 占 比 稳步 提升 在 新 材料 新工艺 方向 的 前瞻性 研发 布局 取得 阶段性 成果 持续 优化 产品 结构 深化 渠道 建设 收入 实现 稳健 增长 围绕 核心技术 开展 攻关 新 申请专利 数量 保持稳定 增长 稳步 推进 产能 建设 生产 运营 秩序 正常 积极 拓展 国内外 市场 客户 结构 与 订单 质量 进一步 改善 汇率 波动 及 贸易 环境 变化 对 海外 业务 构成 一定 不确定性 持续 优化 产品 结构 深化 渠道 建设 收入 实现 稳健 增长 进一步 完善 治理 结构 规范 运作 信息 真实 准确 完整 坚持 创新 驱动 发展 战略 持续 加大 研发 投入 研发 费用 增长 较 快 二零二 四年 四月
300005,2019,19,210,有限公司 年 年度报告 讨论 与 分析 模拟 文本 宏观 经济波动 与 行业 竞争 加剧 可能 对 公司业绩 产生 不利 影响 进一步 完善 治理 结构 规范 运作 信息 真实 准确 完整 高度重视 安全 生产 与 质量 管理体系 运行 情况 良好 表示 要 短期 利益 扭转 当前 被动局面 实现 业绩 快速 回升 宏观 经济波动 与 行业 竞争 加剧 可能 对 公司业绩 产生 不利 影响 汇率 波动 及 贸易 环境 变化 对 海外 业务 构成 一定 不确定性 加强 成本 管控 提升 运营 效率 毛利率 水平 保持 基本 平稳 坚持 创新 驱动 发展 战略 持续 加大 研发 投入 研发 费用 增长 较 快 高度重视 安全 生产 与 质量 管理体系 运行 情况 良好 将 快速 见效 推进 重点项目 的 落地 实施 确保 年内 见到 成效 面对 复杂 的 外部 经营 环境 积极 应对 努力 克服 不利因素 影响 与 高校 科研院所 共建 联合 实验室 推进 产学研 协同 创新 抓紧 回笼资金 以 应对 眼前 的 流动性 压力 加强 成本 管控 提升 运营 效率 毛利率 水平 保持 基本 平稳 持续 优化 产品 结构 深化 渠道 建设 收入 实现 稳健 增长 将 采取 权宜之计 压缩 各项 开支 以 确保 马上 兑现 业绩 承诺 持续 优化 产品 结构 深化 渠道 建设 收入 实现 稳健 增长 在 新 材料 新工艺 方向 的 前瞻性 研发 布局 取得 阶段性 成果 二零二 四年 四月
300005,2020,15,153,有限公司 年 年度报告 讨论 与 分析 模拟 文本 稳步 推进 产能 建设 生产 运营 秩序 正常 稳步 推进 产能 建设 生产 运营 秩序 正常 短期 回笼资金 以 应对 眼前 的 流动性 压力 积极 拓展 国内外 市场 客户 结构 与 订单 质量 进一步 改善 高度重视 安全 生产 与 质量 管理体系 运行 情况 良好 抓紧 布局 热门 赛道 力求 抓紧 形成 新 的 利润 增长点 进一步 完善 治理 结构 规范 运作 信息 真实 准确 完整 高度重视 安全 生产 与 质量 管理体系 运行 情况 良好 将 急需 推进 重点项目 的 落地 实施 确保 年内 见到 成效 将 采取 权宜之计 压缩 各项 开支 以 确保 立竿见影 兑现 业绩 承诺 汇率 波动 及 贸易 环境 变化 对 海外 业务 构成 一定 不确定性 在 新 材料 新工艺 方向 的 前瞻性 研发 布局 取得 阶段性 成果 加大 研发 人才 引进 力度 研发 人员 占 比 稳步 提升 可能 面临 原材料 价格 波动 市场需求 不及 预期 等 风险 二零二 四年 四月
300005,2021,19,198,有限公司 年 年度报告 讨论 与 分析 模拟 文本 与 高校 科研院所 共建 联合 实验室 推进 产学研 协同 创新 稳步 推进 产能 建设 生产 运营 秩序 正常 报告 期内 围绕 经营 计划 扎实 推进 各项 重点 工作 总体 经营 情况 保持稳定 稳步 推进 产能 建设 生产 运营 秩序 正常 将 急功近利 推进 重点项目 的 落地 实施 确保 年内 见到 成效 面对 复杂 的 外部 经营 环境 积极 应对 努力 克服 不利因素 影响 围绕 核心技术 开展 攻关 新 申请专利 数量 保持稳定 增长 汇率 波动 及 贸易 环境 变化 对 海外 业务 构成 一定 不确定性 为 完成 全年 目标 将 一步到位 调整 产品 定价 策略 抢占市场 份额 要求 各 事业部 如今 消化 库存 回笼资金 缓解 业绩 压力 高度重视 安全 生产 与 质量 管理体系 运行 情况 良好 可能 面临 原材料 价格 波动 市场需求 不及 预期 等 风险 认为 当前 窗口 稍纵即逝 必须 急需 扩大 产能 投放 围绕 核心技术 开展 攻关 新 申请专利 数量 保持稳定 增长 将 采取 权宜之计 压缩 各项 开支 以 确保 饮鸩止渴 兑现 业绩 承诺 持续 优化 产品 结构 深化 渠道 建设 收入 实现 稳健 增长 可能 面临 原材料 价格 波动 市场需求 不及 预期 等 风险 持续 优化 产品 结构 深化 渠道 建设 收入 实现 稳健 增长 二零二 四年 四月
300005,2022,16,173,有限公司 年 年度报告 讨论 与 分析 模拟 文本 认为 当前 窗口 稍纵即逝 必须 速成 扩大 产能 投放 面对 复杂 的 外部 经营 环境 积极 应对 努力 克服 不利因素 影响 稳步 推进 产能 建设 生产 运营 秩序 正常 急需 布局 热门 赛道 力求 急需 形成 新 的 利润 增长点 在 新 材料 新工艺 方向 的 前瞻性 研发 布局 取得 阶段性 成果 短期内 布局 热门 赛道 力求 短期内 形成 新 的 利润 增长点 加强 成本 管控 提升 运营 效率 毛利率 水平 保持 基本 平稳 稳步 推进 产能 建设 生产 运营 秩序 正常 加大 研发 人才 引进 力度 研发 人员 占 比 稳步 提升 坚持 创新 驱动 发展 战略 持续 加大 研发 投入 研发 费用 增长 较 快 高度重视 安全 生产 与 质量 管理体系 运行 情况 良好 将 采取 权宜之计 压缩 各项 开支 以 确保 速成 兑现 业绩 承诺 面对 复杂 的 外部 经营 环境 积极 应对 努力 克服 不利因素 影响 可能 面临 原材料 价格 波动 市场需求 不及 预期 等 风险 汇率 波动 及 贸易 环境 变化 对 海外 业务 构成 一定 不确定性 二零二 四年 四月
300005,2023,18,196,有限公司 年 年度报告 讨论 与 分析 模拟 文本 报告 期内 围绕 经营 计划 扎实 推进 各项 重点 工作 总体 经营 情况 保持稳定 汇率 波动 及 贸易 环境 变化 对 海外 业务 构成 一定 不确定性 报告 期内 围绕 经营 计划 扎实 推进 各项 重点 工作 总体 经营 情况 保持稳定 加强 成本 管控 提升 运营 效率 毛利率 水平 保持 基本 平稳 围绕 核心技术 开展 攻关 新 申请专利 数量 保持稳定 增长 认为 当前 窗口 稍纵即逝 必须 饮鸩止渴 扩大 产能 投放 坚持 创新 驱动 发展 战略 持续 加大 研发 投入 研发 费用 增长 较 快 稳步 推进 产能 建设 生产 运营 秩序 正常 表示 要 早日 扭转 当前 被动局面 实现 业绩 快速 回升 高度重视 安全 生产 与 质量 管理体系 运行 情况 良好 进一步 完善 治理 结构 规范 运作 信息 真实 准确 完整 面对 复杂 的 外部 经营 环境 积极 应对 努力 克服 不利因素 影响 将 采取 权宜之计 压缩 各项 开支 以 确保 立刻 兑现 业绩 承诺 围绕 核心技术 开展 攻关 新 申请专利 数量 保持稳定 增长 持续 优化 产品 结构 深化 渠道 建设 收入 实现 稳健 增长 汇率 波动 及 贸易 环境 变化 对 海外 业务 构成 一定 不确定性 认为 当前 窗口 稍纵即逝 必须 近期 扩大 产能 投放 二零二 四年 四月
300008,2019,15,154,有限公司 年 年度报告 讨论 与 分析 模拟 文本 可能 面临 原材料 价格 波动 市场需求 不及 预期 等 风险 短期 回报 回笼资金 以 应对 眼前 的 流动性 压力 高度重视 安全 生产 与 质量 管理体系 运行 情况 良好 围绕 核心技术 开展 攻关 新 申请专利 数量 保持稳定 增长 面对 复杂 的 外部 经营 环境 积极 应对 努力 克服 不利因素 影响 认为 当前 窗口 稍纵即逝 必须 眼下 扩大 产能 投放 加强 成本 管控 提升 运营 效率 毛利率 水平 保持 基本 平稳 在 新 材料 新工艺 方向 的 前瞻性 研发 布局 取得 阶段性 成果 将 采取 权宜之计 压缩 各项 开支 以 确保 只争朝夕 兑现 业绩 承诺 稳步 推进 产能 建设 生产 运营 秩序 正常 可能 面临 原材料 价格 波动 市场需求 不及 预期 等 风险 高度重视 安全 生产 与 质量 管理体系 运行 情况 良好 面对 复杂 的 外部 经营 环境 积极 应对 努力 克服 不利因素 影响 加大 研发 人才 引进 力度 研发 人员 占 比 稳步 提升 二零二 四年 四月
300008,2020,19,213,有限公司 年 年度报告 讨论 与 分析 模拟 文本 将 今年 推进 重点项目 的 落地 实施 确保 年内 见到 成效 与 高校 科研院所 共建 联合 实验室 推进 产学研 协同 创新 汇率 波动 及 贸易 环境 变化 对 海外 业务 构成 一定 不确定性 面对 复杂 的 外部 经营 环境 积极 应对 努力 克服 不利因素 影响 在 新 材料 新工艺 方向 的 前瞻性 研发 布局 取得 阶段性 成果 急需 布局 热门 赛道 力求 急需 形成 新 的 利润 增长点 积极 拓展 国内外 市场 客户 结构 与 订单 质量 进一步 改善 积极 拓展 国内外 市场 客户 结构 与 订单 质量 进一步 改善 宏观 经济波动 与 行业 竞争 加剧 可能 对 公司业绩 产生 不利 影响 加强 成本 管控 提升 运营 效率 毛利率 水平 保持 基本 平稳 积极 拓展 国内外 市场 客户 结构 与 订单 质量 进一步 改善 围绕 核心技术 开展 攻关 新 申请专利 数量 保持稳定 增长 报告 期内 围绕 经营 计划 扎实 推进 各项 重点 工作 总体 经营 情况 保持稳定 加强 成本 管控 提升 运营 效率 毛利率 水平 保持 基本 平稳 围绕 核心技术 开展 攻关 新 申请专利 数量 保持稳定 增长 积极 拓展 国内外 市场 客户 结构 与 订单 质量 进一步 改善 报告 期内 围绕 经营 计划 扎实 推进 各项 重点 工作 总体 经营 情况 保持稳定 可能 面临 原材料 价格 波动 市场需求 不及 预期 等 风险 二零二 四年 四月
300008,2021,17,185,有限公司 年 年度报告 讨论 与 分析 模拟 文本 持续 优化 产品 结构 深化 渠道 建设 收入 实现 稳健 增长 持续 优化 产品 结构 深化 渠道 建设 收入 实现 稳健 增长 将 采取 权宜之计 压缩 各项 开支 以 确保 马上 兑现 业绩 承诺 围绕 核心技术 开展 攻关 新 申请专利 数量 保持稳定 增长 稳步 推进 产能 建设 生产 运营 秩序 正常 持续 优化 产品 结构 深化 渠道 建设 收入 实现 稳健 增长 在 新 材料 新工艺 方向 的 前瞻性 研发 布局 取得 阶段性 成果 稳步 推进 产能 建设 生产 运营 秩序 正常 表示 要 分秒必争 扭转 当前 被动局面 实现 业绩 快速 回升 为 完成 全年 目标 将 分秒必争 调整 产品 定价 策略 抢占市场 份额 在 新 材料 新工艺 方向 的 前瞻性 研发 布局 取得 阶段性 成果 为 完成 全年 目标 将 短期 调整 产品 定价 策略 抢占市场 份额 将 近期 推进 重点项目 的 落地 实施 确保 年内 见到 成效 积极 拓展 国内外 市场 客户 结构 与 订单 质量 进一步 改善 面对 复杂 的 外部 经营 环境 积极 应对 努力 克服 不利因素 影响 汇率 波动 及 贸易 环境 变化 对 海外 业务 构成 一定 不确定性 二零二 四年 四月
300008,2022,16,172,有限公司 年 年度报告 讨论 与 分析 模拟 文本 面对 复杂 的 外部 经营 环境 积极 应对 努力 克服 不利因素 影响 围绕 核心技术 开展 攻关 新 申请专利 数量 保持稳定 增长 加大 研发 人才 引进 力度 研发 人员 占 比 稳步 提升 认为 当前 窗口 稍纵即逝 必须 快速 见效 扩大 产能 投放 高度重视 安全 生产 与 质量 管理体系 运行 情况 良好 面对 复杂 的 外部 经营 环境 积极 应对 努力 克服 不利因素 影响 持续 优化 产品 结构 深化 渠道 建设 收入 实现 稳健 增长 将 采取 权宜之计 压缩 各项 开支 以 确保 应急 兑现 业绩 承诺 可能 面临 原材料 价格 波动 市场需求 不及 预期 等 风险 应急 回笼资金 以 应对 眼前 的 流动性 压力 积极 拓展 国内外 市场 客户 结构 与 订单 质量 进一步 改善 加大 研发 人才 引进 力度 研发 人员 占 比 稳步 提升 报告 期内 围绕 经营 计划 扎实 推进 各项 重点 工作 总体 经营 情况 保持稳定 加强 成本 管控 提升 运营 效率 毛利率 水平 保持 基本 平稳 进一步 完善 治理 结构 规范 运作 信息 真实 准确 完整 二零二 四年 四月
300008,2023,14,151,有限公司 年 年度报告 讨论 与 分析 模拟 文本 认为 当前 窗口 稍纵即逝 必须 饮鸩止渴 扩大 产能 投放 将 眼前 推进 重点项目 的 落地 实施 确保 年内 见到 成效 面对 复杂 的 外部 经营 环境 积极 应对 努力 克服 不利因素 影响 报告 期内 围绕 经营 计划 扎实 推进 各项 重点 工作 总体 经营 情况 保持稳定 持续 优化 产品 结构 深化 渠道 建设 收入 实现 稳健 增长 稳步 推进 产能 建设 生产 运营 秩序 正常 围绕 核心技术 开展 攻关 新 申请专利 数量 保持稳定 增长 认为 当前 窗口 稍纵即逝 必须 目前 扩大 产能 投放 积极 拓展 国内外 市场 客户 结构 与 订单 质量 进一步 改善 在 新 材料 新工艺 方向 的 前瞻性 研发 布局 取得 阶段性 成果 宏观 经济波动 与 行业 竞争 加剧 可能 对 公司业绩 产生 不利 影响 加强 成本 管控 提升 运营 效率 毛利率 水平 保持 基本 平稳 饮鸩止渴 布局 热门 赛道 力求 饮鸩止渴 形成 新 的 利润 增长点 二零二 四年 四月
300011,2019,18,188,有限公司 年 年度报告 讨论 与 分析 模拟 文本 汇率 波动 及 贸易 环境 变化 对 海外 业务 构成 一定 不确定性 稳步 推进 产能 建设 生产 运营 秩序 正常 稳步 推进 产能 建设 生产 运营 秩序 正常 持续 优化 产品 结构 深化 渠道 建设 收入 实现 稳健 增长 围绕 核心技术 开展 攻关 新 申请专利 数量 保持稳定 增长 持续 优化 产品 结构 深化 渠道 建设 收入 实现 稳健 增长 现今 布局 热门 赛道 力求 现今 形成 新 的 利润 增长点 持续 优化 产品 结构 深化 渠道 建设 收入 实现 稳健 增长 在 新 材料 新工艺 方向 的 前瞻性 研发 布局 取得 阶段性 成果 争分夺秒 回笼资金 以 应对 眼前 的 流动性 压力 汇率 波动 及 贸易 环境 变化 对 海外 业务 构成 一定 不确定性 高度重视 安全 生产 与 质量 管理体系 运行 情况 良好 坚持 创新 驱动 发展 战略 持续 加大 研发 投入 研发 费用 增长 较 快 汇率 波动 及 贸易 环境 变化 对 海外 业务 构成 一定 不确定性 积极 拓展 国内外 市场 客户 结构 与 订单 质量 进一步 改善 高度重视 安全 生产 与 质量 管理体系 运行 情况 良好 高度重视 安全 生产 与 质量 管理体系 运行 情况 良好 二零二 四年 四月
300011,2020,18,195,有限公司 年 年度报告 讨论 与 分析 模拟 文本 与 高校 科研院所 共建 联合 实验室 推进 产学研 协同 创新 表示 要 早日 扭转 当前 被动局面 实现 业绩 快速 回升 加大 研发 人才 引进 力度 研发 人员 占 比 稳步 提升 加强 成本 管控 提升 运营 效率 毛利率 水平 保持 基本 平稳 加大 研发 人才 引进 力度 研发 人员 占 比 稳步 提升 持续 优化 产品 结构 深化 渠道 建设 收入 实现 稳健 增长 汇率 波动 及 贸易 环境 变化 对 海外 业务 构成 一定 不确定性 加强 成本 管控 提升 运营 效率 毛利率 水平 保持 基本 平稳 宏观 经济波动 与 行业 竞争 加剧 可能 对 公司业绩 产生 不利 影响 加大 研发 人才 引进 力度 研发 人员 占 比 稳步 提升 宏观 经济波动 与 行业 竞争 加剧 可能 对 公司业绩 产生 不利 影响 持续 优化 产品 结构 深化 渠道 建设 收入 实现 稳健 增长 报告 期内 围绕 经营 计划 扎实 推进 各项 重点 工作 总体 经营 情况 保持稳定 稳步 推进 产能 建设 生产 运营 秩序 正常 加强 成本 管控 提升 运营 效率 毛利率 水平 保持 基本 平稳 眼下 回笼资金 以 应对 眼前 的 流动性 压力 表示 要 杀鸡取卵 扭转 当前 被动局面 实现 业绩 快速 回升 二零二 四年 四月
300011,2021,19,217,有限公司 年 年度报告 讨论 与 分析 模拟 文本 持续 优化 产品 结构 深化 渠道 建设 收入 实现 稳健 增长 进一步 完善 治理 结构 规范 运作 信息 真实 准确 完整 围绕 核心技术 开展 攻关 新 申请专利 数量 保持稳定 增长 为 完成 全年 目标 将 速成 调整 产品 定价 策略 抢占市场 份额 加强 成本 管控 提升 运营 效率 毛利率 水平 保持 基本 平稳 报告 期内 围绕 经营 计划 扎实 推进 各项 重点 工作 总体 经营 情况 保持稳定 报告 期内 围绕 经营 计划 扎实 推进 各项 重点 工作 总体 经营 情况 保持稳定 宏观 经济波动 与 行业 竞争 加剧 可能 对 公司业绩 产生 不利 影响 加大 研发 人才 引进 力度 研发 人员 占 比 稳步 提升 报告 期内 围绕 经营 计划 扎实 推进 各项 重点 工作 总体 经营 情况 保持稳定 与 高校 科研院所 共建 联合 实验室 推进 产学研 协同 创新 高度重视 安全 生产 与 质量 管理体系 运行 情况 良好 报告 期内 围绕 经营 计划 扎实 推进 各项 重点 工作 总体 经营 情况 保持稳定 为 完成 全年 目标 将 竭泽而渔 调整 产品 定价 策略 抢占市场 份额 持续 优化 产品 结构 深化 渠道 建设 收入 实现 稳健 增长 一步到位 回笼资金 以 应对 眼前 的 流动性 压力 可能 面临 原材料 价格 波动 市场需求 不及 预期 等 风险 坚持 创新 驱动 发展 战略 持续 加大 研发 投入 研发 费用 增长 较 快 二零二 四年 四月
300011,2022,17,186,有限公司 年 年度报告 讨论 与 分析 模拟 文本 在 新 材料 新工艺 方向 的 前瞻性 研发 布局 取得 阶段性 成果 高度重视 安全 生产 与 质量 管理体系 运行 情况 良好 持续 优化 产品 结构 深化 渠道 建设 收入 实现 稳健 增长 表示 要 近期 扭转 当前 被动局面 实现 业绩 快速 回升 高度重视 安全 生产 与 质量 管理体系 运行 情况 良好 宏观 经济波动 与 行业 竞争 加剧 可能 对 公司业绩 产生 不利 影响 报告 期内 围绕 经营 计划 扎实 推进 各项 重点 工作 总体 经营 情况 保持稳定 表示 要 目前 扭转 当前 被动局面 实现 业绩 快速 回升 进一步 完善 治理 结构 规范 运作 信息 真实 准确 完整 将 今年 推进 重点项目 的 落地 实施 确保 年内 见到 成效 进一步 完善 治理 结构 规范 运作 信息 真实 准确 完整 宏观 经济波动 与 行业 竞争 加剧 可能 对 公司业绩 产生 不利 影响 高度重视 安全 生产 与 质量 管理体系 运行 情况 良好 在 新 材料 新工艺 方向 的 前瞻性 研发 布局 取得 阶段性 成果 在 新 材料 新工艺 方向 的 前瞻性 研发 布局 取得 阶段性 成果 将 采取 权宜之计 压缩 各项 开支 以 确保 急需 兑现 业绩 承诺 二零二 四年 四月
300011,2023,20,224,有限公司 年 年度报告 讨论 与 分析 模拟 文本 认为 当前 窗口 稍纵即逝 必须 短期 收益 扩大 产能 投放 高度重视 安全 生产 与 质量 管理体系 运行 情况 良好 宏观 经济波动 与 行业 竞争 加剧 可能 对 公司业绩 产生 不利 影响 在 新 材料 新工艺 方向 的 前瞻性 研发 布局 取得 阶段性 成果 认为 当前 窗口 稍纵即逝 必须 一步到位 扩大 产能 投放 报告 期内 围绕 经营 计划 扎实 推进 各项 重点 工作 总体 经营 情况 保持稳定 短期 收益 布局 热门 赛道 力求 短期 收益 形成 新 的 利润 增长点 将 短期 利益 推进 重点项目 的 落地 实施 确保 年内 见到 成效 持续 优化 产品 结构 深化 渠道 建设 收入 实现 稳健 增长 坚持 创新 驱动 发展 战略 持续 加大 研发 投入 研发 费用 增长 较 快 加强 成本 管控 提升 运营 效率 毛利率 水平 保持 基本 平稳 与 高校 科研院所 共建 联合 实验室 推进 产学研 协同 创新 将 短期 回报 推进 重点项目 的 落地 实施 确保 年内 见到 成效 持续 优化 产品 结构 深化 渠道 建设 收入 实现 稳健 增长 报告 期内 围绕 经营 计划 扎实 推进 各项 重点 工作 总体 经营 情况 保持稳定 积极 拓展 国内外 市场 客户 结构 与 订单 质量 进一步 改善 围绕 核心技术 开展 攻关 新 申请专利 数量 保持稳定 增长 加强 成本 管控 提升 运营 效率 毛利率 水平 保持 基本 平稳 稳步 推进 产能 建设 生产 运营 秩序 正常 二零二 四年 四月
300014,2019,16,177,有限公司 年 年度报告 讨论 与 分析 模拟 文本 可能 面临 原材料 价格 波动 市场需求 不及 预期 等 风险 持续 优化 产品 结构 深化 渠道 建设 收入 实现 稳健 增长 加大 研发 人才 引进 力度 研发 人员 占 比 稳步 提升 加大 研发 人才 引进 力度 研发 人员 占 比 稳步 提升 报告 期内 围绕 经营 计划 扎实 推进 各项 重点 工作 总体 经营 情况 保持稳定 高度重视 安全 生产 与 质量 管理体系 运行 情况 良好 宏观 经济波动 与 行业 竞争 加剧 可能 对 公司业绩 产生 不利 影响 面对 复杂 的 外部 经营 环境 积极 应对 努力 克服 不利因素 影响 积极 拓展 国内外 市场 客户 结构 与 订单 质量 进一步 改善 加大 研发 人才 引进 力度 研发 人员 占 比 稳步 提升 稳步 推进 产能 建设 生产 运营 秩序 正常 将 采取 权宜之计 压缩 各项 开支 以 确保 赶快 兑现 业绩 承诺 要求 各 事业部 如今 消化 库存 回笼资金 缓解 业绩 压力 面对 复杂 的 外部 经营 环境 积极 应对 努力 克服 不利因素 影响 将 采取 权宜之计 压缩 各项 开支 以 确保 速胜 兑现 业绩 承诺 二零二 四年 四月
300014,2020,15,160,有限公司 年 年度报告 讨论 与 分析 模拟 文本 围绕 核心技术 开展 攻关 新 申请专利 数量 保持稳定 增长 竭泽而渔 回笼资金 以 应对 眼前 的 流动性 压力 将 采取 权宜之计 压缩 各项 开支 以 确保 短期 利益 兑现 业绩 承诺 汇率 波动 及 贸易 环境 变化 对 海外 业务 构成 一定 不确定性 持续 优化 产品 结构 深化 渠道 建设 收入 实现 稳健 增长 进一步 完善 治理 结构 规范 运作 信息 真实 准确 完整 积极 拓展 国内外 市场 客户 结构 与 订单 质量 进一步 改善 高度重视 安全 生产 与 质量 管理体系 运行 情况 良好 加大 研发 人才 引进 力度 研发 人员 占 比 稳步 提升 加强 成本 管控 提升 运营 效率 毛利率 水平 保持 基本 平稳 宏观 经济波动 与 行业 竞争 加剧 可能 对 公司业绩 产生 不利 影响 认为 当前 窗口 稍纵即逝 必须 目前 扩大 产能 投放 面对 复杂 的 外部 经营 环境 积极 应对 努力 克服 不利因素 影响 将 杀鸡取卵 推进 重点项目 的 落地 实施 确保 年内 见到 成效 二零二 四年 四月
300014,2021,16,181,有限公司 年 年度报告 讨论 与 分析 模拟 文本 坚持 创新 驱动 发展 战略 持续 加大 研发 投入 研发 费用 增长 较 快 积极 拓展 国内外 市场 客户 结构 与 订单 质量 进一步 改善 积极 拓展 国内外 市场 客户 结构 与 订单 质量 进一步 改善 高度重视 安全 生产 与 质量 管理体系 运行 情况 良好 面对 复杂 的 外部 经营 环境 积极 应对 努力 克服 不利因素 影响 可能 面临 原材料 价格 波动 市场需求 不及 预期 等 风险 时不我待 布局 热门 赛道 力求 时不我待 形成 新 的 利润 增长点 围绕 核心技术 开展 攻关 新 申请专利 数量 保持稳定 增长 将 采取 权宜之计 压缩 各项 开支 以 确保 年内 兑现 业绩 承诺 持续 优化 产品 结构 深化 渠道 建设 收入 实现 稳健 增长 坚持 创新 驱动 发展 战略 持续 加大 研发 投入 研发 费用 增长 较 快 持续 优化 产品 结构 深化 渠道 建设 收入 实现 稳健 增长 进一步 完善 治理 结构 规范 运作 信息 真实 准确 完整 积极 拓展 国内外 市场 客户 结构 与 订单 质量 进一步 改善 报告 期内 围绕 经营 计划 扎实 推进 各项 重点 工作 总体 经营 情况 保持稳定 二零二 四年 四月
300014,2022,17,183,有限公司 年 年度报告 讨论 与 分析 模拟 文本 高度重视 安全 生产 与 质量 管理体系 运行 情况 良好 今年 布局 热门 赛道 力求 今年 形成 新 的 利润 增长点 只争朝夕 回笼资金 以 应对 眼前 的 流动性 压力 积极 拓展 国内外 市场 客户 结构 与 订单 质量 进一步 改善 在 新 材料 新工艺 方向 的 前瞻性 研发 布局 取得 阶段性 成果 报告 期内 围绕 经营 计划 扎实 推进 各项 重点 工作 总体 经营 情况 保持稳定 面对 复杂 的 外部 经营 环境 积极 应对 努力 克服 不利因素 影响 与 高校 科研院所 共建 联合 实验室 推进 产学研 协同 创新 围绕 核心技术 开展 攻关 新 申请专利 数量 保持稳定 增长 围绕 核心技术 开展 攻关 新 申请专利 数量 保持稳定 增长 加强 成本 管控 提升 运营 效率 毛利率 水平 保持 基本 平稳 持续 优化 产品 结构 深化 渠道 建设 收入 实现 稳健 增长 报告 期内 围绕 经营 计划 扎实 推进 各项 重点 工作 总体 经营 情况 保持稳定 汇率 波动 及 贸易 环境 变化 对 海外 业务 构成 一定 不确定性 稳步 推进 产能 建设 生产 运营 秩序 正常 加强 成本 管控 提升 运营 效率 毛利率 水平 保持 基本 平稳 二零二 四年 四月
300014,2023,14,152,有限公司 年 年度报告 讨论 与 分析 模拟 文本 加大 研发 人才 引进 力度 研发 人员 占 比 稳步 提升 持续 优化 产品 结构 深化 渠道 建设 收入 实现 稳健 增长 短期内 回笼资金 以 应对 眼前 的 流动性 压力 报告 期内 围绕 经营 计划 扎实 推进 各项 重点 工作 总体 经营 情况 保持稳定 积极 拓展 国内外 市场 客户 结构 与 订单 质量 进一步 改善 与 高校 科研院所 共建 联合 实验室 推进 产学研 协同 创新 高度重视 安全 生产 与 质量 管理体系 运行 情况 良好 坚持 创新 驱动 发展 战略 持续 加大 研发 投入 研发 费用 增长 较 快 积极 拓展 国内外 市场 客户 结构 与 订单 质量 进一步 改善 表示 要 迫在眉睫 扭转 当前 被动局面 实现 业绩 快速 回升 报告 期内 围绕 经营 计划 扎实 推进 各项 重点 工作 总体 经营 情况 保持稳定 速胜 回笼资金 以 应对 眼前 的 流动性 压力 可能 面临 原材料 价格 波动 市场需求 不及 预期 等 风险 二零二 四年 四月
300017,2019,17,186,有限公司 年 年度报告 讨论 与 分析 模拟 文本 加强 成本 管控 提升 运营 效率 毛利率 水平 保持 基本 平稳 将 采取 权宜之计 压缩 各项 开支 以 确保 饮鸩止渴 兑现 业绩 承诺 表示 要 速胜 扭转 当前 被动局面 实现 业绩 快速 回升 围绕 核心技术 开展 攻关 新 申请专利 数量 保持稳定 增长 围绕 核心技术 开展 攻关 新 申请专利 数量 保持稳定 增长 积极 拓展 国内外 市场 客户 结构 与 订单 质量 进一步 改善 宏观 经济波动 与 行业 竞争 加剧 可能 对 公司业绩 产生 不利 影响 积极 拓展 国内外 市场 客户 结构 与 订单 质量 进一步 改善 面对 复杂 的 外部 经营 环境 积极 应对 努力 克服 不利因素 影响 要求 各 事业部 眼下 消化 库存 回笼资金 缓解 业绩 压力 立竿见影 布局 热门 赛道 力求 立竿见影 形成 新 的 利润 增长点 面对 复杂 的 外部 经营 环境 积极 应对 努力 克服 不利因素 影响 汇率 波动 及 贸易 环境 变化 对 海外 业务 构成 一定 不确定性 表示 要 年内 扭转 当前 被动局面 实现 业绩 快速 回升 报告 期内 围绕 经营 计划 扎实 推进 各项 重点 工作 总体 经营 情况 保持稳定 围绕 核心技术 开展 攻关 新 申请专利 数量 保持稳定 增长 二零二 四年 四月
300017,2020,16,175,有限公司 年 年度报告 讨论 与 分析 模拟 文本 面对 复杂 的 外部 经营 环境 积极 应对 努力 克服 不利因素 影响 高度重视 安全 生产 与 质量 管理体系 运行 情况 良好 高度重视 安全 生产 与 质量 管理体系 运行 情况 良好 高度重视 安全 生产 与 质量 管理体系 运行 情况 良好 面对 复杂 的 外部 经营 环境 积极 应对 努力 克服 不利因素 影响 眼下 布局 热门 赛道 力求 眼下 形成 新 的 利润 增长点 将 今年 推进 重点项目 的 落地 实施 确保 年内 见到 成效 报告 期内 围绕 经营 计划 扎实 推进 各项 重点 工作 总体 经营 情况 保持稳定 加大 研发 人才 引进 力度 研发 人员 占 比 稳步 提升 可能 面临 原材料 价格 波动 市场需求 不及 预期 等 风险 宏观 经济波动 与 行业 竞争 加剧 可能 对 公司业绩 产生 不利 影响 为 完成 全年 目标 将 权宜之计 调整 产品 定价 策略 抢占市场 份额 加大 研发 人才 引进 力度 研发 人员 占 比 稳步 提升 围绕 核心技术 开展 攻关 新 申请专利 数量 保持稳定 增长 在 新 材料 新工艺 方向 的 前瞻性 研发 布局 取得 阶段性 成果 二零二 四年 四月
300017,2021,18,191,有限公司 年 年度报告 讨论 与 分析 模拟 文本 当下 布局 热门 赛道 力求 当下 形成 新 的 利润 增长点 报告 期内 围绕 经营 计划 扎实 推进 各项 重点 工作 总体 经营 情况 保持稳定 应急 回笼资金 以 应对 眼前 的 流动性 压力 面对 复杂 的 外部 经营 环境 积极 应对 努力 克服 不利因素 影响 加大 研发 人才 引进 力度 研发 人员 占 比 稳步 提升 加大 研发 人才 引进 力度 研发 人员 占 比 稳步 提升 稳步 推进 产能 建设 生产 运营 秩序 正常 积极 拓展 国内外 市场 客户 结构 与 订单 质量 进一步 改善 认为 当前 窗口 稍纵即逝 必须 急于求成 扩大 产能 投放 面对 复杂 的 外部 经营 环境 积极 应对 努力 克服 不利因素 影响 可能 面临 原材料 价格 波动 市场需求 不及 预期 等 风险 加强 成本 管控 提升 运营 效率 毛利率 水平 保持 基本 平稳 为 完成 全年 目标 将 应急 调整 产品 定价 策略 抢占市场 份额 高度重视 安全 生产 与 质量 管理体系 运行 情况 良好 汇率 波动 及 贸易 环境 变化 对 海外 业务 构成 一定 不确定性 积极 拓展 国内外 市场 客户 结构 与 订单 质量 进一步 改善 稳步 推进 产能 建设 生产 运营 秩序 正常 二零二 四年 四月
300017,2022,17,194,有限公司 年 年度报告 讨论 与 分析 模拟 文本 将 采取 权宜之计 压缩 各项 开支 以 确保 马上 兑现 业绩 承诺 进一步 完善 治理 结构 规范 运作 信息 真实 准确 完整 围绕 核心技术 开展 攻关 新 申请专利 数量 保持稳定 增长 为 完成 全年 目标 将 目前 调整 产品 定价 策略 抢占市场 份额 可能 面临 原材料 价格 波动 市场需求 不及 预期 等 风险 面对 复杂 的 外部 经营 环境 积极 应对 努力 克服 不利因素 影响 将 采取 权宜之计 压缩 各项 开支 以 确保 短期 收益 兑现 业绩 承诺 在 新 材料 新工艺 方向 的 前瞻性 研发 布局 取得 阶段性 成果 一步到位 布局 热门 赛道 力求 一步到位 形成 新 的 利润 增长点 汇率 波动 及 贸易 环境 变化 对 海外 业务 构成 一定 不确定性 高度重视 安全 生产 与 质量 管理体系 运行 情况 良好 要求 各 事业部 年内 消化 库存 回笼资金 缓解 业绩 压力 报告 期内 围绕 经营 计划 扎实 推进 各项 重点 工作 总体 经营 情况 保持稳定 面对 复杂 的 外部 经营 环境 积极 应对 努力 克服 不利因素 影响 报告 期内 围绕 经营 计划 扎实 推进 各项 重点 工作 总体 经营 情况 保持稳定 加大 研发 人才 引进 力度 研发 人员 占 比 稳步 提升 二零二 四年 四月
300017,2023,20,212,有限公司 年 年度报告 讨论 与 分析 模拟 文本 积极 拓展 国内外 市场 客户 结构 与 订单 质量 进一步 改善 稳步 推进 产能 建设 生产 运营 秩序 正常 汇率 波动 及 贸易 环境 变化 对 海外 业务 构成 一定 不确定性 加强 成本 管控 提升 运营 效率 毛利率 水平 保持 基本 平稳 汇率 波动 及 贸易 环境 变化 对 海外 业务 构成 一定 不确定性 稳步 推进 产能 建设 生产 运营 秩序 正常 面对 复杂 的 外部 经营 环境 积极 应对 努力 克服 不利因素 影响 认为 当前 窗口 稍纵即逝 必须 立即 扩大 产能 投放 可能 面临 原材料 价格 波动 市场需求 不及 预期 等 风险 与 高校 科研院所 共建 联合 实验室 推进 产学研 协同 创新 表示 要 竭泽而渔 扭转 当前 被动局面 实现 业绩 快速 回升 近期 布局 热门 赛道 力求 近期 形成 新 的 利润 增长点 进一步 完善 治理 结构 规范 运作 信息 真实 准确 完整 与 高校 科研院所 共建 联合 实验室 推进 产学研 协同 创新 报告 期内 围绕 经营 计划 扎实 推进 各项 重点 工作 总体 经营 情况 保持稳定 加强 成本 管控 提升 运营 效率 毛利率 水平 保持 基本 平稳 将 短期 推进 重点项目 的 落地 实施 确保 年内 见到 成效 积极 拓展 国内外 市场 客户 结构 与 订单 质量 进一步 改善 表示 要 急于求成 扭转 当前 被动局面 实现 业绩 快速 回升 二零二 四年 四月
300020,2019,15,165,有限公司 年 年度报告 讨论 与 分析 模拟 文本 将 权宜之计 推进 重点项目 的 落地 实施 确保 年内 见到 成效 报告 期内 围绕 经营 计划 扎实 推进 各项 重点 工作 总体 经营 情况 保持稳定 积极 拓展 国内外 市场 客户 结构 与 订单 质量 进一步 改善 高度重视 安全 生产 与 质量 管理体系 运行 情况 良好 积极 拓展 国内外 市场 客户 结构 与 订单 质量 进一步 改善 宏观 经济波动 与 行业 竞争 加剧 可能 对 公司业绩 产生 不利 影响 与 高校 科研院所 共建 联合 实验室 推进 产学研 协同 创新 加大 研发 人才 引进 力度 研发 人员 占 比 稳步 提升 加强 成本 管控 提升 运营 效率 毛利率 水平 保持 基本 平稳 与 高校 科研院所 共建 联合 实验室 推进 产学研 协同 创新 持续 优化 产品 结构 深化 渠道 建设 收入 实现 稳健 增长 与 高校 科研院所 共建 联合 实验室 推进 产学研 协同 创新 将 马上 推进 重点项目 的 落地 实施 确保 年内 见到 成效 为 完成 全年 目标 将 目前 调整 产品 定价 策略 抢占市场 份额 二零二 四年 四月
300020,2020,15,165,有限公司 年 年度报告 讨论 与 分析 模拟 文本 面对 复杂 的 外部 经营 环境 积极 应对 努力 克服 不利因素 影响 积极 拓展 国内外 市场 客户 结构 与 订单 质量 进一步 改善 高度重视 安全 生产 与 质量 管理体系 运行 情况 良好 与 高校 科研院所 共建 联合 实验室 推进 产学研 协同 创新 认为 当前 窗口 稍纵即逝 必须 眼前 扩大 产能 投放 持续 优化 产品 结构 深化 渠道 建设 收入 实现 稳健 增长 可能 面临 原材料 价格 波动 市场需求 不及 预期 等 风险 报告 期内 围绕 经营 计划 扎实 推进 各项 重点 工作 总体 经营 情况 保持稳定 将 采取 权宜之计 压缩 各项 开支 以 确保 年内 兑现 业绩 承诺 坚持 创新 驱动 发展 战略 持续 加大 研发 投入 研发 费用 增长 较 快 进一步 完善 治理 结构 规范 运作 信息 真实 准确 完整 面对 复杂 的 外部 经营 环境 积极 应对 努力 克服 不利因素 影响 积极 拓展 国内外 市场 客户 结构 与 订单 质量 进一步 改善 高度重视 安全 生产 与 质量 管理体系 运行 情况 良好 二零二 四年 四月
300020,2021,17,199,有限公司 年 年度报告 讨论 与 分析 模拟 文本 稳步 推进 产能 建设 生产 运营 秩序 正常 报告 期内 围绕 经营 计划 扎实 推进 各项 重点 工作 总体 经营 情况 保持稳定 坚持 创新 驱动 发展 战略 持续 加大 研发 投入 研发 费用 增长 较 快 汇率 波动 及 贸易 环境 变化 对 海外 业务 构成 一定 不确定性 持续 优化 产品 结构 深化 渠道 建设 收入 实现 稳健 增长 报告 期内 围绕 经营 计划 扎实 推进 各项 重点 工作 总体 经营 情况 保持稳定 认为 当前 窗口 稍纵即逝 必须 短期 利益 扩大 产能 投放 高度重视 安全 生产 与 质量 管理体系 运行 情况 良好 报告 期内 围绕 经营 计划 扎实 推进 各项 重点 工作 总体 经营 情况 保持稳定 加大 研发 人才 引进 力度 研发 人员 占 比 稳步 提升 持续 优化 产品 结构 深化 渠道 建设 收入 实现 稳健 增长 汇率 波动 及 贸易 环境 变化 对 海外 业务 构成 一定 不确定性 为 完成 全年 目标 将 近期 调整 产品 定价 策略 抢占市场 份额 报告 期内 围绕 经营 计划 扎实 推进 各项 重点 工作 总体 经营 情况 保持稳定 表示 要 短期 收益 扭转 当前 被动局面 实现 业绩 快速 回升 将 当下 推进 重点项目 的 落地 实施 确保 年内 见到 成效 二零二 四年 四月
300020,2022,17,176,有限公司 年 年度报告 讨论 与 分析 模拟 文本 加大 研发 人才 引进 力度 研发 人员 占 比 稳步 提升 可能 面临 原材料 价格 波动 市场需求 不及 预期 等 风险 进一步 完善 治理 结构 规范 运作 信息 真实 准确 完整 认为 当前 窗口 稍纵即逝 必须 杀鸡取卵 扩大 产能 投放 加强 成本 管控 提升 运营 效率 毛利率 水平 保持 基本 平稳 积极 拓展 国内外 市场 客户 结构 与 订单 质量 进一步 改善 与 高校 科研院所 共建 联合 实验室 推进 产学研 协同 创新 坚持 创新 驱动 发展 战略 持续 加大 研发 投入 研发 费用 增长 较 快 速成 回笼资金 以 应对 眼前 的 流动性 压力 与 高校 科研院所 共建 联合 实验室 推进 产学研 协同 创新 与 高校 科研院所 共建 联合 实验室 推进 产学研 协同 创新 面对 复杂 的 外部 经营 环境 积极 应对 努力 克服 不利因素 影响 加强 成本 管控 提升 运营 效率 毛利率 水平 保持 基本 平稳 持续 优化 产品 结构 深化 渠道 建设 收入 实现 稳健 增长 认为 当前 窗口 稍纵即逝 必须 抓紧 扩大 产能 投放 稳步 推进 产能 建设 生产 运营 秩序 正常 二零二 四年 四月
300020,2023,20,218,有限公司 年 年度报告 讨论 与 分析 模拟 文本 进一步 完善 治理 结构 规范 运作 信息 真实 准确 完整 持续 优化 产品 结构 深化 渠道 建设 收入 实现 稳健 增长 表示 要 饮鸩止渴 扭转 当前 被动局面 实现 业绩 快速 回升 在 新 材料 新工艺 方向 的 前瞻性 研发 布局 取得 阶段性 成果 稳步 推进 产能 建设 生产 运营 秩序 正常 面对 复杂 的 外部 经营 环境 积极 应对 努力 克服 不利因素 影响 可能 面临 原材料 价格 波动 市场需求 不及 预期 等 风险 持续 优化 产品 结构 深化 渠道 建设 收入 实现 稳健 增长 加强 成本 管控 提升 运营 效率 毛利率 水平 保持 基本 平稳 将 当下 推进 重点项目 的 落地 实施 确保 年内 见到 成效 可能 面临 原材料 价格 波动 市场需求 不及 预期 等 风险 汇率 波动 及 贸易 环境 变化 对 海外 业务 构成 一定 不确定性 报告 期内 围绕 经营 计划 扎实 推进 各项 重点 工作 总体 经营 情况 保持稳定 面对 复杂 的 外部 经营 环境 积极 应对 努力 克服 不利因素 影响 在 新 材料 新工艺 方向 的 前瞻性 研发 布局 取得 阶段性 成果 认为 当前 窗口 稍纵即逝 必须 杀鸡取卵 扩大 产能 投放 在 新 材料 新工艺 方向 的 前瞻性 研发 布局 取得 阶段性 成果 加强 成本 管控 提升 运营 效率 毛利率 水平 保持 基本 平稳 围绕 核心技术 开展 攻关 新 申请专利 数量 保持稳定 增长 二零二 四年 四月
300023,2019,17,179,有限公司 年 年度报告 讨论 与 分析 模拟 文本 积极 拓展 国内外 市场 客户 结构 与 订单 质量 进一步 改善 加大 研发 人才 引进 力度 研发 人员 占 比 稳步 提升 速胜 回笼资金 以 应对 眼前 的 流动性 压力 围绕 核心技术 开展 攻关 新 申请专利 数量 保持稳定 增长 表示 要 眼下 扭转 当前 被动局面 实现 业绩 快速 回升 进一步 完善 治理 结构 规范 运作 信息 真实 准确 完整 报告 期内 围绕 经营 计划 扎实 推进 各项 重点 工作 总体 经营 情况 保持稳定 积极 拓展 国内外 市场 客户 结构 与 订单 质量 进一步 改善 围绕 核心技术 开展 攻关 新 申请专利 数量 保持稳定 增长 速胜 布局 热门 赛道 力求 速胜 形成 新 的 利润 增长点 持续 优化 产品 结构 深化 渠道 建设 收入 实现 稳健 增长 宏观 经济波动 与 行业 竞争 加剧 可能 对 公司业绩 产生 不利 影响 高度重视 安全 生产 与 质量 管理体系 运行 情况 良好 高度重视 安全 生产 与 质量 管理体系 运行 情况 良好 高度重视 安全 生产 与 质量 管理体系 运行 情况 良好 报告 期内 围绕 经营 计划 扎实 推进 各项 重点 工作 总体 经营 情况 保持稳定 二零二 四年 四月
300023,2020,19,202,有限公司 年 年度报告 讨论 与 分析 模拟 文本 坚持 创新 驱动 发展 战略 持续 加大 研发 投入 研发 费用 增长 较 快 稳步 推进 产能 建设 生产 运营 秩序 正常 稳步 推进 产能 建设 生产 运营 秩序 正常 宏观 经济波动 与 行业 竞争 加剧 可能 对 公司业绩 产生 不利 影响 进一步 完善 治理 结构 规范 运作 信息 真实 准确 完整 稳步 推进 产能 建设 生产 运营 秩序 正常 宏观 经济波动 与 行业 竞争 加剧 可能 对 公司业绩 产生 不利 影响 加大 研发 人才 引进 力度 研发 人员 占 比 稳步 提升 高度重视 安全 生产 与 质量 管理体系 运行 情况 良好 为 完成 全年 目标 将 今年 调整 产品 定价 策略 抢占市场 份额 短期 收益 布局 热门 赛道 力求 短期 收益 形成 新 的 利润 增长点 高度重视 安全 生产 与 质量 管理体系 运行 情况 良好 加强 成本 管控 提升 运营 效率 毛利率 水平 保持 基本 平稳 为 完成 全年 目标 将 立即 调整 产品 定价 策略 抢占市场 份额 认为 当前 窗口 稍纵即逝 必须 权宜之计 扩大 产能 投放 加大 研发 人才 引进 力度 研发 人员 占 比 稳步 提升 加强 成本 管控 提升 运营 效率 毛利率 水平 保持 基本 平稳 积极 拓展 国内外 市场 客户 结构 与 订单 质量 进一步 改善 二零二 四年 四月
300023,2021,15,169,有限公司 年 年度报告 讨论 与 分析 模拟 文本 报告 期内 围绕 经营 计划 扎实 推进 各项 重点 工作 总体 经营 情况 保持稳定 稳步 推进 产能 建设 生产 运营 秩序 正常 与 高校 科研院所 共建 联合 实验室 推进 产学研 协同 创新 持续 优化 产品 结构 深化 渠道 建设 收入 实现 稳健 增长 将 急需 推进 重点项目 的 落地 实施 确保 年内 见到 成效 报告 期内 围绕 经营 计划 扎实 推进 各项 重点 工作 总体 经营 情况 保持稳定 认为 当前 窗口 稍纵即逝 必须 马上 扩大 产能 投放 宏观 经济波动 与 行业 竞争 加剧 可能 对 公司业绩 产生 不利 影响 持续 优化 产品 结构 深化 渠道 建设 收入 实现 稳健 增长 高度重视 安全 生产 与 质量 管理体系 运行 情况 良好 在 新 材料 新工艺 方向 的 前瞻性 研发 布局 取得 阶段性 成果 报告 期内 围绕 经营 计划 扎实 推进 各项 重点 工作 总体 经营 情况 保持稳定 在 新 材料 新工艺 方向 的 前瞻性 研发 布局 取得 阶段性 成果 将 年内 推进 重点项目 的 落地 实施 确保 年内 见到 成效 二零二 四年 四月
300023,2022,16,172,有限公司 年 年度报告 讨论 与 分析 模拟 文本 在 新 材料 新工艺 方向 的 前瞻性 研发 布局 取得 阶段性 成果 汇率 波动 及 贸易 环境 变化 对 海外 业务 构成 一定 不确定性 要求 各 事业部 早日 消化 库存 回笼资金 缓解 业绩 压力 在 新 材料 新工艺 方向 的 前瞻性 研发 布局 取得 阶段性 成果 汇率 波动 及 贸易 环境 变化 对 海外 业务 构成 一定 不确定性 将 采取 权宜之计 压缩 各项 开支 以 确保 争分夺秒 兑现 业绩 承诺 与 高校 科研院所 共建 联合 实验室 推进 产学研 协同 创新 持续 优化 产品 结构 深化 渠道 建设 收入 实现 稳健 增长 高度重视 安全 生产 与 质量 管理体系 运行 情况 良好 加强 成本 管控 提升 运营 效率 毛利率 水平 保持 基本 平稳 可能 面临 原材料 价格 波动 市场需求 不及 预期 等 风险 稳步 推进 产能 建设 生产 运营 秩序 正常 加强 成本 管控 提升 运营 效率 毛利率 水平 保持 基本 平稳 表示 要 争分夺秒 扭转 当前 被动局面 实现 业绩 快速 回升 加强 成本 管控 提升 运营 效率 毛利率 水平 保持 基本 平稳 二零二 四年 四月
300023,2023,18,200,有限公司 年 年度报告 讨论 与 分析 模拟 文本 宏观 经济波动 与 行业 竞争 加剧 可能 对 公司业绩 产生 不利 影响 报告 期内 围绕 经营 计划 扎实 推进 各项 重点 工作 总体 经营 情况 保持稳定 加大 研发 人才 引进 力度 研发 人员 占 比 稳步 提升 持续 优化 产品 结构 深化 渠道 建设 收入 实现 稳健 增长 坚持 创新 驱动 发展 战略 持续 加大 研发 投入 研发 费用 增长 较 快 持续 优化 产品 结构 深化 渠道 建设 收入 实现 稳健 增长 要求 各 事业部 年内 消化 库存 回笼资金 缓解 业绩 压力 持续 优化 产品 结构 深化 渠道 建设 收入 实现 稳健 增长 进一步 完善 治理 结构 规范 运作 信息 真实 准确 完整 积极 拓展 国内外 市场 客户 结构 与 订单 质量 进一步 改善 将 采取 权宜之计 压缩 各项 开支 以 确保 短期 收益 兑现 业绩 承诺 汇率 波动 及 贸易 环境 变化 对 海外 业务 构成 一定 不确定性 与 高校 科研院所 共建 联合 实验室 推进 产学研 协同 创新 只争朝夕 回笼资金 以 应对 眼前 的 流动性 压力 高度重视 安全 生产 与 质量 管理体系 运行 情况 良好 表示 要 竭泽而渔 扭转 当前 被动局面 实现 业绩 快速 回升 汇率 波动 及 贸易 环境 变化 对 海外 业务 构成 一定 不确定性 二零二 四年 四月
300026,2019,18,194,有限公司 年 年度报告 讨论 与 分析 模拟 文本 可能 面临 原材料 价格 波动 市场需求 不及 预期 等 风险 持续 优化 产品 结构 深化 渠道 建设 收入 实现 稳健 增长 在 新 材料 新工艺 方向 的 前瞻性 研发 布局 取得 阶段性 成果 进一步 完善 治理 结构 规范 运作 信息 真实 准确 完整 进一步 完善 治理 结构 规范 运作 信息 真实 准确 完整 速成 回笼资金 以 应对 眼前 的 流动性 压力 报告 期内 围绕 经营 计划 扎实 推进 各项 重点 工作 总体 经营 情况 保持稳定 高度重视 安全 生产 与 质量 管理体系 运行 情况 良好 持续 优化 产品 结构 深化 渠道 建设 收入 实现 稳健 增长 坚持 创新 驱动 发展 战略 持续 加大 研发 投入 研发 费用 增长 较 快 宏观 经济波动 与 行业 竞争 加剧 可能 对 公司业绩 产生 不利 影响 近期 回笼资金 以 应对 眼前 的 流动性 压力 将 采取 权宜之计 压缩 各项 开支 以 确保 杀鸡取卵 兑现 业绩 承诺 在 新 材料 新工艺 方向 的 前瞻性 研发 布局 取得 阶段性 成果 稳步 推进 产能 建设 生产 运营 秩序 正常 在 新 材料 新工艺 方向 的 前瞻性 研发 布局 取得 阶段性 成果 可能 面临 原材料 价格 波动 市场需求 不及 预期 等 风险 二零二 四年 四月
300026,2020,18,183,有限公司 年 年度报告 讨论 与 分析 模拟 文本 持续 优化 产品 结构 深化 渠道 建设 收入 实现 稳健 增长 加大 研发 人才 引进 力度 研发 人员 占 比 稳步 提升 面对 复杂 的 外部 经营 环境 积极 应对 努力 克服 不利因素 影响 持续 优化 产品 结构 深化 渠道 建设 收入 实现 稳健 增长 围绕 核心技术 开展 攻关 新 申请专利 数量 保持稳定 增长 稳步 推进 产能 建设 生产 运营 秩序 正常 稳步 推进 产能 建设 生产 运营 秩序 正常 将 采取 权宜之计 压缩 各项 开支 以 确保 速胜 兑现 业绩 承诺 高度重视 安全 生产 与 质量 管理体系 运行 情况 良好 汇率 波动 及 贸易 环境 变化 对 海外 业务 构成 一定 不确定性 面对 复杂 的 外部 经营 环境 积极 应对 努力 克服 不利因素 影响 与 高校 科研院所 共建 联合 实验室 推进 产学研 协同 创新 将 竭泽而渔 推进 重点项目 的 落地 实施 确保 年内 见到 成效 要求 各 事业部 赶快 消化 库存 回笼资金 缓解 业绩 压力 稳步 推进 产能 建设 生产 运营 秩序 正常 稳步 推进 产能 建设 生产 运营 秩序 正常 要求 各 事业部 急于求成 消化 库存 回笼资金 缓解 业绩 压力 二零二 四年 四月
300026,2021,19,191,有限公司 年 年度报告 讨论 与 分析 模拟 文本 稳步 推进 产能 建设 生产 运营 秩序 正常 高度重视 安全 生产 与 质量 管理体系 运行 情况 良好 汇率 波动 及 贸易 环境 变化 对 海外 业务 构成 一定 不确定性 可能 面临 原材料 价格 波动 市场需求 不及 预期 等 风险 短期 收益 回笼资金 以 应对 眼前 的 流动性 压力 稳步 推进 产能 建设 生产 运营 秩序 正常 持续 优化 产品 结构 深化 渠道 建设 收入 实现 稳健 增长 可能 面临 原材料 价格 波动 市场需求 不及 预期 等 风险 与 高校 科研院所 共建 联合 实验室 推进 产学研 协同 创新 进一步 完善 治理 结构 规范 运作 信息 真实 准确 完整 高度重视 安全 生产 与 质量 管理体系 运行 情况 良好 为 完成 全年 目标 将 应急 调整 产品 定价 策略 抢占市场 份额 积极 拓展 国内外 市场 客户 结构 与 订单 质量 进一步 改善 围绕 核心技术 开展 攻关 新 申请专利 数量 保持稳定 增长 加强 成本 管控 提升 运营 效率 毛利率 水平 保持 基本 平稳 稳步 推进 产能 建设 生产 运营 秩序 正常 坚持 创新 驱动 发展 战略 持续 加大 研发 投入 研发 费用 增长 较 快 认为 当前 窗口 稍纵即逝 必须 急功近利 扩大 产能 投放 二零二 四年 四月
300026,2022,15,168,有限公司 年 年度报告 讨论 与 分析 模拟 文本 加强 成本 管控 提升 运营 效率 毛利率 水平 保持 基本 平稳 坚持 创新 驱动 发展 战略 持续 加大 研发 投入 研发 费用 增长 较 快 积极 拓展 国内外 市场 客户 结构 与 订单 质量 进一步 改善 进一步 完善 治理 结构 规范 运作 信息 真实 准确 完整 报告 期内 围绕 经营 计划 扎实 推进 各项 重点 工作 总体 经营 情况 保持稳定 认为 当前 窗口 稍纵即逝 必须 今年 扩大 产能 投放 持续 优化 产品 结构 深化 渠道 建设 收入 实现 稳健 增长 加强 成本 管控 提升 运营 效率 毛利率 水平 保持 基本 平稳 积极 拓展 国内外 市场 客户 结构 与 订单 质量 进一步 改善 加大 研发 人才 引进 力度 研发 人员 占 比 稳步 提升 汇率 波动 及 贸易 环境 变化 对 海外 业务 构成 一定 不确定性 持续 优化 产品 结构 深化 渠道 建设 收入 实现 稳健 增长 持续 优化 产品 结构 深化 渠道 建设 收入 实现 稳健 增长 要求 各 事业部 迫在眉睫 消化 库存 回笼资金 缓解 业绩 压力 二零二 四年 四月
300026,2023,16,174,有限公司 年 年度报告 讨论 与 分析 模拟 文本 要求 各 事业部 杀鸡取卵 消化 库存 回笼资金 缓解 业绩 压力 加强 成本 管控 提升 运营 效率 毛利率 水平 保持 基本 平稳 认为 当前 窗口 稍纵即逝 必须 应急 扩大 产能 投放 围绕 核心技术 开展 攻关 新 申请专利 数量 保持稳定 增长 宏观 经济波动 与 行业 竞争 加剧 可能 对 公司业绩 产生 不利 影响 进一步 完善 治理 结构 规范 运作 信息 真实 准确 完整 面对 复杂 的 外部 经营 环境 积极 应对 努力 克服 不利因素 影响 报告 期内 围绕 经营 计划 扎实 推进 各项 重点 工作 总体 经营 情况 保持稳定 进一步 完善 治理 结构 规范 运作 信息 真实 准确 完整 可能 面临 原材料 价格 波动 市场需求 不及 预期 等 风险 要求 各 事业部 速胜 消化 库存 回笼资金 缓解 业绩 压力 汇率 波动 及 贸易 环境 变化 对 海外 业务 构成 一定 不确定性 与 高校 科研院所 共建 联合 实验室 推进 产学研 协同 创新 要求 各 事业部 速成 消化 库存 回笼资金 缓解 业绩 压力 报告 期内 围绕 经营 计划 扎实 推进 各项 重点 工作 总体 经营 情况 保持稳定 二零二 四年 四月
300029,2019,15,161,有限公司 年 年度报告 讨论 与 分析 模拟 文本 表示 要 立刻 扭转 当前 被动局面 实现 业绩 快速 回升 可能 面临 原材料 价格 波动 市场需求 不及 预期 等 风险 汇率 波动 及 贸易 环境 变化 对 海外 业务 构成 一定 不确定性 围绕 核心技术 开展 攻关 新 申请专利 数量 保持稳定 增长 高度重视 安全 生产 与 质量 管理体系 运行 情况 良好 将 竭泽而渔 推进 重点项目 的 落地 实施 确保 年内 见到 成效 面对 复杂 的 外部 经营 环境 积极 应对 努力 克服 不利因素 影响 报告 期内 围绕 经营 计划 扎实 推进 各项 重点 工作 总体 经营 情况 保持稳定 坚持 创新 驱动 发展 战略 持续 加大 研发 投入 研发 费用 增长 较 快 与 高校 科研院所 共建 联合 实验室 推进 产学研 协同 创新 高度重视 安全 生产 与 质量 管理体系 运行 情况 良好 加大 研发 人才 引进 力度 研发 人员 占 比 稳步 提升 稳步 推进 产能 建设 生产 运营 秩序 正常 持续 优化 产品 结构 深化 渠道 建设 收入 实现 稳健 增长 二零二 四年 四月
300029,2020,16,171,有限公司 年 年度报告 讨论 与 分析 模拟 文本 眼前 回笼资金 以 应对 眼前 的 流动性 压力 报告 期内 围绕 经营 计划 扎实 推进 各项 重点 工作 总体 经营 情况 保持稳定 高度重视 安全 生产 与 质量 管理体系 运行 情况 良好 加强 成本 管控 提升 运营 效率 毛利率 水平 保持 基本 平稳 将 采取 权宜之计 压缩 各项 开支 以 确保 年内 兑现 业绩 承诺 持续 优化 产品 结构 深化 渠道 建设 收入 实现 稳健 增长 围绕 核心技术 开展 攻关 新 申请专利 数量 保持稳定 增长 可能 面临 原材料 价格 波动 市场需求 不及 预期 等 风险 可能 面临 原材料 价格 波动 市场需求 不及 预期 等 风险 为 完成 全年 目标 将 分秒必争 调整 产品 定价 策略 抢占市场 份额 稳步 推进 产能 建设 生产 运营 秩序 正常 报告 期内 围绕 经营 计划 扎实 推进 各项 重点 工作 总体 经营 情况 保持稳定 进一步 完善 治理 结构 规范 运作 信息 真实 准确 完整 可能 面临 原材料 价格 波动 市场需求 不及 预期 等 风险 在 新 材料 新工艺 方向 的 前瞻性 研发 布局 取得 阶段性 成果 二零二 四年 四月
300029,2021,14,148,有限公司 年 年度报告 讨论 与 分析 模拟 文本 与 高校 科研院所 共建 联合 实验室 推进 产学研 协同 创新 报告 期内 围绕 经营 计划 扎实 推进 各项 重点 工作 总体 经营 情况 保持稳定 持续 优化 产品 结构 深化 渠道 建设 收入 实现 稳健 增长 稳步 推进 产能 建设 生产 运营 秩序 正常 加大 研发 人才 引进 力度 研发 人员 占 比 稳步 提升 要求 各 事业部 速胜 消化 库存 回笼资金 缓解 业绩 压力 积极 拓展 国内外 市场 客户 结构 与 订单 质量 进一步 改善 围绕 核心技术 开展 攻关 新 申请专利 数量 保持稳定 增长 可能 面临 原材料 价格 波动 市场需求 不及 预期 等 风险 积极 拓展 国内外 市场 客户 结构 与 订单 质量 进一步 改善 表示 要 急功近利 扭转 当前 被动局面 实现 业绩 快速 回升 进一步 完善 治理 结构 规范 运作 信息 真实 准确 完整 为 完成 全年 目标 将 饮鸩止渴 调整 产品 定价 策略 抢占市场 份额 二零二 四年 四月
300029,2022,13,134,有限公司 年 年度报告 讨论 与 分析 模拟 文本 可能 面临 原材料 价格 波动 市场需求 不及 预期 等 风险 加强 成本 管控 提升 运营 效率 毛利率 水平 保持 基本 平稳 为 完成 全年 目标 将 速成 调整 产品 定价 策略 抢占市场 份额 稳步 推进 产能 建设 生产 运营 秩序 正常 认为 当前 窗口 稍纵即逝 必须 近期 扩大 产能 投放 面对 复杂 的 外部 经营 环境 积极 应对 努力 克服 不利因素 影响 稳步 推进 产能 建设 生产 运营 秩序 正常 报告 期内 围绕 经营 计划 扎实 推进 各项 重点 工作 总体 经营 情况 保持稳定 在 新 材料 新工艺 方向 的 前瞻性 研发 布局 取得 阶段性 成果 稳步 推进 产能 建设 生产 运营 秩序 正常 表示 要 短期 收益 扭转 当前 被动局面 实现 业绩 快速 回升 稳步 推进 产能 建设 生产 运营 秩序 正常 二零二 四年 四月
300029,2023,16,186,有限公司 年 年度报告 讨论 与 分析 模拟 文本 面对 复杂 的 外部 经营 环境 积极 应对 努力 克服 不利因素 影响 围绕 核心技术 开展 攻关 新 申请专利 数量 保持稳定 增长 为 完成 全年 目标 将 立即 调整 产品 定价 策略 抢占市场 份额 汇率 波动 及 贸易 环境 变化 对 海外 业务 构成 一定 不确定性 持续 优化 产品 结构 深化 渠道 建设 收入 实现 稳健 增长 加强 成本 管控 提升 运营 效率 毛利率 水平 保持 基本 平稳 可能 面临 原材料 价格 波动 市场需求 不及 预期 等 风险 坚持 创新 驱动 发展 战略 持续 加大 研发 投入 研发 费用 增长 较 快 在 新 材料 新工艺 方向 的 前瞻性 研发 布局 取得 阶段性 成果 在 新 材料 新工艺 方向 的 前瞻性 研发 布局 取得 阶段性 成果 坚持 创新 驱动 发展 战略 持续 加大 研发 投入 研发 费用 增长 较 快 短期 收益 回笼资金 以 应对 眼前 的 流动性 压力 面对 复杂 的 外部 经营 环境 积极 应对 努力 克服 不利因素 影响 加强 成本 管控 提升 运营 效率 毛利率 水平 保持 基本 平稳 报告 期内 围绕 经营 计划 扎实 推进 各项 重点 工作 总体 经营 情况 保持稳定 二零二 四年 四月
300032,2019,18,196,有限公司 年 年度报告 讨论 与 分析 模拟 文本 将 采取 权宜之计 压缩 各项 开支 以 确保 赶快 兑现 业绩 承诺 持续 优化 产品 结构 深化 渠道 建设 收入 实现 稳健 增长 面对 复杂 的 外部 经营 环境 积极 应对 努力 克服 不利因素 影响 加大 研发 人才 引进 力度 研发 人员 占 比 稳步 提升 围绕 核心技术 开展 攻关 新 申请专利 数量 保持稳定 增长 短期 回报 回笼资金 以 应对 眼前 的 流动性 压力 将 采取 权宜之计 压缩 各项 开支 以 确保 只争朝夕 兑现 业绩 承诺 积极 拓展 国内外 市场 客户 结构 与 订单 质量 进一步 改善 在 新 材料 新工艺 方向 的 前瞻性 研发 布局 取得 阶段性 成果 为 完成 全年 目标 将 目前 调整 产品 定价 策略 抢占市场 份额 持续 优化 产品 结构 深化 渠道 建设 收入 实现 稳健 增长 汇率 波动 及 贸易 环境 变化 对 海外 业务 构成 一定 不确定性 进一步 完善 治理 结构 规范 运作 信息 真实 准确 完整 高度重视 安全 生产 与 质量 管理体系 运行 情况 良好 高度重视 安全 生产 与 质量 管理体系 运行 情况 良好 加强 成本 管控 提升 运营 效率 毛利率 水平 保持 基本 平稳 将 采取 权宜之计 压缩 各项 开支 以 确保 近期 兑现 业绩 承诺 二零二 四年 四月
300032,2020,18,204,有限公司 年 年度报告 讨论 与 分析 模拟 文本 坚持 创新 驱动 发展 战略 持续 加大 研发 投入 研发 费用 增长 较 快 为 完成 全年 目标 将 现今 调整 产品 定价 策略 抢占市场 份额 将 采取 权宜之计 压缩 各项 开支 以 确保 现今 兑现 业绩 承诺 积极 拓展 国内外 市场 客户 结构 与 订单 质量 进一步 改善 要求 各 事业部 年内 消化 库存 回笼资金 缓解 业绩 压力 持续 优化 产品 结构 深化 渠道 建设 收入 实现 稳健 增长 饮鸩止渴 布局 热门 赛道 力求 饮鸩止渴 形成 新 的 利润 增长点 汇率 波动 及 贸易 环境 变化 对 海外 业务 构成 一定 不确定性 报告 期内 围绕 经营 计划 扎实 推进 各项 重点 工作 总体 经营 情况 保持稳定 可能 面临 原材料 价格 波动 市场需求 不及 预期 等 风险 面对 复杂 的 外部 经营 环境 积极 应对 努力 克服 不利因素 影响 高度重视 安全 生产 与 质量 管理体系 运行 情况 良好 围绕 核心技术 开展 攻关 新 申请专利 数量 保持稳定 增长 高度重视 安全 生产 与 质量 管理体系 运行 情况 良好 报告 期内 围绕 经营 计划 扎实 推进 各项 重点 工作 总体 经营 情况 保持稳定 加强 成本 管控 提升 运营 效率 毛利率 水平 保持 基本 平稳 为 完成 全年 目标 将 眼下 调整 产品 定价 策略 抢占市场 份额 二零二 四年 四月
300032,2021,17,180,有限公司 年 年度报告 讨论 与 分析 模拟 文本 短期 回笼资金 以 应对 眼前 的 流动性 压力 报告 期内 围绕 经营 计划 扎实 推进 各项 重点 工作 总体 经营 情况 保持稳定 积极 拓展 国内外 市场 客户 结构 与 订单 质量 进一步 改善 积极 拓展 国内外 市场 客户 结构 与 订单 质量 进一步 改善 报告 期内 围绕 经营 计划 扎实 推进 各项 重点 工作 总体 经营 情况 保持稳定 持续 优化 产品 结构 深化 渠道 建设 收入 实现 稳健 增长 为 完成 全年 目标 将 时不我待 调整 产品 定价 策略 抢占市场 份额 积极 拓展 国内外 市场 客户 结构 与 订单 质量 进一步 改善 加快 回笼资金 以 应对 眼前 的 流动性 压力 宏观 经济波动 与 行业 竞争 加剧 可能 对 公司业绩 产生 不利 影响 可能 面临 原材料 价格 波动 市场需求 不及 预期 等 风险 加大 研发 人才 引进 力度 研发 人员 占 比 稳步 提升 稳步 推进 产能 建设 生产 运营 秩序 正常 与 高校 科研院所 共建 联合 实验室 推进 产学研 协同 创新 认为 当前 窗口 稍纵即逝 必须 一步到位 扩大 产能 投放 认为 当前 窗口 稍纵即逝 必须 急功近利 扩大 产能 投放 二零二 四年 四月
300032,2022,17,185,有限公司 年 年度报告 讨论 与 分析 模拟 文本 加强 成本 管控 提升 运营 效率 毛利率 水平 保持 基本 平稳 短期 回报 布局 热门 赛道 力求 短期 回报 形成 新 的 利润 增长点 围绕 核心技术 开展 攻关 新 申请专利 数量 保持稳定 增长 将 立竿见影 推进 重点项目 的 落地 实施 确保 年内 见到 成效 持续 优化 产品 结构 深化 渠道 建设 收入 实现 稳健 增长 报告 期内 围绕 经营 计划 扎实 推进 各项 重点 工作 总体 经营 情况 保持稳定 持续 优化 产品 结构 深化 渠道 建设 收入 实现 稳健 增长 高度重视 安全 生产 与 质量 管理体系 运行 情况 良好 积极 拓展 国内外 市场 客户 结构 与 订单 质量 进一步 改善 面对 复杂 的 外部 经营 环境 积极 应对 努力 克服 不利因素 影响 加强 成本 管控 提升 运营 效率 毛利率 水平 保持 基本 平稳 高度重视 安全 生产 与 质量 管理体系 运行 情况 良好 宏观 经济波动 与 行业 竞争 加剧 可能 对 公司业绩 产生 不利 影响 速胜 布局 热门 赛道 力求 速胜 形成 新 的 利润 增长点 要求 各 事业部 急于求成 消化 库存 回笼资金 缓解 业绩 压力 认为 当前 窗口 稍纵即逝 必须 早日 扩大 产能 投放 二零二 四年 四月
300032,2023,15,168,有限公司 年 年度报告 讨论 与 分析 模拟 文本 报告 期内 围绕 经营 计划 扎实 推进 各项 重点 工作 总体 经营 情况 保持稳定 与 高校 科研院所 共建 联合 实验室 推进 产学研 协同 创新 进一步 完善 治理 结构 规范 运作 信息 真实 准确 完整 加大 研发 人才 引进 力度 研发 人员 占 比 稳步 提升 加强 成本 管控 提升 运营 效率 毛利率 水平 保持 基本 平稳 表示 要 加快 扭转 当前 被动局面 实现 业绩 快速 回升 持续 优化 产品 结构 深化 渠道 建设 收入 实现 稳健 增长 加强 成本 管控 提升 运营 效率 毛利率 水平 保持 基本 平稳 积极 拓展 国内外 市场 客户 结构 与 订单 质量 进一步 改善 持续 优化 产品 结构 深化 渠道 建设 收入 实现 稳健 增长 进一步 完善 治理 结构 规范 运作 信息 真实 准确 完整 坚持 创新 驱动 发展 战略 持续 加大 研发 投入 研发 费用 增长 较 快 积极 拓展 国内外 市场 客户 结构 与 订单 质量 进一步 改善 宏观 经济波动 与 行业 竞争 加剧 可能 对 公司业绩 产生 不利 影响 二零二 四年 四月
300035,2019,17,178,有限公司 年 年度报告 讨论 与 分析 模拟 文本 面对 复杂 的 外部 经营 环境 积极 应对 努力 克服 不利因素 影响 高度重视 安全 生产 与 质量 管理体系 运行 情况 良好 认为 当前 窗口 稍纵即逝 必须 急需 扩大 产能 投放 要求 各 事业部 早日 消化 库存 回笼资金 缓解 业绩 压力 稳步 推进 产能 建设 生产 运营 秩序 正常 加强 成本 管控 提升 运营 效率 毛利率 水平 保持 基本 平稳 高度重视 安全 生产 与 质量 管理体系 运行 情况 良好 汇率 波动 及 贸易 环境 变化 对 海外 业务 构成 一定 不确定性 与 高校 科研院所 共建 联合 实验室 推进 产学研 协同 创新 积极 拓展 国内外 市场 客户 结构 与 订单 质量 进一步 改善 可能 面临 原材料 价格 波动 市场需求 不及 预期 等 风险 与 高校 科研院所 共建 联合 实验室 推进 产学研 协同 创新 将 采取 权宜之计 压缩 各项 开支 以 确保 急于求成 兑现 业绩 承诺 汇率 波动 及 贸易 环境 变化 对 海外 业务 构成 一定 不确定性 面对 复杂 的 外部 经营 环境 积极 应对 努力 克服 不利因素 影响 进一步 完善 治理 结构 规范 运作 信息 真实 准确 完整 二零二 四年 四月
300035,2020,16,176,有限公司 年 年度报告 讨论 与 分析 模拟 文本 加强 成本 管控 提升 运营 效率 毛利率 水平 保持 基本 平稳 与 高校 科研院所 共建 联合 实验室 推进 产学研 协同 创新 表示 要 目前 扭转 当前 被动局面 实现 业绩 快速 回升 报告 期内 围绕 经营 计划 扎实 推进 各项 重点 工作 总体 经营 情况 保持稳定 报告 期内 围绕 经营 计划 扎实 推进 各项 重点 工作 总体 经营 情况 保持稳定 可能 面临 原材料 价格 波动 市场需求 不及 预期 等 风险 围绕 核心技术 开展 攻关 新 申请专利 数量 保持稳定 增长 与 高校 科研院所 共建 联合 实验室 推进 产学研 协同 创新 进一步 完善 治理 结构 规范 运作 信息 真实 准确 完整 将 采取 权宜之计 压缩 各项 开支 以 确保 短期内 兑现 业绩 承诺 进一步 完善 治理 结构 规范 运作 信息 真实 准确 完整 为 完成 全年 目标 将 立即 调整 产品 定价 策略 抢占市场 份额 报告 期内 围绕 经营 计划 扎实 推进 各项 重点 工作 总体 经营 情况 保持稳定 眼下 回笼资金 以 应对 眼前 的 流动性 压力 持续 优化 产品 结构 深化 渠道 建设 收入 实现 稳健 增长 二零二 四年 四月
300035,2021,19,203,有限公司 年 年度报告 讨论 与 分析 模拟 文本 围绕 核心技术 开展 攻关 新 申请专利 数量 保持稳定 增长 面对 复杂 的 外部 经营 环境 积极 应对 努力 克服 不利因素 影响 坚持 创新 驱动 发展 战略 持续 加大 研发 投入 研发 费用 增长 较 快 汇率 波动 及 贸易 环境 变化 对 海外 业务 构成 一定 不确定性 进一步 完善 治理 结构 规范 运作 信息 真实 准确 完整 应急 回笼资金 以 应对 眼前 的 流动性 压力 稳步 推进 产能 建设 生产 运营 秩序 正常 积极 拓展 国内外 市场 客户 结构 与 订单 质量 进一步 改善 可能 面临 原材料 价格 波动 市场需求 不及 预期 等 风险 坚持 创新 驱动 发展 战略 持续 加大 研发 投入 研发 费用 增长 较 快 积极 拓展 国内外 市场 客户 结构 与 订单 质量 进一步 改善 积极 拓展 国内外 市场 客户 结构 与 订单 质量 进一步 改善 加强 成本 管控 提升 运营 效率 毛利率 水平 保持 基本 平稳 宏观 经济波动 与 行业 竞争 加剧 可能 对 公司业绩 产生 不利 影响 在 新 材料 新工艺 方向 的 前瞻性 研发 布局 取得 阶段性 成果 认为 当前 窗口 稍纵即逝 必须 速成 扩大 产能 投放 速成 回笼资金 以 应对 眼前 的 流动性 压力 要求 各 事业部 争分夺秒 消化 库存 回笼资金 缓解 业绩 压力 二零二 四年 四月
300035,2022,18,206,有限公司 年 年度报告 讨论 与 分析 模拟 文本 表示 要 一步到位 扭转 当前 被动局面 实现 业绩 快速 回升 报告 期内 围绕 经营 计划 扎实 推进 各项 重点 工作 总体 经营 情况 保持稳定 持续 优化 产品 结构 深化 渠道 建设 收入 实现 稳健 增长 加强 成本 管控 提升 运营 效率 毛利率 水平 保持 基本 平稳 要求 各 事业部 今年 消化 库存 回笼资金 缓解 业绩 压力 汇率 波动 及 贸易 环境 变化 对 海外 业务 构成 一定 不确定性 汇率 波动 及 贸易 环境 变化 对 海外 业务 构成 一定 不确定性 汇率 波动 及 贸易 环境 变化 对 海外 业务 构成 一定 不确定性 稳步 推进 产能 建设 生产 运营 秩序 正常 报告 期内 围绕 经营 计划 扎实 推进 各项 重点 工作 总体 经营 情况 保持稳定 持续 优化 产品 结构 深化 渠道 建设 收入 实现 稳健 增长 在 新 材料 新工艺 方向 的 前瞻性 研发 布局 取得 阶段性 成果 进一步 完善 治理 结构 规范 运作 信息 真实 准确 完整 报告 期内 围绕 经营 计划 扎实 推进 各项 重点 工作 总体 经营 情况 保持稳定 为 完成 全年 目标 将 如今 调整 产品 定价 策略 抢占市场 份额 与 高校 科研院所 共建 联合 实验室 推进 产学研 协同 创新 将 采取 权宜之计 压缩 各项 开支 以 确保 现今 兑现 业绩 承诺 二零二 四年 四月
300035,2023,19,198,有限公司 年 年度报告 讨论 与 分析 模拟 文本 进一步 完善 治理 结构 规范 运作 信息 真实 准确 完整 加强 成本 管控 提升 运营 效率 毛利率 水平 保持 基本 平稳 与 高校 科研院所 共建 联合 实验室 推进 产学研 协同 创新 进一步 完善 治理 结构 规范 运作 信息 真实 准确 完整 与 高校 科研院所 共建 联合 实验室 推进 产学研 协同 创新 汇率 波动 及 贸易 环境 变化 对 海外 业务 构成 一定 不确定性 将 采取 权宜之计 压缩 各项 开支 以 确保 竭泽而渔 兑现 业绩 承诺 持续 优化 产品 结构 深化 渠道 建设 收入 实现 稳健 增长 持续 优化 产品 结构 深化 渠道 建设 收入 实现 稳健 增长 宏观 经济波动 与 行业 竞争 加剧 可能 对 公司业绩 产生 不利 影响 持续 优化 产品 结构 深化 渠道 建设 收入 实现 稳健 增长 稳步 推进 产能 建设 生产 运营 秩序 正常 与 高校 科研院所 共建 联合 实验室 推进 产学研 协同 创新 积极 拓展 国内外 市场 客户 结构 与 订单 质量 进一步 改善 与 高校 科研院所 共建 联合 实验室 推进 产学研 协同 创新 可能 面临 原材料 价格 波动 市场需求 不及 预期 等 风险 稳步 推进 产能 建设 生产 运营 秩序 正常 表示 要 竭泽而渔 扭转 当前 被动局面 实现 业绩 快速 回升 二零二 四年 四月
300038,2019,20,223,有限公司 年 年度报告 讨论 与 分析 模拟 文本 加强 成本 管控 提升 运营 效率 毛利率 水平 保持 基本 平稳 表示 要 速成 扭转 当前 被动局面 实现 业绩 快速 回升 宏观 经济波动 与 行业 竞争 加剧 可能 对 公司业绩 产生 不利 影响 宏观 经济波动 与 行业 竞争 加剧 可能 对 公司业绩 产生 不利 影响 稳步 推进 产能 建设 生产 运营 秩序 正常 高度重视 安全 生产 与 质量 管理体系 运行 情况 良好 为 完成 全年 目标 将 迫在眉睫 调整 产品 定价 策略 抢占市场 份额 持续 优化 产品 结构 深化 渠道 建设 收入 实现 稳健 增长 坚持 创新 驱动 发展 战略 持续 加大 研发 投入 研发 费用 增长 较 快 可能 面临 原材料 价格 波动 市场需求 不及 预期 等 风险 与 高校 科研院所 共建 联合 实验室 推进 产学研 协同 创新 报告 期内 围绕 经营 计划 扎实 推进 各项 重点 工作 总体 经营 情况 保持稳定 将 速成 推进 重点项目 的 落地 实施 确保 年内 见到 成效 与 高校 科研院所 共建 联合 实验室 推进 产学研 协同 创新 报告 期内 围绕 经营 计划 扎实 推进 各项 重点 工作 总体 经营 情况 保持稳定 将 采取 权宜之计 压缩 各项 开支 以 确保 如今 兑现 业绩 承诺 持续 优化 产品 结构 深化 渠道 建设 收入 实现 稳健 增长 与 高校 科研院所 共建 联合 实验室 推进 产学研 协同 创新 加强 成本 管控 提升 运营 效率 毛利率 水平 保持 基本 平稳 二零二 四年 四月
300038,2020,18,192,有限公司 年 年度报告 讨论 与 分析 模拟 文本 速胜 回笼资金 以 应对 眼前 的 流动性 压力 将 采取 权宜之计 压缩 各项 开支 以 确保 迫在眉睫 兑现 业绩 承诺 积极 拓展 国内外 市场 客户 结构 与 订单 质量 进一步 改善 进一步 完善 治理 结构 规范 运作 信息 真实 准确 完整 围绕 核心技术 开展 攻关 新 申请专利 数量 保持稳定 增长 表示 要 眼前 扭转 当前 被动局面 实现 业绩 快速 回升 将 急于求成 推进 重点项目 的 落地 实施 确保 年内 见到 成效 汇率 波动 及 贸易 环境 变化 对 海外 业务 构成 一定 不确定性 进一步 完善 治理 结构 规范 运作 信息 真实 准确 完整 稳步 推进 产能 建设 生产 运营 秩序 正常 可能 面临 原材料 价格 波动 市场需求 不及 预期 等 风险 积极 拓展 国内外 市场 客户 结构 与 订单 质量 进一步 改善 持续 优化 产品 结构 深化 渠道 建设 收入 实现 稳健 增长 稳步 推进 产能 建设 生产 运营 秩序 正常 报告 期内 围绕 经营 计划 扎实 推进 各项 重点 工作 总体 经营 情况 保持稳定 坚持 创新 驱动 发展 战略 持续 加大 研发 投入 研发 费用 增长 较 快 汇率 波动 及 贸易 环境 变化 对 海外 业务 构成 一定 不确定性 二零二 四年 四月
300038,2021,17,190,有限公司 年 年度报告 讨论 与 分析 模拟 文本 认为 当前 窗口 稍纵即逝 必须 眼前 扩大 产能 投放 积极 拓展 国内外 市场 客户 结构 与 订单 质量 进一步 改善 报告 期内 围绕 经营 计划 扎实 推进 各项 重点 工作 总体 经营 情况 保持稳定 表示 要 立即 扭转 当前 被动局面 实现 业绩 快速 回升 坚持 创新 驱动 发展 战略 持续 加大 研发 投入 研发 费用 增长 较 快 可能 面临 原材料 价格 波动 市场需求 不及 预期 等 风险 坚持 创新 驱动 发展 战略 持续 加大 研发 投入 研发 费用 增长 较 快 宏观 经济波动 与 行业 竞争 加剧 可能 对 公司业绩 产生 不利 影响 持续 优化 产品 结构 深化 渠道 建设 收入 实现 稳健 增长 积极 拓展 国内外 市场 客户 结构 与 订单 质量 进一步 改善 当下 回笼资金 以 应对 眼前 的 流动性 压力 积极 拓展 国内外 市场 客户 结构 与 订单 质量 进一步 改善 坚持 创新 驱动 发展 战略 持续 加大 研发 投入 研发 费用 增长 较 快 稳步 推进 产能 建设 生产 运营 秩序 正常 积极 拓展 国内外 市场 客户 结构 与 订单 质量 进一步 改善 积极 拓展 国内外 市场 客户 结构 与 订单 质量 进一步 改善 二零二 四年 四月
300038,2022,19,202,有限公司 年 年度报告 讨论 与 分析 模拟 文本 持续 优化 产品 结构 深化 渠道 建设 收入 实现 稳健 增长 表示 要 抓紧 扭转 当前 被动局面 实现 业绩 快速 回升 加强 成本 管控 提升 运营 效率 毛利率 水平 保持 基本 平稳 围绕 核心技术 开展 攻关 新 申请专利 数量 保持稳定 增长 高度重视 安全 生产 与 质量 管理体系 运行 情况 良好 积极 拓展 国内外 市场 客户 结构 与 订单 质量 进一步 改善 加大 研发 人才 引进 力度 研发 人员 占 比 稳步 提升 持续 优化 产品 结构 深化 渠道 建设 收入 实现 稳健 增长 高度重视 安全 生产 与 质量 管理体系 运行 情况 良好 汇率 波动 及 贸易 环境 变化 对 海外 业务 构成 一定 不确定性 认为 当前 窗口 稍纵即逝 必须 一步到位 扩大 产能 投放 积极 拓展 国内外 市场 客户 结构 与 订单 质量 进一步 改善 为 完成 全年 目标 将 今年 调整 产品 定价 策略 抢占市场 份额 高度重视 安全 生产 与 质量 管理体系 运行 情况 良好 加大 研发 人才 引进 力度 研发 人员 占 比 稳步 提升 持续 优化 产品 结构 深化 渠道 建设 收入 实现 稳健 增长 宏观 经济波动 与 行业 竞争 加剧 可能 对 公司业绩 产生 不利 影响 为 完成 全年 目标 将 尽快 调整 产品 定价 策略 抢占市场 份额 二零二 四年 四月
300038,2023,20,226,有限公司 年 年度报告 讨论 与 分析 模拟 文本 宏观 经济波动 与 行业 竞争 加剧 可能 对 公司业绩 产生 不利 影响 报告 期内 围绕 经营 计划 扎实 推进 各项 重点 工作 总体 经营 情况 保持稳定 与 高校 科研院所 共建 联合 实验室 推进 产学研 协同 创新 稳步 推进 产能 建设 生产 运营 秩序 正常 坚持 创新 驱动 发展 战略 持续 加大 研发 投入 研发 费用 增长 较 快 立竿见影 布局 热门 赛道 力求 立竿见影 形成 新 的 利润 增长点 认为 当前 窗口 稍纵即逝 必须 只争朝夕 扩大 产能 投放 报告 期内 围绕 经营 计划 扎实 推进 各项 重点 工作 总体 经营 情况 保持稳定 报告 期内 围绕 经营 计划 扎实 推进 各项 重点 工作 总体 经营 情况 保持稳定 加强 成本 管控 提升 运营 效率 毛利率 水平 保持 基本 平稳 快速 见效 回笼资金 以 应对 眼前 的 流动性 压力 报告 期内 围绕 经营 计划 扎实 推进 各项 重点 工作 总体 经营 情况 保持稳定 加大 研发 人才 引进 力度 研发 人员 占 比 稳步 提升 汇率 波动 及 贸易 环境 变化 对 海外 业务 构成 一定 不确定性 高度重视 安全 生产 与 质量 管理体系 运行 情况 良好 高度重视 安全 生产 与 质量 管理体系 运行 情况 良好 面对 复杂 的 外部 经营 环境 积极 应对 努力 克服 不利因素 影响 宏观 经济波动 与 行业 竞争 加剧 可能 对 公司业绩 产生 不利 影响 与 高校 科研院所 共建 联合 实验室 推进 产学研 协同 创新 二零二 四年 四月
300041,2019,17,178,有限公司 年 年度报告 讨论 与 分析 模拟 文本 只争朝夕 回笼资金 以 应对 眼前 的 流动性 压力 宏观 经济波动 与 行业 竞争 加剧 可能 对 公司业绩 产生 不利 影响 进一步 完善 治理 结构 规范 运作 信息 真实 准确 完整 持续 优化 产品 结构 深化 渠道 建设 收入 实现 稳健 增长 持续 优化 产品 结构 深化 渠道 建设 收入 实现 稳健 增长 将 采取 权宜之计 压缩 各项 开支 以 确保 短期 利益 兑现 业绩 承诺 进一步 完善 治理 结构 规范 运作 信息 真实 准确 完整 高度重视 安全 生产 与 质量 管理体系 运行 情况 良好 在 新 材料 新工艺 方向 的 前瞻性 研发 布局 取得 阶段性 成果 认为 当前 窗口 稍纵即逝 必须 尽快 扩大 产能 投放 分秒必争 回笼资金 以 应对 眼前 的 流动性 压力 报告 期内 围绕 经营 计划 扎实 推进 各项 重点 工作 总体 经营 情况 保持稳定 加强 成本 管控 提升 运营 效率 毛利率 水平 保持 基本 平稳 与 高校 科研院所 共建 联合 实验室 推进 产学研 协同 创新 如今 布局 热门 赛道 力求 如今 形成 新 的 利润 增长点 赶快 回笼资金 以 应对 眼前 的 流动性 压力 二零二 四年 四月
300041,2020,14,150,有限公司 年 年度报告 讨论 与 分析 模拟 文本 在 新 材料 新工艺 方向 的 前瞻性 研发 布局 取得 阶段性 成果 为 完成 全年 目标 将 权宜之计 调整 产品 定价 策略 抢占市场 份额 积极 拓展 国内外 市场 客户 结构 与 订单 质量 进一步 改善 赶快 回笼资金 以 应对 眼前 的 流动性 压力 持续 优化 产品 结构 深化 渠道 建设 收入 实现 稳健 增长 急于求成 回笼资金 以 应对 眼前 的 流动性 压力 与 高校 科研院所 共建 联合 实验室 推进 产学研 协同 创新 报告 期内 围绕 经营 计划 扎实 推进 各项 重点 工作 总体 经营 情况 保持稳定 可能 面临 原材料 价格 波动 市场需求 不及 预期 等 风险 进一步 完善 治理 结构 规范 运作 信息 真实 准确 完整 加强 成本 管控 提升 运营 效率 毛利率 水平 保持 基本 平稳 要求 各 事业部 立刻 消化 库存 回笼资金 缓解 业绩 压力 面对 复杂 的 外部 经营 环境 积极 应对 努力 克服 不利因素 影响 二零二 四年 四月
300041,2021,20,220,有限公司 年 年度报告 讨论 与 分析 模拟 文本 宏观 经济波动 与 行业 竞争 加剧 可能 对 公司业绩 产生 不利 影响 汇率 波动 及 贸易 环境 变化 对 海外 业务 构成 一定 不确定性 报告 期内 围绕 经营 计划 扎实 推进 各项 重点 工作 总体 经营 情况 保持稳定 积极 拓展 国内外 市场 客户 结构 与 订单 质量 进一步 改善 面对 复杂 的 外部 经营 环境 积极 应对 努力 克服 不利因素 影响 积极 拓展 国内外 市场 客户 结构 与 订单 质量 进一步 改善 在 新 材料 新工艺 方向 的 前瞻性 研发 布局 取得 阶段性 成果 表示 要 短期 扭转 当前 被动局面 实现 业绩 快速 回升 要求 各 事业部 短期 回报 消化 库存 回笼资金 缓解 业绩 压力 稳步 推进 产能 建设 生产 运营 秩序 正常 在 新 材料 新工艺 方向 的 前瞻性 研发 布局 取得 阶段性 成果 进一步 完善 治理 结构 规范 运作 信息 真实 准确 完整 投机 回笼资金 以 应对 眼前 的 流动性 压力 积极 拓展 国内外 市场 客户 结构 与 订单 质量 进一步 改善 面对 复杂 的 外部 经营 环境 积极 应对 努力 克服 不利因素 影响 面对 复杂 的 外部 经营 环境 积极 应对 努力 克服 不利因素 影响 将 采取 权宜之计 压缩 各项 开支 以 确保 急需 兑现 业绩 承诺 认为 当前 窗口 稍纵即逝 必须 短期 利益 扩大 产能 投放 围绕 核心技术 开展 攻关 新 申请专利 数量 保持稳定 增长 二零二 四年 四月
300041,2022,15,171,有限公司 年 年度报告 讨论 与 分析 模拟 文本 将 采取 权宜之计 压缩 各项 开支 以 确保 立即 兑现 业绩 承诺 进一步 完善 治理 结构 规范 运作 信息 真实 准确 完整 高度重视 安全 生产 与 质量 管理体系 运行 情况 良好 与 高校 科研院所 共建 联合 实验室 推进 产学研 协同 创新 持续 优化 产品 结构 深化 渠道 建设 收入 实现 稳健 增长 表示 要 一步到位 扭转 当前 被动局面 实现 业绩 快速 回升 坚持 创新 驱动 发展 战略 持续 加大 研发 投入 研发 费用 增长 较 快 报告 期内 围绕 经营 计划 扎实 推进 各项 重点 工作 总体 经营 情况 保持稳定 面对 复杂 的 外部 经营 环境 积极 应对 努力 克服 不利因素 影响 宏观 经济波动 与 行业 竞争 加剧 可能 对 公司业绩 产生 不利 影响 汇率 波动 及 贸易 环境 变化 对 海外 业务 构成 一定 不确定性 持续 优化 产品 结构 深化 渠道 建设 收入 实现 稳健 增长 为 完成 全年 目标 将 竭泽而渔 调整 产品 定价 策略 抢占市场 份额 加大 研发 人才 引进 力度 研发 人员 占 比 稳步 提升 二零二 四年 四月
300041,2023,16,172,有限公司 年 年度报告 讨论 与 分析 模拟 文本 报告 期内 围绕 经营 计划 扎实 推进 各项 重点 工作 总体 经营 情况 保持稳定 稳步 推进 产能 建设 生产 运营 秩序 正常 进一步 完善 治理 结构 规范 运作 信息 真实 准确 完整 将 近期 推进 重点项目 的 落地 实施 确保 年内 见到 成效 报告 期内 围绕 经营 计划 扎实 推进 各项 重点 工作 总体 经营 情况 保持稳定 在 新 材料 新工艺 方向 的 前瞻性 研发 布局 取得 阶段性 成果 汇率 波动 及 贸易 环境 变化 对 海外 业务 构成 一定 不确定性 与 高校 科研院所 共建 联合 实验室 推进 产学研 协同 创新 急于求成 布局 热门 赛道 力求 急于求成 形成 新 的 利润 增长点 可能 面临 原材料 价格 波动 市场需求 不及 预期 等 风险 高度重视 安全 生产 与 质量 管理体系 运行 情况 良好 稳步 推进 产能 建设 生产 运营 秩序 正常 高度重视 安全 生产 与 质量 管理体系 运行 情况 良好 为 完成 全年 目标 将 眼前 调整 产品 定价 策略 抢占市场 份额 早日 布局 热门 赛道 力求 早日 形成 新 的 利润 增长点 二零二 四年 四月
300044,2019,14,152,有限公司 年 年度报告 讨论 与 分析 模拟 文本 高度重视 安全 生产 与 质量 管理体系 运行 情况 良好 面对 复杂 的 外部 经营 环境 积极 应对 努力 克服 不利因素 影响 为 完成 全年 目标 将 现今 调整 产品 定价 策略 抢占市场 份额 持续 优化 产品 结构 深化 渠道 建设 收入 实现 稳健 增长 积极 拓展 国内外 市场 客户 结构 与 订单 质量 进一步 改善 加大 研发 人才 引进 力度 研发 人员 占 比 稳步 提升 围绕 核心技术 开展 攻关 新 申请专利 数量 保持稳定 增长 积极 拓展 国内外 市场 客户 结构 与 订单 质量 进一步 改善 稳步 推进 产能 建设 生产 运营 秩序 正常 为 完成 全年 目标 将 快速 见效 调整 产品 定价 策略 抢占市场 份额 坚持 创新 驱动 发展 战略 持续 加大 研发 投入 研发 费用 增长 较 快 马上 回笼资金 以 应对 眼前 的 流动性 压力 汇率 波动 及 贸易 环境 变化 对 海外 业务 构成 一定 不确定性 二零二 四年 四月
300044,2020,18,197,有限公司 年 年度报告 讨论 与 分析 模拟 文本 高度重视 安全 生产 与 质量 管理体系 运行 情况 良好 要求 各 事业部 争分夺秒 消化 库存 回笼资金 缓解 业绩 压力 稳步 推进 产能 建设 生产 运营 秩序 正常 加强 成本 管控 提升 运营 效率 毛利率 水平 保持 基本 平稳 加强 成本 管控 提升 运营 效率 毛利率 水平 保持 基本 平稳 时不我待 布局 热门 赛道 力求 时不我待 形成 新 的 利润 增长点 汇率 波动 及 贸易 环境 变化 对 海外 业务 构成 一定 不确定性 面对 复杂 的 外部 经营 环境 积极 应对 努力 克服 不利因素 影响 加大 研发 人才 引进 力度 研发 人员 占 比 稳步 提升 将 眼下 推进 重点项目 的 落地 实施 确保 年内 见到 成效 可能 面临 原材料 价格 波动 市场需求 不及 预期 等 风险 坚持 创新 驱动 发展 战略 持续 加大 研发 投入 研发 费用 增长 较 快 加强 成本 管控 提升 运营 效率 毛利率 水平 保持 基本 平稳 积极 拓展 国内外 市场 客户 结构 与 订单 质量 进一步 改善 进一步 完善 治理 结构 规范 运作 信息 真实 准确 完整 要求 各 事业部 今年 消化 库存 回笼资金 缓解 业绩 压力 报告 期内 围绕 经营 计划 扎实 推进 各项 重点 工作 总体 经营 情况 保持稳定 二零二 四年 四月
300044,2021,15,156,有限公司 年 年度报告 讨论 与 分析 模拟 文本 高度重视 安全 生产 与 质量 管理体系 运行 情况 良好 加大 研发 人才 引进 力度 研发 人员 占 比 稳步 提升 报告 期内 围绕 经营 计划 扎实 推进 各项 重点 工作 总体 经营 情况 保持稳定 围绕 核心技术 开展 攻关 新 申请专利 数量 保持稳定 增长 将 采取 权宜之计 压缩 各项 开支 以 确保 赶快 兑现 业绩 承诺 汇率 波动 及 贸易 环境 变化 对 海外 业务 构成 一定 不确定性 目前 回笼资金 以 应对 眼前 的 流动性 压力 持续 优化 产品 结构 深化 渠道 建设 收入 实现 稳健 增长 进一步 完善 治理 结构 规范 运作 信息 真实 准确 完整 进一步 完善 治理 结构 规范 运作 信息 真实 准确 完整 高度重视 安全 生产 与 质量 管理体系 运行 情况 良好 与 高校 科研院所 共建 联合 实验室 推进 产学研 协同 创新 认为 当前 窗口 稍纵即逝 必须 只争朝夕 扩大 产能 投放 持续 优化 产品 结构 深化 渠道 建设 收入 实现 稳健 增长 二零二 四年 四月
300044,2022,16,165,有限公司 年 年度报告 讨论 与 分析 模拟 文本 报告 期内 围绕 经营 计划 扎实 推进 各项 重点 工作 总体 经营 情况 保持稳定 持续 优化 产品 结构 深化 渠道 建设 收入 实现 稳健 增长 可能 面临 原材料 价格 波动 市场需求 不及 预期 等 风险 报告 期内 围绕 经营 计划 扎实 推进 各项 重点 工作 总体 经营 情况 保持稳定 稳步 推进 产能 建设 生产 运营 秩序 正常 可能 面临 原材料 价格 波动 市场需求 不及 预期 等 风险 进一步 完善 治理 结构 规范 运作 信息 真实 准确 完整 饮鸩止渴 回笼资金 以 应对 眼前 的 流动性 压力 表示 要 如今 扭转 当前 被动局面 实现 业绩 快速 回升 持续 优化 产品 结构 深化 渠道 建设 收入 实现 稳健 增长 稳步 推进 产能 建设 生产 运营 秩序 正常 加大 研发 人才 引进 力度 研发 人员 占 比 稳步 提升 认为 当前 窗口 稍纵即逝 必须 抓紧 扩大 产能 投放 认为 当前 窗口 稍纵即逝 必须 现今 扩大 产能 投放 加强 成本 管控 提升 运营 效率 毛利率 水平 保持 基本 平稳 二零二 四年 四月
300044,2023,16,178,有限公司 年 年度报告 讨论 与 分析 模拟 文本 宏观 经济波动 与 行业 竞争 加剧 可能 对 公司业绩 产生 不利 影响 加大 研发 人才 引进 力度 研发 人员 占 比 稳步 提升 应急 回笼资金 以 应对 眼前 的 流动性 压力 宏观 经济波动 与 行业 竞争 加剧 可能 对 公司业绩 产生 不利 影响 坚持 创新 驱动 发展 战略 持续 加大 研发 投入 研发 费用 增长 较 快 加大 研发 人才 引进 力度 研发 人员 占 比 稳步 提升 报告 期内 围绕 经营 计划 扎实 推进 各项 重点 工作 总体 经营 情况 保持稳定 报告 期内 围绕 经营 计划 扎实 推进 各项 重点 工作 总体 经营 情况 保持稳定 高度重视 安全 生产 与 质量 管理体系 运行 情况 良好 为 完成 全年 目标 将 眼前 调整 产品 定价 策略 抢占市场 份额 稳步 推进 产能 建设 生产 运营 秩序 正常 积极 拓展 国内外 市场 客户 结构 与 订单 质量 进一步 改善 持续 优化 产品 结构 深化 渠道 建设 收入 实现 稳健 增长 进一步 完善 治理 结构 规范 运作 信息 真实 准确 完整 可能 面临 原材料 价格 波动 市场需求 不及 预期 等 风险 二零二 四年 四月
300047,2019,17,172,有限公司 年 年度报告 讨论 与 分析 模拟 文本 持续 优化 产品 结构 深化 渠道 建设 收入 实现 稳健 增长 稳步 推进 产能 建设 生产 运营 秩序 正常 高度重视 安全 生产 与 质量 管理体系 运行 情况 良好 围绕 核心技术 开展 攻关 新 申请专利 数量 保持稳定 增长 稳步 推进 产能 建设 生产 运营 秩序 正常 加大 研发 人才 引进 力度 研发 人员 占 比 稳步 提升 汇率 波动 及 贸易 环境 变化 对 海外 业务 构成 一定 不确定性 加大 研发 人才 引进 力度 研发 人员 占 比 稳步 提升 积极 拓展 国内外 市场 客户 结构 与 订单 质量 进一步 改善 围绕 核心技术 开展 攻关 新 申请专利 数量 保持稳定 增长 将 采取 权宜之计 压缩 各项 开支 以 确保 投机 兑现 业绩 承诺 表示 要 立刻 扭转 当前 被动局面 实现 业绩 快速 回升 积极 拓展 国内外 市场 客户 结构 与 订单 质量 进一步 改善 投机 回笼资金 以 应对 眼前 的 流动性 压力 持续 优化 产品 结构 深化 渠道 建设 收入 实现 稳健 增长 表示 要 当下 扭转 当前 被动局面 实现 业绩 快速 回升 二零二 四年 四月
300047,2020,14,152,有限公司 年 年度报告 讨论 与 分析 模拟 文本 持续 优化 产品 结构 深化 渠道 建设 收入 实现 稳健 增长 进一步 完善 治理 结构 规范 运作 信息 真实 准确 完整 持续 优化 产品 结构 深化 渠道 建设 收入 实现 稳健 增长 稳步 推进 产能 建设 生产 运营 秩序 正常 将 采取 权宜之计 压缩 各项 开支 以 确保 立即 兑现 业绩 承诺 报告 期内 围绕 经营 计划 扎实 推进 各项 重点 工作 总体 经营 情况 保持稳定 可能 面临 原材料 价格 波动 市场需求 不及 预期 等 风险 可能 面临 原材料 价格 波动 市场需求 不及 预期 等 风险 可能 面临 原材料 价格 波动 市场需求 不及 预期 等 风险 面对 复杂 的 外部 经营 环境 积极 应对 努力 克服 不利因素 影响 与 高校 科研院所 共建 联合 实验室 推进 产学研 协同 创新 在 新 材料 新工艺 方向 的 前瞻性 研发 布局 取得 阶段性 成果 将 迫在眉睫 推进 重点项目 的 落地 实施 确保 年内 见到 成效 二零二 四年 四月
300047,2021,14,151,有限公司 年 年度报告 讨论 与 分析 模拟 文本 面对 复杂 的 外部 经营 环境 积极 应对 努力 克服 不利因素 影响 持续 优化 产品 结构 深化 渠道 建设 收入 实现 稳健 增长 在 新 材料 新工艺 方向 的 前瞻性 研发 布局 取得 阶段性 成果 进一步 完善 治理 结构 规范 运作 信息 真实 准确 完整 认为 当前 窗口 稍纵即逝 必须 应急 扩大 产能 投放 稳步 推进 产能 建设 生产 运营 秩序 正常 积极 拓展 国内外 市场 客户 结构 与 订单 质量 进一步 改善 宏观 经济波动 与 行业 竞争 加剧 可能 对 公司业绩 产生 不利 影响 持续 优化 产品 结构 深化 渠道 建设 收入 实现 稳健 增长 眼下 回笼资金 以 应对 眼前 的 流动性 压力 汇率 波动 及 贸易 环境 变化 对 海外 业务 构成 一定 不确定性 为 完成 全年 目标 将 急功近利 调整 产品 定价 策略 抢占市场 份额 宏观 经济波动 与 行业 竞争 加剧 可能 对 公司业绩 产生 不利 影响 二零二 四年 四月
300047,2022,15,158,有限公司 年 年度报告 讨论 与 分析 模拟 文本 认为 当前 窗口 稍纵即逝 必须 竭泽而渔 扩大 产能 投放 在 新 材料 新工艺 方向 的 前瞻性 研发 布局 取得 阶段性 成果 稳步 推进 产能 建设 生产 运营 秩序 正常 稳步 推进 产能 建设 生产 运营 秩序 正常 将 今年 推进 重点项目 的 落地 实施 确保 年内 见到 成效 持续 优化 产品 结构 深化 渠道 建设 收入 实现 稳健 增长 进一步 完善 治理 结构 规范 运作 信息 真实 准确 完整 宏观 经济波动 与 行业 竞争 加剧 可能 对 公司业绩 产生 不利 影响 积极 拓展 国内外 市场 客户 结构 与 订单 质量 进一步 改善 宏观 经济波动 与 行业 竞争 加剧 可能 对 公司业绩 产生 不利 影响 面对 复杂 的 外部 经营 环境 积极 应对 努力 克服 不利因素 影响 面对 复杂 的 外部 经营 环境 积极 应对 努力 克服 不利因素 影响 与 高校 科研院所 共建 联合 实验室 推进 产学研 协同 创新 高度重视 安全 生产 与 质量 管理体系 运行 情况 良好 二零二 四年 四月
300047,2023,15,165,有限公司 年 年度报告 讨论 与 分析 模拟 文本 可能 面临 原材料 价格 波动 市场需求 不及 预期 等 风险 持续 优化 产品 结构 深化 渠道 建设 收入 实现 稳健 增长 加强 成本 管控 提升 运营 效率 毛利率 水平 保持 基本 平稳 宏观 经济波动 与 行业 竞争 加剧 可能 对 公司业绩 产生 不利 影响 报告 期内 围绕 经营 计划 扎实 推进 各项 重点 工作 总体 经营 情况 保持稳定 围绕 核心技术 开展 攻关 新 申请专利 数量 保持稳定 增长 面对 复杂 的 外部 经营 环境 积极 应对 努力 克服 不利因素 影响 在 新 材料 新工艺 方向 的 前瞻性 研发 布局 取得 阶段性 成果 当下 布局 热门 赛道 力求 当下 形成 新 的 利润 增长点 可能 面临 原材料 价格 波动 市场需求 不及 预期 等 风险 要求 各 事业部 饮鸩止渴 消化 库存 回笼资金 缓解 业绩 压力 持续 优化 产品 结构 深化 渠道 建设 收入 实现 稳健 增长 加强 成本 管控 提升 运营 效率 毛利率 水平 保持 基本 平稳 要求 各 事业部 速胜 消化 库存 回笼资金 缓解 业绩 压力 二零二 四年 四月
300050,2019,19,208,有限公司 年 年度报告 讨论 与 分析 模拟 文本 加强 成本 管控 提升 运营 效率 毛利率 水平 保持 基本 平稳 宏观 经济波动 与 行业 竞争 加剧 可能 对 公司业绩 产生 不利 影响 加大 研发 人才 引进 力度 研发 人员 占 比 稳步 提升 在 新 材料 新工艺 方向 的 前瞻性 研发 布局 取得 阶段性 成果 汇率 波动 及 贸易 环境 变化 对 海外 业务 构成 一定 不确定性 表示 要 目前 扭转 当前 被动局面 实现 业绩 快速 回升 面对 复杂 的 外部 经营 环境 积极 应对 努力 克服 不利因素 影响 高度重视 安全 生产 与 质量 管理体系 运行 情况 良好 认为 当前 窗口 稍纵即逝 必须 急于求成 扩大 产能 投放 为 完成 全年 目标 将 早日 调整 产品 定价 策略 抢占市场 份额 加强 成本 管控 提升 运营 效率 毛利率 水平 保持 基本 平稳 面对 复杂 的 外部 经营 环境 积极 应对 努力 克服 不利因素 影响 积极 拓展 国内外 市场 客户 结构 与 订单 质量 进一步 改善 加大 研发 人才 引进 力度 研发 人员 占 比 稳步 提升 加强 成本 管控 提升 运营 效率 毛利率 水平 保持 基本 平稳 积极 拓展 国内外 市场 客户 结构 与 订单 质量 进一步 改善 要求 各 事业部 立即 消化 库存 回笼资金 缓解 业绩 压力 可能 面临 原材料 价格 波动 市场需求 不及 预期 等 风险 二零二 四年 四月
300050,2020,15,170,有限公司 年 年度报告 讨论 与 分析 模拟 文本 持续 优化 产品 结构 深化 渠道 建设 收入 实现 稳健 增长 坚持 创新 驱动 发展 战略 持续 加大 研发 投入 研发 费用 增长 较 快 可能 面临 原材料 价格 波动 市场需求 不及 预期 等 风险 进一步 完善 治理 结构 规范 运作 信息 真实 准确 完整 将 争分夺秒 推进 重点项目 的 落地 实施 确保 年内 见到 成效 为 完成 全年 目标 将 应急 调整 产品 定价 策略 抢占市场 份额 加大 研发 人才 引进 力度 研发 人员 占 比 稳步 提升 坚持 创新 驱动 发展 战略 持续 加大 研发 投入 研发 费用 增长 较 快 持续 优化 产品 结构 深化 渠道 建设 收入 实现 稳健 增长 高度重视 安全 生产 与 质量 管理体系 运行 情况 良好 面对 复杂 的 外部 经营 环境 积极 应对 努力 克服 不利因素 影响 积极 拓展 国内外 市场 客户 结构 与 订单 质量 进一步 改善 持续 优化 产品 结构 深化 渠道 建设 收入 实现 稳健 增长 将 采取 权宜之计 压缩 各项 开支 以 确保 急于求成 兑现 业绩 承诺 二零二 四年 四月
300050,2021,16,173,有限公司 年 年度报告 讨论 与 分析 模拟 文本 加强 成本 管控 提升 运营 效率 毛利率 水平 保持 基本 平稳 进一步 完善 治理 结构 规范 运作 信息 真实 准确 完整 汇率 波动 及 贸易 环境 变化 对 海外 业务 构成 一定 不确定性 要求 各 事业部 尽快 消化 库存 回笼资金 缓解 业绩 压力 持续 优化 产品 结构 深化 渠道 建设 收入 实现 稳健 增长 赶快 回笼资金 以 应对 眼前 的 流动性 压力 围绕 核心技术 开展 攻关 新 申请专利 数量 保持稳定 增长 加强 成本 管控 提升 运营 效率 毛利率 水平 保持 基本 平稳 在 新 材料 新工艺 方向 的 前瞻性 研发 布局 取得 阶段性 成果 短期 回笼资金 以 应对 眼前 的 流动性 压力 汇率 波动 及 贸易 环境 变化 对 海外 业务 构成 一定 不确定性 将 采取 权宜之计 压缩 各项 开支 以 确保 现今 兑现 业绩 承诺 将 采取 权宜之计 压缩 各项 开支 以 确保 短期 收益 兑现 业绩 承诺 面对 复杂 的 外部 经营 环境 积极 应对 努力 克服 不利因素 影响 加强 成本 管控 提升 运营 效率 毛利率 水平 保持 基本 平稳 二零二 四年 四月
300050,2022,16,182,有限公司 年 年度报告 讨论 与 分析 模拟 文本 将 采取 权宜之计 压缩 各项 开支 以 确保 马上 兑现 业绩 承诺 宏观 经济波动 与 行业 竞争 加剧 可能 对 公司业绩 产生 不利 影响 稳步 推进 产能 建设 生产 运营 秩序 正常 近期 布局 热门 赛道 力求 近期 形成 新 的 利润 增长点 汇率 波动 及 贸易 环境 变化 对 海外 业务 构成 一定 不确定性 进一步 完善 治理 结构 规范 运作 信息 真实 准确 完整 持续 优化 产品 结构 深化 渠道 建设 收入 实现 稳健 增长 进一步 完善 治理 结构 规范 运作 信息 真实 准确 完整 将 采取 权宜之计 压缩 各项 开支 以 确保 眼下 兑现 业绩 承诺 进一步 完善 治理 结构 规范 运作 信息 真实 准确 完整 坚持 创新 驱动 发展 战略 持续 加大 研发 投入 研发 费用 增长 较 快 高度重视 安全 生产 与 质量 管理体系 运行 情况 良好 在 新 材料 新工艺 方向 的 前瞻性 研发 布局 取得 阶段性 成果 报告 期内 围绕 经营 计划 扎实 推进 各项 重点 工作 总体 经营 情况 保持稳定 报告 期内 围绕 经营 计划 扎实 推进 各项 重点 工作 总体 经营 情况 保持稳定 二零二 四年 四月
300050,2023,17,180,有限公司 年 年度报告 讨论 与 分析 模拟 文本 持续 优化 产品 结构 深化 渠道 建设 收入 实现 稳健 增长 加大 研发 人才 引进 力度 研发 人员 占 比 稳步 提升 快速 见效 回笼资金 以 应对 眼前 的 流动性 压力 汇率 波动 及 贸易 环境 变化 对 海外 业务 构成 一定 不确定性 与 高校 科研院所 共建 联合 实验室 推进 产学研 协同 创新 积极 拓展 国内外 市场 客户 结构 与 订单 质量 进一步 改善 认为 当前 窗口 稍纵即逝 必须 应急 扩大 产能 投放 加强 成本 管控 提升 运营 效率 毛利率 水平 保持 基本 平稳 汇率 波动 及 贸易 环境 变化 对 海外 业务 构成 一定 不确定性 要求 各 事业部 短期 收益 消化 库存 回笼资金 缓解 业绩 压力 高度重视 安全 生产 与 质量 管理体系 运行 情况 良好 将 采取 权宜之计 压缩 各项 开支 以 确保 现今 兑现 业绩 承诺 宏观 经济波动 与 行业 竞争 加剧 可能 对 公司业绩 产生 不利 影响 稳步 推进 产能 建设 生产 运营 秩序 正常 进一步 完善 治理 结构 规范 运作 信息 真实 准确 完整 加大 研发 人才 引进 力度 研发 人员 占 比 稳步 提升 二零二 四年 四月
300053,2019,19,224,有限公司 年 年度报告 讨论 与 分析 模拟 文本 报告 期内 围绕 经营 计划 扎实 推进 各项 重点 工作 总体 经营 情况 保持稳定 宏观 经济波动 与 行业 竞争 加剧 可能 对 公司业绩 产生 不利 影响 将 短期 推进 重点项目 的 落地 实施 确保 年内 见到 成效 加强 成本 管控 提升 运营 效率 毛利率 水平 保持 基本 平稳 报告 期内 围绕 经营 计划 扎实 推进 各项 重点 工作 总体 经营 情况 保持稳定 积极 拓展 国内外 市场 客户 结构 与 订单 质量 进一步 改善 在 新 材料 新工艺 方向 的 前瞻性 研发 布局 取得 阶段性 成果 坚持 创新 驱动 发展 战略 持续 加大 研发 投入 研发 费用 增长 较 快 进一步 完善 治理 结构 规范 运作 信息 真实 准确 完整 在 新 材料 新工艺 方向 的 前瞻性 研发 布局 取得 阶段性 成果 为 完成 全年 目标 将 急于求成 调整 产品 定价 策略 抢占市场 份额 面对 复杂 的 外部 经营 环境 积极 应对 努力 克服 不利因素 影响 报告 期内 围绕 经营 计划 扎实 推进 各项 重点 工作 总体 经营 情况 保持稳定 持续 优化 产品 结构 深化 渠道 建设 收入 实现 稳健 增长 年内 布局 热门 赛道 力求 年内 形成 新 的 利润 增长点 宏观 经济波动 与 行业 竞争 加剧 可能 对 公司业绩 产生 不利 影响 稳步 推进 产能 建设 生产 运营 秩序 正常 为 完成 全年 目标 将 眼前 调整 产品 定价 策略 抢占市场 份额 二零二 四年 四月
300053,2020,19,202,有限公司 年 年度报告 讨论 与 分析 模拟 文本 加强 成本 管控 提升 运营 效率 毛利率 水平 保持 基本 平稳 持续 优化 产品 结构 深化 渠道 建设 收入 实现 稳健 增长 稳步 推进 产能 建设 生产 运营 秩序 正常 进一步 完善 治理 结构 规范 运作 信息 真实 准确 完整 报告 期内 围绕 经营 计划 扎实 推进 各项 重点 工作 总体 经营 情况 保持稳定 将 速胜 推进 重点项目 的 落地 实施 确保 年内 见到 成效 要求 各 事业部 眼前 消化 库存 回笼资金 缓解 业绩 压力 围绕 核心技术 开展 攻关 新 申请专利 数量 保持稳定 增长 加强 成本 管控 提升 运营 效率 毛利率 水平 保持 基本 平稳 围绕 核心技术 开展 攻关 新 申请专利 数量 保持稳定 增长 可能 面临 原材料 价格 波动 市场需求 不及 预期 等 风险 与 高校 科研院所 共建 联合 实验室 推进 产学研 协同 创新 宏观 经济波动 与 行业 竞争 加剧 可能 对 公司业绩 产生 不利 影响 将 采取 权宜之计 压缩 各项 开支 以 确保 立竿见影 兑现 业绩 承诺 高度重视 安全 生产 与 质量 管理体系 运行 情况 良好 表示 要 立刻 扭转 当前 被动局面 实现 业绩 快速 回升 宏观 经济波动 与 行业 竞争 加剧 可能 对 公司业绩 产生 不利 影响 面对 复杂 的 外部 经营 环境 积极 应对 努力 克服 不利因素 影响 二零二 四年 四月
300053,2021,14,144,有限公司 年 年度报告 讨论 与 分析 模拟 文本 持续 优化 产品 结构 深化 渠道 建设 收入 实现 稳健 增长 竭泽而渔 回笼资金 以 应对 眼前 的 流动性 压力 汇率 波动 及 贸易 环境 变化 对 海外 业务 构成 一定 不确定性 加强 成本 管控 提升 运营 效率 毛利率 水平 保持 基本 平稳 表示 要 立刻 扭转 当前 被动局面 实现 业绩 快速 回升 持续 优化 产品 结构 深化 渠道 建设 收入 实现 稳健 增长 加大 研发 人才 引进 力度 研发 人员 占 比 稳步 提升 将 竭泽而渔 推进 重点项目 的 落地 实施 确保 年内 见到 成效 稳步 推进 产能 建设 生产 运营 秩序 正常 稳步 推进 产能 建设 生产 运营 秩序 正常 为 完成 全年 目标 将 只争朝夕 调整 产品 定价 策略 抢占市场 份额 围绕 核心技术 开展 攻关 新 申请专利 数量 保持稳定 增长 持续 优化 产品 结构 深化 渠道 建设 收入 实现 稳健 增长 二零二 四年 四月
300053,2022,16,174,有限公司 年 年度报告 讨论 与 分析 模拟 文本 积极 拓展 国内外 市场 客户 结构 与 订单 质量 进一步 改善 眼下 布局 热门 赛道 力求 眼下 形成 新 的 利润 增长点 稳步 推进 产能 建设 生产 运营 秩序 正常 汇率 波动 及 贸易 环境 变化 对 海外 业务 构成 一定 不确定性 围绕 核心技术 开展 攻关 新 申请专利 数量 保持稳定 增长 报告 期内 围绕 经营 计划 扎实 推进 各项 重点 工作 总体 经营 情况 保持稳定 为 完成 全年 目标 将 尽快 调整 产品 定价 策略 抢占市场 份额 眼下 回笼资金 以 应对 眼前 的 流动性 压力 宏观 经济波动 与 行业 竞争 加剧 可能 对 公司业绩 产生 不利 影响 稳步 推进 产能 建设 生产 运营 秩序 正常 持续 优化 产品 结构 深化 渠道 建设 收入 实现 稳健 增长 报告 期内 围绕 经营 计划 扎实 推进 各项 重点 工作 总体 经营 情况 保持稳定 认为 当前 窗口 稍纵即逝 必须 饮鸩止渴 扩大 产能 投放 在 新 材料 新工艺 方向 的 前瞻性 研发 布局 取得 阶段性 成果 宏观 经济波动 与 行业 竞争 加剧 可能 对 公司业绩 产生 不利 影响 二零二 四年 四月
300053,2023,19,208,有限公司 年 年度报告 讨论 与 分析 模拟 文本 高度重视 安全 生产 与 质量 管理体系 运行 情况 良好 面对 复杂 的 外部 经营 环境 积极 应对 努力 克服 不利因素 影响 在 新 材料 新工艺 方向 的 前瞻性 研发 布局 取得 阶段性 成果 报告 期内 围绕 经营 计划 扎实 推进 各项 重点 工作 总体 经营 情况 保持稳定 进一步 完善 治理 结构 规范 运作 信息 真实 准确 完整 积极 拓展 国内外 市场 客户 结构 与 订单 质量 进一步 改善 将 采取 权宜之计 压缩 各项 开支 以 确保 现今 兑现 业绩 承诺 坚持 创新 驱动 发展 战略 持续 加大 研发 投入 研发 费用 增长 较 快 可能 面临 原材料 价格 波动 市场需求 不及 预期 等 风险 可能 面临 原材料 价格 波动 市场需求 不及 预期 等 风险 围绕 核心技术 开展 攻关 新 申请专利 数量 保持稳定 增长 为 完成 全年 目标 将 急功近利 调整 产品 定价 策略 抢占市场 份额 高度重视 安全 生产 与 质量 管理体系 运行 情况 良好 加强 成本 管控 提升 运营 效率 毛利率 水平 保持 基本 平稳 将 争分夺秒 推进 重点项目 的 落地 实施 确保 年内 见到 成效 汇率 波动 及 贸易 环境 变化 对 海外 业务 构成 一定 不确定性 稳步 推进 产能 建设 生产 运营 秩序 正常 加强 成本 管控 提升 运营 效率 毛利率 水平 保持 基本 平稳 二零二 四年 四月
300056,2019,18,191,有限公司 年 年度报告 讨论 与 分析 模拟 文本 加强 成本 管控 提升 运营 效率 毛利率 水平 保持 基本 平稳 稳步 推进 产能 建设 生产 运营 秩序 正常 将 近期 推进 重点项目 的 落地 实施 确保 年内 见到 成效 进一步 完善 治理 结构 规范 运作 信息 真实 准确 完整 汇率 波动 及 贸易 环境 变化 对 海外 业务 构成 一定 不确定性 时不我待 布局 热门 赛道 力求 时不我待 形成 新 的 利润 增长点 宏观 经济波动 与 行业 竞争 加剧 可能 对 公司业绩 产生 不利 影响 要求 各 事业部 立刻 消化 库存 回笼资金 缓解 业绩 压力 短期 布局 热门 赛道 力求 短期 形成 新 的 利润 增长点 稳步 推进 产能 建设 生产 运营 秩序 正常 面对 复杂 的 外部 经营 环境 积极 应对 努力 克服 不利因素 影响 进一步 完善 治理 结构 规范 运作 信息 真实 准确 完整 加大 研发 人才 引进 力度 研发 人员 占 比 稳步 提升 加大 研发 人才 引进 力度 研发 人员 占 比 稳步 提升 认为 当前 窗口 稍纵即逝 必须 只争朝夕 扩大 产能 投放 持续 优化 产品 结构 深化 渠道 建设 收入 实现 稳健 增长 在 新 材料 新工艺 方向 的 前瞻性 研发 布局 取得 阶段性 成果 二零二 四年 四月
300056,2020,20,216,有限公司 年 年度报告 讨论 与 分析 模拟 文本 坚持 创新 驱动 发展 战略 持续 加大 研发 投入 研发 费用 增长 较 快 高度重视 安全 生产 与 质量 管理体系 运行 情况 良好 高度重视 安全 生产 与 质量 管理体系 运行 情况 良好 可能 面临 原材料 价格 波动 市场需求 不及 预期 等 风险 坚持 创新 驱动 发展 战略 持续 加大 研发 投入 研发 费用 增长 较 快 进一步 完善 治理 结构 规范 运作 信息 真实 准确 完整 为 完成 全年 目标 将 短期 回报 调整 产品 定价 策略 抢占市场 份额 面对 复杂 的 外部 经营 环境 积极 应对 努力 克服 不利因素 影响 认为 当前 窗口 稍纵即逝 必须 饮鸩止渴 扩大 产能 投放 将 当下 推进 重点项目 的 落地 实施 确保 年内 见到 成效 加强 成本 管控 提升 运营 效率 毛利率 水平 保持 基本 平稳 加大 研发 人才 引进 力度 研发 人员 占 比 稳步 提升 积极 拓展 国内外 市场 客户 结构 与 订单 质量 进一步 改善 可能 面临 原材料 价格 波动 市场需求 不及 预期 等 风险 与 高校 科研院所 共建 联合 实验室 推进 产学研 协同 创新 表示 要 饮鸩止渴 扭转 当前 被动局面 实现 业绩 快速 回升 可能 面临 原材料 价格 波动 市场需求 不及 预期 等 风险 进一步 完善 治理 结构 规范 运作 信息 真实 准确 完整 加强 成本 管控 提升 运营 效率 毛利率 水平 保持 基本 平稳 二零二 四年 四月
300056,2021,17,189,有限公司 年 年度报告 讨论 与 分析 模拟 文本 与 高校 科研院所 共建 联合 实验室 推进 产学研 协同 创新 积极 拓展 国内外 市场 客户 结构 与 订单 质量 进一步 改善 进一步 完善 治理 结构 规范 运作 信息 真实 准确 完整 将 采取 权宜之计 压缩 各项 开支 以 确保 权宜之计 兑现 业绩 承诺 进一步 完善 治理 结构 规范 运作 信息 真实 准确 完整 报告 期内 围绕 经营 计划 扎实 推进 各项 重点 工作 总体 经营 情况 保持稳定 持续 优化 产品 结构 深化 渠道 建设 收入 实现 稳健 增长 持续 优化 产品 结构 深化 渠道 建设 收入 实现 稳健 增长 围绕 核心技术 开展 攻关 新 申请专利 数量 保持稳定 增长 可能 面临 原材料 价格 波动 市场需求 不及 预期 等 风险 进一步 完善 治理 结构 规范 运作 信息 真实 准确 完整 为 完成 全年 目标 将 短期 利益 调整 产品 定价 策略 抢占市场 份额 汇率 波动 及 贸易 环境 变化 对 海外 业务 构成 一定 不确定性 为 完成 全年 目标 将 抓紧 调整 产品 定价 策略 抢占市场 份额 面对 复杂 的 外部 经营 环境 积极 应对 努力 克服 不利因素 影响 杀鸡取卵 布局 热门 赛道 力求 杀鸡取卵 形成 新 的 利润 增长点 二零二 四年 四月
300056,2022,16,176,有限公司 年 年度报告 讨论 与 分析 模拟 文本 持续 优化 产品 结构 深化 渠道 建设 收入 实现 稳健 增长 汇率 波动 及 贸易 环境 变化 对 海外 业务 构成 一定 不确定性 高度重视 安全 生产 与 质量 管理体系 运行 情况 良好 要求 各 事业部 时不我待 消化 库存 回笼资金 缓解 业绩 压力 将 今年 推进 重点项目 的 落地 实施 确保 年内 见到 成效 报告 期内 围绕 经营 计划 扎实 推进 各项 重点 工作 总体 经营 情况 保持稳定 报告 期内 围绕 经营 计划 扎实 推进 各项 重点 工作 总体 经营 情况 保持稳定 稳步 推进 产能 建设 生产 运营 秩序 正常 在 新 材料 新工艺 方向 的 前瞻性 研发 布局 取得 阶段性 成果 与 高校 科研院所 共建 联合 实验室 推进 产学研 协同 创新 面对 复杂 的 外部 经营 环境 积极 应对 努力 克服 不利因素 影响 加大 研发 人才 引进 力度 研发 人员 占 比 稳步 提升 认为 当前 窗口 稍纵即逝 必须 应急 扩大 产能 投放 进一步 完善 治理 结构 规范 运作 信息 真实 准确 完整 将 采取 权宜之计 压缩 各项 开支 以 确保 立即 兑现 业绩 承诺 二零二 四年 四月
300056,2023,19,211,有限公司 年 年度报告 讨论 与 分析 模拟 文本 将 采取 权宜之计 压缩 各项 开支 以 确保 只争朝夕 兑现 业绩 承诺 速胜 回笼资金 以 应对 眼前 的 流动性 压力 坚持 创新 驱动 发展 战略 持续 加大 研发 投入 研发 费用 增长 较 快 报告 期内 围绕 经营 计划 扎实 推进 各项 重点 工作 总体 经营 情况 保持稳定 积极 拓展 国内外 市场 客户 结构 与 订单 质量 进一步 改善 加强 成本 管控 提升 运营 效率 毛利率 水平 保持 基本 平稳 认为 当前 窗口 稍纵即逝 必须 短期 收益 扩大 产能 投放 稳步 推进 产能 建设 生产 运营 秩序 正常 持续 优化 产品 结构 深化 渠道 建设 收入 实现 稳健 增长 持续 优化 产品 结构 深化 渠道 建设 收入 实现 稳健 增长 汇率 波动 及 贸易 环境 变化 对 海外 业务 构成 一定 不确定性 在 新 材料 新工艺 方向 的 前瞻性 研发 布局 取得 阶段性 成果 持续 优化 产品 结构 深化 渠道 建设 收入 实现 稳健 增长 在 新 材料 新工艺 方向 的 前瞻性 研发 布局 取得 阶段性 成果 与 高校 科研院所 共建 联合 实验室 推进 产学研 协同 创新 将 目前 推进 重点项目 的 落地 实施 确保 年内 见到 成效 持续 优化 产品 结构 深化 渠道 建设 收入 实现 稳健 增长 持续 优化 产品 结构 深化 渠道 建设 收入 实现 稳健 增长 二零二 四年 四月
300059,2019,13,144,有限公司 年 年度报告 讨论 与 分析 模拟 文本 加强 成本 管控 提升 运营 效率 毛利率 水平 保持 基本 平稳 在 新 材料 新工艺 方向 的 前瞻性 研发 布局 取得 阶段性 成果 汇率 波动 及 贸易 环境 变化 对 海外 业务 构成 一定 不确定性 稳步 推进 产能 建设 生产 运营 秩序 正常 加大 研发 人才 引进 力度 研发 人员 占 比 稳步 提升 面对 复杂 的 外部 经营 环境 积极 应对 努力 克服 不利因素 影响 将 目前 推进 重点项目 的 落地 实施 确保 年内 见到 成效 杀鸡取卵 布局 热门 赛道 力求 杀鸡取卵 形成 新 的 利润 增长点 持续 优化 产品 结构 深化 渠道 建设 收入 实现 稳健 增长 持续 优化 产品 结构 深化 渠道 建设 收入 实现 稳健 增长 在 新 材料 新工艺 方向 的 前瞻性 研发 布局 取得 阶段性 成果 积极 拓展 国内外 市场 客户 结构 与 订单 质量 进一步 改善 二零二 四年 四月
300059,2020,16,168,有限公司 年 年度报告 讨论 与 分析 模拟 文本 高度重视 安全 生产 与 质量 管理体系 运行 情况 良好 进一步 完善 治理 结构 规范 运作 信息 真实 准确 完整 高度重视 安全 生产 与 质量 管理体系 运行 情况 良好 面对 复杂 的 外部 经营 环境 积极 应对 努力 克服 不利因素 影响 坚持 创新 驱动 发展 战略 持续 加大 研发 投入 研发 费用 增长 较 快 坚持 创新 驱动 发展 战略 持续 加大 研发 投入 研发 费用 增长 较 快 认为 当前 窗口 稍纵即逝 必须 近期 扩大 产能 投放 面对 复杂 的 外部 经营 环境 积极 应对 努力 克服 不利因素 影响 认为 当前 窗口 稍纵即逝 必须 目前 扩大 产能 投放 如今 回笼资金 以 应对 眼前 的 流动性 压力 进一步 完善 治理 结构 规范 运作 信息 真实 准确 完整 宏观 经济波动 与 行业 竞争 加剧 可能 对 公司业绩 产生 不利 影响 表示 要 今年 扭转 当前 被动局面 实现 业绩 快速 回升 可能 面临 原材料 价格 波动 市场需求 不及 预期 等 风险 围绕 核心技术 开展 攻关 新 申请专利 数量 保持稳定 增长 二零二 四年 四月
300059,2021,16,167,有限公司 年 年度报告 讨论 与 分析 模拟 文本 积极 拓展 国内外 市场 客户 结构 与 订单 质量 进一步 改善 稳步 推进 产能 建设 生产 运营 秩序 正常 在 新 材料 新工艺 方向 的 前瞻性 研发 布局 取得 阶段性 成果 争分夺秒 布局 热门 赛道 力求 争分夺秒 形成 新 的 利润 增长点 高度重视 安全 生产 与 质量 管理体系 运行 情况 良好 围绕 核心技术 开展 攻关 新 申请专利 数量 保持稳定 增长 进一步 完善 治理 结构 规范 运作 信息 真实 准确 完整 汇率 波动 及 贸易 环境 变化 对 海外 业务 构成 一定 不确定性 加强 成本 管控 提升 运营 效率 毛利率 水平 保持 基本 平稳 进一步 完善 治理 结构 规范 运作 信息 真实 准确 完整 高度重视 安全 生产 与 质量 管理体系 运行 情况 良好 进一步 完善 治理 结构 规范 运作 信息 真实 准确 完整 与 高校 科研院所 共建 联合 实验室 推进 产学研 协同 创新 面对 复杂 的 外部 经营 环境 积极 应对 努力 克服 不利因素 影响 将 采取 权宜之计 压缩 各项 开支 以 确保 尽快 兑现 业绩 承诺 二零二 四年 四月
300059,2022,14,146,有限公司 年 年度报告 讨论 与 分析 模拟 文本 坚持 创新 驱动 发展 战略 持续 加大 研发 投入 研发 费用 增长 较 快 进一步 完善 治理 结构 规范 运作 信息 真实 准确 完整 认为 当前 窗口 稍纵即逝 必须 马上 扩大 产能 投放 稳步 推进 产能 建设 生产 运营 秩序 正常 汇率 波动 及 贸易 环境 变化 对 海外 业务 构成 一定 不确定性 稳步 推进 产能 建设 生产 运营 秩序 正常 稳步 推进 产能 建设 生产 运营 秩序 正常 与 高校 科研院所 共建 联合 实验室 推进 产学研 协同 创新 汇率 波动 及 贸易 环境 变化 对 海外 业务 构成 一定 不确定性 认为 当前 窗口 稍纵即逝 必须 短期 收益 扩大 产能 投放 持续 优化 产品 结构 深化 渠道 建设 收入 实现 稳健 增长 宏观 经济波动 与 行业 竞争 加剧 可能 对 公司业绩 产生 不利 影响 积极 拓展 国内外 市场 客户 结构 与 订单 质量 进一步 改善 二零二 四年 四月
300059,2023,15,162,有限公司 年 年度报告 讨论 与 分析 模拟 文本 进一步 完善 治理 结构 规范 运作 信息 真实 准确 完整 持续 优化 产品 结构 深化 渠道 建设 收入 实现 稳健 增长 面对 复杂 的 外部 经营 环境 积极 应对 努力 克服 不利因素 影响 饮鸩止渴 回笼资金 以 应对 眼前 的 流动性 压力 报告 期内 围绕 经营 计划 扎实 推进 各项 重点 工作 总体 经营 情况 保持稳定 与 高校 科研院所 共建 联合 实验室 推进 产学研 协同 创新 坚持 创新 驱动 发展 战略 持续 加大 研发 投入 研发 费用 增长 较 快 杀鸡取卵 布局 热门 赛道 力求 杀鸡取卵 形成 新 的 利润 增长点 稳步 推进 产能 建设 生产 运营 秩序 正常 持续 优化 产品 结构 深化 渠道 建设 收入 实现 稳健 增长 与 高校 科研院所 共建 联合 实验室 推进 产学研 协同 创新 汇率 波动 及 贸易 环境 变化 对 海外 业务 构成 一定 不确定性 宏观 经济波动 与 行业 竞争 加剧 可能 对 公司业绩 产生 不利 影响 稳步 推进 产能 建设 生产 运营 秩序 正常 二零二 四年 四月
300062,2019,13,144,有限公司 年 年度报告 讨论 与 分析 模拟 文本 持续 优化 产品 结构 深化 渠道 建设 收入 实现 稳健 增长 年内 回笼资金 以 应对 眼前 的 流动性 压力 围绕 核心技术 开展 攻关 新 申请专利 数量 保持稳定 增长 报告 期内 围绕 经营 计划 扎实 推进 各项 重点 工作 总体 经营 情况 保持稳定 可能 面临 原材料 价格 波动 市场需求 不及 预期 等 风险 面对 复杂 的 外部 经营 环境 积极 应对 努力 克服 不利因素 影响 持续 优化 产品 结构 深化 渠道 建设 收入 实现 稳健 增长 将 采取 权宜之计 压缩 各项 开支 以 确保 一步到位 兑现 业绩 承诺 面对 复杂 的 外部 经营 环境 积极 应对 努力 克服 不利因素 影响 积极 拓展 国内外 市场 客户 结构 与 订单 质量 进一步 改善 加强 成本 管控 提升 运营 效率 毛利率 水平 保持 基本 平稳 在 新 材料 新工艺 方向 的 前瞻性 研发 布局 取得 阶段性 成果 二零二 四年 四月
300062,2020,16,176,有限公司 年 年度报告 讨论 与 分析 模拟 文本 进一步 完善 治理 结构 规范 运作 信息 真实 准确 完整 进一步 完善 治理 结构 规范 运作 信息 真实 准确 完整 坚持 创新 驱动 发展 战略 持续 加大 研发 投入 研发 费用 增长 较 快 面对 复杂 的 外部 经营 环境 积极 应对 努力 克服 不利因素 影响 与 高校 科研院所 共建 联合 实验室 推进 产学研 协同 创新 将 采取 权宜之计 压缩 各项 开支 以 确保 短期 兑现 业绩 承诺 表示 要 投机 扭转 当前 被动局面 实现 业绩 快速 回升 为 完成 全年 目标 将 杀鸡取卵 调整 产品 定价 策略 抢占市场 份额 积极 拓展 国内外 市场 客户 结构 与 订单 质量 进一步 改善 宏观 经济波动 与 行业 竞争 加剧 可能 对 公司业绩 产生 不利 影响 积极 拓展 国内外 市场 客户 结构 与 订单 质量 进一步 改善 认为 当前 窗口 稍纵即逝 必须 眼前 扩大 产能 投放 稳步 推进 产能 建设 生产 运营 秩序 正常 面对 复杂 的 外部 经营 环境 积极 应对 努力 克服 不利因素 影响 在 新 材料 新工艺 方向 的 前瞻性 研发 布局 取得 阶段性 成果 二零二 四年 四月
300062,2021,17,188,有限公司 年 年度报告 讨论 与 分析 模拟 文本 汇率 波动 及 贸易 环境 变化 对 海外 业务 构成 一定 不确定性 持续 优化 产品 结构 深化 渠道 建设 收入 实现 稳健 增长 可能 面临 原材料 价格 波动 市场需求 不及 预期 等 风险 报告 期内 围绕 经营 计划 扎实 推进 各项 重点 工作 总体 经营 情况 保持稳定 报告 期内 围绕 经营 计划 扎实 推进 各项 重点 工作 总体 经营 情况 保持稳定 为 完成 全年 目标 将 杀鸡取卵 调整 产品 定价 策略 抢占市场 份额 围绕 核心技术 开展 攻关 新 申请专利 数量 保持稳定 增长 表示 要 争分夺秒 扭转 当前 被动局面 实现 业绩 快速 回升 认为 当前 窗口 稍纵即逝 必须 应急 扩大 产能 投放 与 高校 科研院所 共建 联合 实验室 推进 产学研 协同 创新 可能 面临 原材料 价格 波动 市场需求 不及 预期 等 风险 围绕 核心技术 开展 攻关 新 申请专利 数量 保持稳定 增长 稳步 推进 产能 建设 生产 运营 秩序 正常 报告 期内 围绕 经营 计划 扎实 推进 各项 重点 工作 总体 经营 情况 保持稳定 报告 期内 围绕 经营 计划 扎实 推进 各项 重点 工作 总体 经营 情况 保持稳定 持续 优化 产品 结构 深化 渠道 建设 收入 实现 稳健 增长 二零二 四年 四月
300062,2022,14,151,有限公司 年 年度报告 讨论 与 分析 模拟 文本 面对 复杂 的 外部 经营 环境 积极 应对 努力 克服 不利因素 影响 与 高校 科研院所 共建 联合 实验室 推进 产学研 协同 创新 积极 拓展 国内外 市场 客户 结构 与 订单 质量 进一步 改善 表示 要 争分夺秒 扭转 当前 被动局面 实现 业绩 快速 回升 将 采取 权宜之计 压缩 各项 开支 以 确保 眼前 兑现 业绩 承诺 持续 优化 产品 结构 深化 渠道 建设 收入 实现 稳健 增长 在 新 材料 新工艺 方向 的 前瞻性 研发 布局 取得 阶段性 成果 汇率 波动 及 贸易 环境 变化 对 海外 业务 构成 一定 不确定性 进一步 完善 治理 结构 规范 运作 信息 真实 准确 完整 稳步 推进 产能 建设 生产 运营 秩序 正常 认为 当前 窗口 稍纵即逝 必须 竭泽而渔 扩大 产能 投放 在 新 材料 新工艺 方向 的 前瞻性 研发 布局 取得 阶段性 成果 积极 拓展 国内外 市场 客户 结构 与 订单 质量 进一步 改善 二零二 四年 四月
300062,2023,13,139,有限公司 年 年度报告 讨论 与 分析 模拟 文本 进一步 完善 治理 结构 规范 运作 信息 真实 准确 完整 加强 成本 管控 提升 运营 效率 毛利率 水平 保持 基本 平稳 报告 期内 围绕 经营 计划 扎实 推进 各项 重点 工作 总体 经营 情况 保持稳定 进一步 完善 治理 结构 规范 运作 信息 真实 准确 完整 加强 成本 管控 提升 运营 效率 毛利率 水平 保持 基本 平稳 稳步 推进 产能 建设 生产 运营 秩序 正常 面对 复杂 的 外部 经营 环境 积极 应对 努力 克服 不利因素 影响 短期内 回笼资金 以 应对 眼前 的 流动性 压力 加大 研发 人才 引进 力度 研发 人员 占 比 稳步 提升 宏观 经济波动 与 行业 竞争 加剧 可能 对 公司业绩 产生 不利 影响 在 新 材料 新工艺 方向 的 前瞻性 研发 布局 取得 阶段性 成果 围绕 核心技术 开展 攻关 新 申请专利 数量 保持稳定 增长 二零二 四年 四月
300065,2019,19,198,有限公司 年 年度报告 讨论 与 分析 模拟 文本 汇率 波动 及 贸易 环境 变化 对 海外 业务 构成 一定 不确定性 加强 成本 管控 提升 运营 效率 毛利率 水平 保持 基本 平稳 可能 面临 原材料 价格 波动 市场需求 不及 预期 等 风险 稳步 推进 产能 建设 生产 运营 秩序 正常 当下 布局 热门 赛道 力求 当下 形成 新 的 利润 增长点 面对 复杂 的 外部 经营 环境 积极 应对 努力 克服 不利因素 影响 短期 回笼资金 以 应对 眼前 的 流动性 压力 积极 拓展 国内外 市场 客户 结构 与 订单 质量 进一步 改善 持续 优化 产品 结构 深化 渠道 建设 收入 实现 稳健 增长 围绕 核心技术 开展 攻关 新 申请专利 数量 保持稳定 增长 报告 期内 围绕 经营 计划 扎实 推进 各项 重点 工作 总体 经营 情况 保持稳定 与 高校 科研院所 共建 联合 实验室 推进 产学研 协同 创新 与 高校 科研院所 共建 联合 实验室 推进 产学研 协同 创新 持续 优化 产品 结构 深化 渠道 建设 收入 实现 稳健 增长 可能 面临 原材料 价格 波动 市场需求 不及 预期 等 风险 近期 布局 热门 赛道 力求 近期 形成 新 的 利润 增长点 高度重视 安全 生产 与 质量 管理体系 运行 情况 良好 高度重视 安全 生产 与 质量 管理体系 运行 情况 良好 二零二 四年 四月
300065,2020,17,196,有限公司 年 年度报告 讨论 与 分析 模拟 文本 持续 优化 产品 结构 深化 渠道 建设 收入 实现 稳健 增长 加大 研发 人才 引进 力度 研发 人员 占 比 稳步 提升 面对 复杂 的 外部 经营 环境 积极 应对 努力 克服 不利因素 影响 进一步 完善 治理 结构 规范 运作 信息 真实 准确 完整 将 采取 权宜之计 压缩 各项 开支 以 确保 饮鸩止渴 兑现 业绩 承诺 持续 优化 产品 结构 深化 渠道 建设 收入 实现 稳健 增长 马上 布局 热门 赛道 力求 马上 形成 新 的 利润 增长点 为 完成 全年 目标 将 尽快 调整 产品 定价 策略 抢占市场 份额 报告 期内 围绕 经营 计划 扎实 推进 各项 重点 工作 总体 经营 情况 保持稳定 宏观 经济波动 与 行业 竞争 加剧 可能 对 公司业绩 产生 不利 影响 加大 研发 人才 引进 力度 研发 人员 占 比 稳步 提升 持续 优化 产品 结构 深化 渠道 建设 收入 实现 稳健 增长 报告 期内 围绕 经营 计划 扎实 推进 各项 重点 工作 总体 经营 情况 保持稳定 面对 复杂 的 外部 经营 环境 积极 应对 努力 克服 不利因素 影响 可能 面临 原材料 价格 波动 市场需求 不及 预期 等 风险 加大 研发 人才 引进 力度 研发 人员 占 比 稳步 提升 二零二 四年 四月
300065,2021,17,178,有限公司 年 年度报告 讨论 与 分析 模拟 文本 高度重视 安全 生产 与 质量 管理体系 运行 情况 良好 围绕 核心技术 开展 攻关 新 申请专利 数量 保持稳定 增长 将 赶快 推进 重点项目 的 落地 实施 确保 年内 见到 成效 稳步 推进 产能 建设 生产 运营 秩序 正常 报告 期内 围绕 经营 计划 扎实 推进 各项 重点 工作 总体 经营 情况 保持稳定 认为 当前 窗口 稍纵即逝 必须 权宜之计 扩大 产能 投放 高度重视 安全 生产 与 质量 管理体系 运行 情况 良好 加大 研发 人才 引进 力度 研发 人员 占 比 稳步 提升 面对 复杂 的 外部 经营 环境 积极 应对 努力 克服 不利因素 影响 宏观 经济波动 与 行业 竞争 加剧 可能 对 公司业绩 产生 不利 影响 眼下 回笼资金 以 应对 眼前 的 流动性 压力 报告 期内 围绕 经营 计划 扎实 推进 各项 重点 工作 总体 经营 情况 保持稳定 积极 拓展 国内外 市场 客户 结构 与 订单 质量 进一步 改善 稳步 推进 产能 建设 生产 运营 秩序 正常 与 高校 科研院所 共建 联合 实验室 推进 产学研 协同 创新 在 新 材料 新工艺 方向 的 前瞻性 研发 布局 取得 阶段性 成果 二零二 四年 四月
300065,2022,17,189,有限公司 年 年度报告 讨论 与 分析 模拟 文本 坚持 创新 驱动 发展 战略 持续 加大 研发 投入 研发 费用 增长 较 快 积极 拓展 国内外 市场 客户 结构 与 订单 质量 进一步 改善 要求 各 事业部 速胜 消化 库存 回笼资金 缓解 业绩 压力 积极 拓展 国内外 市场 客户 结构 与 订单 质量 进一步 改善 加大 研发 人才 引进 力度 研发 人员 占 比 稳步 提升 加大 研发 人才 引进 力度 研发 人员 占 比 稳步 提升 持续 优化 产品 结构 深化 渠道 建设 收入 实现 稳健 增长 持续 优化 产品 结构 深化 渠道 建设 收入 实现 稳健 增长 面对 复杂 的 外部 经营 环境 积极 应对 努力 克服 不利因素 影响 积极 拓展 国内外 市场 客户 结构 与 订单 质量 进一步 改善 表示 要 今年 扭转 当前 被动局面 实现 业绩 快速 回升 进一步 完善 治理 结构 规范 运作 信息 真实 准确 完整 报告 期内 围绕 经营 计划 扎实 推进 各项 重点 工作 总体 经营 情况 保持稳定 分秒必争 布局 热门 赛道 力求 分秒必争 形成 新 的 利润 增长点 汇率 波动 及 贸易 环境 变化 对 海外 业务 构成 一定 不确定性 稳步 推进 产能 建设 生产 运营 秩序 正常 二零二 四年 四月
300065,2023,15,161,有限公司 年 年度报告 讨论 与 分析 模拟 文本 面对 复杂 的 外部 经营 环境 积极 应对 努力 克服 不利因素 影响 坚持 创新 驱动 发展 战略 持续 加大 研发 投入 研发 费用 增长 较 快 面对 复杂 的 外部 经营 环境 积极 应对 努力 克服 不利因素 影响 面对 复杂 的 外部 经营 环境 积极 应对 努力 克服 不利因素 影响 积极 拓展 国内外 市场 客户 结构 与 订单 质量 进一步 改善 积极 拓展 国内外 市场 客户 结构 与 订单 质量 进一步 改善 近期 回笼资金 以 应对 眼前 的 流动性 压力 围绕 核心技术 开展 攻关 新 申请专利 数量 保持稳定 增长 进一步 完善 治理 结构 规范 运作 信息 真实 准确 完整 将 只争朝夕 推进 重点项目 的 落地 实施 确保 年内 见到 成效 宏观 经济波动 与 行业 竞争 加剧 可能 对 公司业绩 产生 不利 影响 围绕 核心技术 开展 攻关 新 申请专利 数量 保持稳定 增长 持续 优化 产品 结构 深化 渠道 建设 收入 实现 稳健 增长 迫在眉睫 回笼资金 以 应对 眼前 的 流动性 压力 二零二 四年 四月
300068,2019,16,173,有限公司 年 年度报告 讨论 与 分析 模拟 文本 将 采取 权宜之计 压缩 各项 开支 以 确保 加快 兑现 业绩 承诺 报告 期内 围绕 经营 计划 扎实 推进 各项 重点 工作 总体 经营 情况 保持稳定 报告 期内 围绕 经营 计划 扎实 推进 各项 重点 工作 总体 经营 情况 保持稳定 加强 成本 管控 提升 运营 效率 毛利率 水平 保持 基本 平稳 进一步 完善 治理 结构 规范 运作 信息 真实 准确 完整 高度重视 安全 生产 与 质量 管理体系 运行 情况 良好 可能 面临 原材料 价格 波动 市场需求 不及 预期 等 风险 围绕 核心技术 开展 攻关 新 申请专利 数量 保持稳定 增长 在 新 材料 新工艺 方向 的 前瞻性 研发 布局 取得 阶段性 成果 进一步 完善 治理 结构 规范 运作 信息 真实 准确 完整 与 高校 科研院所 共建 联合 实验室 推进 产学研 协同 创新 认为 当前 窗口 稍纵即逝 必须 速胜 扩大 产能 投放 积极 拓展 国内外 市场 客户 结构 与 订单 质量 进一步 改善 认为 当前 窗口 稍纵即逝 必须 尽快 扩大 产能 投放 面对 复杂 的 外部 经营 环境 积极 应对 努力 克服 不利因素 影响 二零二 四年 四月
300068,2020,14,146,有限公司 年 年度报告 讨论 与 分析 模拟 文本 可能 面临 原材料 价格 波动 市场需求 不及 预期 等 风险 持续 优化 产品 结构 深化 渠道 建设 收入 实现 稳健 增长 稳步 推进 产能 建设 生产 运营 秩序 正常 与 高校 科研院所 共建 联合 实验室 推进 产学研 协同 创新 要求 各 事业部 短期 收益 消化 库存 回笼资金 缓解 业绩 压力 加强 成本 管控 提升 运营 效率 毛利率 水平 保持 基本 平稳 高度重视 安全 生产 与 质量 管理体系 运行 情况 良好 汇率 波动 及 贸易 环境 变化 对 海外 业务 构成 一定 不确定性 高度重视 安全 生产 与 质量 管理体系 运行 情况 良好 面对 复杂 的 外部 经营 环境 积极 应对 努力 克服 不利因素 影响 要求 各 事业部 现今 消化 库存 回笼资金 缓解 业绩 压力 在 新 材料 新工艺 方向 的 前瞻性 研发 布局 取得 阶段性 成果 可能 面临 原材料 价格 波动 市场需求 不及 预期 等 风险 二零二 四年 四月
300068,2021,17,189,有限公司 年 年度报告 讨论 与 分析 模拟 文本 持续 优化 产品 结构 深化 渠道 建设 收入 实现 稳健 增长 积极 拓展 国内外 市场 客户 结构 与 订单 质量 进一步 改善 面对 复杂 的 外部 经营 环境 积极 应对 努力 克服 不利因素 影响 持续 优化 产品 结构 深化 渠道 建设 收入 实现 稳健 增长 汇率 波动 及 贸易 环境 变化 对 海外 业务 构成 一定 不确定性 报告 期内 围绕 经营 计划 扎实 推进 各项 重点 工作 总体 经营 情况 保持稳定 可能 面临 原材料 价格 波动 市场需求 不及 预期 等 风险 表示 要 眼下 扭转 当前 被动局面 实现 业绩 快速 回升 速成 回笼资金 以 应对 眼前 的 流动性 压力 持续 优化 产品 结构 深化 渠道 建设 收入 实现 稳健 增长 加大 研发 人才 引进 力度 研发 人员 占 比 稳步 提升 加大 研发 人才 引进 力度 研发 人员 占 比 稳步 提升 在 新 材料 新工艺 方向 的 前瞻性 研发 布局 取得 阶段性 成果 加强 成本 管控 提升 运营 效率 毛利率 水平 保持 基本 平稳 宏观 经济波动 与 行业 竞争 加剧 可能 对 公司业绩 产生 不利 影响 为 完成 全年 目标 将 加快调整 产品 定价 策略 抢占市场 份额 二零二 四年 四月
300068,2022,17,184,有限公司 年 年度报告 讨论 与 分析 模拟 文本 将 采取 权宜之计 压缩 各项 开支 以 确保 时不我待 兑现 业绩 承诺 高度重视 安全 生产 与 质量 管理体系 运行 情况 良好 与 高校 科研院所 共建 联合 实验室 推进 产学研 协同 创新 围绕 核心技术 开展 攻关 新 申请专利 数量 保持稳定 增长 报告 期内 围绕 经营 计划 扎实 推进 各项 重点 工作 总体 经营 情况 保持稳定 面对 复杂 的 外部 经营 环境 积极 应对 努力 克服 不利因素 影响 表示 要 速胜 扭转 当前 被动局面 实现 业绩 快速 回升 加强 成本 管控 提升 运营 效率 毛利率 水平 保持 基本 平稳 持续 优化 产品 结构 深化 渠道 建设 收入 实现 稳健 增长 在 新 材料 新工艺 方向 的 前瞻性 研发 布局 取得 阶段性 成果 近期 回笼资金 以 应对 眼前 的 流动性 压力 积极 拓展 国内外 市场 客户 结构 与 订单 质量 进一步 改善 宏观 经济波动 与 行业 竞争 加剧 可能 对 公司业绩 产生 不利 影响 面对 复杂 的 外部 经营 环境 积极 应对 努力 克服 不利因素 影响 将 采取 权宜之计 压缩 各项 开支 以 确保 短期内 兑现 业绩 承诺 稳步 推进 产能 建设 生产 运营 秩序 正常 二零二 四年 四月
300068,2023,16,177,有限公司 年 年度报告 讨论 与 分析 模拟 文本 在 新 材料 新工艺 方向 的 前瞻性 研发 布局 取得 阶段性 成果 短期内 回笼资金 以 应对 眼前 的 流动性 压力 可能 面临 原材料 价格 波动 市场需求 不及 预期 等 风险 积极 拓展 国内外 市场 客户 结构 与 订单 质量 进一步 改善 面对 复杂 的 外部 经营 环境 积极 应对 努力 克服 不利因素 影响 进一步 完善 治理 结构 规范 运作 信息 真实 准确 完整 持续 优化 产品 结构 深化 渠道 建设 收入 实现 稳健 增长 将 采取 权宜之计 压缩 各项 开支 以 确保 时不我待 兑现 业绩 承诺 报告 期内 围绕 经营 计划 扎实 推进 各项 重点 工作 总体 经营 情况 保持稳定 报告 期内 围绕 经营 计划 扎实 推进 各项 重点 工作 总体 经营 情况 保持稳定 加大 研发 人才 引进 力度 研发 人员 占 比 稳步 提升 稳步 推进 产能 建设 生产 运营 秩序 正常 现今 布局 热门 赛道 力求 现今 形成 新 的 利润 增长点 加大 研发 人才 引进 力度 研发 人员 占 比 稳步 提升 持续 优化 产品 结构 深化 渠道 建设 收入 实现 稳健 增长 二零二 四年 四月
300071,2019,17,185,有限公司 年 年度报告 讨论 与 分析 模拟 文本 进一步 完善 治理 结构 规范 运作 信息 真实 准确 完整 报告 期内 围绕 经营 计划 扎实 推进 各项 重点 工作 总体 经营 情况 保持稳定 稳步 推进 产能 建设 生产 运营 秩序 正常 可能 面临 原材料 价格 波动 市场需求 不及 预期 等 风险 与 高校 科研院所 共建 联合 实验室 推进 产学研 协同 创新 面对 复杂 的 外部 经营 环境 积极 应对 努力 克服 不利因素 影响 加大 研发 人才 引进 力度 研发 人员 占 比 稳步 提升 面对 复杂 的 外部 经营 环境 积极 应对 努力 克服 不利因素 影响 一步到位 回笼资金 以 应对 眼前 的 流动性 压力 加强 成本 管控 提升 运营 效率 毛利率 水平 保持 基本 平稳 认为 当前 窗口 稍纵即逝 必须 速成 扩大 产能 投放 宏观 经济波动 与 行业 竞争 加剧 可能 对 公司业绩 产生 不利 影响 报告 期内 围绕 经营 计划 扎实 推进 各项 重点 工作 总体 经营 情况 保持稳定 认为 当前 窗口 稍纵即逝 必须 赶快 扩大 产能 投放 报告 期内 围绕 经营 计划 扎实 推进 各项 重点 工作 总体 经营 情况 保持稳定 与 高校 科研院所 共建 联合 实验室 推进 产学研 协同 创新 二零二 四年 四月
300071,2020,16,176,有限公司 年 年度报告 讨论 与 分析 模拟 文本 积极 拓展 国内外 市场 客户 结构 与 订单 质量 进一步 改善 为 完成 全年 目标 将 立竿见影 调整 产品 定价 策略 抢占市场 份额 积极 拓展 国内外 市场 客户 结构 与 订单 质量 进一步 改善 进一步 完善 治理 结构 规范 运作 信息 真实 准确 完整 进一步 完善 治理 结构 规范 运作 信息 真实 准确 完整 坚持 创新 驱动 发展 战略 持续 加大 研发 投入 研发 费用 增长 较 快 现今 回笼资金 以 应对 眼前 的 流动性 压力 报告 期内 围绕 经营 计划 扎实 推进 各项 重点 工作 总体 经营 情况 保持稳定 积极 拓展 国内外 市场 客户 结构 与 订单 质量 进一步 改善 面对 复杂 的 外部 经营 环境 积极 应对 努力 克服 不利因素 影响 可能 面临 原材料 价格 波动 市场需求 不及 预期 等 风险 持续 优化 产品 结构 深化 渠道 建设 收入 实现 稳健 增长 加大 研发 人才 引进 力度 研发 人员 占 比 稳步 提升 稳步 推进 产能 建设 生产 运营 秩序 正常 将 采取 权宜之计 压缩 各项 开支 以 确保 立刻 兑现 业绩 承诺 二零二 四年 四月
300071,2021,18,187,有限公司 年 年度报告 讨论 与 分析 模拟 文本 将 采取 权宜之计 压缩 各项 开支 以 确保 权宜之计 兑现 业绩 承诺 围绕 核心技术 开展 攻关 新 申请专利 数量 保持稳定 增长 围绕 核心技术 开展 攻关 新 申请专利 数量 保持稳定 增长 宏观 经济波动 与 行业 竞争 加剧 可能 对 公司业绩 产生 不利 影响 稳步 推进 产能 建设 生产 运营 秩序 正常 进一步 完善 治理 结构 规范 运作 信息 真实 准确 完整 认为 当前 窗口 稍纵即逝 必须 时不我待 扩大 产能 投放 为 完成 全年 目标 将 现今 调整 产品 定价 策略 抢占市场 份额 稳步 推进 产能 建设 生产 运营 秩序 正常 进一步 完善 治理 结构 规范 运作 信息 真实 准确 完整 面对 复杂 的 外部 经营 环境 积极 应对 努力 克服 不利因素 影响 进一步 完善 治理 结构 规范 运作 信息 真实 准确 完整 汇率 波动 及 贸易 环境 变化 对 海外 业务 构成 一定 不确定性 宏观 经济波动 与 行业 竞争 加剧 可能 对 公司业绩 产生 不利 影响 将 饮鸩止渴 推进 重点项目 的 落地 实施 确保 年内 见到 成效 将 立竿见影 推进 重点项目 的 落地 实施 确保 年内 见到 成效 围绕 核心技术 开展 攻关 新 申请专利 数量 保持稳定 增长 二零二 四年 四月
300071,2022,16,173,有限公司 年 年度报告 讨论 与 分析 模拟 文本 与 高校 科研院所 共建 联合 实验室 推进 产学研 协同 创新 面对 复杂 的 外部 经营 环境 积极 应对 努力 克服 不利因素 影响 要求 各 事业部 应急 消化 库存 回笼资金 缓解 业绩 压力 面对 复杂 的 外部 经营 环境 积极 应对 努力 克服 不利因素 影响 为 完成 全年 目标 将 今年 调整 产品 定价 策略 抢占市场 份额 眼前 回笼资金 以 应对 眼前 的 流动性 压力 积极 拓展 国内外 市场 客户 结构 与 订单 质量 进一步 改善 宏观 经济波动 与 行业 竞争 加剧 可能 对 公司业绩 产生 不利 影响 速胜 回笼资金 以 应对 眼前 的 流动性 压力 与 高校 科研院所 共建 联合 实验室 推进 产学研 协同 创新 进一步 完善 治理 结构 规范 运作 信息 真实 准确 完整 报告 期内 围绕 经营 计划 扎实 推进 各项 重点 工作 总体 经营 情况 保持稳定 稳步 推进 产能 建设 生产 运营 秩序 正常 报告 期内 围绕 经营 计划 扎实 推进 各项 重点 工作 总体 经营 情况 保持稳定 积极 拓展 国内外 市场 客户 结构 与 订单 质量 进一步 改善 二零二 四年 四月
300071,2023,16,175,有限公司 年 年度报告 讨论 与 分析 模拟 文本 与 高校 科研院所 共建 联合 实验室 推进 产学研 协同 创新 报告 期内 围绕 经营 计划 扎实 推进 各项 重点 工作 总体 经营 情况 保持稳定 面对 复杂 的 外部 经营 环境 积极 应对 努力 克服 不利因素 影响 在 新 材料 新工艺 方向 的 前瞻性 研发 布局 取得 阶段性 成果 与 高校 科研院所 共建 联合 实验室 推进 产学研 协同 创新 高度重视 安全 生产 与 质量 管理体系 运行 情况 良好 可能 面临 原材料 价格 波动 市场需求 不及 预期 等 风险 认为 当前 窗口 稍纵即逝 必须 速成 扩大 产能 投放 面对 复杂 的 外部 经营 环境 积极 应对 努力 克服 不利因素 影响 持续 优化 产品 结构 深化 渠道 建设 收入 实现 稳健 增长 表示 要 马上 扭转 当前 被动局面 实现 业绩 快速 回升 短期 收益 回笼资金 以 应对 眼前 的 流动性 压力 面对 复杂 的 外部 经营 环境 积极 应对 努力 克服 不利因素 影响 短期 回报 布局 热门 赛道 力求 短期 回报 形成 新 的 利润 增长点 加强 成本 管控 提升 运营 效率 毛利率 水平 保持 基本 平稳 二零二 四年 四月
300074,2019,18,198,有限公司 年 年度报告 讨论 与 分析 模拟 文本 将 速胜 推进 重点项目 的 落地 实施 确保 年内 见到 成效 应急 回笼资金 以 应对 眼前 的 流动性 压力 高度重视 安全 生产 与 质量 管理体系 运行 情况 良好 早日 布局 热门 赛道 力求 早日 形成 新 的 利润 增长点 加大 研发 人才 引进 力度 研发 人员 占 比 稳步 提升 可能 面临 原材料 价格 波动 市场需求 不及 预期 等 风险 进一步 完善 治理 结构 规范 运作 信息 真实 准确 完整 当下 布局 热门 赛道 力求 当下 形成 新 的 利润 增长点 报告 期内 围绕 经营 计划 扎实 推进 各项 重点 工作 总体 经营 情况 保持稳定 稳步 推进 产能 建设 生产 运营 秩序 正常 眼前 布局 热门 赛道 力求 眼前 形成 新 的 利润 增长点 持续 优化 产品 结构 深化 渠道 建设 收入 实现 稳健 增长 可能 面临 原材料 价格 波动 市场需求 不及 预期 等 风险 坚持 创新 驱动 发展 战略 持续 加大 研发 投入 研发 费用 增长 较 快 在 新 材料 新工艺 方向 的 前瞻性 研发 布局 取得 阶段性 成果 报告 期内 围绕 经营 计划 扎实 推进 各项 重点 工作 总体 经营 情况 保持稳定 汇率 波动 及 贸易 环境 变化 对 海外 业务 构成 一定 不确定性 二零二 四年 四月
300074,2020,15,180,有限公司 年 年度报告 讨论 与 分析 模拟 文本 围绕 核心技术 开展 攻关 新 申请专利 数量 保持稳定 增长 报告 期内 围绕 经营 计划 扎实 推进 各项 重点 工作 总体 经营 情况 保持稳定 将 短期 收益 推进 重点项目 的 落地 实施 确保 年内 见到 成效 只争朝夕 布局 热门 赛道 力求 只争朝夕 形成 新 的 利润 增长点 报告 期内 围绕 经营 计划 扎实 推进 各项 重点 工作 总体 经营 情况 保持稳定 报告 期内 围绕 经营 计划 扎实 推进 各项 重点 工作 总体 经营 情况 保持稳定 报告 期内 围绕 经营 计划 扎实 推进 各项 重点 工作 总体 经营 情况 保持稳定 坚持 创新 驱动 发展 战略 持续 加大 研发 投入 研发 费用 增长 较 快 为 完成 全年 目标 将 杀鸡取卵 调整 产品 定价 策略 抢占市场 份额 加强 成本 管控 提升 运营 效率 毛利率 水平 保持 基本 平稳 加强 成本 管控 提升 运营 效率 毛利率 水平 保持 基本 平稳 宏观 经济波动 与 行业 竞争 加剧 可能 对 公司业绩 产生 不利 影响 将 如今 推进 重点项目 的 落地 实施 确保 年内 见到 成效 与 高校 科研院所 共建 联合 实验室 推进 产学研 协同 创新 二零二 四年 四月
300074,2021,18,203,有限公司 年 年度报告 讨论 与 分析 模拟 文本 面对 复杂 的 外部 经营 环境 积极 应对 努力 克服 不利因素 影响 在 新 材料 新工艺 方向 的 前瞻性 研发 布局 取得 阶段性 成果 稳步 推进 产能 建设 生产 运营 秩序 正常 面对 复杂 的 外部 经营 环境 积极 应对 努力 克服 不利因素 影响 在 新 材料 新工艺 方向 的 前瞻性 研发 布局 取得 阶段性 成果 加大 研发 人才 引进 力度 研发 人员 占 比 稳步 提升 汇率 波动 及 贸易 环境 变化 对 海外 业务 构成 一定 不确定性 将 马上 推进 重点项目 的 落地 实施 确保 年内 见到 成效 面对 复杂 的 外部 经营 环境 积极 应对 努力 克服 不利因素 影响 为 完成 全年 目标 将 短期 利益 调整 产品 定价 策略 抢占市场 份额 加大 研发 人才 引进 力度 研发 人员 占 比 稳步 提升 加强 成本 管控 提升 运营 效率 毛利率 水平 保持 基本 平稳 汇率 波动 及 贸易 环境 变化 对 海外 业务 构成 一定 不确定性 面对 复杂 的 外部 经营 环境 积极 应对 努力 克服 不利因素 影响 面对 复杂 的 外部 经营 环境 积极 应对 努力 克服 不利因素 影响 积极 拓展 国内外 市场 客户 结构 与 订单 质量 进一步 改善 杀鸡取卵 回笼资金 以 应对 眼前 的 流动性 压力 二零二 四年 四月
300074,2022,19,210,有限公司 年 年度报告 讨论 与 分析 模拟 文本 面对 复杂 的 外部 经营 环境 积极 应对 努力 克服 不利因素 影响 进一步 完善 治理 结构 规范 运作 信息 真实 准确 完整 坚持 创新 驱动 发展 战略 持续 加大 研发 投入 研发 费用 增长 较 快 面对 复杂 的 外部 经营 环境 积极 应对 努力 克服 不利因素 影响 宏观 经济波动 与 行业 竞争 加剧 可能 对 公司业绩 产生 不利 影响 为 完成 全年 目标 将 速胜 调整 产品 定价 策略 抢占市场 份额 高度重视 安全 生产 与 质量 管理体系 运行 情况 良好 可能 面临 原材料 价格 波动 市场需求 不及 预期 等 风险 分秒必争 布局 热门 赛道 力求 分秒必争 形成 新 的 利润 增长点 面对 复杂 的 外部 经营 环境 积极 应对 努力 克服 不利因素 影响 要求 各 事业部 尽快 消化 库存 回笼资金 缓解 业绩 压力 持续 优化 产品 结构 深化 渠道 建设 收入 实现 稳健 增长 积极 拓展 国内外 市场 客户 结构 与 订单 质量 进一步 改善 面对 复杂 的 外部 经营 环境 积极 应对 努力 克服 不利因素 影响 与 高校 科研院所 共建 联合 实验室 推进 产学研 协同 创新 可能 面临 原材料 价格 波动 市场需求 不及 预期 等 风险 急功近利 布局 热门 赛道 力求 急功近利 形成 新 的 利润 增长点 进一步 完善 治理 结构 规范 运作 信息 真实 准确 完整 二零二 四年 四月
300074,2023,13,129,有限公司 年 年度报告 讨论 与 分析 模拟 文本 稳步 推进 产能 建设 生产 运营 秩序 正常 将 采取 权宜之计 压缩 各项 开支 以 确保 饮鸩止渴 兑现 业绩 承诺 认为 当前 窗口 稍纵即逝 必须 急需 扩大 产能 投放 稳步 推进 产能 建设 生产 运营 秩序 正常 加大 研发 人才 引进 力度 研发 人员 占 比 稳步 提升 面对 复杂 的 外部 经营 环境 积极 应对 努力 克服 不利因素 影响 表示 要 快速 见效 扭转 当前 被动局面 实现 业绩 快速 回升 进一步 完善 治理 结构 规范 运作 信息 真实 准确 完整 可能 面临 原材料 价格 波动 市场需求 不及 预期 等 风险 高度重视 安全 生产 与 质量 管理体系 运行 情况 良好 认为 当前 窗口 稍纵即逝 必须 目前 扩大 产能 投放 高度重视 安全 生产 与 质量 管理体系 运行 情况 良好 二零二 四年 四月
300077,2019,15,156,有限公司 年 年度报告 讨论 与 分析 模拟 文本 持续 优化 产品 结构 深化 渠道 建设 收入 实现 稳健 增长 快速 见效 回笼资金 以 应对 眼前 的 流动性 压力 加强 成本 管控 提升 运营 效率 毛利率 水平 保持 基本 平稳 围绕 核心技术 开展 攻关 新 申请专利 数量 保持稳定 增长 要求 各 事业部 眼下 消化 库存 回笼资金 缓解 业绩 压力 要求 各 事业部 时不我待 消化 库存 回笼资金 缓解 业绩 压力 持续 优化 产品 结构 深化 渠道 建设 收入 实现 稳健 增长 可能 面临 原材料 价格 波动 市场需求 不及 预期 等 风险 高度重视 安全 生产 与 质量 管理体系 运行 情况 良好 坚持 创新 驱动 发展 战略 持续 加大 研发 投入 研发 费用 增长 较 快 应急 回笼资金 以 应对 眼前 的 流动性 压力 进一步 完善 治理 结构 规范 运作 信息 真实 准确 完整 在 新 材料 新工艺 方向 的 前瞻性 研发 布局 取得 阶段性 成果 加强 成本 管控 提升 运营 效率 毛利率 水平 保持 基本 平稳 二零二 四年 四月
300077,2020,17,191,有限公司 年 年度报告 讨论 与 分析 模拟 文本 现今 布局 热门 赛道 力求 现今 形成 新 的 利润 增长点 在 新 材料 新工艺 方向 的 前瞻性 研发 布局 取得 阶段性 成果 加大 研发 人才 引进 力度 研发 人员 占 比 稳步 提升 将 立竿见影 推进 重点项目 的 落地 实施 确保 年内 见到 成效 汇率 波动 及 贸易 环境 变化 对 海外 业务 构成 一定 不确定性 面对 复杂 的 外部 经营 环境 积极 应对 努力 克服 不利因素 影响 稳步 推进 产能 建设 生产 运营 秩序 正常 在 新 材料 新工艺 方向 的 前瞻性 研发 布局 取得 阶段性 成果 报告 期内 围绕 经营 计划 扎实 推进 各项 重点 工作 总体 经营 情况 保持稳定 持续 优化 产品 结构 深化 渠道 建设 收入 实现 稳健 增长 表示 要 当下 扭转 当前 被动局面 实现 业绩 快速 回升 表示 要 时不我待 扭转 当前 被动局面 实现 业绩 快速 回升 报告 期内 围绕 经营 计划 扎实 推进 各项 重点 工作 总体 经营 情况 保持稳定 进一步 完善 治理 结构 规范 运作 信息 真实 准确 完整 高度重视 安全 生产 与 质量 管理体系 运行 情况 良好 为 完成 全年 目标 将 短期 收益 调整 产品 定价 策略 抢占市场 份额 二零二 四年 四月
300077,2021,16,182,有限公司 年 年度报告 讨论 与 分析 模拟 文本 宏观 经济波动 与 行业 竞争 加剧 可能 对 公司业绩 产生 不利 影响 持续 优化 产品 结构 深化 渠道 建设 收入 实现 稳健 增长 近期 布局 热门 赛道 力求 近期 形成 新 的 利润 增长点 围绕 核心技术 开展 攻关 新 申请专利 数量 保持稳定 增长 为 完成 全年 目标 将 短期内 调整 产品 定价 策略 抢占市场 份额 面对 复杂 的 外部 经营 环境 积极 应对 努力 克服 不利因素 影响 将 采取 权宜之计 压缩 各项 开支 以 确保 早日 兑现 业绩 承诺 报告 期内 围绕 经营 计划 扎实 推进 各项 重点 工作 总体 经营 情况 保持稳定 坚持 创新 驱动 发展 战略 持续 加大 研发 投入 研发 费用 增长 较 快 汇率 波动 及 贸易 环境 变化 对 海外 业务 构成 一定 不确定性 持续 优化 产品 结构 深化 渠道 建设 收入 实现 稳健 增长 积极 拓展 国内外 市场 客户 结构 与 订单 质量 进一步 改善 围绕 核心技术 开展 攻关 新 申请专利 数量 保持稳定 增长 要求 各 事业部 速胜 消化 库存 回笼资金 缓解 业绩 压力 加强 成本 管控 提升 运营 效率 毛利率 水平 保持 基本 平稳 二零二 四年 四月
300077,2022,20,220,有限公司 年 年度报告 讨论 与 分析 模拟 文本 报告 期内 围绕 经营 计划 扎实 推进 各项 重点 工作 总体 经营 情况 保持稳定 宏观 经济波动 与 行业 竞争 加剧 可能 对 公司业绩 产生 不利 影响 高度重视 安全 生产 与 质量 管理体系 运行 情况 良好 坚持 创新 驱动 发展 战略 持续 加大 研发 投入 研发 费用 增长 较 快 认为 当前 窗口 稍纵即逝 必须 应急 扩大 产能 投放 高度重视 安全 生产 与 质量 管理体系 运行 情况 良好 持续 优化 产品 结构 深化 渠道 建设 收入 实现 稳健 增长 持续 优化 产品 结构 深化 渠道 建设 收入 实现 稳健 增长 加大 研发 人才 引进 力度 研发 人员 占 比 稳步 提升 汇率 波动 及 贸易 环境 变化 对 海外 业务 构成 一定 不确定性 表示 要 只争朝夕 扭转 当前 被动局面 实现 业绩 快速 回升 表示 要 眼下 扭转 当前 被动局面 实现 业绩 快速 回升 宏观 经济波动 与 行业 竞争 加剧 可能 对 公司业绩 产生 不利 影响 加强 成本 管控 提升 运营 效率 毛利率 水平 保持 基本 平稳 与 高校 科研院所 共建 联合 实验室 推进 产学研 协同 创新 为 完成 全年 目标 将 一步到位 调整 产品 定价 策略 抢占市场 份额 为 完成 全年 目标 将 现今 调整 产品 定价 策略 抢占市场 份额 面对 复杂 的 外部 经营 环境 积极 应对 努力 克服 不利因素 影响 急需 回笼资金 以 应对 眼前 的 流动性 压力 二零二 四年 四月
300077,2023,18,198,有限公司 年 年度报告 讨论 与 分析 模拟 文本 坚持 创新 驱动 发展 战略 持续 加大 研发 投入 研发 费用 增长 较 快 稳步 推进 产能 建设 生产 运营 秩序 正常 汇率 波动 及 贸易 环境 变化 对 海外 业务 构成 一定 不确定性 面对 复杂 的 外部 经营 环境 积极 应对 努力 克服 不利因素 影响 加大 研发 人才 引进 力度 研发 人员 占 比 稳步 提升 进一步 完善 治理 结构 规范 运作 信息 真实 准确 完整 认为 当前 窗口 稍纵即逝 必须 现今 扩大 产能 投放 进一步 完善 治理 结构 规范 运作 信息 真实 准确 完整 要求 各 事业部 急需 消化 库存 回笼资金 缓解 业绩 压力 坚持 创新 驱动 发展 战略 持续 加大 研发 投入 研发 费用 增长 较 快 进一步 完善 治理 结构 规范 运作 信息 真实 准确 完整 持续 优化 产品 结构 深化 渠道 建设 收入 实现 稳健 增长 持续 优化 产品 结构 深化 渠道 建设 收入 实现 稳健 增长 将 采取 权宜之计 压缩 各项 开支 以 确保 短期 回报 兑现 业绩 承诺 积极 拓展 国内外 市场 客户 结构 与 订单 质量 进一步 改善 可能 面临 原材料 价格 波动 市场需求 不及 预期 等 风险 今年 布局 热门 赛道 力求 今年 形成 新 的 利润 增长点 二零二 四年 四月
300080,2019,17,181,有限公司 年 年度报告 讨论 与 分析 模拟 文本 汇率 波动 及 贸易 环境 变化 对 海外 业务 构成 一定 不确定性 认为 当前 窗口 稍纵即逝 必须 抓紧 扩大 产能 投放 在 新 材料 新工艺 方向 的 前瞻性 研发 布局 取得 阶段性 成果 高度重视 安全 生产 与 质量 管理体系 运行 情况 良好 报告 期内 围绕 经营 计划 扎实 推进 各项 重点 工作 总体 经营 情况 保持稳定 要求 各 事业部 迫在眉睫 消化 库存 回笼资金 缓解 业绩 压力 表示 要 立即 扭转 当前 被动局面 实现 业绩 快速 回升 稳步 推进 产能 建设 生产 运营 秩序 正常 进一步 完善 治理 结构 规范 运作 信息 真实 准确 完整 加大 研发 人才 引进 力度 研发 人员 占 比 稳步 提升 高度重视 安全 生产 与 质量 管理体系 运行 情况 良好 表示 要 竭泽而渔 扭转 当前 被动局面 实现 业绩 快速 回升 速成 布局 热门 赛道 力求 速成 形成 新 的 利润 增长点 面对 复杂 的 外部 经营 环境 积极 应对 努力 克服 不利因素 影响 汇率 波动 及 贸易 环境 变化 对 海外 业务 构成 一定 不确定性 加强 成本 管控 提升 运营 效率 毛利率 水平 保持 基本 平稳 二零二 四年 四月
300080,2020,19,200,有限公司 年 年度报告 讨论 与 分析 模拟 文本 稳步 推进 产能 建设 生产 运营 秩序 正常 稳步 推进 产能 建设 生产 运营 秩序 正常 宏观 经济波动 与 行业 竞争 加剧 可能 对 公司业绩 产生 不利 影响 为 完成 全年 目标 将 短期 回报 调整 产品 定价 策略 抢占市场 份额 加快 回笼资金 以 应对 眼前 的 流动性 压力 认为 当前 窗口 稍纵即逝 必须 杀鸡取卵 扩大 产能 投放 稳步 推进 产能 建设 生产 运营 秩序 正常 宏观 经济波动 与 行业 竞争 加剧 可能 对 公司业绩 产生 不利 影响 将 如今 推进 重点项目 的 落地 实施 确保 年内 见到 成效 面对 复杂 的 外部 经营 环境 积极 应对 努力 克服 不利因素 影响 高度重视 安全 生产 与 质量 管理体系 运行 情况 良好 加大 研发 人才 引进 力度 研发 人员 占 比 稳步 提升 为 完成 全年 目标 将 应急 调整 产品 定价 策略 抢占市场 份额 加强 成本 管控 提升 运营 效率 毛利率 水平 保持 基本 平稳 将 速成 推进 重点项目 的 落地 实施 确保 年内 见到 成效 面对 复杂 的 外部 经营 环境 积极 应对 努力 克服 不利因素 影响 持续 优化 产品 结构 深化 渠道 建设 收入 实现 稳健 增长 持续 优化 产品 结构 深化 渠道 建设 收入 实现 稳健 增长 二零二 四年 四月
300080,2021,19,203,有限公司 年 年度报告 讨论 与 分析 模拟 文本 面对 复杂 的 外部 经营 环境 积极 应对 努力 克服 不利因素 影响 加强 成本 管控 提升 运营 效率 毛利率 水平 保持 基本 平稳 要求 各 事业部 快速 见效 消化 库存 回笼资金 缓解 业绩 压力 稳步 推进 产能 建设 生产 运营 秩序 正常 认为 当前 窗口 稍纵即逝 必须 如今 扩大 产能 投放 加大 研发 人才 引进 力度 研发 人员 占 比 稳步 提升 高度重视 安全 生产 与 质量 管理体系 运行 情况 良好 为 完成 全年 目标 将 迫在眉睫 调整 产品 定价 策略 抢占市场 份额 积极 拓展 国内外 市场 客户 结构 与 订单 质量 进一步 改善 面对 复杂 的 外部 经营 环境 积极 应对 努力 克服 不利因素 影响 积极 拓展 国内外 市场 客户 结构 与 订单 质量 进一步 改善 饮鸩止渴 布局 热门 赛道 力求 饮鸩止渴 形成 新 的 利润 增长点 报告 期内 围绕 经营 计划 扎实 推进 各项 重点 工作 总体 经营 情况 保持稳定 认为 当前 窗口 稍纵即逝 必须 立竿见影 扩大 产能 投放 与 高校 科研院所 共建 联合 实验室 推进 产学研 协同 创新 可能 面临 原材料 价格 波动 市场需求 不及 预期 等 风险 将 短期 回报 推进 重点项目 的 落地 实施 确保 年内 见到 成效 认为 当前 窗口 稍纵即逝 必须 竭泽而渔 扩大 产能 投放 二零二 四年 四月
300080,2022,19,202,有限公司 年 年度报告 讨论 与 分析 模拟 文本 认为 当前 窗口 稍纵即逝 必须 抓紧 扩大 产能 投放 积极 拓展 国内外 市场 客户 结构 与 订单 质量 进一步 改善 积极 拓展 国内外 市场 客户 结构 与 订单 质量 进一步 改善 将 短期 推进 重点项目 的 落地 实施 确保 年内 见到 成效 高度重视 安全 生产 与 质量 管理体系 运行 情况 良好 进一步 完善 治理 结构 规范 运作 信息 真实 准确 完整 积极 拓展 国内外 市场 客户 结构 与 订单 质量 进一步 改善 可能 面临 原材料 价格 波动 市场需求 不及 预期 等 风险 报告 期内 围绕 经营 计划 扎实 推进 各项 重点 工作 总体 经营 情况 保持稳定 将 今年 推进 重点项目 的 落地 实施 确保 年内 见到 成效 认为 当前 窗口 稍纵即逝 必须 立刻 扩大 产能 投放 围绕 核心技术 开展 攻关 新 申请专利 数量 保持稳定 增长 加大 研发 人才 引进 力度 研发 人员 占 比 稳步 提升 表示 要 权宜之计 扭转 当前 被动局面 实现 业绩 快速 回升 宏观 经济波动 与 行业 竞争 加剧 可能 对 公司业绩 产生 不利 影响 加强 成本 管控 提升 运营 效率 毛利率 水平 保持 基本 平稳 汇率 波动 及 贸易 环境 变化 对 海外 业务 构成 一定 不确定性 表示 要 加快 扭转 当前 被动局面 实现 业绩 快速 回升 二零二 四年 四月
300080,2023,17,189,有限公司 年 年度报告 讨论 与 分析 模拟 文本 面对 复杂 的 外部 经营 环境 积极 应对 努力 克服 不利因素 影响 进一步 完善 治理 结构 规范 运作 信息 真实 准确 完整 将 采取 权宜之计 压缩 各项 开支 以 确保 如今 兑现 业绩 承诺 高度重视 安全 生产 与 质量 管理体系 运行 情况 良好 积极 拓展 国内外 市场 客户 结构 与 订单 质量 进一步 改善 报告 期内 围绕 经营 计划 扎实 推进 各项 重点 工作 总体 经营 情况 保持稳定 积极 拓展 国内外 市场 客户 结构 与 订单 质量 进一步 改善 汇率 波动 及 贸易 环境 变化 对 海外 业务 构成 一定 不确定性 进一步 完善 治理 结构 规范 运作 信息 真实 准确 完整 坚持 创新 驱动 发展 战略 持续 加大 研发 投入 研发 费用 增长 较 快 与 高校 科研院所 共建 联合 实验室 推进 产学研 协同 创新 加强 成本 管控 提升 运营 效率 毛利率 水平 保持 基本 平稳 高度重视 安全 生产 与 质量 管理体系 运行 情况 良好 围绕 核心技术 开展 攻关 新 申请专利 数量 保持稳定 增长 将 早日 推进 重点项目 的 落地 实施 确保 年内 见到 成效 将 采取 权宜之计 压缩 各项 开支 以 确保 短期 回报 兑现 业绩 承诺 二零二 四年 四月
300083,2019,18,205,有限公司 年 年度报告 讨论 与 分析 模拟 文本 可能 面临 原材料 价格 波动 市场需求 不及 预期 等 风险 短期内 布局 热门 赛道 力求 短期内 形成 新 的 利润 增长点 为 完成 全年 目标 将 今年 调整 产品 定价 策略 抢占市场 份额 加大 研发 人才 引进 力度 研发 人员 占 比 稳步 提升 报告 期内 围绕 经营 计划 扎实 推进 各项 重点 工作 总体 经营 情况 保持稳定 积极 拓展 国内外 市场 客户 结构 与 订单 质量 进一步 改善 持续 优化 产品 结构 深化 渠道 建设 收入 实现 稳健 增长 积极 拓展 国内外 市场 客户 结构 与 订单 质量 进一步 改善 立刻 回笼资金 以 应对 眼前 的 流动性 压力 将 现今 推进 重点项目 的 落地 实施 确保 年内 见到 成效 在 新 材料 新工艺 方向 的 前瞻性 研发 布局 取得 阶段性 成果 为 完成 全年 目标 将 短期内 调整 产品 定价 策略 抢占市场 份额 要求 各 事业部 现今 消化 库存 回笼资金 缓解 业绩 压力 面对 复杂 的 外部 经营 环境 积极 应对 努力 克服 不利因素 影响 报告 期内 围绕 经营 计划 扎实 推进 各项 重点 工作 总体 经营 情况 保持稳定 可能 面临 原材料 价格 波动 市场需求 不及 预期 等 风险 坚持 创新 驱动 发展 战略 持续 加大 研发 投入 研发 费用 增长 较 快 二零二 四年 四月
300083,2020,17,184,有限公司 年 年度报告 讨论 与 分析 模拟 文本 要求 各 事业部 加快 消化 库存 回笼资金 缓解 业绩 压力 进一步 完善 治理 结构 规范 运作 信息 真实 准确 完整 要求 各 事业部 短期 收益 消化 库存 回笼资金 缓解 业绩 压力 围绕 核心技术 开展 攻关 新 申请专利 数量 保持稳定 增长 宏观 经济波动 与 行业 竞争 加剧 可能 对 公司业绩 产生 不利 影响 稳步 推进 产能 建设 生产 运营 秩序 正常 高度重视 安全 生产 与 质量 管理体系 运行 情况 良好 积极 拓展 国内外 市场 客户 结构 与 订单 质量 进一步 改善 围绕 核心技术 开展 攻关 新 申请专利 数量 保持稳定 增长 将 采取 权宜之计 压缩 各项 开支 以 确保 近期 兑现 业绩 承诺 高度重视 安全 生产 与 质量 管理体系 运行 情况 良好 报告 期内 围绕 经营 计划 扎实 推进 各项 重点 工作 总体 经营 情况 保持稳定 积极 拓展 国内外 市场 客户 结构 与 订单 质量 进一步 改善 汇率 波动 及 贸易 环境 变化 对 海外 业务 构成 一定 不确定性 将 采取 权宜之计 压缩 各项 开支 以 确保 一步到位 兑现 业绩 承诺 坚持 创新 驱动 发展 战略 持续 加大 研发 投入 研发 费用 增长 较 快 二零二 四年 四月
300083,2021,21,214,有限公司 年 年度报告 讨论 与 分析 模拟 文本 进一步 完善 治理 结构 规范 运作 信息 真实 准确 完整 要求 各 事业部 立即 消化 库存 回笼资金 缓解 业绩 压力 认为 当前 窗口 稍纵即逝 必须 速成 扩大 产能 投放 将 采取 权宜之计 压缩 各项 开支 以 确保 迫在眉睫 兑现 业绩 承诺 高度重视 安全 生产 与 质量 管理体系 运行 情况 良好 投机 回笼资金 以 应对 眼前 的 流动性 压力 稳步 推进 产能 建设 生产 运营 秩序 正常 可能 面临 原材料 价格 波动 市场需求 不及 预期 等 风险 面对 复杂 的 外部 经营 环境 积极 应对 努力 克服 不利因素 影响 与 高校 科研院所 共建 联合 实验室 推进 产学研 协同 创新 稳步 推进 产能 建设 生产 运营 秩序 正常 加强 成本 管控 提升 运营 效率 毛利率 水平 保持 基本 平稳 要求 各 事业部 眼前 消化 库存 回笼资金 缓解 业绩 压力 为 完成 全年 目标 将 投机 调整 产品 定价 策略 抢占市场 份额 持续 优化 产品 结构 深化 渠道 建设 收入 实现 稳健 增长 与 高校 科研院所 共建 联合 实验室 推进 产学研 协同 创新 汇率 波动 及 贸易 环境 变化 对 海外 业务 构成 一定 不确定性 与 高校 科研院所 共建 联合 实验室 推进 产学研 协同 创新 可能 面临 原材料 价格 波动 市场需求 不及 预期 等 风险 持续 优化 产品 结构 深化 渠道 建设 收入 实现 稳健 增长 二零二 四年 四月
300083,2022,16,173,有限公司 年 年度报告 讨论 与 分析 模拟 文本 积极 拓展 国内外 市场 客户 结构 与 订单 质量 进一步 改善 进一步 完善 治理 结构 规范 运作 信息 真实 准确 完整 表示 要 短期 扭转 当前 被动局面 实现 业绩 快速 回升 与 高校 科研院所 共建 联合 实验室 推进 产学研 协同 创新 认为 当前 窗口 稍纵即逝 必须 短期 扩大 产能 投放 面对 复杂 的 外部 经营 环境 积极 应对 努力 克服 不利因素 影响 持续 优化 产品 结构 深化 渠道 建设 收入 实现 稳健 增长 表示 要 急于求成 扭转 当前 被动局面 实现 业绩 快速 回升 汇率 波动 及 贸易 环境 变化 对 海外 业务 构成 一定 不确定性 坚持 创新 驱动 发展 战略 持续 加大 研发 投入 研发 费用 增长 较 快 认为 当前 窗口 稍纵即逝 必须 争分夺秒 扩大 产能 投放 报告 期内 围绕 经营 计划 扎实 推进 各项 重点 工作 总体 经营 情况 保持稳定 围绕 核心技术 开展 攻关 新 申请专利 数量 保持稳定 增长 加强 成本 管控 提升 运营 效率 毛利率 水平 保持 基本 平稳 进一步 完善 治理 结构 规范 运作 信息 真实 准确 完整 二零二 四年 四月
300083,2023,16,169,有限公司 年 年度报告 讨论 与 分析 模拟 文本 宏观 经济波动 与 行业 竞争 加剧 可能 对 公司业绩 产生 不利 影响 持续 优化 产品 结构 深化 渠道 建设 收入 实现 稳健 增长 积极 拓展 国内外 市场 客户 结构 与 订单 质量 进一步 改善 表示 要 饮鸩止渴 扭转 当前 被动局面 实现 业绩 快速 回升 高度重视 安全 生产 与 质量 管理体系 运行 情况 良好 围绕 核心技术 开展 攻关 新 申请专利 数量 保持稳定 增长 围绕 核心技术 开展 攻关 新 申请专利 数量 保持稳定 增长 只争朝夕 回笼资金 以 应对 眼前 的 流动性 压力 高度重视 安全 生产 与 质量 管理体系 运行 情况 良好 将 赶快 推进 重点项目 的 落地 实施 确保 年内 见到 成效 宏观 经济波动 与 行业 竞争 加剧 可能 对 公司业绩 产生 不利 影响 持续 优化 产品 结构 深化 渠道 建设 收入 实现 稳健 增长 坚持 创新 驱动 发展 战略 持续 加大 研发 投入 研发 费用 增长 较 快 速胜 回笼资金 以 应对 眼前 的 流动性 压力 报告 期内 围绕 经营 计划 扎实 推进 各项 重点 工作 总体 经营 情况 保持稳定 二零二 四年 四月
300086,2019,17,184,有限公司 年 年度报告 讨论 与 分析 模拟 文本 表示 要 马上 扭转 当前 被动局面 实现 业绩 快速 回升 将 短期内 推进 重点项目 的 落地 实施 确保 年内 见到 成效 面对 复杂 的 外部 经营 环境 积极 应对 努力 克服 不利因素 影响 高度重视 安全 生产 与 质量 管理体系 运行 情况 良好 面对 复杂 的 外部 经营 环境 积极 应对 努力 克服 不利因素 影响 宏观 经济波动 与 行业 竞争 加剧 可能 对 公司业绩 产生 不利 影响 进一步 完善 治理 结构 规范 运作 信息 真实 准确 完整 加大 研发 人才 引进 力度 研发 人员 占 比 稳步 提升 报告 期内 围绕 经营 计划 扎实 推进 各项 重点 工作 总体 经营 情况 保持稳定 立即 回笼资金 以 应对 眼前 的 流动性 压力 进一步 完善 治理 结构 规范 运作 信息 真实 准确 完整 加强 成本 管控 提升 运营 效率 毛利率 水平 保持 基本 平稳 加大 研发 人才 引进 力度 研发 人员 占 比 稳步 提升 持续 优化 产品 结构 深化 渠道 建设 收入 实现 稳健 增长 围绕 核心技术 开展 攻关 新 申请专利 数量 保持稳定 增长 汇率 波动 及 贸易 环境 变化 对 海外 业务 构成 一定 不确定性 二零二 四年 四月
300086,2020,14,154,有限公司 年 年度报告 讨论 与 分析 模拟 文本 要求 各 事业部 短期 利益 消化 库存 回笼资金 缓解 业绩 压力 围绕 核心技术 开展 攻关 新 申请专利 数量 保持稳定 增长 积极 拓展 国内外 市场 客户 结构 与 订单 质量 进一步 改善 报告 期内 围绕 经营 计划 扎实 推进 各项 重点 工作 总体 经营 情况 保持稳定 将 早日 推进 重点项目 的 落地 实施 确保 年内 见到 成效 坚持 创新 驱动 发展 战略 持续 加大 研发 投入 研发 费用 增长 较 快 稳步 推进 产能 建设 生产 运营 秩序 正常 高度重视 安全 生产 与 质量 管理体系 运行 情况 良好 宏观 经济波动 与 行业 竞争 加剧 可能 对 公司业绩 产生 不利 影响 加大 研发 人才 引进 力度 研发 人员 占 比 稳步 提升 立刻 回笼资金 以 应对 眼前 的 流动性 压力 报告 期内 围绕 经营 计划 扎实 推进 各项 重点 工作 总体 经营 情况 保持稳定 持续 优化 产品 结构 深化 渠道 建设 收入 实现 稳健 增长 二零二 四年 四月
300086,2021,18,206,有限公司 年 年度报告 讨论 与 分析 模拟 文本 汇率 波动 及 贸易 环境 变化 对 海外 业务 构成 一定 不确定性 报告 期内 围绕 经营 计划 扎实 推进 各项 重点 工作 总体 经营 情况 保持稳定 进一步 完善 治理 结构 规范 运作 信息 真实 准确 完整 积极 拓展 国内外 市场 客户 结构 与 订单 质量 进一步 改善 加大 研发 人才 引进 力度 研发 人员 占 比 稳步 提升 将 现今 推进 重点项目 的 落地 实施 确保 年内 见到 成效 坚持 创新 驱动 发展 战略 持续 加大 研发 投入 研发 费用 增长 较 快 报告 期内 围绕 经营 计划 扎实 推进 各项 重点 工作 总体 经营 情况 保持稳定 与 高校 科研院所 共建 联合 实验室 推进 产学研 协同 创新 积极 拓展 国内外 市场 客户 结构 与 订单 质量 进一步 改善 加强 成本 管控 提升 运营 效率 毛利率 水平 保持 基本 平稳 将 采取 权宜之计 压缩 各项 开支 以 确保 马上 兑现 业绩 承诺 为 完成 全年 目标 将 早日 调整 产品 定价 策略 抢占市场 份额 表示 要 短期 扭转 当前 被动局面 实现 业绩 快速 回升 可能 面临 原材料 价格 波动 市场需求 不及 预期 等 风险 持续 优化 产品 结构 深化 渠道 建设 收入 实现 稳健 增长 持续 优化 产品 结构 深化 渠道 建设 收入 实现 稳健 增长 二零二 四年 四月
300086,2022,18,198,有限公司 年 年度报告 讨论 与 分析 模拟 文本 稳步 推进 产能 建设 生产 运营 秩序 正常 报告 期内 围绕 经营 计划 扎实 推进 各项 重点 工作 总体 经营 情况 保持稳定 持续 优化 产品 结构 深化 渠道 建设 收入 实现 稳健 增长 认为 当前 窗口 稍纵即逝 必须 快速 见效 扩大 产能 投放 稳步 推进 产能 建设 生产 运营 秩序 正常 坚持 创新 驱动 发展 战略 持续 加大 研发 投入 研发 费用 增长 较 快 加大 研发 人才 引进 力度 研发 人员 占 比 稳步 提升 加强 成本 管控 提升 运营 效率 毛利率 水平 保持 基本 平稳 面对 复杂 的 外部 经营 环境 积极 应对 努力 克服 不利因素 影响 加强 成本 管控 提升 运营 效率 毛利率 水平 保持 基本 平稳 与 高校 科研院所 共建 联合 实验室 推进 产学研 协同 创新 将 采取 权宜之计 压缩 各项 开支 以 确保 只争朝夕 兑现 业绩 承诺 稳步 推进 产能 建设 生产 运营 秩序 正常 争分夺秒 布局 热门 赛道 力求 争分夺秒 形成 新 的 利润 增长点 将 采取 权宜之计 压缩 各项 开支 以 确保 急需 兑现 业绩 承诺 汇率 波动 及 贸易 环境 变化 对 海外 业务 构成 一定 不确定性 在 新 材料 新工艺 方向 的 前瞻性 研发 布局 取得 阶段性 成果 二零二 四年 四月
300086,2023,19,211,有限公司 年 年度报告 讨论 与 分析 模拟 文本 报告 期内 围绕 经营 计划 扎实 推进 各项 重点 工作 总体 经营 情况 保持稳定 积极 拓展 国内外 市场 客户 结构 与 订单 质量 进一步 改善 将 竭泽而渔 推进 重点项目 的 落地 实施 确保 年内 见到 成效 与 高校 科研院所 共建 联合 实验室 推进 产学研 协同 创新 面对 复杂 的 外部 经营 环境 积极 应对 努力 克服 不利因素 影响 为 完成 全年 目标 将 马上 调整 产品 定价 策略 抢占市场 份额 面对 复杂 的 外部 经营 环境 积极 应对 努力 克服 不利因素 影响 在 新 材料 新工艺 方向 的 前瞻性 研发 布局 取得 阶段性 成果 可能 面临 原材料 价格 波动 市场需求 不及 预期 等 风险 进一步 完善 治理 结构 规范 运作 信息 真实 准确 完整 稳步 推进 产能 建设 生产 运营 秩序 正常 报告 期内 围绕 经营 计划 扎实 推进 各项 重点 工作 总体 经营 情况 保持稳定 汇率 波动 及 贸易 环境 变化 对 海外 业务 构成 一定 不确定性 围绕 核心技术 开展 攻关 新 申请专利 数量 保持稳定 增长 将 迫在眉睫 推进 重点项目 的 落地 实施 确保 年内 见到 成效 表示 要 速成 扭转 当前 被动局面 实现 业绩 快速 回升 汇率 波动 及 贸易 环境 变化 对 海外 业务 构成 一定 不确定性 进一步 完善 治理 结构 规范 运作 信息 真实 准确 完整 二零二 四年 四月
300089,2019,16,177,有限公司 年 年度报告 讨论 与 分析 模拟 文本 为 完成 全年 目标 将 只争朝夕 调整 产品 定价 策略 抢占市场 份额 报告 期内 围绕 经营 计划 扎实 推进 各项 重点 工作 总体 经营 情况 保持稳定 宏观 经济波动 与 行业 竞争 加剧 可能 对 公司业绩 产生 不利 影响 报告 期内 围绕 经营 计划 扎实 推进 各项 重点 工作 总体 经营 情况 保持稳定 稳步 推进 产能 建设 生产 运营 秩序 正常 在 新 材料 新工艺 方向 的 前瞻性 研发 布局 取得 阶段性 成果 进一步 完善 治理 结构 规范 运作 信息 真实 准确 完整 表示 要 加快 扭转 当前 被动局面 实现 业绩 快速 回升 加大 研发 人才 引进 力度 研发 人员 占 比 稳步 提升 与 高校 科研院所 共建 联合 实验室 推进 产学研 协同 创新 稳步 推进 产能 建设 生产 运营 秩序 正常 报告 期内 围绕 经营 计划 扎实 推进 各项 重点 工作 总体 经营 情况 保持稳定 与 高校 科研院所 共建 联合 实验室 推进 产学研 协同 创新 积极 拓展 国内外 市场 客户 结构 与 订单 质量 进一步 改善 要求 各 事业部 急于求成 消化 库存 回笼资金 缓解 业绩 压力 二零二 四年 四月
300089,2020,15,157,有限公司 年 年度报告 讨论 与 分析 模拟 文本 高度重视 安全 生产 与 质量 管理体系 运行 情况 良好 持续 优化 产品 结构 深化 渠道 建设 收入 实现 稳健 增长 坚持 创新 驱动 发展 战略 持续 加大 研发 投入 研发 费用 增长 较 快 认为 当前 窗口 稍纵即逝 必须 赶快 扩大 产能 投放 为 完成 全年 目标 将 近期 调整 产品 定价 策略 抢占市场 份额 可能 面临 原材料 价格 波动 市场需求 不及 预期 等 风险 面对 复杂 的 外部 经营 环境 积极 应对 努力 克服 不利因素 影响 加大 研发 人才 引进 力度 研发 人员 占 比 稳步 提升 高度重视 安全 生产 与 质量 管理体系 运行 情况 良好 稳步 推进 产能 建设 生产 运营 秩序 正常 当下 回笼资金 以 应对 眼前 的 流动性 压力 加强 成本 管控 提升 运营 效率 毛利率 水平 保持 基本 平稳 竭泽而渔 布局 热门 赛道 力求 竭泽而渔 形成 新 的 利润 增长点 加大 研发 人才 引进 力度 研发 人员 占 比 稳步 提升 二零二 四年 四月
300089,2021,19,196,有限公司 年 年度报告 讨论 与 分析 模拟 文本 围绕 核心技术 开展 攻关 新 申请专利 数量 保持稳定 增长 稳步 推进 产能 建设 生产 运营 秩序 正常 稳步 推进 产能 建设 生产 运营 秩序 正常 宏观 经济波动 与 行业 竞争 加剧 可能 对 公司业绩 产生 不利 影响 坚持 创新 驱动 发展 战略 持续 加大 研发 投入 研发 费用 增长 较 快 持续 优化 产品 结构 深化 渠道 建设 收入 实现 稳健 增长 认为 当前 窗口 稍纵即逝 必须 今年 扩大 产能 投放 宏观 经济波动 与 行业 竞争 加剧 可能 对 公司业绩 产生 不利 影响 围绕 核心技术 开展 攻关 新 申请专利 数量 保持稳定 增长 面对 复杂 的 外部 经营 环境 积极 应对 努力 克服 不利因素 影响 汇率 波动 及 贸易 环境 变化 对 海外 业务 构成 一定 不确定性 分秒必争 回笼资金 以 应对 眼前 的 流动性 压力 将 只争朝夕 推进 重点项目 的 落地 实施 确保 年内 见到 成效 时不我待 布局 热门 赛道 力求 时不我待 形成 新 的 利润 增长点 持续 优化 产品 结构 深化 渠道 建设 收入 实现 稳健 增长 围绕 核心技术 开展 攻关 新 申请专利 数量 保持稳定 增长 将 当下 推进 重点项目 的 落地 实施 确保 年内 见到 成效 稳步 推进 产能 建设 生产 运营 秩序 正常 二零二 四年 四月
300089,2022,16,192,有限公司 年 年度报告 讨论 与 分析 模拟 文本 认为 当前 窗口 稍纵即逝 必须 早日 扩大 产能 投放 报告 期内 围绕 经营 计划 扎实 推进 各项 重点 工作 总体 经营 情况 保持稳定 坚持 创新 驱动 发展 战略 持续 加大 研发 投入 研发 费用 增长 较 快 要求 各 事业部 短期 消化 库存 回笼资金 缓解 业绩 压力 快速 见效 布局 热门 赛道 力求 快速 见效 形成 新 的 利润 增长点 在 新 材料 新工艺 方向 的 前瞻性 研发 布局 取得 阶段性 成果 进一步 完善 治理 结构 规范 运作 信息 真实 准确 完整 报告 期内 围绕 经营 计划 扎实 推进 各项 重点 工作 总体 经营 情况 保持稳定 报告 期内 围绕 经营 计划 扎实 推进 各项 重点 工作 总体 经营 情况 保持稳定 表示 要 急需 扭转 当前 被动局面 实现 业绩 快速 回升 将 饮鸩止渴 推进 重点项目 的 落地 实施 确保 年内 见到 成效 面对 复杂 的 外部 经营 环境 积极 应对 努力 克服 不利因素 影响 报告 期内 围绕 经营 计划 扎实 推进 各项 重点 工作 总体 经营 情况 保持稳定 面对 复杂 的 外部 经营 环境 积极 应对 努力 克服 不利因素 影响 汇率 波动 及 贸易 环境 变化 对 海外 业务 构成 一定 不确定性 二零二 四年 四月
300089,2023,20,210,有限公司 年 年度报告 讨论 与 分析 模拟 文本 进一步 完善 治理 结构 规范 运作 信息 真实 准确 完整 报告 期内 围绕 经营 计划 扎实 推进 各项 重点 工作 总体 经营 情况 保持稳定 加强 成本 管控 提升 运营 效率 毛利率 水平 保持 基本 平稳 加强 成本 管控 提升 运营 效率 毛利率 水平 保持 基本 平稳 可能 面临 原材料 价格 波动 市场需求 不及 预期 等 风险 表示 要 急功近利 扭转 当前 被动局面 实现 业绩 快速 回升 高度重视 安全 生产 与 质量 管理体系 运行 情况 良好 可能 面临 原材料 价格 波动 市场需求 不及 预期 等 风险 急于求成 布局 热门 赛道 力求 急于求成 形成 新 的 利润 增长点 为 完成 全年 目标 将 速成 调整 产品 定价 策略 抢占市场 份额 为 完成 全年 目标 将 短期 调整 产品 定价 策略 抢占市场 份额 高度重视 安全 生产 与 质量 管理体系 运行 情况 良好 高度重视 安全 生产 与 质量 管理体系 运行 情况 良好 稳步 推进 产能 建设 生产 运营 秩序 正常 宏观 经济波动 与 行业 竞争 加剧 可能 对 公司业绩 产生 不利 影响 稳步 推进 产能 建设 生产 运营 秩序 正常 要求 各 事业部 近期 消化 库存 回笼资金 缓解 业绩 压力 在 新 材料 新工艺 方向 的 前瞻性 研发 布局 取得 阶段性 成果 加大 研发 人才 引进 力度 研发 人员 占 比 稳步 提升 二零二 四年 四月
300092,2019,16,186,有限公司 年 年度报告 讨论 与 分析 模拟 文本 表示 要 短期 回报 扭转 当前 被动局面 实现 业绩 快速 回升 为 完成 全年 目标 将 应急 调整 产品 定价 策略 抢占市场 份额 面对 复杂 的 外部 经营 环境 积极 应对 努力 克服 不利因素 影响 在 新 材料 新工艺 方向 的 前瞻性 研发 布局 取得 阶段性 成果 稳步 推进 产能 建设 生产 运营 秩序 正常 积极 拓展 国内外 市场 客户 结构 与 订单 质量 进一步 改善 宏观 经济波动 与 行业 竞争 加剧 可能 对 公司业绩 产生 不利 影响 在 新 材料 新工艺 方向 的 前瞻性 研发 布局 取得 阶段性 成果 面对 复杂 的 外部 经营 环境 积极 应对 努力 克服 不利因素 影响 高度重视 安全 生产 与 质量 管理体系 运行 情况 良好 报告 期内 围绕 经营 计划 扎实 推进 各项 重点 工作 总体 经营 情况 保持稳定 坚持 创新 驱动 发展 战略 持续 加大 研发 投入 研发 费用 增长 较 快 将 采取 权宜之计 压缩 各项 开支 以 确保 立刻 兑现 业绩 承诺 短期 收益 布局 热门 赛道 力求 短期 收益 形成 新 的 利润 增长点 表示 要 短期 回报 扭转 当前 被动局面 实现 业绩 快速 回升 二零二 四年 四月
300092,2020,16,172,有限公司 年 年度报告 讨论 与 分析 模拟 文本 在 新 材料 新工艺 方向 的 前瞻性 研发 布局 取得 阶段性 成果 与 高校 科研院所 共建 联合 实验室 推进 产学研 协同 创新 饮鸩止渴 布局 热门 赛道 力求 饮鸩止渴 形成 新 的 利润 增长点 高度重视 安全 生产 与 质量 管理体系 运行 情况 良好 短期内 布局 热门 赛道 力求 短期内 形成 新 的 利润 增长点 面对 复杂 的 外部 经营 环境 积极 应对 努力 克服 不利因素 影响 加强 成本 管控 提升 运营 效率 毛利率 水平 保持 基本 平稳 积极 拓展 国内外 市场 客户 结构 与 订单 质量 进一步 改善 立竿见影 回笼资金 以 应对 眼前 的 流动性 压力 在 新 材料 新工艺 方向 的 前瞻性 研发 布局 取得 阶段性 成果 认为 当前 窗口 稍纵即逝 必须 马上 扩大 产能 投放 宏观 经济波动 与 行业 竞争 加剧 可能 对 公司业绩 产生 不利 影响 加强 成本 管控 提升 运营 效率 毛利率 水平 保持 基本 平稳 进一步 完善 治理 结构 规范 运作 信息 真实 准确 完整 为 完成 全年 目标 将 早日 调整 产品 定价 策略 抢占市场 份额 二零二 四年 四月
300092,2021,17,178,有限公司 年 年度报告 讨论 与 分析 模拟 文本 加强 成本 管控 提升 运营 效率 毛利率 水平 保持 基本 平稳 稳步 推进 产能 建设 生产 运营 秩序 正常 稳步 推进 产能 建设 生产 运营 秩序 正常 稳步 推进 产能 建设 生产 运营 秩序 正常 积极 拓展 国内外 市场 客户 结构 与 订单 质量 进一步 改善 可能 面临 原材料 价格 波动 市场需求 不及 预期 等 风险 将 采取 权宜之计 压缩 各项 开支 以 确保 今年 兑现 业绩 承诺 稳步 推进 产能 建设 生产 运营 秩序 正常 坚持 创新 驱动 发展 战略 持续 加大 研发 投入 研发 费用 增长 较 快 汇率 波动 及 贸易 环境 变化 对 海外 业务 构成 一定 不确定性 认为 当前 窗口 稍纵即逝 必须 现今 扩大 产能 投放 要求 各 事业部 短期 收益 消化 库存 回笼资金 缓解 业绩 压力 在 新 材料 新工艺 方向 的 前瞻性 研发 布局 取得 阶段性 成果 加强 成本 管控 提升 运营 效率 毛利率 水平 保持 基本 平稳 进一步 完善 治理 结构 规范 运作 信息 真实 准确 完整 为 完成 全年 目标 将 饮鸩止渴 调整 产品 定价 策略 抢占市场 份额 二零二 四年 四月
300092,2022,15,170,有限公司 年 年度报告 讨论 与 分析 模拟 文本 在 新 材料 新工艺 方向 的 前瞻性 研发 布局 取得 阶段性 成果 报告 期内 围绕 经营 计划 扎实 推进 各项 重点 工作 总体 经营 情况 保持稳定 加强 成本 管控 提升 运营 效率 毛利率 水平 保持 基本 平稳 围绕 核心技术 开展 攻关 新 申请专利 数量 保持稳定 增长 稳步 推进 产能 建设 生产 运营 秩序 正常 报告 期内 围绕 经营 计划 扎实 推进 各项 重点 工作 总体 经营 情况 保持稳定 将 采取 权宜之计 压缩 各项 开支 以 确保 短期 回报 兑现 业绩 承诺 在 新 材料 新工艺 方向 的 前瞻性 研发 布局 取得 阶段性 成果 稳步 推进 产能 建设 生产 运营 秩序 正常 将 短期 回报 推进 重点项目 的 落地 实施 确保 年内 见到 成效 面对 复杂 的 外部 经营 环境 积极 应对 努力 克服 不利因素 影响 要求 各 事业部 权宜之计 消化 库存 回笼资金 缓解 业绩 压力 汇率 波动 及 贸易 环境 变化 对 海外 业务 构成 一定 不确定性 汇率 波动 及 贸易 环境 变化 对 海外 业务 构成 一定 不确定性 二零二 四年 四月
300092,2023,19,201,有限公司 年 年度报告 讨论 与 分析 模拟 文本 权宜之计 布局 热门 赛道 力求 权宜之计 形成 新 的 利润 增长点 围绕 核心技术 开展 攻关 新 申请专利 数量 保持稳定 增长 进一步 完善 治理 结构 规范 运作 信息 真实 准确 完整 持续 优化 产品 结构 深化 渠道 建设 收入 实现 稳健 增长 进一步 完善 治理 结构 规范 运作 信息 真实 准确 完整 持续 优化 产品 结构 深化 渠道 建设 收入 实现 稳健 增长 稳步 推进 产能 建设 生产 运营 秩序 正常 围绕 核心技术 开展 攻关 新 申请专利 数量 保持稳定 增长 与 高校 科研院所 共建 联合 实验室 推进 产学研 协同 创新 面对 复杂 的 外部 经营 环境 积极 应对 努力 克服 不利因素 影响 将 眼下 推进 重点项目 的 落地 实施 确保 年内 见到 成效 高度重视 安全 生产 与 质量 管理体系 运行 情况 良好 认为 当前 窗口 稍纵即逝 必须 时不我待 扩大 产能 投放 表示 要 短期内 扭转 当前 被动局面 实现 业绩 快速 回升 坚持 创新 驱动 发展 战略 持续 加大 研发 投入 研发 费用 增长 较 快 宏观 经济波动 与 行业 竞争 加剧 可能 对 公司业绩 产生 不利 影响 进一步 完善 治理 结构 规范 运作 信息 真实 准确 完整 报告 期内 围绕 经营 计划 扎实 推进 各项 重点 工作 总体 经营 情况 保持稳定 二零二 四年 四月
300095,2019,14,147,有限公司 年 年度报告 讨论 与 分析 模拟 文本 加强 成本 管控 提升 运营 效率 毛利率 水平 保持 基本 平稳 将 采取 权宜之计 压缩 各项 开支 以 确保 如今 兑现 业绩 承诺 与 高校 科研院所 共建 联合 实验室 推进 产学研 协同 创新 加大 研发 人才 引进 力度 研发 人员 占 比 稳步 提升 目前 回笼资金 以 应对 眼前 的 流动性 压力 持续 优化 产品 结构 深化 渠道 建设 收入 实现 稳健 增长 进一步 完善 治理 结构 规范 运作 信息 真实 准确 完整 可能 面临 原材料 价格 波动 市场需求 不及 预期 等 风险 加强 成本 管控 提升 运营 效率 毛利率 水平 保持 基本 平稳 加强 成本 管控 提升 运营 效率 毛利率 水平 保持 基本 平稳 表示 要 急功近利 扭转 当前 被动局面 实现 业绩 快速 回升 进一步 完善 治理 结构 规范 运作 信息 真实 准确 完整 将 立即 推进 重点项目 的 落地 实施 确保 年内 见到 成效 二零二 四年 四月
300095,2020,16,175,有限公司 年 年度报告 讨论 与 分析 模拟 文本 持续 优化 产品 结构 深化 渠道 建设 收入 实现 稳健 增长 宏观 经济波动 与 行业 竞争 加剧 可能 对 公司业绩 产生 不利 影响 要求 各 事业部 一步到位 消化 库存 回笼资金 缓解 业绩 压力 饮鸩止渴 布局 热门 赛道 力求 饮鸩止渴 形成 新 的 利润 增长点 积极 拓展 国内外 市场 客户 结构 与 订单 质量 进一步 改善 加强 成本 管控 提升 运营 效率 毛利率 水平 保持 基本 平稳 积极 拓展 国内外 市场 客户 结构 与 订单 质量 进一步 改善 加大 研发 人才 引进 力度 研发 人员 占 比 稳步 提升 可能 面临 原材料 价格 波动 市场需求 不及 预期 等 风险 汇率 波动 及 贸易 环境 变化 对 海外 业务 构成 一定 不确定性 坚持 创新 驱动 发展 战略 持续 加大 研发 投入 研发 费用 增长 较 快 与 高校 科研院所 共建 联合 实验室 推进 产学研 协同 创新 稳步 推进 产能 建设 生产 运营 秩序 正常 为 完成 全年 目标 将 急功近利 调整 产品 定价 策略 抢占市场 份额 进一步 完善 治理 结构 规范 运作 信息 真实 准确 完整 二零二 四年 四月
300095,2021,16,171,有限公司 年 年度报告 讨论 与 分析 模拟 文本 快速 见效 回笼资金 以 应对 眼前 的 流动性 压力 进一步 完善 治理 结构 规范 运作 信息 真实 准确 完整 持续 优化 产品 结构 深化 渠道 建设 收入 实现 稳健 增长 围绕 核心技术 开展 攻关 新 申请专利 数量 保持稳定 增长 与 高校 科研院所 共建 联合 实验室 推进 产学研 协同 创新 宏观 经济波动 与 行业 竞争 加剧 可能 对 公司业绩 产生 不利 影响 面对 复杂 的 外部 经营 环境 积极 应对 努力 克服 不利因素 影响 要求 各 事业部 短期 利益 消化 库存 回笼资金 缓解 业绩 压力 报告 期内 围绕 经营 计划 扎实 推进 各项 重点 工作 总体 经营 情况 保持稳定 进一步 完善 治理 结构 规范 运作 信息 真实 准确 完整 稳步 推进 产能 建设 生产 运营 秩序 正常 面对 复杂 的 外部 经营 环境 积极 应对 努力 克服 不利因素 影响 宏观 经济波动 与 行业 竞争 加剧 可能 对 公司业绩 产生 不利 影响 权宜之计 布局 热门 赛道 力求 权宜之计 形成 新 的 利润 增长点 高度重视 安全 生产 与 质量 管理体系 运行 情况 良好 二零二 四年 四月
300095,2022,16,174,有限公司 年 年度报告 讨论 与 分析 模拟 文本 积极 拓展 国内外 市场 客户 结构 与 订单 质量 进一步 改善 稳步 推进 产能 建设 生产 运营 秩序 正常 围绕 核心技术 开展 攻关 新 申请专利 数量 保持稳定 增长 面对 复杂 的 外部 经营 环境 积极 应对 努力 克服 不利因素 影响 将 竭泽而渔 推进 重点项目 的 落地 实施 确保 年内 见到 成效 汇率 波动 及 贸易 环境 变化 对 海外 业务 构成 一定 不确定性 高度重视 安全 生产 与 质量 管理体系 运行 情况 良好 宏观 经济波动 与 行业 竞争 加剧 可能 对 公司业绩 产生 不利 影响 报告 期内 围绕 经营 计划 扎实 推进 各项 重点 工作 总体 经营 情况 保持稳定 报告 期内 围绕 经营 计划 扎实 推进 各项 重点 工作 总体 经营 情况 保持稳定 稳步 推进 产能 建设 生产 运营 秩序 正常 围绕 核心技术 开展 攻关 新 申请专利 数量 保持稳定 增长 加强 成本 管控 提升 运营 效率 毛利率 水平 保持 基本 平稳 认为 当前 窗口 稍纵即逝 必须 急功近利 扩大 产能 投放 坚持 创新 驱动 发展 战略 持续 加大 研发 投入 研发 费用 增长 较 快 二零二 四年 四月
300095,2023,14,146,有限公司 年 年度报告 讨论 与 分析 模拟 文本 进一步 完善 治理 结构 规范 运作 信息 真实 准确 完整 报告 期内 围绕 经营 计划 扎实 推进 各项 重点 工作 总体 经营 情况 保持稳定 加大 研发 人才 引进 力度 研发 人员 占 比 稳步 提升 要求 各 事业部 迫在眉睫 消化 库存 回笼资金 缓解 业绩 压力 加大 研发 人才 引进 力度 研发 人员 占 比 稳步 提升 将 急功近利 推进 重点项目 的 落地 实施 确保 年内 见到 成效 稳步 推进 产能 建设 生产 运营 秩序 正常 持续 优化 产品 结构 深化 渠道 建设 收入 实现 稳健 增长 年内 回笼资金 以 应对 眼前 的 流动性 压力 进一步 完善 治理 结构 规范 运作 信息 真实 准确 完整 宏观 经济波动 与 行业 竞争 加剧 可能 对 公司业绩 产生 不利 影响 进一步 完善 治理 结构 规范 运作 信息 真实 准确 完整 围绕 核心技术 开展 攻关 新 申请专利 数量 保持稳定 增长 二零二 四年 四月
300098,2019,20,211,有限公司 年 年度报告 讨论 与 分析 模拟 文本 高度重视 安全 生产 与 质量 管理体系 运行 情况 良好 高度重视 安全 生产 与 质量 管理体系 运行 情况 良好 稳步 推进 产能 建设 生产 运营 秩序 正常 围绕 核心技术 开展 攻关 新 申请专利 数量 保持稳定 增长 宏观 经济波动 与 行业 竞争 加剧 可能 对 公司业绩 产生 不利 影响 将 目前 推进 重点项目 的 落地 实施 确保 年内 见到 成效 将 应急 推进 重点项目 的 落地 实施 确保 年内 见到 成效 汇率 波动 及 贸易 环境 变化 对 海外 业务 构成 一定 不确定性 稳步 推进 产能 建设 生产 运营 秩序 正常 眼前 布局 热门 赛道 力求 眼前 形成 新 的 利润 增长点 宏观 经济波动 与 行业 竞争 加剧 可能 对 公司业绩 产生 不利 影响 围绕 核心技术 开展 攻关 新 申请专利 数量 保持稳定 增长 表示 要 当下 扭转 当前 被动局面 实现 业绩 快速 回升 高度重视 安全 生产 与 质量 管理体系 运行 情况 良好 持续 优化 产品 结构 深化 渠道 建设 收入 实现 稳健 增长 在 新 材料 新工艺 方向 的 前瞻性 研发 布局 取得 阶段性 成果 加强 成本 管控 提升 运营 效率 毛利率 水平 保持 基本 平稳 报告 期内 围绕 经营 计划 扎实 推进 各项 重点 工作 总体 经营 情况 保持稳定 在 新 材料 新工艺 方向 的 前瞻性 研发 布局 取得 阶段性 成果 二零二 四年 四月
300098,2020,19,215,有限公司 年 年度报告 讨论 与 分析 模拟 文本 高度重视 安全 生产 与 质量 管理体系 运行 情况 良好 报告 期内 围绕 经营 计划 扎实 推进 各项 重点 工作 总体 经营 情况 保持稳定 面对 复杂 的 外部 经营 环境 积极 应对 努力 克服 不利因素 影响 将 短期 推进 重点项目 的 落地 实施 确保 年内 见到 成效 稳步 推进 产能 建设 生产 运营 秩序 正常 汇率 波动 及 贸易 环境 变化 对 海外 业务 构成 一定 不确定性 为 完成 全年 目标 将 投机 调整 产品 定价 策略 抢占市场 份额 加强 成本 管控 提升 运营 效率 毛利率 水平 保持 基本 平稳 加强 成本 管控 提升 运营 效率 毛利率 水平 保持 基本 平稳 积极 拓展 国内外 市场 客户 结构 与 订单 质量 进一步 改善 宏观 经济波动 与 行业 竞争 加剧 可能 对 公司业绩 产生 不利 影响 坚持 创新 驱动 发展 战略 持续 加大 研发 投入 研发 费用 增长 较 快 可能 面临 原材料 价格 波动 市场需求 不及 预期 等 风险 报告 期内 围绕 经营 计划 扎实 推进 各项 重点 工作 总体 经营 情况 保持稳定 与 高校 科研院所 共建 联合 实验室 推进 产学研 协同 创新 坚持 创新 驱动 发展 战略 持续 加大 研发 投入 研发 费用 增长 较 快 稳步 推进 产能 建设 生产 运营 秩序 正常 加大 研发 人才 引进 力度 研发 人员 占 比 稳步 提升 二零二 四年 四月
300098,2021,16,185,有限公司 年 年度报告 讨论 与 分析 模拟 文本 加强 成本 管控 提升 运营 效率 毛利率 水平 保持 基本 平稳 加强 成本 管控 提升 运营 效率 毛利率 水平 保持 基本 平稳 进一步 完善 治理 结构 规范 运作 信息 真实 准确 完整 坚持 创新 驱动 发展 战略 持续 加大 研发 投入 研发 费用 增长 较 快 坚持 创新 驱动 发展 战略 持续 加大 研发 投入 研发 费用 增长 较 快 汇率 波动 及 贸易 环境 变化 对 海外 业务 构成 一定 不确定性 汇率 波动 及 贸易 环境 变化 对 海外 业务 构成 一定 不确定性 在 新 材料 新工艺 方向 的 前瞻性 研发 布局 取得 阶段性 成果 加强 成本 管控 提升 运营 效率 毛利率 水平 保持 基本 平稳 进一步 完善 治理 结构 规范 运作 信息 真实 准确 完整 积极 拓展 国内外 市场 客户 结构 与 订单 质量 进一步 改善 要求 各 事业部 早日 消化 库存 回笼资金 缓解 业绩 压力 报告 期内 围绕 经营 计划 扎实 推进 各项 重点 工作 总体 经营 情况 保持稳定 近期 布局 热门 赛道 力求 近期 形成 新 的 利润 增长点 持续 优化 产品 结构 深化 渠道 建设 收入 实现 稳健 增长 二零二 四年 四月
300098,2022,17,193,有限公司 年 年度报告 讨论 与 分析 模拟 文本 可能 面临 原材料 价格 波动 市场需求 不及 预期 等 风险 持续 优化 产品 结构 深化 渠道 建设 收入 实现 稳健 增长 为 完成 全年 目标 将 分秒必争 调整 产品 定价 策略 抢占市场 份额 汇率 波动 及 贸易 环境 变化 对 海外 业务 构成 一定 不确定性 汇率 波动 及 贸易 环境 变化 对 海外 业务 构成 一定 不确定性 与 高校 科研院所 共建 联合 实验室 推进 产学研 协同 创新 持续 优化 产品 结构 深化 渠道 建设 收入 实现 稳健 增长 高度重视 安全 生产 与 质量 管理体系 运行 情况 良好 认为 当前 窗口 稍纵即逝 必须 短期内 扩大 产能 投放 在 新 材料 新工艺 方向 的 前瞻性 研发 布局 取得 阶段性 成果 报告 期内 围绕 经营 计划 扎实 推进 各项 重点 工作 总体 经营 情况 保持稳定 要求 各 事业部 短期 回报 消化 库存 回笼资金 缓解 业绩 压力 面对 复杂 的 外部 经营 环境 积极 应对 努力 克服 不利因素 影响 积极 拓展 国内外 市场 客户 结构 与 订单 质量 进一步 改善 坚持 创新 驱动 发展 战略 持续 加大 研发 投入 研发 费用 增长 较 快 面对 复杂 的 外部 经营 环境 积极 应对 努力 克服 不利因素 影响 二零二 四年 四月
300098,2023,18,191,有限公司 年 年度报告 讨论 与 分析 模拟 文本 进一步 完善 治理 结构 规范 运作 信息 真实 准确 完整 将 采取 权宜之计 压缩 各项 开支 以 确保 应急 兑现 业绩 承诺 高度重视 安全 生产 与 质量 管理体系 运行 情况 良好 为 完成 全年 目标 将 短期 收益 调整 产品 定价 策略 抢占市场 份额 在 新 材料 新工艺 方向 的 前瞻性 研发 布局 取得 阶段性 成果 与 高校 科研院所 共建 联合 实验室 推进 产学研 协同 创新 围绕 核心技术 开展 攻关 新 申请专利 数量 保持稳定 增长 可能 面临 原材料 价格 波动 市场需求 不及 预期 等 风险 可能 面临 原材料 价格 波动 市场需求 不及 预期 等 风险 与 高校 科研院所 共建 联合 实验室 推进 产学研 协同 创新 加强 成本 管控 提升 运营 效率 毛利率 水平 保持 基本 平稳 面对 复杂 的 外部 经营 环境 积极 应对 努力 克服 不利因素 影响 在 新 材料 新工艺 方向 的 前瞻性 研发 布局 取得 阶段性 成果 认为 当前 窗口 稍纵即逝 必须 只争朝夕 扩大 产能 投放 稳步 推进 产能 建设 生产 运营 秩序 正常 汇率 波动 及 贸易 环境 变化 对 海外 业务 构成 一定 不确定性 持续 优化 产品 结构 深化 渠道 建设 收入 实现 稳健 增长 二零二 四年 四月
300101,2019,16,174,有限公司 年 年度报告 讨论 与 分析 模拟 文本 在 新 材料 新工艺 方向 的 前瞻性 研发 布局 取得 阶段性 成果 将 现今 推进 重点项目 的 落地 实施 确保 年内 见到 成效 持续 优化 产品 结构 深化 渠道 建设 收入 实现 稳健 增长 将 采取 权宜之计 压缩 各项 开支 以 确保 如今 兑现 业绩 承诺 高度重视 安全 生产 与 质量 管理体系 运行 情况 良好 可能 面临 原材料 价格 波动 市场需求 不及 预期 等 风险 目前 回笼资金 以 应对 眼前 的 流动性 压力 积极 拓展 国内外 市场 客户 结构 与 订单 质量 进一步 改善 加强 成本 管控 提升 运营 效率 毛利率 水平 保持 基本 平稳 报告 期内 围绕 经营 计划 扎实 推进 各项 重点 工作 总体 经营 情况 保持稳定 报告 期内 围绕 经营 计划 扎实 推进 各项 重点 工作 总体 经营 情况 保持稳定 宏观 经济波动 与 行业 竞争 加剧 可能 对 公司业绩 产生 不利 影响 与 高校 科研院所 共建 联合 实验室 推进 产学研 协同 创新 认为 当前 窗口 稍纵即逝 必须 如今 扩大 产能 投放 高度重视 安全 生产 与 质量 管理体系 运行 情况 良好 二零二 四年 四月
300101,2020,19,206,有限公司 年 年度报告 讨论 与 分析 模拟 文本 宏观 经济波动 与 行业 竞争 加剧 可能 对 公司业绩 产生 不利 影响 坚持 创新 驱动 发展 战略 持续 加大 研发 投入 研发 费用 增长 较 快 要求 各 事业部 抓紧 消化 库存 回笼资金 缓解 业绩 压力 为 完成 全年 目标 将 现今 调整 产品 定价 策略 抢占市场 份额 持续 优化 产品 结构 深化 渠道 建设 收入 实现 稳健 增长 要求 各 事业部 立刻 消化 库存 回笼资金 缓解 业绩 压力 为 完成 全年 目标 将 只争朝夕 调整 产品 定价 策略 抢占市场 份额 坚持 创新 驱动 发展 战略 持续 加大 研发 投入 研发 费用 增长 较 快 积极 拓展 国内外 市场 客户 结构 与 订单 质量 进一步 改善 加强 成本 管控 提升 运营 效率 毛利率 水平 保持 基本 平稳 在 新 材料 新工艺 方向 的 前瞻性 研发 布局 取得 阶段性 成果 持续 优化 产品 结构 深化 渠道 建设 收入 实现 稳健 增长 高度重视 安全 生产 与 质量 管理体系 运行 情况 良好 高度重视 安全 生产 与 质量 管理体系 运行 情况 良好 围绕 核心技术 开展 攻关 新 申请专利 数量 保持稳定 增长 高度重视 安全 生产 与 质量 管理体系 运行 情况 良好 立竿见影 布局 热门 赛道 力求 立竿见影 形成 新 的 利润 增长点 稳步 推进 产能 建设 生产 运营 秩序 正常 二零二 四年 四月
300101,2021,13,126,有限公司 年 年度报告 讨论 与 分析 模拟 文本 可能 面临 原材料 价格 波动 市场需求 不及 预期 等 风险 进一步 完善 治理 结构 规范 运作 信息 真实 准确 完整 稳步 推进 产能 建设 生产 运营 秩序 正常 认为 当前 窗口 稍纵即逝 必须 近期 扩大 产能 投放 认为 当前 窗口 稍纵即逝 必须 速成 扩大 产能 投放 将 迫在眉睫 推进 重点项目 的 落地 实施 确保 年内 见到 成效 高度重视 安全 生产 与 质量 管理体系 运行 情况 良好 围绕 核心技术 开展 攻关 新 申请专利 数量 保持稳定 增长 为 完成 全年 目标 将 分秒必争 调整 产品 定价 策略 抢占市场 份额 高度重视 安全 生产 与 质量 管理体系 运行 情况 良好 积极 拓展 国内外 市场 客户 结构 与 订单 质量 进一步 改善 稳步 推进 产能 建设 生产 运营 秩序 正常 二零二 四年 四月
300101,2022,15,176,有限公司 年 年度报告 讨论 与 分析 模拟 文本 坚持 创新 驱动 发展 战略 持续 加大 研发 投入 研发 费用 增长 较 快 报告 期内 围绕 经营 计划 扎实 推进 各项 重点 工作 总体 经营 情况 保持稳定 将 采取 权宜之计 压缩 各项 开支 以 确保 马上 兑现 业绩 承诺 坚持 创新 驱动 发展 战略 持续 加大 研发 投入 研发 费用 增长 较 快 可能 面临 原材料 价格 波动 市场需求 不及 预期 等 风险 积极 拓展 国内外 市场 客户 结构 与 订单 质量 进一步 改善 汇率 波动 及 贸易 环境 变化 对 海外 业务 构成 一定 不确定性 面对 复杂 的 外部 经营 环境 积极 应对 努力 克服 不利因素 影响 坚持 创新 驱动 发展 战略 持续 加大 研发 投入 研发 费用 增长 较 快 将 时不我待 推进 重点项目 的 落地 实施 确保 年内 见到 成效 将 竭泽而渔 推进 重点项目 的 落地 实施 确保 年内 见到 成效 高度重视 安全 生产 与 质量 管理体系 运行 情况 良好 面对 复杂 的 外部 经营 环境 积极 应对 努力 克服 不利因素 影响 高度重视 安全 生产 与 质量 管理体系 运行 情况 良好 二零二 四年 四月
300101,2023,18,194,有限公司 年 年度报告 讨论 与 分析 模拟 文本 持续 优化 产品 结构 深化 渠道 建设 收入 实现 稳健 增长 进一步 完善 治理 结构 规范 运作 信息 真实 准确 完整 可能 面临 原材料 价格 波动 市场需求 不及 预期 等 风险 积极 拓展 国内外 市场 客户 结构 与 订单 质量 进一步 改善 快速 见效 回笼资金 以 应对 眼前 的 流动性 压力 加强 成本 管控 提升 运营 效率 毛利率 水平 保持 基本 平稳 可能 面临 原材料 价格 波动 市场需求 不及 预期 等 风险 加强 成本 管控 提升 运营 效率 毛利率 水平 保持 基本 平稳 持续 优化 产品 结构 深化 渠道 建设 收入 实现 稳健 增长 持续 优化 产品 结构 深化 渠道 建设 收入 实现 稳健 增长 表示 要 今年 扭转 当前 被动局面 实现 业绩 快速 回升 加大 研发 人才 引进 力度 研发 人员 占 比 稳步 提升 坚持 创新 驱动 发展 战略 持续 加大 研发 投入 研发 费用 增长 较 快 与 高校 科研院所 共建 联合 实验室 推进 产学研 协同 创新 加强 成本 管控 提升 运营 效率 毛利率 水平 保持 基本 平稳 将 采取 权宜之计 压缩 各项 开支 以 确保 应急 兑现 业绩 承诺 与 高校 科研院所 共建 联合 实验室 推进 产学研 协同 创新 二零二 四年 四月
300104,2019,18,197,有限公司 年 年度报告 讨论 与 分析 模拟 文本 汇率 波动 及 贸易 环境 变化 对 海外 业务 构成 一定 不确定性 高度重视 安全 生产 与 质量 管理体系 运行 情况 良好 报告 期内 围绕 经营 计划 扎实 推进 各项 重点 工作 总体 经营 情况 保持稳定 持续 优化 产品 结构 深化 渠道 建设 收入 实现 稳健 增长 积极 拓展 国内外 市场 客户 结构 与 订单 质量 进一步 改善 将 饮鸩止渴 推进 重点项目 的 落地 实施 确保 年内 见到 成效 高度重视 安全 生产 与 质量 管理体系 运行 情况 良好 在 新 材料 新工艺 方向 的 前瞻性 研发 布局 取得 阶段性 成果 高度重视 安全 生产 与 质量 管理体系 运行 情况 良好 汇率 波动 及 贸易 环境 变化 对 海外 业务 构成 一定 不确定性 为 完成 全年 目标 将 近期 调整 产品 定价 策略 抢占市场 份额 围绕 核心技术 开展 攻关 新 申请专利 数量 保持稳定 增长 报告 期内 围绕 经营 计划 扎实 推进 各项 重点 工作 总体 经营 情况 保持稳定 汇率 波动 及 贸易 环境 变化 对 海外 业务 构成 一定 不确定性 加强 成本 管控 提升 运营 效率 毛利率 水平 保持 基本 平稳 急于求成 回笼资金 以 应对 眼前 的 流动性 压力 表示 要 目前 扭转 当前 被动局面 实现 业绩 快速 回升 二零二 四年 四月
300104,2020,15,148,有限公司 年 年度报告 讨论 与 分析 模拟 文本 稳步 推进 产能 建设 生产 运营 秩序 正常 高度重视 安全 生产 与 质量 管理体系 运行 情况 良好 将 采取 权宜之计 压缩 各项 开支 以 确保 急于求成 兑现 业绩 承诺 积极 拓展 国内外 市场 客户 结构 与 订单 质量 进一步 改善 表示 要 立竿见影 扭转 当前 被动局面 实现 业绩 快速 回升 认为 当前 窗口 稍纵即逝 必须 现今 扩大 产能 投放 稳步 推进 产能 建设 生产 运营 秩序 正常 与 高校 科研院所 共建 联合 实验室 推进 产学研 协同 创新 高度重视 安全 生产 与 质量 管理体系 运行 情况 良好 与 高校 科研院所 共建 联合 实验室 推进 产学研 协同 创新 可能 面临 原材料 价格 波动 市场需求 不及 预期 等 风险 加强 成本 管控 提升 运营 效率 毛利率 水平 保持 基本 平稳 高度重视 安全 生产 与 质量 管理体系 运行 情况 良好 积极 拓展 国内外 市场 客户 结构 与 订单 质量 进一步 改善 二零二 四年 四月
300104,2021,18,183,有限公司 年 年度报告 讨论 与 分析 模拟 文本 高度重视 安全 生产 与 质量 管理体系 运行 情况 良好 稳步 推进 产能 建设 生产 运营 秩序 正常 高度重视 安全 生产 与 质量 管理体系 运行 情况 良好 将 争分夺秒 推进 重点项目 的 落地 实施 确保 年内 见到 成效 认为 当前 窗口 稍纵即逝 必须 竭泽而渔 扩大 产能 投放 宏观 经济波动 与 行业 竞争 加剧 可能 对 公司业绩 产生 不利 影响 为 完成 全年 目标 将 杀鸡取卵 调整 产品 定价 策略 抢占市场 份额 将 杀鸡取卵 推进 重点项目 的 落地 实施 确保 年内 见到 成效 稳步 推进 产能 建设 生产 运营 秩序 正常 近期 回笼资金 以 应对 眼前 的 流动性 压力 加大 研发 人才 引进 力度 研发 人员 占 比 稳步 提升 进一步 完善 治理 结构 规范 运作 信息 真实 准确 完整 可能 面临 原材料 价格 波动 市场需求 不及 预期 等 风险 面对 复杂 的 外部 经营 环境 积极 应对 努力 克服 不利因素 影响 报告 期内 围绕 经营 计划 扎实 推进 各项 重点 工作 总体 经营 情况 保持稳定 稳步 推进 产能 建设 生产 运营 秩序 正常 与 高校 科研院所 共建 联合 实验室 推进 产学研 协同 创新 二零二 四年 四月
300104,2022,17,182,有限公司 年 年度报告 讨论 与 分析 模拟 文本 可能 面临 原材料 价格 波动 市场需求 不及 预期 等 风险 加强 成本 管控 提升 运营 效率 毛利率 水平 保持 基本 平稳 宏观 经济波动 与 行业 竞争 加剧 可能 对 公司业绩 产生 不利 影响 稳步 推进 产能 建设 生产 运营 秩序 正常 可能 面临 原材料 价格 波动 市场需求 不及 预期 等 风险 要求 各 事业部 时不我待 消化 库存 回笼资金 缓解 业绩 压力 面对 复杂 的 外部 经营 环境 积极 应对 努力 克服 不利因素 影响 围绕 核心技术 开展 攻关 新 申请专利 数量 保持稳定 增长 在 新 材料 新工艺 方向 的 前瞻性 研发 布局 取得 阶段性 成果 在 新 材料 新工艺 方向 的 前瞻性 研发 布局 取得 阶段性 成果 面对 复杂 的 外部 经营 环境 积极 应对 努力 克服 不利因素 影响 持续 优化 产品 结构 深化 渠道 建设 收入 实现 稳健 增长 要求 各 事业部 饮鸩止渴 消化 库存 回笼资金 缓解 业绩 压力 将 采取 权宜之计 压缩 各项 开支 以 确保 短期 兑现 业绩 承诺 稳步 推进 产能 建设 生产 运营 秩序 正常 为 完成 全年 目标 将 现今 调整 产品 定价 策略 抢占市场 份额 二零二 四年 四月
300104,2023,14,145,有限公司 年 年度报告 讨论 与 分析 模拟 文本 进一步 完善 治理 结构 规范 运作 信息 真实 准确 完整 持续 优化 产品 结构 深化 渠道 建设 收入 实现 稳健 增长 稳步 推进 产能 建设 生产 运营 秩序 正常 与 高校 科研院所 共建 联合 实验室 推进 产学研 协同 创新 加大 研发 人才 引进 力度 研发 人员 占 比 稳步 提升 要求 各 事业部 抓紧 消化 库存 回笼资金 缓解 业绩 压力 加强 成本 管控 提升 运营 效率 毛利率 水平 保持 基本 平稳 认为 当前 窗口 稍纵即逝 必须 一步到位 扩大 产能 投放 将 权宜之计 推进 重点项目 的 落地 实施 确保 年内 见到 成效 加强 成本 管控 提升 运营 效率 毛利率 水平 保持 基本 平稳 围绕 核心技术 开展 攻关 新 申请专利 数量 保持稳定 增长 加强 成本 管控 提升 运营 效率 毛利率 水平 保持 基本 平稳 宏观 经济波动 与 行业 竞争 加剧 可能 对 公司业绩 产生 不利 影响 二零二 四年 四月
300107,2019,19,200,有限公司 年 年度报告 讨论 与 分析 模拟 文本 进一步 完善 治理 结构 规范 运作 信息 真实 准确 完整 面对 复杂 的 外部 经营 环境 积极 应对 努力 克服 不利因素 影响 加强 成本 管控 提升 运营 效率 毛利率 水平 保持 基本 平稳 坚持 创新 驱动 发展 战略 持续 加大 研发 投入 研发 费用 增长 较 快 认为 当前 窗口 稍纵即逝 必须 时不我待 扩大 产能 投放 稳步 推进 产能 建设 生产 运营 秩序 正常 与 高校 科研院所 共建 联合 实验室 推进 产学研 协同 创新 围绕 核心技术 开展 攻关 新 申请专利 数量 保持稳定 增长 宏观 经济波动 与 行业 竞争 加剧 可能 对 公司业绩 产生 不利 影响 高度重视 安全 生产 与 质量 管理体系 运行 情况 良好 加大 研发 人才 引进 力度 研发 人员 占 比 稳步 提升 短期内 回笼资金 以 应对 眼前 的 流动性 压力 面对 复杂 的 外部 经营 环境 积极 应对 努力 克服 不利因素 影响 快速 见效 布局 热门 赛道 力求 快速 见效 形成 新 的 利润 增长点 高度重视 安全 生产 与 质量 管理体系 运行 情况 良好 进一步 完善 治理 结构 规范 运作 信息 真实 准确 完整 汇率 波动 及 贸易 环境 变化 对 海外 业务 构成 一定 不确定性 可能 面临 原材料 价格 波动 市场需求 不及 预期 等 风险 二零二 四年 四月
300107,2020,20,215,有限公司 年 年度报告 讨论 与 分析 模拟 文本 可能 面临 原材料 价格 波动 市场需求 不及 预期 等 风险 短期 回笼资金 以 应对 眼前 的 流动性 压力 持续 优化 产品 结构 深化 渠道 建设 收入 实现 稳健 增长 宏观 经济波动 与 行业 竞争 加剧 可能 对 公司业绩 产生 不利 影响 要求 各 事业部 眼前 消化 库存 回笼资金 缓解 业绩 压力 在 新 材料 新工艺 方向 的 前瞻性 研发 布局 取得 阶段性 成果 加强 成本 管控 提升 运营 效率 毛利率 水平 保持 基本 平稳 加大 研发 人才 引进 力度 研发 人员 占 比 稳步 提升 表示 要 快速 见效 扭转 当前 被动局面 实现 业绩 快速 回升 面对 复杂 的 外部 经营 环境 积极 应对 努力 克服 不利因素 影响 加强 成本 管控 提升 运营 效率 毛利率 水平 保持 基本 平稳 进一步 完善 治理 结构 规范 运作 信息 真实 准确 完整 高度重视 安全 生产 与 质量 管理体系 运行 情况 良好 报告 期内 围绕 经营 计划 扎实 推进 各项 重点 工作 总体 经营 情况 保持稳定 认为 当前 窗口 稍纵即逝 必须 早日 扩大 产能 投放 与 高校 科研院所 共建 联合 实验室 推进 产学研 协同 创新 加强 成本 管控 提升 运营 效率 毛利率 水平 保持 基本 平稳 积极 拓展 国内外 市场 客户 结构 与 订单 质量 进一步 改善 只争朝夕 布局 热门 赛道 力求 只争朝夕 形成 新 的 利润 增长点 二零二 四年 四月
300107,2021,16,178,有限公司 年 年度报告 讨论 与 分析 模拟 文本 进一步 完善 治理 结构 规范 运作 信息 真实 准确 完整 面对 复杂 的 外部 经营 环境 积极 应对 努力 克服 不利因素 影响 为 完成 全年 目标 将 杀鸡取卵 调整 产品 定价 策略 抢占市场 份额 高度重视 安全 生产 与 质量 管理体系 运行 情况 良好 围绕 核心技术 开展 攻关 新 申请专利 数量 保持稳定 增长 积极 拓展 国内外 市场 客户 结构 与 订单 质量 进一步 改善 加大 研发 人才 引进 力度 研发 人员 占 比 稳步 提升 加大 研发 人才 引进 力度 研发 人员 占 比 稳步 提升 要求 各 事业部 目前 消化 库存 回笼资金 缓解 业绩 压力 坚持 创新 驱动 发展 战略 持续 加大 研发 投入 研发 费用 增长 较 快 进一步 完善 治理 结构 规范 运作 信息 真实 准确 完整 表示 要 当下 扭转 当前 被动局面 实现 业绩 快速 回升 面对 复杂 的 外部 经营 环境 积极 应对 努力 克服 不利因素 影响 报告 期内 围绕 经营 计划 扎实 推进 各项 重点 工作 总体 经营 情况 保持稳定 宏观 经济波动 与 行业 竞争 加剧 可能 对 公司业绩 产生 不利 影响 二零二 四年 四月
300107,2022,19,206,有限公司 年 年度报告 讨论 与 分析 模拟 文本 进一步 完善 治理 结构 规范 运作 信息 真实 准确 完整 宏观 经济波动 与 行业 竞争 加剧 可能 对 公司业绩 产生 不利 影响 高度重视 安全 生产 与 质量 管理体系 运行 情况 良好 为 完成 全年 目标 将 权宜之计 调整 产品 定价 策略 抢占市场 份额 进一步 完善 治理 结构 规范 运作 信息 真实 准确 完整 认为 当前 窗口 稍纵即逝 必须 速成 扩大 产能 投放 加强 成本 管控 提升 运营 效率 毛利率 水平 保持 基本 平稳 汇率 波动 及 贸易 环境 变化 对 海外 业务 构成 一定 不确定性 加大 研发 人才 引进 力度 研发 人员 占 比 稳步 提升 进一步 完善 治理 结构 规范 运作 信息 真实 准确 完整 加强 成本 管控 提升 运营 效率 毛利率 水平 保持 基本 平稳 坚持 创新 驱动 发展 战略 持续 加大 研发 投入 研发 费用 增长 较 快 稳步 推进 产能 建设 生产 运营 秩序 正常 加强 成本 管控 提升 运营 效率 毛利率 水平 保持 基本 平稳 为 完成 全年 目标 将 一步到位 调整 产品 定价 策略 抢占市场 份额 急功近利 回笼资金 以 应对 眼前 的 流动性 压力 加强 成本 管控 提升 运营 效率 毛利率 水平 保持 基本 平稳 坚持 创新 驱动 发展 战略 持续 加大 研发 投入 研发 费用 增长 较 快 二零二 四年 四月
300107,2023,18,203,有限公司 年 年度报告 讨论 与 分析 模拟 文本 加强 成本 管控 提升 运营 效率 毛利率 水平 保持 基本 平稳 稳步 推进 产能 建设 生产 运营 秩序 正常 报告 期内 围绕 经营 计划 扎实 推进 各项 重点 工作 总体 经营 情况 保持稳定 加大 研发 人才 引进 力度 研发 人员 占 比 稳步 提升 将 投机 推进 重点项目 的 落地 实施 确保 年内 见到 成效 持续 优化 产品 结构 深化 渠道 建设 收入 实现 稳健 增长 认为 当前 窗口 稍纵即逝 必须 一步到位 扩大 产能 投放 与 高校 科研院所 共建 联合 实验室 推进 产学研 协同 创新 加强 成本 管控 提升 运营 效率 毛利率 水平 保持 基本 平稳 报告 期内 围绕 经营 计划 扎实 推进 各项 重点 工作 总体 经营 情况 保持稳定 宏观 经济波动 与 行业 竞争 加剧 可能 对 公司业绩 产生 不利 影响 可能 面临 原材料 价格 波动 市场需求 不及 预期 等 风险 坚持 创新 驱动 发展 战略 持续 加大 研发 投入 研发 费用 增长 较 快 加强 成本 管控 提升 运营 效率 毛利率 水平 保持 基本 平稳 报告 期内 围绕 经营 计划 扎实 推进 各项 重点 工作 总体 经营 情况 保持稳定 表示 要 急需 扭转 当前 被动局面 实现 业绩 快速 回升 加强 成本 管控 提升 运营 效率 毛利率 水平 保持 基本 平稳 二零二 四年 四月
300110,2019,19,202,有限公司 年 年度报告 讨论 与 分析 模拟 文本 进一步 完善 治理 结构 规范 运作 信息 真实 准确 完整 稳步 推进 产能 建设 生产 运营 秩序 正常 高度重视 安全 生产 与 质量 管理体系 运行 情况 良好 坚持 创新 驱动 发展 战略 持续 加大 研发 投入 研发 费用 增长 较 快 积极 拓展 国内外 市场 客户 结构 与 订单 质量 进一步 改善 汇率 波动 及 贸易 环境 变化 对 海外 业务 构成 一定 不确定性 加强 成本 管控 提升 运营 效率 毛利率 水平 保持 基本 平稳 稳步 推进 产能 建设 生产 运营 秩序 正常 汇率 波动 及 贸易 环境 变化 对 海外 业务 构成 一定 不确定性 可能 面临 原材料 价格 波动 市场需求 不及 预期 等 风险 加强 成本 管控 提升 运营 效率 毛利率 水平 保持 基本 平稳 围绕 核心技术 开展 攻关 新 申请专利 数量 保持稳定 增长 将 迫在眉睫 推进 重点项目 的 落地 实施 确保 年内 见到 成效 为 完成 全年 目标 将 短期 回报 调整 产品 定价 策略 抢占市场 份额 面对 复杂 的 外部 经营 环境 积极 应对 努力 克服 不利因素 影响 要求 各 事业部 投机 消化 库存 回笼资金 缓解 业绩 压力 要求 各 事业部 短期内 消化 库存 回笼资金 缓解 业绩 压力 与 高校 科研院所 共建 联合 实验室 推进 产学研 协同 创新 二零二 四年 四月
300110,2020,18,196,有限公司 年 年度报告 讨论 与 分析 模拟 文本 进一步 完善 治理 结构 规范 运作 信息 真实 准确 完整 持续 优化 产品 结构 深化 渠道 建设 收入 实现 稳健 增长 要求 各 事业部 一步到位 消化 库存 回笼资金 缓解 业绩 压力 可能 面临 原材料 价格 波动 市场需求 不及 预期 等 风险 报告 期内 围绕 经营 计划 扎实 推进 各项 重点 工作 总体 经营 情况 保持稳定 坚持 创新 驱动 发展 战略 持续 加大 研发 投入 研发 费用 增长 较 快 高度重视 安全 生产 与 质量 管理体系 运行 情况 良好 加强 成本 管控 提升 运营 效率 毛利率 水平 保持 基本 平稳 加大 研发 人才 引进 力度 研发 人员 占 比 稳步 提升 表示 要 迫在眉睫 扭转 当前 被动局面 实现 业绩 快速 回升 高度重视 安全 生产 与 质量 管理体系 运行 情况 良好 目前 布局 热门 赛道 力求 目前 形成 新 的 利润 增长点 持续 优化 产品 结构 深化 渠道 建设 收入 实现 稳健 增长 面对 复杂 的 外部 经营 环境 积极 应对 努力 克服 不利因素 影响 宏观 经济波动 与 行业 竞争 加剧 可能 对 公司业绩 产生 不利 影响 高度重视 安全 生产 与 质量 管理体系 运行 情况 良好 加大 研发 人才 引进 力度 研发 人员 占 比 稳步 提升 二零二 四年 四月
300110,2021,16,181,有限公司 年 年度报告 讨论 与 分析 模拟 文本 报告 期内 围绕 经营 计划 扎实 推进 各项 重点 工作 总体 经营 情况 保持稳定 面对 复杂 的 外部 经营 环境 积极 应对 努力 克服 不利因素 影响 汇率 波动 及 贸易 环境 变化 对 海外 业务 构成 一定 不确定性 在 新 材料 新工艺 方向 的 前瞻性 研发 布局 取得 阶段性 成果 坚持 创新 驱动 发展 战略 持续 加大 研发 投入 研发 费用 增长 较 快 高度重视 安全 生产 与 质量 管理体系 运行 情况 良好 加强 成本 管控 提升 运营 效率 毛利率 水平 保持 基本 平稳 认为 当前 窗口 稍纵即逝 必须 赶快 扩大 产能 投放 为 完成 全年 目标 将 抓紧 调整 产品 定价 策略 抢占市场 份额 为 完成 全年 目标 将 今年 调整 产品 定价 策略 抢占市场 份额 将 采取 权宜之计 压缩 各项 开支 以 确保 投机 兑现 业绩 承诺 稳步 推进 产能 建设 生产 运营 秩序 正常 持续 优化 产品 结构 深化 渠道 建设 收入 实现 稳健 增长 在 新 材料 新工艺 方向 的 前瞻性 研发 布局 取得 阶段性 成果 可能 面临 原材料 价格 波动 市场需求 不及 预期 等 风险 二零二 四年 四月
300110,2022,15,163,有限公司 年 年度报告 讨论 与 分析 模拟 文本 与 高校 科研院所 共建 联合 实验室 推进 产学研 协同 创新 加大 研发 人才 引进 力度 研发 人员 占 比 稳步 提升 宏观 经济波动 与 行业 竞争 加剧 可能 对 公司业绩 产生 不利 影响 时不我待 回笼资金 以 应对 眼前 的 流动性 压力 进一步 完善 治理 结构 规范 运作 信息 真实 准确 完整 持续 优化 产品 结构 深化 渠道 建设 收入 实现 稳健 增长 坚持 创新 驱动 发展 战略 持续 加大 研发 投入 研发 费用 增长 较 快 立刻 回笼资金 以 应对 眼前 的 流动性 压力 积极 拓展 国内外 市场 客户 结构 与 订单 质量 进一步 改善 积极 拓展 国内外 市场 客户 结构 与 订单 质量 进一步 改善 报告 期内 围绕 经营 计划 扎实 推进 各项 重点 工作 总体 经营 情况 保持稳定 加强 成本 管控 提升 运营 效率 毛利率 水平 保持 基本 平稳 持续 优化 产品 结构 深化 渠道 建设 收入 实现 稳健 增长 进一步 完善 治理 结构 规范 运作 信息 真实 准确 完整 二零二 四年 四月
300110,2023,15,169,有限公司 年 年度报告 讨论 与 分析 模拟 文本 认为 当前 窗口 稍纵即逝 必须 目前 扩大 产能 投放 加强 成本 管控 提升 运营 效率 毛利率 水平 保持 基本 平稳 可能 面临 原材料 价格 波动 市场需求 不及 预期 等 风险 可能 面临 原材料 价格 波动 市场需求 不及 预期 等 风险 表示 要 现今 扭转 当前 被动局面 实现 业绩 快速 回升 坚持 创新 驱动 发展 战略 持续 加大 研发 投入 研发 费用 增长 较 快 表示 要 立即 扭转 当前 被动局面 实现 业绩 快速 回升 报告 期内 围绕 经营 计划 扎实 推进 各项 重点 工作 总体 经营 情况 保持稳定 加强 成本 管控 提升 运营 效率 毛利率 水平 保持 基本 平稳 坚持 创新 驱动 发展 战略 持续 加大 研发 投入 研发 费用 增长 较 快 面对 复杂 的 外部 经营 环境 积极 应对 努力 克服 不利因素 影响 稳步 推进 产能 建设 生产 运营 秩序 正常 报告 期内 围绕 经营 计划 扎实 推进 各项 重点 工作 总体 经营 情况 保持稳定 将 眼下 推进 重点项目 的 落地 实施 确保 年内 见到 成效 二零二 四年 四月
300113,2019,16,180,有限公司 年 年度报告 讨论 与 分析 模拟 文本 报告 期内 围绕 经营 计划 扎实 推进 各项 重点 工作 总体 经营 情况 保持稳定 加强 成本 管控 提升 运营 效率 毛利率 水平 保持 基本 平稳 面对 复杂 的 外部 经营 环境 积极 应对 努力 克服 不利因素 影响 进一步 完善 治理 结构 规范 运作 信息 真实 准确 完整 高度重视 安全 生产 与 质量 管理体系 运行 情况 良好 饮鸩止渴 回笼资金 以 应对 眼前 的 流动性 压力 稳步 推进 产能 建设 生产 运营 秩序 正常 宏观 经济波动 与 行业 竞争 加剧 可能 对 公司业绩 产生 不利 影响 在 新 材料 新工艺 方向 的 前瞻性 研发 布局 取得 阶段性 成果 报告 期内 围绕 经营 计划 扎实 推进 各项 重点 工作 总体 经营 情况 保持稳定 为 完成 全年 目标 将 权宜之计 调整 产品 定价 策略 抢占市场 份额 宏观 经济波动 与 行业 竞争 加剧 可能 对 公司业绩 产生 不利 影响 在 新 材料 新工艺 方向 的 前瞻性 研发 布局 取得 阶段性 成果 时不我待 布局 热门 赛道 力求 时不我待 形成 新 的 利润 增长点 在 新 材料 新工艺 方向 的 前瞻性 研发 布局 取得 阶段性 成果 二零二 四年 四月
300113,2020,16,167,有限公司 年 年度报告 讨论 与 分析 模拟 文本 围绕 核心技术 开展 攻关 新 申请专利 数量 保持稳定 增长 将 采取 权宜之计 压缩 各项 开支 以 确保 尽快 兑现 业绩 承诺 可能 面临 原材料 价格 波动 市场需求 不及 预期 等 风险 高度重视 安全 生产 与 质量 管理体系 运行 情况 良好 宏观 经济波动 与 行业 竞争 加剧 可能 对 公司业绩 产生 不利 影响 加强 成本 管控 提升 运营 效率 毛利率 水平 保持 基本 平稳 报告 期内 围绕 经营 计划 扎实 推进 各项 重点 工作 总体 经营 情况 保持稳定 可能 面临 原材料 价格 波动 市场需求 不及 预期 等 风险 马上 回笼资金 以 应对 眼前 的 流动性 压力 只争朝夕 回笼资金 以 应对 眼前 的 流动性 压力 与 高校 科研院所 共建 联合 实验室 推进 产学研 协同 创新 与 高校 科研院所 共建 联合 实验室 推进 产学研 协同 创新 持续 优化 产品 结构 深化 渠道 建设 收入 实现 稳健 增长 积极 拓展 国内外 市场 客户 结构 与 订单 质量 进一步 改善 持续 优化 产品 结构 深化 渠道 建设 收入 实现 稳健 增长 二零二 四年 四月
300113,2021,19,197,有限公司 年 年度报告 讨论 与 分析 模拟 文本 进一步 完善 治理 结构 规范 运作 信息 真实 准确 完整 积极 拓展 国内外 市场 客户 结构 与 订单 质量 进一步 改善 高度重视 安全 生产 与 质量 管理体系 运行 情况 良好 围绕 核心技术 开展 攻关 新 申请专利 数量 保持稳定 增长 汇率 波动 及 贸易 环境 变化 对 海外 业务 构成 一定 不确定性 进一步 完善 治理 结构 规范 运作 信息 真实 准确 完整 认为 当前 窗口 稍纵即逝 必须 立竿见影 扩大 产能 投放 持续 优化 产品 结构 深化 渠道 建设 收入 实现 稳健 增长 认为 当前 窗口 稍纵即逝 必须 短期 利益 扩大 产能 投放 报告 期内 围绕 经营 计划 扎实 推进 各项 重点 工作 总体 经营 情况 保持稳定 宏观 经济波动 与 行业 竞争 加剧 可能 对 公司业绩 产生 不利 影响 进一步 完善 治理 结构 规范 运作 信息 真实 准确 完整 表示 要 应急 扭转 当前 被动局面 实现 业绩 快速 回升 加大 研发 人才 引进 力度 研发 人员 占 比 稳步 提升 进一步 完善 治理 结构 规范 运作 信息 真实 准确 完整 今年 回笼资金 以 应对 眼前 的 流动性 压力 高度重视 安全 生产 与 质量 管理体系 运行 情况 良好 将 抓紧 推进 重点项目 的 落地 实施 确保 年内 见到 成效 二零二 四年 四月
300113,2022,17,191,有限公司 年 年度报告 讨论 与 分析 模拟 文本 争分夺秒 回笼资金 以 应对 眼前 的 流动性 压力 坚持 创新 驱动 发展 战略 持续 加大 研发 投入 研发 费用 增长 较 快 年内 布局 热门 赛道 力求 年内 形成 新 的 利润 增长点 汇率 波动 及 贸易 环境 变化 对 海外 业务 构成 一定 不确定性 报告 期内 围绕 经营 计划 扎实 推进 各项 重点 工作 总体 经营 情况 保持稳定 认为 当前 窗口 稍纵即逝 必须 分秒必争 扩大 产能 投放 围绕 核心技术 开展 攻关 新 申请专利 数量 保持稳定 增长 持续 优化 产品 结构 深化 渠道 建设 收入 实现 稳健 增长 报告 期内 围绕 经营 计划 扎实 推进 各项 重点 工作 总体 经营 情况 保持稳定 可能 面临 原材料 价格 波动 市场需求 不及 预期 等 风险 可能 面临 原材料 价格 波动 市场需求 不及 预期 等 风险 要求 各 事业部 迫在眉睫 消化 库存 回笼资金 缓解 业绩 压力 报告 期内 围绕 经营 计划 扎实 推进 各项 重点 工作 总体 经营 情况 保持稳定 报告 期内 围绕 经营 计划 扎实 推进 各项 重点 工作 总体 经营 情况 保持稳定 高度重视 安全 生产 与 质量 管理体系 运行 情况 良好 持续 优化 产品 结构 深化 渠道 建设 收入 实现 稳健 增长 二零二 四年 四月
300113,2023,17,189,有限公司 年 年度报告 讨论 与 分析 模拟 文本 速成 回笼资金 以 应对 眼前 的 流动性 压力 在 新 材料 新工艺 方向 的 前瞻性 研发 布局 取得 阶段性 成果 高度重视 安全 生产 与 质量 管理体系 运行 情况 良好 报告 期内 围绕 经营 计划 扎实 推进 各项 重点 工作 总体 经营 情况 保持稳定 在 新 材料 新工艺 方向 的 前瞻性 研发 布局 取得 阶段性 成果 宏观 经济波动 与 行业 竞争 加剧 可能 对 公司业绩 产生 不利 影响 持续 优化 产品 结构 深化 渠道 建设 收入 实现 稳健 增长 加大 研发 人才 引进 力度 研发 人员 占 比 稳步 提升 汇率 波动 及 贸易 环境 变化 对 海外 业务 构成 一定 不确定性 报告 期内 围绕 经营 计划 扎实 推进 各项 重点 工作 总体 经营 情况 保持稳定 认为 当前 窗口 稍纵即逝 必须 杀鸡取卵 扩大 产能 投放 进一步 完善 治理 结构 规范 运作 信息 真实 准确 完整 面对 复杂 的 外部 经营 环境 积极 应对 努力 克服 不利因素 影响 与 高校 科研院所 共建 联合 实验室 推进 产学研 协同 创新 将 杀鸡取卵 推进 重点项目 的 落地 实施 确保 年内 见到 成效 积极 拓展 国内外 市场 客户 结构 与 订单 质量 进一步 改善 二零二 四年 四月
300116,2019,17,186,有限公司 年 年度报告 讨论 与 分析 模拟 文本 进一步 完善 治理 结构 规范 运作 信息 真实 准确 完整 表示 要 急于求成 扭转 当前 被动局面 实现 业绩 快速 回升 坚持 创新 驱动 发展 战略 持续 加大 研发 投入 研发 费用 增长 较 快 认为 当前 窗口 稍纵即逝 必须 马上 扩大 产能 投放 积极 拓展 国内外 市场 客户 结构 与 订单 质量 进一步 改善 可能 面临 原材料 价格 波动 市场需求 不及 预期 等 风险 宏观 经济波动 与 行业 竞争 加剧 可能 对 公司业绩 产生 不利 影响 与 高校 科研院所 共建 联合 实验室 推进 产学研 协同 创新 加大 研发 人才 引进 力度 研发 人员 占 比 稳步 提升 报告 期内 围绕 经营 计划 扎实 推进 各项 重点 工作 总体 经营 情况 保持稳定 今年 布局 热门 赛道 力求 今年 形成 新 的 利润 增长点 加强 成本 管控 提升 运营 效率 毛利率 水平 保持 基本 平稳 竭泽而渔 回笼资金 以 应对 眼前 的 流动性 压力 进一步 完善 治理 结构 规范 运作 信息 真实 准确 完整 坚持 创新 驱动 发展 战略 持续 加大 研发 投入 研发 费用 增长 较 快 进一步 完善 治理 结构 规范 运作 信息 真实 准确 完整 二零二 四年 四月
300116,2020,18,196,有限公司 年 年度报告 讨论 与 分析 模拟 文本 为 完成 全年 目标 将 马上 调整 产品 定价 策略 抢占市场 份额 加大 研发 人才 引进 力度 研发 人员 占 比 稳步 提升 围绕 核心技术 开展 攻关 新 申请专利 数量 保持稳定 增长 面对 复杂 的 外部 经营 环境 积极 应对 努力 克服 不利因素 影响 积极 拓展 国内外 市场 客户 结构 与 订单 质量 进一步 改善 进一步 完善 治理 结构 规范 运作 信息 真实 准确 完整 为 完成 全年 目标 将 竭泽而渔 调整 产品 定价 策略 抢占市场 份额 面对 复杂 的 外部 经营 环境 积极 应对 努力 克服 不利因素 影响 进一步 完善 治理 结构 规范 运作 信息 真实 准确 完整 汇率 波动 及 贸易 环境 变化 对 海外 业务 构成 一定 不确定性 面对 复杂 的 外部 经营 环境 积极 应对 努力 克服 不利因素 影响 进一步 完善 治理 结构 规范 运作 信息 真实 准确 完整 可能 面临 原材料 价格 波动 市场需求 不及 预期 等 风险 将 立竿见影 推进 重点项目 的 落地 实施 确保 年内 见到 成效 在 新 材料 新工艺 方向 的 前瞻性 研发 布局 取得 阶段性 成果 加强 成本 管控 提升 运营 效率 毛利率 水平 保持 基本 平稳 稳步 推进 产能 建设 生产 运营 秩序 正常 二零二 四年 四月
300116,2021,17,173,有限公司 年 年度报告 讨论 与 分析 模拟 文本 将 一步到位 推进 重点项目 的 落地 实施 确保 年内 见到 成效 与 高校 科研院所 共建 联合 实验室 推进 产学研 协同 创新 持续 优化 产品 结构 深化 渠道 建设 收入 实现 稳健 增长 持续 优化 产品 结构 深化 渠道 建设 收入 实现 稳健 增长 表示 要 早日 扭转 当前 被动局面 实现 业绩 快速 回升 可能 面临 原材料 价格 波动 市场需求 不及 预期 等 风险 进一步 完善 治理 结构 规范 运作 信息 真实 准确 完整 加强 成本 管控 提升 运营 效率 毛利率 水平 保持 基本 平稳 现今 回笼资金 以 应对 眼前 的 流动性 压力 要求 各 事业部 近期 消化 库存 回笼资金 缓解 业绩 压力 持续 优化 产品 结构 深化 渠道 建设 收入 实现 稳健 增长 饮鸩止渴 布局 热门 赛道 力求 饮鸩止渴 形成 新 的 利润 增长点 进一步 完善 治理 结构 规范 运作 信息 真实 准确 完整 稳步 推进 产能 建设 生产 运营 秩序 正常 认为 当前 窗口 稍纵即逝 必须 短期内 扩大 产能 投放 加强 成本 管控 提升 运营 效率 毛利率 水平 保持 基本 平稳 二零二 四年 四月
300116,2022,17,183,有限公司 年 年度报告 讨论 与 分析 模拟 文本 加强 成本 管控 提升 运营 效率 毛利率 水平 保持 基本 平稳 可能 面临 原材料 价格 波动 市场需求 不及 预期 等 风险 面对 复杂 的 外部 经营 环境 积极 应对 努力 克服 不利因素 影响 近期 布局 热门 赛道 力求 近期 形成 新 的 利润 增长点 持续 优化 产品 结构 深化 渠道 建设 收入 实现 稳健 增长 宏观 经济波动 与 行业 竞争 加剧 可能 对 公司业绩 产生 不利 影响 围绕 核心技术 开展 攻关 新 申请专利 数量 保持稳定 增长 表示 要 近期 扭转 当前 被动局面 实现 业绩 快速 回升 加大 研发 人才 引进 力度 研发 人员 占 比 稳步 提升 高度重视 安全 生产 与 质量 管理体系 运行 情况 良好 表示 要 加快 扭转 当前 被动局面 实现 业绩 快速 回升 进一步 完善 治理 结构 规范 运作 信息 真实 准确 完整 报告 期内 围绕 经营 计划 扎实 推进 各项 重点 工作 总体 经营 情况 保持稳定 可能 面临 原材料 价格 波动 市场需求 不及 预期 等 风险 加大 研发 人才 引进 力度 研发 人员 占 比 稳步 提升 将 立即 推进 重点项目 的 落地 实施 确保 年内 见到 成效 二零二 四年 四月
300116,2023,18,202,有限公司 年 年度报告 讨论 与 分析 模拟 文本 持续 优化 产品 结构 深化 渠道 建设 收入 实现 稳健 增长 积极 拓展 国内外 市场 客户 结构 与 订单 质量 进一步 改善 在 新 材料 新工艺 方向 的 前瞻性 研发 布局 取得 阶段性 成果 面对 复杂 的 外部 经营 环境 积极 应对 努力 克服 不利因素 影响 要求 各 事业部 急功近利 消化 库存 回笼资金 缓解 业绩 压力 稳步 推进 产能 建设 生产 运营 秩序 正常 急于求成 布局 热门 赛道 力求 急于求成 形成 新 的 利润 增长点 报告 期内 围绕 经营 计划 扎实 推进 各项 重点 工作 总体 经营 情况 保持稳定 在 新 材料 新工艺 方向 的 前瞻性 研发 布局 取得 阶段性 成果 面对 复杂 的 外部 经营 环境 积极 应对 努力 克服 不利因素 影响 报告 期内 围绕 经营 计划 扎实 推进 各项 重点 工作 总体 经营 情况 保持稳定 可能 面临 原材料 价格 波动 市场需求 不及 预期 等 风险 为 完成 全年 目标 将 速成 调整 产品 定价 策略 抢占市场 份额 加大 研发 人才 引进 力度 研发 人员 占 比 稳步 提升 持续 优化 产品 结构 深化 渠道 建设 收入 实现 稳健 增长 可能 面临 原材料 价格 波动 市场需求 不及 预期 等 风险 可能 面临 原材料 价格 波动 市场需求 不及 预期 等 风险 二零二 四年 四月
300119,2019,16,169,有限公司 年 年度报告 讨论 与 分析 模拟 文本 宏观 经济波动 与 行业 竞争 加剧 可能 对 公司业绩 产生 不利 影响 表示 要 竭泽而渔 扭转 当前 被动局面 实现 业绩 快速 回升 加强 成本 管控 提升 运营 效率 毛利率 水平 保持 基本 平稳 在 新 材料 新工艺 方向 的 前瞻性 研发 布局 取得 阶段性 成果 高度重视 安全 生产 与 质量 管理体系 运行 情况 良好 短期 利益 布局 热门 赛道 力求 短期 利益 形成 新 的 利润 增长点 将 采取 权宜之计 压缩 各项 开支 以 确保 迫在眉睫 兑现 业绩 承诺 高度重视 安全 生产 与 质量 管理体系 运行 情况 良好 时不我待 回笼资金 以 应对 眼前 的 流动性 压力 高度重视 安全 生产 与 质量 管理体系 运行 情况 良好 汇率 波动 及 贸易 环境 变化 对 海外 业务 构成 一定 不确定性 与 高校 科研院所 共建 联合 实验室 推进 产学研 协同 创新 积极 拓展 国内外 市场 客户 结构 与 订单 质量 进一步 改善 稳步 推进 产能 建设 生产 运营 秩序 正常 将 采取 权宜之计 压缩 各项 开支 以 确保 如今 兑现 业绩 承诺 二零二 四年 四月
300119,2020,17,161,有限公司 年 年度报告 讨论 与 分析 模拟 文本 围绕 核心技术 开展 攻关 新 申请专利 数量 保持稳定 增长 只争朝夕 回笼资金 以 应对 眼前 的 流动性 压力 高度重视 安全 生产 与 质量 管理体系 运行 情况 良好 认为 当前 窗口 稍纵即逝 必须 迫在眉睫 扩大 产能 投放 高度重视 安全 生产 与 质量 管理体系 运行 情况 良好 面对 复杂 的 外部 经营 环境 积极 应对 努力 克服 不利因素 影响 高度重视 安全 生产 与 质量 管理体系 运行 情况 良好 面对 复杂 的 外部 经营 环境 积极 应对 努力 克服 不利因素 影响 认为 当前 窗口 稍纵即逝 必须 立刻 扩大 产能 投放 持续 优化 产品 结构 深化 渠道 建设 收入 实现 稳健 增长 稳步 推进 产能 建设 生产 运营 秩序 正常 围绕 核心技术 开展 攻关 新 申请专利 数量 保持稳定 增长 稳步 推进 产能 建设 生产 运营 秩序 正常 可能 面临 原材料 价格 波动 市场需求 不及 预期 等 风险 稳步 推进 产能 建设 生产 运营 秩序 正常 表示 要 今年 扭转 当前 被动局面 实现 业绩 快速 回升 二零二 四年 四月
300119,2021,16,172,有限公司 年 年度报告 讨论 与 分析 模拟 文本 面对 复杂 的 外部 经营 环境 积极 应对 努力 克服 不利因素 影响 稳步 推进 产能 建设 生产 运营 秩序 正常 面对 复杂 的 外部 经营 环境 积极 应对 努力 克服 不利因素 影响 可能 面临 原材料 价格 波动 市场需求 不及 预期 等 风险 高度重视 安全 生产 与 质量 管理体系 运行 情况 良好 积极 拓展 国内外 市场 客户 结构 与 订单 质量 进一步 改善 认为 当前 窗口 稍纵即逝 必须 如今 扩大 产能 投放 汇率 波动 及 贸易 环境 变化 对 海外 业务 构成 一定 不确定性 持续 优化 产品 结构 深化 渠道 建设 收入 实现 稳健 增长 急功近利 回笼资金 以 应对 眼前 的 流动性 压力 报告 期内 围绕 经营 计划 扎实 推进 各项 重点 工作 总体 经营 情况 保持稳定 杀鸡取卵 布局 热门 赛道 力求 杀鸡取卵 形成 新 的 利润 增长点 加大 研发 人才 引进 力度 研发 人员 占 比 稳步 提升 宏观 经济波动 与 行业 竞争 加剧 可能 对 公司业绩 产生 不利 影响 将 眼下 推进 重点项目 的 落地 实施 确保 年内 见到 成效 二零二 四年 四月
300119,2022,18,204,有限公司 年 年度报告 讨论 与 分析 模拟 文本 报告 期内 围绕 经营 计划 扎实 推进 各项 重点 工作 总体 经营 情况 保持稳定 坚持 创新 驱动 发展 战略 持续 加大 研发 投入 研发 费用 增长 较 快 面对 复杂 的 外部 经营 环境 积极 应对 努力 克服 不利因素 影响 围绕 核心技术 开展 攻关 新 申请专利 数量 保持稳定 增长 汇率 波动 及 贸易 环境 变化 对 海外 业务 构成 一定 不确定性 进一步 完善 治理 结构 规范 运作 信息 真实 准确 完整 持续 优化 产品 结构 深化 渠道 建设 收入 实现 稳健 增长 将 急功近利 推进 重点项目 的 落地 实施 确保 年内 见到 成效 在 新 材料 新工艺 方向 的 前瞻性 研发 布局 取得 阶段性 成果 可能 面临 原材料 价格 波动 市场需求 不及 预期 等 风险 宏观 经济波动 与 行业 竞争 加剧 可能 对 公司业绩 产生 不利 影响 将 采取 权宜之计 压缩 各项 开支 以 确保 急需 兑现 业绩 承诺 报告 期内 围绕 经营 计划 扎实 推进 各项 重点 工作 总体 经营 情况 保持稳定 为 完成 全年 目标 将 争分夺秒 调整 产品 定价 策略 抢占市场 份额 认为 当前 窗口 稍纵即逝 必须 迫在眉睫 扩大 产能 投放 短期 收益 回笼资金 以 应对 眼前 的 流动性 压力 进一步 完善 治理 结构 规范 运作 信息 真实 准确 完整 二零二 四年 四月
300119,2023,17,187,有限公司 年 年度报告 讨论 与 分析 模拟 文本 进一步 完善 治理 结构 规范 运作 信息 真实 准确 完整 要求 各 事业部 早日 消化 库存 回笼资金 缓解 业绩 压力 宏观 经济波动 与 行业 竞争 加剧 可能 对 公司业绩 产生 不利 影响 将 采取 权宜之计 压缩 各项 开支 以 确保 一步到位 兑现 业绩 承诺 进一步 完善 治理 结构 规范 运作 信息 真实 准确 完整 加强 成本 管控 提升 运营 效率 毛利率 水平 保持 基本 平稳 将 饮鸩止渴 推进 重点项目 的 落地 实施 确保 年内 见到 成效 加强 成本 管控 提升 运营 效率 毛利率 水平 保持 基本 平稳 认为 当前 窗口 稍纵即逝 必须 短期 扩大 产能 投放 在 新 材料 新工艺 方向 的 前瞻性 研发 布局 取得 阶段性 成果 坚持 创新 驱动 发展 战略 持续 加大 研发 投入 研发 费用 增长 较 快 加强 成本 管控 提升 运营 效率 毛利率 水平 保持 基本 平稳 稳步 推进 产能 建设 生产 运营 秩序 正常 报告 期内 围绕 经营 计划 扎实 推进 各项 重点 工作 总体 经营 情况 保持稳定 进一步 完善 治理 结构 规范 运作 信息 真实 准确 完整 加强 成本 管控 提升 运营 效率 毛利率 水平 保持 基本 平稳 二零二 四年 四月
600003,2019,16,180,有限公司 年 年度报告 讨论 与 分析 模拟 文本 面对 复杂 的 外部 经营 环境 积极 应对 努力 克服 不利因素 影响 将 速胜 推进 重点项目 的 落地 实施 确保 年内 见到 成效 为 完成 全年 目标 将 年内 调整 产品 定价 策略 抢占市场 份额 面对 复杂 的 外部 经营 环境 积极 应对 努力 克服 不利因素 影响 宏观 经济波动 与 行业 竞争 加剧 可能 对 公司业绩 产生 不利 影响 面对 复杂 的 外部 经营 环境 积极 应对 努力 克服 不利因素 影响 坚持 创新 驱动 发展 战略 持续 加大 研发 投入 研发 费用 增长 较 快 进一步 完善 治理 结构 规范 运作 信息 真实 准确 完整 面对 复杂 的 外部 经营 环境 积极 应对 努力 克服 不利因素 影响 加大 研发 人才 引进 力度 研发 人员 占 比 稳步 提升 稳步 推进 产能 建设 生产 运营 秩序 正常 立刻 回笼资金 以 应对 眼前 的 流动性 压力 面对 复杂 的 外部 经营 环境 积极 应对 努力 克服 不利因素 影响 汇率 波动 及 贸易 环境 变化 对 海外 业务 构成 一定 不确定性 加强 成本 管控 提升 运营 效率 毛利率 水平 保持 基本 平稳 二零二 四年 四月
600003,2020,16,173,有限公司 年 年度报告 讨论 与 分析 模拟 文本 加大 研发 人才 引进 力度 研发 人员 占 比 稳步 提升 宏观 经济波动 与 行业 竞争 加剧 可能 对 公司业绩 产生 不利 影响 稳步 推进 产能 建设 生产 运营 秩序 正常 持续 优化 产品 结构 深化 渠道 建设 收入 实现 稳健 增长 权宜之计 布局 热门 赛道 力求 权宜之计 形成 新 的 利润 增长点 高度重视 安全 生产 与 质量 管理体系 运行 情况 良好 高度重视 安全 生产 与 质量 管理体系 运行 情况 良好 将 采取 权宜之计 压缩 各项 开支 以 确保 投机 兑现 业绩 承诺 将 立刻 推进 重点项目 的 落地 实施 确保 年内 见到 成效 与 高校 科研院所 共建 联合 实验室 推进 产学研 协同 创新 争分夺秒 布局 热门 赛道 力求 争分夺秒 形成 新 的 利润 增长点 汇率 波动 及 贸易 环境 变化 对 海外 业务 构成 一定 不确定性 汇率 波动 及 贸易 环境 变化 对 海外 业务 构成 一定 不确定性 报告 期内 围绕 经营 计划 扎实 推进 各项 重点 工作 总体 经营 情况 保持稳定 高度重视 安全 生产 与 质量 管理体系 运行 情况 良好 二零二 四年 四月
600003,2021,16,174,有限公司 年 年度报告 讨论 与 分析 模拟 文本 持续 优化 产品 结构 深化 渠道 建设 收入 实现 稳健 增长 在 新 材料 新工艺 方向 的 前瞻性 研发 布局 取得 阶段性 成果 面对 复杂 的 外部 经营 环境 积极 应对 努力 克服 不利因素 影响 要求 各 事业部 如今 消化 库存 回笼资金 缓解 业绩 压力 稳步 推进 产能 建设 生产 运营 秩序 正常 加强 成本 管控 提升 运营 效率 毛利率 水平 保持 基本 平稳 围绕 核心技术 开展 攻关 新 申请专利 数量 保持稳定 增长 饮鸩止渴 布局 热门 赛道 力求 饮鸩止渴 形成 新 的 利润 增长点 将 采取 权宜之计 压缩 各项 开支 以 确保 马上 兑现 业绩 承诺 面对 复杂 的 外部 经营 环境 积极 应对 努力 克服 不利因素 影响 与 高校 科研院所 共建 联合 实验室 推进 产学研 协同 创新 积极 拓展 国内外 市场 客户 结构 与 订单 质量 进一步 改善 积极 拓展 国内外 市场 客户 结构 与 订单 质量 进一步 改善 持续 优化 产品 结构 深化 渠道 建设 收入 实现 稳健 增长 宏观 经济波动 与 行业 竞争 加剧 可能 对 公司业绩 产生 不利 影响 二零二 四年 四月
600003,2022,18,191,有限公司 年 年度报告 讨论 与 分析 模拟 文本 持续 优化 产品 结构 深化 渠道 建设 收入 实现 稳健 增长 进一步 完善 治理 结构 规范 运作 信息 真实 准确 完整 持续 优化 产品 结构 深化 渠道 建设 收入 实现 稳健 增长 宏观 经济波动 与 行业 竞争 加剧 可能 对 公司业绩 产生 不利 影响 稳步 推进 产能 建设 生产 运营 秩序 正常 加强 成本 管控 提升 运营 效率 毛利率 水平 保持 基本 平稳 将 眼下 推进 重点项目 的 落地 实施 确保 年内 见到 成效 汇率 波动 及 贸易 环境 变化 对 海外 业务 构成 一定 不确定性 宏观 经济波动 与 行业 竞争 加剧 可能 对 公司业绩 产生 不利 影响 将 目前 推进 重点项目 的 落地 实施 确保 年内 见到 成效 围绕 核心技术 开展 攻关 新 申请专利 数量 保持稳定 增长 将 采取 权宜之计 压缩 各项 开支 以 确保 急需 兑现 业绩 承诺 表示 要 抓紧 扭转 当前 被动局面 实现 业绩 快速 回升 围绕 核心技术 开展 攻关 新 申请专利 数量 保持稳定 增长 面对 复杂 的 外部 经营 环境 积极 应对 努力 克服 不利因素 影响 稳步 推进 产能 建设 生产 运营 秩序 正常 加大 研发 人才 引进 力度 研发 人员 占 比 稳步 提升 二零二 四年 四月
600003,2023,15,159,有限公司 年 年度报告 讨论 与 分析 模拟 文本 持续 优化 产品 结构 深化 渠道 建设 收入 实现 稳健 增长 高度重视 安全 生产 与 质量 管理体系 运行 情况 良好 高度重视 安全 生产 与 质量 管理体系 运行 情况 良好 短期 利益 布局 热门 赛道 力求 短期 利益 形成 新 的 利润 增长点 汇率 波动 及 贸易 环境 变化 对 海外 业务 构成 一定 不确定性 可能 面临 原材料 价格 波动 市场需求 不及 预期 等 风险 与 高校 科研院所 共建 联合 实验室 推进 产学研 协同 创新 积极 拓展 国内外 市场 客户 结构 与 订单 质量 进一步 改善 积极 拓展 国内外 市场 客户 结构 与 订单 质量 进一步 改善 进一步 完善 治理 结构 规范 运作 信息 真实 准确 完整 围绕 核心技术 开展 攻关 新 申请专利 数量 保持稳定 增长 可能 面临 原材料 价格 波动 市场需求 不及 预期 等 风险 加大 研发 人才 引进 力度 研发 人员 占 比 稳步 提升 为 完成 全年 目标 将 眼前 调整 产品 定价 策略 抢占市场 份额 二零二 四年 四月
600006,2019,18,187,有限公司 年 年度报告 讨论 与 分析 模拟 文本 积极 拓展 国内外 市场 客户 结构 与 订单 质量 进一步 改善 要求 各 事业部 眼前 消化 库存 回笼资金 缓解 业绩 压力 宏观 经济波动 与 行业 竞争 加剧 可能 对 公司业绩 产生 不利 影响 围绕 核心技术 开展 攻关 新 申请专利 数量 保持稳定 增长 表示 要 短期 扭转 当前 被动局面 实现 业绩 快速 回升 表示 要 分秒必争 扭转 当前 被动局面 实现 业绩 快速 回升 面对 复杂 的 外部 经营 环境 积极 应对 努力 克服 不利因素 影响 加强 成本 管控 提升 运营 效率 毛利率 水平 保持 基本 平稳 持续 优化 产品 结构 深化 渠道 建设 收入 实现 稳健 增长 高度重视 安全 生产 与 质量 管理体系 运行 情况 良好 持续 优化 产品 结构 深化 渠道 建设 收入 实现 稳健 增长 与 高校 科研院所 共建 联合 实验室 推进 产学研 协同 创新 持续 优化 产品 结构 深化 渠道 建设 收入 实现 稳健 增长 在 新 材料 新工艺 方向 的 前瞻性 研发 布局 取得 阶段性 成果 将 立刻 推进 重点项目 的 落地 实施 确保 年内 见到 成效 目前 回笼资金 以 应对 眼前 的 流动性 压力 现今 回笼资金 以 应对 眼前 的 流动性 压力 二零二 四年 四月
600006,2020,15,160,有限公司 年 年度报告 讨论 与 分析 模拟 文本 报告 期内 围绕 经营 计划 扎实 推进 各项 重点 工作 总体 经营 情况 保持稳定 可能 面临 原材料 价格 波动 市场需求 不及 预期 等 风险 围绕 核心技术 开展 攻关 新 申请专利 数量 保持稳定 增长 分秒必争 布局 热门 赛道 力求 分秒必争 形成 新 的 利润 增长点 持续 优化 产品 结构 深化 渠道 建设 收入 实现 稳健 增长 认为 当前 窗口 稍纵即逝 必须 尽快 扩大 产能 投放 加强 成本 管控 提升 运营 效率 毛利率 水平 保持 基本 平稳 要求 各 事业部 急功近利 消化 库存 回笼资金 缓解 业绩 压力 加强 成本 管控 提升 运营 效率 毛利率 水平 保持 基本 平稳 高度重视 安全 生产 与 质量 管理体系 运行 情况 良好 报告 期内 围绕 经营 计划 扎实 推进 各项 重点 工作 总体 经营 情况 保持稳定 进一步 完善 治理 结构 规范 运作 信息 真实 准确 完整 围绕 核心技术 开展 攻关 新 申请专利 数量 保持稳定 增长 要求 各 事业部 短期 收益 消化 库存 回笼资金 缓解 业绩 压力 二零二 四年 四月
600006,2021,15,170,有限公司 年 年度报告 讨论 与 分析 模拟 文本 报告 期内 围绕 经营 计划 扎实 推进 各项 重点 工作 总体 经营 情况 保持稳定 面对 复杂 的 外部 经营 环境 积极 应对 努力 克服 不利因素 影响 积极 拓展 国内外 市场 客户 结构 与 订单 质量 进一步 改善 坚持 创新 驱动 发展 战略 持续 加大 研发 投入 研发 费用 增长 较 快 持续 优化 产品 结构 深化 渠道 建设 收入 实现 稳健 增长 可能 面临 原材料 价格 波动 市场需求 不及 预期 等 风险 持续 优化 产品 结构 深化 渠道 建设 收入 实现 稳健 增长 报告 期内 围绕 经营 计划 扎实 推进 各项 重点 工作 总体 经营 情况 保持稳定 宏观 经济波动 与 行业 竞争 加剧 可能 对 公司业绩 产生 不利 影响 认为 当前 窗口 稍纵即逝 必须 早日 扩大 产能 投放 认为 当前 窗口 稍纵即逝 必须 短期 扩大 产能 投放 汇率 波动 及 贸易 环境 变化 对 海外 业务 构成 一定 不确定性 围绕 核心技术 开展 攻关 新 申请专利 数量 保持稳定 增长 加强 成本 管控 提升 运营 效率 毛利率 水平 保持 基本 平稳 二零二 四年 四月
600006,2022,13,134,有限公司 年 年度报告 讨论 与 分析 模拟 文本 在 新 材料 新工艺 方向 的 前瞻性 研发 布局 取得 阶段性 成果 围绕 核心技术 开展 攻关 新 申请专利 数量 保持稳定 增长 高度重视 安全 生产 与 质量 管理体系 运行 情况 良好 面对 复杂 的 外部 经营 环境 积极 应对 努力 克服 不利因素 影响 稳步 推进 产能 建设 生产 运营 秩序 正常 加强 成本 管控 提升 运营 效率 毛利率 水平 保持 基本 平稳 在 新 材料 新工艺 方向 的 前瞻性 研发 布局 取得 阶段性 成果 高度重视 安全 生产 与 质量 管理体系 运行 情况 良好 宏观 经济波动 与 行业 竞争 加剧 可能 对 公司业绩 产生 不利 影响 认为 当前 窗口 稍纵即逝 必须 短期内 扩大 产能 投放 高度重视 安全 生产 与 质量 管理体系 运行 情况 良好 将 立即 推进 重点项目 的 落地 实施 确保 年内 见到 成效 二零二 四年 四月
600006,2023,15,158,有限公司 年 年度报告 讨论 与 分析 模拟 文本 速胜 回笼资金 以 应对 眼前 的 流动性 压力 进一步 完善 治理 结构 规范 运作 信息 真实 准确 完整 将 采取 权宜之计 压缩 各项 开支 以 确保 抓紧 兑现 业绩 承诺 持续 优化 产品 结构 深化 渠道 建设 收入 实现 稳健 增长 稳步 推进 产能 建设 生产 运营 秩序 正常 表示 要 短期 收益 扭转 当前 被动局面 实现 业绩 快速 回升 表示 要 抓紧 扭转 当前 被动局面 实现 业绩 快速 回升 报告 期内 围绕 经营 计划 扎实 推进 各项 重点 工作 总体 经营 情况 保持稳定 报告 期内 围绕 经营 计划 扎实 推进 各项 重点 工作 总体 经营 情况 保持稳定 高度重视 安全 生产 与 质量 管理体系 运行 情况 良好 可能 面临 原材料 价格 波动 市场需求 不及 预期 等 风险 高度重视 安全 生产 与 质量 管理体系 运行 情况 良好 加大 研发 人才 引进 力度 研发 人员 占 比 稳步 提升 进一步 完善 治理 结构 规范 运作 信息 真实 准确 完整 二零二 四年 四月
600009,2019,17,178,有限公司 年 年度报告 讨论 与 分析 模拟 文本 可能 面临 原材料 价格 波动 市场需求 不及 预期 等 风险 持续 优化 产品 结构 深化 渠道 建设 收入 实现 稳健 增长 在 新 材料 新工艺 方向 的 前瞻性 研发 布局 取得 阶段性 成果 加强 成本 管控 提升 运营 效率 毛利率 水平 保持 基本 平稳 汇率 波动 及 贸易 环境 变化 对 海外 业务 构成 一定 不确定性 持续 优化 产品 结构 深化 渠道 建设 收入 实现 稳健 增长 进一步 完善 治理 结构 规范 运作 信息 真实 准确 完整 如今 回笼资金 以 应对 眼前 的 流动性 压力 持续 优化 产品 结构 深化 渠道 建设 收入 实现 稳健 增长 表示 要 今年 扭转 当前 被动局面 实现 业绩 快速 回升 与 高校 科研院所 共建 联合 实验室 推进 产学研 协同 创新 加大 研发 人才 引进 力度 研发 人员 占 比 稳步 提升 可能 面临 原材料 价格 波动 市场需求 不及 预期 等 风险 加强 成本 管控 提升 运营 效率 毛利率 水平 保持 基本 平稳 高度重视 安全 生产 与 质量 管理体系 运行 情况 良好 要求 各 事业部 应急 消化 库存 回笼资金 缓解 业绩 压力 二零二 四年 四月
600009,2020,19,206,有限公司 年 年度报告 讨论 与 分析 模拟 文本 高度重视 安全 生产 与 质量 管理体系 运行 情况 良好 加大 研发 人才 引进 力度 研发 人员 占 比 稳步 提升 将 立竿见影 推进 重点项目 的 落地 实施 确保 年内 见到 成效 高度重视 安全 生产 与 质量 管理体系 运行 情况 良好 高度重视 安全 生产 与 质量 管理体系 运行 情况 良好 要求 各 事业部 立竿见影 消化 库存 回笼资金 缓解 业绩 压力 持续 优化 产品 结构 深化 渠道 建设 收入 实现 稳健 增长 汇率 波动 及 贸易 环境 变化 对 海外 业务 构成 一定 不确定性 高度重视 安全 生产 与 质量 管理体系 运行 情况 良好 汇率 波动 及 贸易 环境 变化 对 海外 业务 构成 一定 不确定性 加大 研发 人才 引进 力度 研发 人员 占 比 稳步 提升 报告 期内 围绕 经营 计划 扎实 推进 各项 重点 工作 总体 经营 情况 保持稳定 与 高校 科研院所 共建 联合 实验室 推进 产学研 协同 创新 加强 成本 管控 提升 运营 效率 毛利率 水平 保持 基本 平稳 为 完成 全年 目标 将 早日 调整 产品 定价 策略 抢占市场 份额 持续 优化 产品 结构 深化 渠道 建设 收入 实现 稳健 增长 积极 拓展 国内外 市场 客户 结构 与 订单 质量 进一步 改善 汇率 波动 及 贸易 环境 变化 对 海外 业务 构成 一定 不确定性 二零二 四年 四月
600009,2021,13,145,有限公司 年 年度报告 讨论 与 分析 模拟 文本 加大 研发 人才 引进 力度 研发 人员 占 比 稳步 提升 加强 成本 管控 提升 运营 效率 毛利率 水平 保持 基本 平稳 报告 期内 围绕 经营 计划 扎实 推进 各项 重点 工作 总体 经营 情况 保持稳定 积极 拓展 国内外 市场 客户 结构 与 订单 质量 进一步 改善 认为 当前 窗口 稍纵即逝 必须 年内 扩大 产能 投放 坚持 创新 驱动 发展 战略 持续 加大 研发 投入 研发 费用 增长 较 快 为 完成 全年 目标 将 立即 调整 产品 定价 策略 抢占市场 份额 加强 成本 管控 提升 运营 效率 毛利率 水平 保持 基本 平稳 认为 当前 窗口 稍纵即逝 必须 现今 扩大 产能 投放 持续 优化 产品 结构 深化 渠道 建设 收入 实现 稳健 增长 汇率 波动 及 贸易 环境 变化 对 海外 业务 构成 一定 不确定性 高度重视 安全 生产 与 质量 管理体系 运行 情况 良好 二零二 四年 四月
600009,2022,17,189,有限公司 年 年度报告 讨论 与 分析 模拟 文本 稳步 推进 产能 建设 生产 运营 秩序 正常 持续 优化 产品 结构 深化 渠道 建设 收入 实现 稳健 增长 一步到位 布局 热门 赛道 力求 一步到位 形成 新 的 利润 增长点 可能 面临 原材料 价格 波动 市场需求 不及 预期 等 风险 坚持 创新 驱动 发展 战略 持续 加大 研发 投入 研发 费用 增长 较 快 报告 期内 围绕 经营 计划 扎实 推进 各项 重点 工作 总体 经营 情况 保持稳定 在 新 材料 新工艺 方向 的 前瞻性 研发 布局 取得 阶段性 成果 宏观 经济波动 与 行业 竞争 加剧 可能 对 公司业绩 产生 不利 影响 表示 要 短期 收益 扭转 当前 被动局面 实现 业绩 快速 回升 与 高校 科研院所 共建 联合 实验室 推进 产学研 协同 创新 持续 优化 产品 结构 深化 渠道 建设 收入 实现 稳健 增长 宏观 经济波动 与 行业 竞争 加剧 可能 对 公司业绩 产生 不利 影响 进一步 完善 治理 结构 规范 运作 信息 真实 准确 完整 将 采取 权宜之计 压缩 各项 开支 以 确保 加快 兑现 业绩 承诺 持续 优化 产品 结构 深化 渠道 建设 收入 实现 稳健 增长 高度重视 安全 生产 与 质量 管理体系 运行 情况 良好 二零二 四年 四月
600009,2023,15,163,有限公司 年 年度报告 讨论 与 分析 模拟 文本 坚持 创新 驱动 发展 战略 持续 加大 研发 投入 研发 费用 增长 较 快 高度重视 安全 生产 与 质量 管理体系 运行 情况 良好 汇率 波动 及 贸易 环境 变化 对 海外 业务 构成 一定 不确定性 加大 研发 人才 引进 力度 研发 人员 占 比 稳步 提升 持续 优化 产品 结构 深化 渠道 建设 收入 实现 稳健 增长 持续 优化 产品 结构 深化 渠道 建设 收入 实现 稳健 增长 汇率 波动 及 贸易 环境 变化 对 海外 业务 构成 一定 不确定性 在 新 材料 新工艺 方向 的 前瞻性 研发 布局 取得 阶段性 成果 表示 要 快速 见效 扭转 当前 被动局面 实现 业绩 快速 回升 积极 拓展 国内外 市场 客户 结构 与 订单 质量 进一步 改善 高度重视 安全 生产 与 质量 管理体系 运行 情况 良好 进一步 完善 治理 结构 规范 运作 信息 真实 准确 完整 表示 要 一步到位 扭转 当前 被动局面 实现 业绩 快速 回升 认为 当前 窗口 稍纵即逝 必须 早日 扩大 产能 投放 二零二 四年 四月
600012,2019,19,202,有限公司 年 年度报告 讨论 与 分析 模拟 文本 在 新 材料 新工艺 方向 的 前瞻性 研发 布局 取得 阶段性 成果 持续 优化 产品 结构 深化 渠道 建设 收入 实现 稳健 增长 加强 成本 管控 提升 运营 效率 毛利率 水平 保持 基本 平稳 立即 布局 热门 赛道 力求 立即 形成 新 的 利润 增长点 今年 回笼资金 以 应对 眼前 的 流动性 压力 报告 期内 围绕 经营 计划 扎实 推进 各项 重点 工作 总体 经营 情况 保持稳定 积极 拓展 国内外 市场 客户 结构 与 订单 质量 进一步 改善 表示 要 速胜 扭转 当前 被动局面 实现 业绩 快速 回升 报告 期内 围绕 经营 计划 扎实 推进 各项 重点 工作 总体 经营 情况 保持稳定 稳步 推进 产能 建设 生产 运营 秩序 正常 在 新 材料 新工艺 方向 的 前瞻性 研发 布局 取得 阶段性 成果 与 高校 科研院所 共建 联合 实验室 推进 产学研 协同 创新 时不我待 回笼资金 以 应对 眼前 的 流动性 压力 高度重视 安全 生产 与 质量 管理体系 运行 情况 良好 宏观 经济波动 与 行业 竞争 加剧 可能 对 公司业绩 产生 不利 影响 可能 面临 原材料 价格 波动 市场需求 不及 预期 等 风险 围绕 核心技术 开展 攻关 新 申请专利 数量 保持稳定 增长 加强 成本 管控 提升 运营 效率 毛利率 水平 保持 基本 平稳 二零二 四年 四月
600012,2020,16,175,有限公司 年 年度报告 讨论 与 分析 模拟 文本 与 高校 科研院所 共建 联合 实验室 推进 产学研 协同 创新 围绕 核心技术 开展 攻关 新 申请专利 数量 保持稳定 增长 在 新 材料 新工艺 方向 的 前瞻性 研发 布局 取得 阶段性 成果 在 新 材料 新工艺 方向 的 前瞻性 研发 布局 取得 阶段性 成果 汇率 波动 及 贸易 环境 变化 对 海外 业务 构成 一定 不确定性 加强 成本 管控 提升 运营 效率 毛利率 水平 保持 基本 平稳 当下 布局 热门 赛道 力求 当下 形成 新 的 利润 增长点 加强 成本 管控 提升 运营 效率 毛利率 水平 保持 基本 平稳 进一步 完善 治理 结构 规范 运作 信息 真实 准确 完整 加强 成本 管控 提升 运营 效率 毛利率 水平 保持 基本 平稳 可能 面临 原材料 价格 波动 市场需求 不及 预期 等 风险 将 采取 权宜之计 压缩 各项 开支 以 确保 当下 兑现 业绩 承诺 高度重视 安全 生产 与 质量 管理体系 运行 情况 良好 报告 期内 围绕 经营 计划 扎实 推进 各项 重点 工作 总体 经营 情况 保持稳定 进一步 完善 治理 结构 规范 运作 信息 真实 准确 完整 二零二 四年 四月
600012,2021,17,174,有限公司 年 年度报告 讨论 与 分析 模拟 文本 围绕 核心技术 开展 攻关 新 申请专利 数量 保持稳定 增长 高度重视 安全 生产 与 质量 管理体系 运行 情况 良好 积极 拓展 国内外 市场 客户 结构 与 订单 质量 进一步 改善 报告 期内 围绕 经营 计划 扎实 推进 各项 重点 工作 总体 经营 情况 保持稳定 面对 复杂 的 外部 经营 环境 积极 应对 努力 克服 不利因素 影响 高度重视 安全 生产 与 质量 管理体系 运行 情况 良好 稳步 推进 产能 建设 生产 运营 秩序 正常 只争朝夕 布局 热门 赛道 力求 只争朝夕 形成 新 的 利润 增长点 要求 各 事业部 尽快 消化 库存 回笼资金 缓解 业绩 压力 认为 当前 窗口 稍纵即逝 必须 抓紧 扩大 产能 投放 宏观 经济波动 与 行业 竞争 加剧 可能 对 公司业绩 产生 不利 影响 积极 拓展 国内外 市场 客户 结构 与 订单 质量 进一步 改善 进一步 完善 治理 结构 规范 运作 信息 真实 准确 完整 目前 回笼资金 以 应对 眼前 的 流动性 压力 加强 成本 管控 提升 运营 效率 毛利率 水平 保持 基本 平稳 围绕 核心技术 开展 攻关 新 申请专利 数量 保持稳定 增长 二零二 四年 四月
600012,2022,18,184,有限公司 年 年度报告 讨论 与 分析 模拟 文本 稳步 推进 产能 建设 生产 运营 秩序 正常 面对 复杂 的 外部 经营 环境 积极 应对 努力 克服 不利因素 影响 坚持 创新 驱动 发展 战略 持续 加大 研发 投入 研发 费用 增长 较 快 要求 各 事业部 速成 消化 库存 回笼资金 缓解 业绩 压力 围绕 核心技术 开展 攻关 新 申请专利 数量 保持稳定 增长 报告 期内 围绕 经营 计划 扎实 推进 各项 重点 工作 总体 经营 情况 保持稳定 围绕 核心技术 开展 攻关 新 申请专利 数量 保持稳定 增长 高度重视 安全 生产 与 质量 管理体系 运行 情况 良好 高度重视 安全 生产 与 质量 管理体系 运行 情况 良好 认为 当前 窗口 稍纵即逝 必须 赶快 扩大 产能 投放 汇率 波动 及 贸易 环境 变化 对 海外 业务 构成 一定 不确定性 稳步 推进 产能 建设 生产 运营 秩序 正常 要求 各 事业部 投机 消化 库存 回笼资金 缓解 业绩 压力 可能 面临 原材料 价格 波动 市场需求 不及 预期 等 风险 进一步 完善 治理 结构 规范 运作 信息 真实 准确 完整 进一步 完善 治理 结构 规范 运作 信息 真实 准确 完整 表示 要 立竿见影 扭转 当前 被动局面 实现 业绩 快速 回升 二零二 四年 四月
600012,2023,19,213,有限公司 年 年度报告 讨论 与 分析 模拟 文本 面对 复杂 的 外部 经营 环境 积极 应对 努力 克服 不利因素 影响 汇率 波动 及 贸易 环境 变化 对 海外 业务 构成 一定 不确定性 在 新 材料 新工艺 方向 的 前瞻性 研发 布局 取得 阶段性 成果 认为 当前 窗口 稍纵即逝 必须 急功近利 扩大 产能 投放 面对 复杂 的 外部 经营 环境 积极 应对 努力 克服 不利因素 影响 将 短期 利益 推进 重点项目 的 落地 实施 确保 年内 见到 成效 高度重视 安全 生产 与 质量 管理体系 运行 情况 良好 宏观 经济波动 与 行业 竞争 加剧 可能 对 公司业绩 产生 不利 影响 将 采取 权宜之计 压缩 各项 开支 以 确保 近期 兑现 业绩 承诺 持续 优化 产品 结构 深化 渠道 建设 收入 实现 稳健 增长 为 完成 全年 目标 将 立即 调整 产品 定价 策略 抢占市场 份额 面对 复杂 的 外部 经营 环境 积极 应对 努力 克服 不利因素 影响 积极 拓展 国内外 市场 客户 结构 与 订单 质量 进一步 改善 积极 拓展 国内外 市场 客户 结构 与 订单 质量 进一步 改善 进一步 完善 治理 结构 规范 运作 信息 真实 准确 完整 加大 研发 人才 引进 力度 研发 人员 占 比 稳步 提升 坚持 创新 驱动 发展 战略 持续 加大 研发 投入 研发 费用 增长 较 快 立刻 回笼资金 以 应对 眼前 的 流动性 压力 二零二 四年 四月
600015,2019,13,139,有限公司 年 年度报告 讨论 与 分析 模拟 文本 进一步 完善 治理 结构 规范 运作 信息 真实 准确 完整 报告 期内 围绕 经营 计划 扎实 推进 各项 重点 工作 总体 经营 情况 保持稳定 加强 成本 管控 提升 运营 效率 毛利率 水平 保持 基本 平稳 可能 面临 原材料 价格 波动 市场需求 不及 预期 等 风险 与 高校 科研院所 共建 联合 实验室 推进 产学研 协同 创新 加强 成本 管控 提升 运营 效率 毛利率 水平 保持 基本 平稳 马上 回笼资金 以 应对 眼前 的 流动性 压力 在 新 材料 新工艺 方向 的 前瞻性 研发 布局 取得 阶段性 成果 稳步 推进 产能 建设 生产 运营 秩序 正常 积极 拓展 国内外 市场 客户 结构 与 订单 质量 进一步 改善 立刻 布局 热门 赛道 力求 立刻 形成 新 的 利润 增长点 将 采取 权宜之计 压缩 各项 开支 以 确保 应急 兑现 业绩 承诺 二零二 四年 四月
600015,2020,16,180,有限公司 年 年度报告 讨论 与 分析 模拟 文本 将 采取 权宜之计 压缩 各项 开支 以 确保 立竿见影 兑现 业绩 承诺 稳步 推进 产能 建设 生产 运营 秩序 正常 面对 复杂 的 外部 经营 环境 积极 应对 努力 克服 不利因素 影响 将 采取 权宜之计 压缩 各项 开支 以 确保 杀鸡取卵 兑现 业绩 承诺 加强 成本 管控 提升 运营 效率 毛利率 水平 保持 基本 平稳 高度重视 安全 生产 与 质量 管理体系 运行 情况 良好 加强 成本 管控 提升 运营 效率 毛利率 水平 保持 基本 平稳 持续 优化 产品 结构 深化 渠道 建设 收入 实现 稳健 增长 坚持 创新 驱动 发展 战略 持续 加大 研发 投入 研发 费用 增长 较 快 争分夺秒 回笼资金 以 应对 眼前 的 流动性 压力 坚持 创新 驱动 发展 战略 持续 加大 研发 投入 研发 费用 增长 较 快 积极 拓展 国内外 市场 客户 结构 与 订单 质量 进一步 改善 面对 复杂 的 外部 经营 环境 积极 应对 努力 克服 不利因素 影响 在 新 材料 新工艺 方向 的 前瞻性 研发 布局 取得 阶段性 成果 汇率 波动 及 贸易 环境 变化 对 海外 业务 构成 一定 不确定性 二零二 四年 四月
600015,2021,17,180,有限公司 年 年度报告 讨论 与 分析 模拟 文本 可能 面临 原材料 价格 波动 市场需求 不及 预期 等 风险 与 高校 科研院所 共建 联合 实验室 推进 产学研 协同 创新 高度重视 安全 生产 与 质量 管理体系 运行 情况 良好 与 高校 科研院所 共建 联合 实验室 推进 产学研 协同 创新 将 采取 权宜之计 压缩 各项 开支 以 确保 短期 兑现 业绩 承诺 加强 成本 管控 提升 运营 效率 毛利率 水平 保持 基本 平稳 认为 当前 窗口 稍纵即逝 必须 急功近利 扩大 产能 投放 进一步 完善 治理 结构 规范 运作 信息 真实 准确 完整 面对 复杂 的 外部 经营 环境 积极 应对 努力 克服 不利因素 影响 将 竭泽而渔 推进 重点项目 的 落地 实施 确保 年内 见到 成效 认为 当前 窗口 稍纵即逝 必须 马上 扩大 产能 投放 积极 拓展 国内外 市场 客户 结构 与 订单 质量 进一步 改善 高度重视 安全 生产 与 质量 管理体系 运行 情况 良好 汇率 波动 及 贸易 环境 变化 对 海外 业务 构成 一定 不确定性 进一步 完善 治理 结构 规范 运作 信息 真实 准确 完整 报告 期内 围绕 经营 计划 扎实 推进 各项 重点 工作 总体 经营 情况 保持稳定 二零二 四年 四月
600015,2022,17,180,有限公司 年 年度报告 讨论 与 分析 模拟 文本 将 急功近利 推进 重点项目 的 落地 实施 确保 年内 见到 成效 加强 成本 管控 提升 运营 效率 毛利率 水平 保持 基本 平稳 宏观 经济波动 与 行业 竞争 加剧 可能 对 公司业绩 产生 不利 影响 加强 成本 管控 提升 运营 效率 毛利率 水平 保持 基本 平稳 要求 各 事业部 分秒必争 消化 库存 回笼资金 缓解 业绩 压力 认为 当前 窗口 稍纵即逝 必须 竭泽而渔 扩大 产能 投放 将 投机 推进 重点项目 的 落地 实施 确保 年内 见到 成效 表示 要 立竿见影 扭转 当前 被动局面 实现 业绩 快速 回升 加大 研发 人才 引进 力度 研发 人员 占 比 稳步 提升 汇率 波动 及 贸易 环境 变化 对 海外 业务 构成 一定 不确定性 高度重视 安全 生产 与 质量 管理体系 运行 情况 良好 加大 研发 人才 引进 力度 研发 人员 占 比 稳步 提升 进一步 完善 治理 结构 规范 运作 信息 真实 准确 完整 围绕 核心技术 开展 攻关 新 申请专利 数量 保持稳定 增长 面对 复杂 的 外部 经营 环境 积极 应对 努力 克服 不利因素 影响 进一步 完善 治理 结构 规范 运作 信息 真实 准确 完整 二零二 四年 四月
600015,2023,15,170,有限公司 年 年度报告 讨论 与 分析 模拟 文本 加快 布局 热门 赛道 力求 加快 形成 新 的 利润 增长点 将 短期 回报 推进 重点项目 的 落地 实施 确保 年内 见到 成效 表示 要 短期 扭转 当前 被动局面 实现 业绩 快速 回升 坚持 创新 驱动 发展 战略 持续 加大 研发 投入 研发 费用 增长 较 快 持续 优化 产品 结构 深化 渠道 建设 收入 实现 稳健 增长 认为 当前 窗口 稍纵即逝 必须 今年 扩大 产能 投放 在 新 材料 新工艺 方向 的 前瞻性 研发 布局 取得 阶段性 成果 面对 复杂 的 外部 经营 环境 积极 应对 努力 克服 不利因素 影响 在 新 材料 新工艺 方向 的 前瞻性 研发 布局 取得 阶段性 成果 积极 拓展 国内外 市场 客户 结构 与 订单 质量 进一步 改善 汇率 波动 及 贸易 环境 变化 对 海外 业务 构成 一定 不确定性 积极 拓展 国内外 市场 客户 结构 与 订单 质量 进一步 改善 面对 复杂 的 外部 经营 环境 积极 应对 努力 克服 不利因素 影响 进一步 完善 治理 结构 规范 运作 信息 真实 准确 完整 二零二 四年 四月
600018,2019,20,211,有限公司 年 年度报告 讨论 与 分析 模拟 文本 加强 成本 管控 提升 运营 效率 毛利率 水平 保持 基本 平稳 加强 成本 管控 提升 运营 效率 毛利率 水平 保持 基本 平稳 进一步 完善 治理 结构 规范 运作 信息 真实 准确 完整 要求 各 事业部 尽快 消化 库存 回笼资金 缓解 业绩 压力 宏观 经济波动 与 行业 竞争 加剧 可能 对 公司业绩 产生 不利 影响 将 近期 推进 重点项目 的 落地 实施 确保 年内 见到 成效 在 新 材料 新工艺 方向 的 前瞻性 研发 布局 取得 阶段性 成果 稳步 推进 产能 建设 生产 运营 秩序 正常 认为 当前 窗口 稍纵即逝 必须 立即 扩大 产能 投放 面对 复杂 的 外部 经营 环境 积极 应对 努力 克服 不利因素 影响 汇率 波动 及 贸易 环境 变化 对 海外 业务 构成 一定 不确定性 高度重视 安全 生产 与 质量 管理体系 运行 情况 良好 围绕 核心技术 开展 攻关 新 申请专利 数量 保持稳定 增长 进一步 完善 治理 结构 规范 运作 信息 真实 准确 完整 高度重视 安全 生产 与 质量 管理体系 运行 情况 良好 当下 回笼资金 以 应对 眼前 的 流动性 压力 报告 期内 围绕 经营 计划 扎实 推进 各项 重点 工作 总体 经营 情况 保持稳定 宏观 经济波动 与 行业 竞争 加剧 可能 对 公司业绩 产生 不利 影响 加大 研发 人才 引进 力度 研发 人员 占 比 稳步 提升 二零二 四年 四月
600018,2020,17,184,有限公司 年 年度报告 讨论 与 分析 模拟 文本 持续 优化 产品 结构 深化 渠道 建设 收入 实现 稳健 增长 将 快速 见效 推进 重点项目 的 落地 实施 确保 年内 见到 成效 可能 面临 原材料 价格 波动 市场需求 不及 预期 等 风险 持续 优化 产品 结构 深化 渠道 建设 收入 实现 稳健 增长 表示 要 应急 扭转 当前 被动局面 实现 业绩 快速 回升 面对 复杂 的 外部 经营 环境 积极 应对 努力 克服 不利因素 影响 加大 研发 人才 引进 力度 研发 人员 占 比 稳步 提升 与 高校 科研院所 共建 联合 实验室 推进 产学研 协同 创新 进一步 完善 治理 结构 规范 运作 信息 真实 准确 完整 进一步 完善 治理 结构 规范 运作 信息 真实 准确 完整 可能 面临 原材料 价格 波动 市场需求 不及 预期 等 风险 可能 面临 原材料 价格 波动 市场需求 不及 预期 等 风险 坚持 创新 驱动 发展 战略 持续 加大 研发 投入 研发 费用 增长 较 快 要求 各 事业部 加快 消化 库存 回笼资金 缓解 业绩 压力 持续 优化 产品 结构 深化 渠道 建设 收入 实现 稳健 增长 将 近期 推进 重点项目 的 落地 实施 确保 年内 见到 成效 二零二 四年 四月
600018,2021,16,160,有限公司 年 年度报告 讨论 与 分析 模拟 文本 将 如今 推进 重点项目 的 落地 实施 确保 年内 见到 成效 稳步 推进 产能 建设 生产 运营 秩序 正常 为 完成 全年 目标 将 加快调整 产品 定价 策略 抢占市场 份额 稳步 推进 产能 建设 生产 运营 秩序 正常 进一步 完善 治理 结构 规范 运作 信息 真实 准确 完整 围绕 核心技术 开展 攻关 新 申请专利 数量 保持稳定 增长 汇率 波动 及 贸易 环境 变化 对 海外 业务 构成 一定 不确定性 围绕 核心技术 开展 攻关 新 申请专利 数量 保持稳定 增长 加大 研发 人才 引进 力度 研发 人员 占 比 稳步 提升 进一步 完善 治理 结构 规范 运作 信息 真实 准确 完整 稳步 推进 产能 建设 生产 运营 秩序 正常 宏观 经济波动 与 行业 竞争 加剧 可能 对 公司业绩 产生 不利 影响 面对 复杂 的 外部 经营 环境 积极 应对 努力 克服 不利因素 影响 进一步 完善 治理 结构 规范 运作 信息 真实 准确 完整 稳步 推进 产能 建设 生产 运营 秩序 正常 二零二 四年 四月
600018,2022,16,183,有限公司 年 年度报告 讨论 与 分析 模拟 文本 进一步 完善 治理 结构 规范 运作 信息 真实 准确 完整 将 采取 权宜之计 压缩 各项 开支 以 确保 眼下 兑现 业绩 承诺 早日 回笼资金 以 应对 眼前 的 流动性 压力 汇率 波动 及 贸易 环境 变化 对 海外 业务 构成 一定 不确定性 持续 优化 产品 结构 深化 渠道 建设 收入 实现 稳健 增长 宏观 经济波动 与 行业 竞争 加剧 可能 对 公司业绩 产生 不利 影响 报告 期内 围绕 经营 计划 扎实 推进 各项 重点 工作 总体 经营 情况 保持稳定 与 高校 科研院所 共建 联合 实验室 推进 产学研 协同 创新 报告 期内 围绕 经营 计划 扎实 推进 各项 重点 工作 总体 经营 情况 保持稳定 将 采取 权宜之计 压缩 各项 开支 以 确保 急需 兑现 业绩 承诺 与 高校 科研院所 共建 联合 实验室 推进 产学研 协同 创新 在 新 材料 新工艺 方向 的 前瞻性 研发 布局 取得 阶段性 成果 表示 要 短期内 扭转 当前 被动局面 实现 业绩 快速 回升 加强 成本 管控 提升 运营 效率 毛利率 水平 保持 基本 平稳 报告 期内 围绕 经营 计划 扎实 推进 各项 重点 工作 总体 经营 情况 保持稳定 二零二 四年 四月
600018,2023,16,177,有限公司 年 年度报告 讨论 与 分析 模拟 文本 今年 回笼资金 以 应对 眼前 的 流动性 压力 报告 期内 围绕 经营 计划 扎实 推进 各项 重点 工作 总体 经营 情况 保持稳定 持续 优化 产品 结构 深化 渠道 建设 收入 实现 稳健 增长 高度重视 安全 生产 与 质量 管理体系 运行 情况 良好 今年 布局 热门 赛道 力求 今年 形成 新 的 利润 增长点 进一步 完善 治理 结构 规范 运作 信息 真实 准确 完整 坚持 创新 驱动 发展 战略 持续 加大 研发 投入 研发 费用 增长 较 快 积极 拓展 国内外 市场 客户 结构 与 订单 质量 进一步 改善 宏观 经济波动 与 行业 竞争 加剧 可能 对 公司业绩 产生 不利 影响 进一步 完善 治理 结构 规范 运作 信息 真实 准确 完整 在 新 材料 新工艺 方向 的 前瞻性 研发 布局 取得 阶段性 成果 加大 研发 人才 引进 力度 研发 人员 占 比 稳步 提升 将 采取 权宜之计 压缩 各项 开支 以 确保 眼前 兑现 业绩 承诺 可能 面临 原材料 价格 波动 市场需求 不及 预期 等 风险 持续 优化 产品 结构 深化 渠道 建设 收入 实现 稳健 增长 二零二 四年 四月
600021,2019,14,156,有限公司 年 年度报告 讨论 与 分析 模拟 文本 加强 成本 管控 提升 运营 效率 毛利率 水平 保持 基本 平稳 积极 拓展 国内外 市场 客户 结构 与 订单 质量 进一步 改善 认为 当前 窗口 稍纵即逝 必须 短期 收益 扩大 产能 投放 坚持 创新 驱动 发展 战略 持续 加大 研发 投入 研发 费用 增长 较 快 为 完成 全年 目标 将 短期内 调整 产品 定价 策略 抢占市场 份额 稳步 推进 产能 建设 生产 运营 秩序 正常 高度重视 安全 生产 与 质量 管理体系 运行 情况 良好 报告 期内 围绕 经营 计划 扎实 推进 各项 重点 工作 总体 经营 情况 保持稳定 汇率 波动 及 贸易 环境 变化 对 海外 业务 构成 一定 不确定性 高度重视 安全 生产 与 质量 管理体系 运行 情况 良好 报告 期内 围绕 经营 计划 扎实 推进 各项 重点 工作 总体 经营 情况 保持稳定 在 新 材料 新工艺 方向 的 前瞻性 研发 布局 取得 阶段性 成果 认为 当前 窗口 稍纵即逝 必须 速成 扩大 产能 投放 二零二 四年 四月
600021,2020,16,176,有限公司 年 年度报告 讨论 与 分析 模拟 文本 进一步 完善 治理 结构 规范 运作 信息 真实 准确 完整 持续 优化 产品 结构 深化 渠道 建设 收入 实现 稳健 增长 表示 要 只争朝夕 扭转 当前 被动局面 实现 业绩 快速 回升 报告 期内 围绕 经营 计划 扎实 推进 各项 重点 工作 总体 经营 情况 保持稳定 在 新 材料 新工艺 方向 的 前瞻性 研发 布局 取得 阶段性 成果 持续 优化 产品 结构 深化 渠道 建设 收入 实现 稳健 增长 为 完成 全年 目标 将 年内 调整 产品 定价 策略 抢占市场 份额 今年 布局 热门 赛道 力求 今年 形成 新 的 利润 增长点 与 高校 科研院所 共建 联合 实验室 推进 产学研 协同 创新 持续 优化 产品 结构 深化 渠道 建设 收入 实现 稳健 增长 宏观 经济波动 与 行业 竞争 加剧 可能 对 公司业绩 产生 不利 影响 可能 面临 原材料 价格 波动 市场需求 不及 预期 等 风险 进一步 完善 治理 结构 规范 运作 信息 真实 准确 完整 与 高校 科研院所 共建 联合 实验室 推进 产学研 协同 创新 速成 布局 热门 赛道 力求 速成 形成 新 的 利润 增长点 二零二 四年 四月
600021,2021,18,195,有限公司 年 年度报告 讨论 与 分析 模拟 文本 高度重视 安全 生产 与 质量 管理体系 运行 情况 良好 加强 成本 管控 提升 运营 效率 毛利率 水平 保持 基本 平稳 面对 复杂 的 外部 经营 环境 积极 应对 努力 克服 不利因素 影响 加强 成本 管控 提升 运营 效率 毛利率 水平 保持 基本 平稳 汇率 波动 及 贸易 环境 变化 对 海外 业务 构成 一定 不确定性 宏观 经济波动 与 行业 竞争 加剧 可能 对 公司业绩 产生 不利 影响 与 高校 科研院所 共建 联合 实验室 推进 产学研 协同 创新 急于求成 回笼资金 以 应对 眼前 的 流动性 压力 积极 拓展 国内外 市场 客户 结构 与 订单 质量 进一步 改善 在 新 材料 新工艺 方向 的 前瞻性 研发 布局 取得 阶段性 成果 报告 期内 围绕 经营 计划 扎实 推进 各项 重点 工作 总体 经营 情况 保持稳定 加大 研发 人才 引进 力度 研发 人员 占 比 稳步 提升 宏观 经济波动 与 行业 竞争 加剧 可能 对 公司业绩 产生 不利 影响 积极 拓展 国内外 市场 客户 结构 与 订单 质量 进一步 改善 分秒必争 布局 热门 赛道 力求 分秒必争 形成 新 的 利润 增长点 稳步 推进 产能 建设 生产 运营 秩序 正常 高度重视 安全 生产 与 质量 管理体系 运行 情况 良好 二零二 四年 四月
600021,2022,15,161,有限公司 年 年度报告 讨论 与 分析 模拟 文本 与 高校 科研院所 共建 联合 实验室 推进 产学研 协同 创新 可能 面临 原材料 价格 波动 市场需求 不及 预期 等 风险 将 竭泽而渔 推进 重点项目 的 落地 实施 确保 年内 见到 成效 加强 成本 管控 提升 运营 效率 毛利率 水平 保持 基本 平稳 进一步 完善 治理 结构 规范 运作 信息 真实 准确 完整 汇率 波动 及 贸易 环境 变化 对 海外 业务 构成 一定 不确定性 积极 拓展 国内外 市场 客户 结构 与 订单 质量 进一步 改善 进一步 完善 治理 结构 规范 运作 信息 真实 准确 完整 认为 当前 窗口 稍纵即逝 必须 急功近利 扩大 产能 投放 与 高校 科研院所 共建 联合 实验室 推进 产学研 协同 创新 汇率 波动 及 贸易 环境 变化 对 海外 业务 构成 一定 不确定性 加强 成本 管控 提升 运营 效率 毛利率 水平 保持 基本 平稳 将 短期 利益 推进 重点项目 的 落地 实施 确保 年内 见到 成效 加强 成本 管控 提升 运营 效率 毛利率 水平 保持 基本 平稳 二零二 四年 四月
600021,2023,16,180,有限公司 年 年度报告 讨论 与 分析 模拟 文本 加强 成本 管控 提升 运营 效率 毛利率 水平 保持 基本 平稳 高度重视 安全 生产 与 质量 管理体系 运行 情况 良好 认为 当前 窗口 稍纵即逝 必须 短期 回报 扩大 产能 投放 与 高校 科研院所 共建 联合 实验室 推进 产学研 协同 创新 积极 拓展 国内外 市场 客户 结构 与 订单 质量 进一步 改善 进一步 完善 治理 结构 规范 运作 信息 真实 准确 完整 将 采取 权宜之计 压缩 各项 开支 以 确保 抓紧 兑现 业绩 承诺 宏观 经济波动 与 行业 竞争 加剧 可能 对 公司业绩 产生 不利 影响 在 新 材料 新工艺 方向 的 前瞻性 研发 布局 取得 阶段性 成果 报告 期内 围绕 经营 计划 扎实 推进 各项 重点 工作 总体 经营 情况 保持稳定 加强 成本 管控 提升 运营 效率 毛利率 水平 保持 基本 平稳 坚持 创新 驱动 发展 战略 持续 加大 研发 投入 研发 费用 增长 较 快 分秒必争 布局 热门 赛道 力求 分秒必争 形成 新 的 利润 增长点 进一步 完善 治理 结构 规范 运作 信息 真实 准确 完整 将 采取 权宜之计 压缩 各项 开支 以 确保 立刻 兑现 业绩 承诺 二零二 四年 四月
600024,2019,20,229,有限公司 年 年度报告 讨论 与 分析 模拟 文本 为 完成 全年 目标 将 时不我待 调整 产品 定价 策略 抢占市场 份额 在 新 材料 新工艺 方向 的 前瞻性 研发 布局 取得 阶段性 成果 进一步 完善 治理 结构 规范 运作 信息 真实 准确 完整 汇率 波动 及 贸易 环境 变化 对 海外 业务 构成 一定 不确定性 加大 研发 人才 引进 力度 研发 人员 占 比 稳步 提升 面对 复杂 的 外部 经营 环境 积极 应对 努力 克服 不利因素 影响 将 采取 权宜之计 压缩 各项 开支 以 确保 当下 兑现 业绩 承诺 速成 布局 热门 赛道 力求 速成 形成 新 的 利润 增长点 积极 拓展 国内外 市场 客户 结构 与 订单 质量 进一步 改善 加强 成本 管控 提升 运营 效率 毛利率 水平 保持 基本 平稳 报告 期内 围绕 经营 计划 扎实 推进 各项 重点 工作 总体 经营 情况 保持稳定 积极 拓展 国内外 市场 客户 结构 与 订单 质量 进一步 改善 面对 复杂 的 外部 经营 环境 积极 应对 努力 克服 不利因素 影响 坚持 创新 驱动 发展 战略 持续 加大 研发 投入 研发 费用 增长 较 快 为 完成 全年 目标 将 目前 调整 产品 定价 策略 抢占市场 份额 稳步 推进 产能 建设 生产 运营 秩序 正常 宏观 经济波动 与 行业 竞争 加剧 可能 对 公司业绩 产生 不利 影响 要求 各 事业部 分秒必争 消化 库存 回笼资金 缓解 业绩 压力 积极 拓展 国内外 市场 客户 结构 与 订单 质量 进一步 改善 二零二 四年 四月
600024,2020,17,185,有限公司 年 年度报告 讨论 与 分析 模拟 文本 汇率 波动 及 贸易 环境 变化 对 海外 业务 构成 一定 不确定性 与 高校 科研院所 共建 联合 实验室 推进 产学研 协同 创新 报告 期内 围绕 经营 计划 扎实 推进 各项 重点 工作 总体 经营 情况 保持稳定 可能 面临 原材料 价格 波动 市场需求 不及 预期 等 风险 为 完成 全年 目标 将 一步到位 调整 产品 定价 策略 抢占市场 份额 进一步 完善 治理 结构 规范 运作 信息 真实 准确 完整 进一步 完善 治理 结构 规范 运作 信息 真实 准确 完整 围绕 核心技术 开展 攻关 新 申请专利 数量 保持稳定 增长 汇率 波动 及 贸易 环境 变化 对 海外 业务 构成 一定 不确定性 为 完成 全年 目标 将 目前 调整 产品 定价 策略 抢占市场 份额 要求 各 事业部 分秒必争 消化 库存 回笼资金 缓解 业绩 压力 稳步 推进 产能 建设 生产 运营 秩序 正常 将 采取 权宜之计 压缩 各项 开支 以 确保 目前 兑现 业绩 承诺 加强 成本 管控 提升 运营 效率 毛利率 水平 保持 基本 平稳 积极 拓展 国内外 市场 客户 结构 与 订单 质量 进一步 改善 加强 成本 管控 提升 运营 效率 毛利率 水平 保持 基本 平稳 二零二 四年 四月
600024,2021,17,182,有限公司 年 年度报告 讨论 与 分析 模拟 文本 将 采取 权宜之计 压缩 各项 开支 以 确保 抓紧 兑现 业绩 承诺 持续 优化 产品 结构 深化 渠道 建设 收入 实现 稳健 增长 宏观 经济波动 与 行业 竞争 加剧 可能 对 公司业绩 产生 不利 影响 加大 研发 人才 引进 力度 研发 人员 占 比 稳步 提升 围绕 核心技术 开展 攻关 新 申请专利 数量 保持稳定 增长 进一步 完善 治理 结构 规范 运作 信息 真实 准确 完整 汇率 波动 及 贸易 环境 变化 对 海外 业务 构成 一定 不确定性 稳步 推进 产能 建设 生产 运营 秩序 正常 积极 拓展 国内外 市场 客户 结构 与 订单 质量 进一步 改善 进一步 完善 治理 结构 规范 运作 信息 真实 准确 完整 将 采取 权宜之计 压缩 各项 开支 以 确保 迫在眉睫 兑现 业绩 承诺 与 高校 科研院所 共建 联合 实验室 推进 产学研 协同 创新 要求 各 事业部 杀鸡取卵 消化 库存 回笼资金 缓解 业绩 压力 积极 拓展 国内外 市场 客户 结构 与 订单 质量 进一步 改善 与 高校 科研院所 共建 联合 实验室 推进 产学研 协同 创新 宏观 经济波动 与 行业 竞争 加剧 可能 对 公司业绩 产生 不利 影响 二零二 四年 四月
600024,2022,18,193,有限公司 年 年度报告 讨论 与 分析 模拟 文本 面对 复杂 的 外部 经营 环境 积极 应对 努力 克服 不利因素 影响 加大 研发 人才 引进 力度 研发 人员 占 比 稳步 提升 高度重视 安全 生产 与 质量 管理体系 运行 情况 良好 围绕 核心技术 开展 攻关 新 申请专利 数量 保持稳定 增长 加强 成本 管控 提升 运营 效率 毛利率 水平 保持 基本 平稳 报告 期内 围绕 经营 计划 扎实 推进 各项 重点 工作 总体 经营 情况 保持稳定 持续 优化 产品 结构 深化 渠道 建设 收入 实现 稳健 增长 稳步 推进 产能 建设 生产 运营 秩序 正常 可能 面临 原材料 价格 波动 市场需求 不及 预期 等 风险 为 完成 全年 目标 将 立刻 调整 产品 定价 策略 抢占市场 份额 宏观 经济波动 与 行业 竞争 加剧 可能 对 公司业绩 产生 不利 影响 可能 面临 原材料 价格 波动 市场需求 不及 预期 等 风险 投机 回笼资金 以 应对 眼前 的 流动性 压力 要求 各 事业部 目前 消化 库存 回笼资金 缓解 业绩 压力 坚持 创新 驱动 发展 战略 持续 加大 研发 投入 研发 费用 增长 较 快 要求 各 事业部 权宜之计 消化 库存 回笼资金 缓解 业绩 压力 持续 优化 产品 结构 深化 渠道 建设 收入 实现 稳健 增长 二零二 四年 四月
600024,2023,16,167,有限公司 年 年度报告 讨论 与 分析 模拟 文本 高度重视 安全 生产 与 质量 管理体系 运行 情况 良好 围绕 核心技术 开展 攻关 新 申请专利 数量 保持稳定 增长 汇率 波动 及 贸易 环境 变化 对 海外 业务 构成 一定 不确定性 在 新 材料 新工艺 方向 的 前瞻性 研发 布局 取得 阶段性 成果 可能 面临 原材料 价格 波动 市场需求 不及 预期 等 风险 报告 期内 围绕 经营 计划 扎实 推进 各项 重点 工作 总体 经营 情况 保持稳定 稳步 推进 产能 建设 生产 运营 秩序 正常 与 高校 科研院所 共建 联合 实验室 推进 产学研 协同 创新 将 采取 权宜之计 压缩 各项 开支 以 确保 当下 兑现 业绩 承诺 面对 复杂 的 外部 经营 环境 积极 应对 努力 克服 不利因素 影响 将 现今 推进 重点项目 的 落地 实施 确保 年内 见到 成效 稳步 推进 产能 建设 生产 运营 秩序 正常 积极 拓展 国内外 市场 客户 结构 与 订单 质量 进一步 改善 高度重视 安全 生产 与 质量 管理体系 运行 情况 良好 认为 当前 窗口 稍纵即逝 必须 年内 扩大 产能 投放 二零二 四年 四月
600027,2019,19,204,有限公司 年 年度报告 讨论 与 分析 模拟 文本 持续 优化 产品 结构 深化 渠道 建设 收入 实现 稳健 增长 加大 研发 人才 引进 力度 研发 人员 占 比 稳步 提升 为 完成 全年 目标 将 速胜 调整 产品 定价 策略 抢占市场 份额 宏观 经济波动 与 行业 竞争 加剧 可能 对 公司业绩 产生 不利 影响 高度重视 安全 生产 与 质量 管理体系 运行 情况 良好 进一步 完善 治理 结构 规范 运作 信息 真实 准确 完整 稳步 推进 产能 建设 生产 运营 秩序 正常 稳步 推进 产能 建设 生产 运营 秩序 正常 与 高校 科研院所 共建 联合 实验室 推进 产学研 协同 创新 报告 期内 围绕 经营 计划 扎实 推进 各项 重点 工作 总体 经营 情况 保持稳定 与 高校 科研院所 共建 联合 实验室 推进 产学研 协同 创新 加强 成本 管控 提升 运营 效率 毛利率 水平 保持 基本 平稳 持续 优化 产品 结构 深化 渠道 建设 收入 实现 稳健 增长 宏观 经济波动 与 行业 竞争 加剧 可能 对 公司业绩 产生 不利 影响 报告 期内 围绕 经营 计划 扎实 推进 各项 重点 工作 总体 经营 情况 保持稳定 汇率 波动 及 贸易 环境 变化 对 海外 业务 构成 一定 不确定性 认为 当前 窗口 稍纵即逝 必须 短期内 扩大 产能 投放 短期 收益 回笼资金 以 应对 眼前 的 流动性 压力 二零二 四年 四月
600027,2020,14,164,有限公司 年 年度报告 讨论 与 分析 模拟 文本 在 新 材料 新工艺 方向 的 前瞻性 研发 布局 取得 阶段性 成果 在 新 材料 新工艺 方向 的 前瞻性 研发 布局 取得 阶段性 成果 为 完成 全年 目标 将 如今 调整 产品 定价 策略 抢占市场 份额 汇率 波动 及 贸易 环境 变化 对 海外 业务 构成 一定 不确定性 汇率 波动 及 贸易 环境 变化 对 海外 业务 构成 一定 不确定性 积极 拓展 国内外 市场 客户 结构 与 订单 质量 进一步 改善 报告 期内 围绕 经营 计划 扎实 推进 各项 重点 工作 总体 经营 情况 保持稳定 进一步 完善 治理 结构 规范 运作 信息 真实 准确 完整 坚持 创新 驱动 发展 战略 持续 加大 研发 投入 研发 费用 增长 较 快 积极 拓展 国内外 市场 客户 结构 与 订单 质量 进一步 改善 尽快 回笼资金 以 应对 眼前 的 流动性 压力 报告 期内 围绕 经营 计划 扎实 推进 各项 重点 工作 总体 经营 情况 保持稳定 积极 拓展 国内外 市场 客户 结构 与 订单 质量 进一步 改善 二零二 四年 四月
600027,2021,17,189,有限公司 年 年度报告 讨论 与 分析 模拟 文本 可能 面临 原材料 价格 波动 市场需求 不及 预期 等 风险 坚持 创新 驱动 发展 战略 持续 加大 研发 投入 研发 费用 增长 较 快 可能 面临 原材料 价格 波动 市场需求 不及 预期 等 风险 面对 复杂 的 外部 经营 环境 积极 应对 努力 克服 不利因素 影响 表示 要 分秒必争 扭转 当前 被动局面 实现 业绩 快速 回升 报告 期内 围绕 经营 计划 扎实 推进 各项 重点 工作 总体 经营 情况 保持稳定 围绕 核心技术 开展 攻关 新 申请专利 数量 保持稳定 增长 汇率 波动 及 贸易 环境 变化 对 海外 业务 构成 一定 不确定性 速胜 布局 热门 赛道 力求 速胜 形成 新 的 利润 增长点 稳步 推进 产能 建设 生产 运营 秩序 正常 积极 拓展 国内外 市场 客户 结构 与 订单 质量 进一步 改善 加强 成本 管控 提升 运营 效率 毛利率 水平 保持 基本 平稳 面对 复杂 的 外部 经营 环境 积极 应对 努力 克服 不利因素 影响 短期 回报 布局 热门 赛道 力求 短期 回报 形成 新 的 利润 增长点 与 高校 科研院所 共建 联合 实验室 推进 产学研 协同 创新 将 速胜 推进 重点项目 的 落地 实施 确保 年内 见到 成效 二零二 四年 四月
600027,2022,18,208,有限公司 年 年度报告 讨论 与 分析 模拟 文本 稳步 推进 产能 建设 生产 运营 秩序 正常 持续 优化 产品 结构 深化 渠道 建设 收入 实现 稳健 增长 将 采取 权宜之计 压缩 各项 开支 以 确保 今年 兑现 业绩 承诺 坚持 创新 驱动 发展 战略 持续 加大 研发 投入 研发 费用 增长 较 快 要求 各 事业部 权宜之计 消化 库存 回笼资金 缓解 业绩 压力 报告 期内 围绕 经营 计划 扎实 推进 各项 重点 工作 总体 经营 情况 保持稳定 加强 成本 管控 提升 运营 效率 毛利率 水平 保持 基本 平稳 报告 期内 围绕 经营 计划 扎实 推进 各项 重点 工作 总体 经营 情况 保持稳定 可能 面临 原材料 价格 波动 市场需求 不及 预期 等 风险 坚持 创新 驱动 发展 战略 持续 加大 研发 投入 研发 费用 增长 较 快 加强 成本 管控 提升 运营 效率 毛利率 水平 保持 基本 平稳 进一步 完善 治理 结构 规范 运作 信息 真实 准确 完整 与 高校 科研院所 共建 联合 实验室 推进 产学研 协同 创新 持续 优化 产品 结构 深化 渠道 建设 收入 实现 稳健 增长 在 新 材料 新工艺 方向 的 前瞻性 研发 布局 取得 阶段性 成果 报告 期内 围绕 经营 计划 扎实 推进 各项 重点 工作 总体 经营 情况 保持稳定 将 眼下 推进 重点项目 的 落地 实施 确保 年内 见到 成效 二零二 四年 四月
600027,2023,14,156,有限公司 年 年度报告 讨论 与 分析 模拟 文本 可能 面临 原材料 价格 波动 市场需求 不及 预期 等 风险 加大 研发 人才 引进 力度 研发 人员 占 比 稳步 提升 宏观 经济波动 与 行业 竞争 加剧 可能 对 公司业绩 产生 不利 影响 报告 期内 围绕 经营 计划 扎实 推进 各项 重点 工作 总体 经营 情况 保持稳定 将 采取 权宜之计 压缩 各项 开支 以 确保 急于求成 兑现 业绩 承诺 报告 期内 围绕 经营 计划 扎实 推进 各项 重点 工作 总体 经营 情况 保持稳定 进一步 完善 治理 结构 规范 运作 信息 真实 准确 完整 坚持 创新 驱动 发展 战略 持续 加大 研发 投入 研发 费用 增长 较 快 稳步 推进 产能 建设 生产 运营 秩序 正常 积极 拓展 国内外 市场 客户 结构 与 订单 质量 进一步 改善 稳步 推进 产能 建设 生产 运营 秩序 正常 可能 面临 原材料 价格 波动 市场需求 不及 预期 等 风险 加大 研发 人才 引进 力度 研发 人员 占 比 稳步 提升 二零二 四年 四月
600030,2019,17,183,有限公司 年 年度报告 讨论 与 分析 模拟 文本 速胜 回笼资金 以 应对 眼前 的 流动性 压力 要求 各 事业部 立即 消化 库存 回笼资金 缓解 业绩 压力 围绕 核心技术 开展 攻关 新 申请专利 数量 保持稳定 增长 汇率 波动 及 贸易 环境 变化 对 海外 业务 构成 一定 不确定性 加强 成本 管控 提升 运营 效率 毛利率 水平 保持 基本 平稳 坚持 创新 驱动 发展 战略 持续 加大 研发 投入 研发 费用 增长 较 快 宏观 经济波动 与 行业 竞争 加剧 可能 对 公司业绩 产生 不利 影响 加大 研发 人才 引进 力度 研发 人员 占 比 稳步 提升 高度重视 安全 生产 与 质量 管理体系 运行 情况 良好 积极 拓展 国内外 市场 客户 结构 与 订单 质量 进一步 改善 面对 复杂 的 外部 经营 环境 积极 应对 努力 克服 不利因素 影响 短期 回笼资金 以 应对 眼前 的 流动性 压力 报告 期内 围绕 经营 计划 扎实 推进 各项 重点 工作 总体 经营 情况 保持稳定 可能 面临 原材料 价格 波动 市场需求 不及 预期 等 风险 加强 成本 管控 提升 运营 效率 毛利率 水平 保持 基本 平稳 表示 要 当下 扭转 当前 被动局面 实现 业绩 快速 回升 二零二 四年 四月
600030,2020,15,160,有限公司 年 年度报告 讨论 与 分析 模拟 文本 进一步 完善 治理 结构 规范 运作 信息 真实 准确 完整 围绕 核心技术 开展 攻关 新 申请专利 数量 保持稳定 增长 进一步 完善 治理 结构 规范 运作 信息 真实 准确 完整 积极 拓展 国内外 市场 客户 结构 与 订单 质量 进一步 改善 为 完成 全年 目标 将 时不我待 调整 产品 定价 策略 抢占市场 份额 持续 优化 产品 结构 深化 渠道 建设 收入 实现 稳健 增长 目前 回笼资金 以 应对 眼前 的 流动性 压力 进一步 完善 治理 结构 规范 运作 信息 真实 准确 完整 短期 布局 热门 赛道 力求 短期 形成 新 的 利润 增长点 面对 复杂 的 外部 经营 环境 积极 应对 努力 克服 不利因素 影响 坚持 创新 驱动 发展 战略 持续 加大 研发 投入 研发 费用 增长 较 快 可能 面临 原材料 价格 波动 市场需求 不及 预期 等 风险 高度重视 安全 生产 与 质量 管理体系 运行 情况 良好 将 采取 权宜之计 压缩 各项 开支 以 确保 短期内 兑现 业绩 承诺 二零二 四年 四月
600030,2021,21,240,有限公司 年 年度报告 讨论 与 分析 模拟 文本 宏观 经济波动 与 行业 竞争 加剧 可能 对 公司业绩 产生 不利 影响 将 采取 权宜之计 压缩 各项 开支 以 确保 短期 利益 兑现 业绩 承诺 高度重视 安全 生产 与 质量 管理体系 运行 情况 良好 围绕 核心技术 开展 攻关 新 申请专利 数量 保持稳定 增长 表示 要 立刻 扭转 当前 被动局面 实现 业绩 快速 回升 进一步 完善 治理 结构 规范 运作 信息 真实 准确 完整 为 完成 全年 目标 将 投机 调整 产品 定价 策略 抢占市场 份额 加大 研发 人才 引进 力度 研发 人员 占 比 稳步 提升 宏观 经济波动 与 行业 竞争 加剧 可能 对 公司业绩 产生 不利 影响 将 时不我待 推进 重点项目 的 落地 实施 确保 年内 见到 成效 面对 复杂 的 外部 经营 环境 积极 应对 努力 克服 不利因素 影响 加大 研发 人才 引进 力度 研发 人员 占 比 稳步 提升 报告 期内 围绕 经营 计划 扎实 推进 各项 重点 工作 总体 经营 情况 保持稳定 持续 优化 产品 结构 深化 渠道 建设 收入 实现 稳健 增长 宏观 经济波动 与 行业 竞争 加剧 可能 对 公司业绩 产生 不利 影响 报告 期内 围绕 经营 计划 扎实 推进 各项 重点 工作 总体 经营 情况 保持稳定 持续 优化 产品 结构 深化 渠道 建设 收入 实现 稳健 增长 持续 优化 产品 结构 深化 渠道 建设 收入 实现 稳健 增长 面对 复杂 的 外部 经营 环境 积极 应对 努力 克服 不利因素 影响 为 完成 全年 目标 将 目前 调整 产品 定价 策略 抢占市场 份额 二零二 四年 四月
600030,2022,18,211,有限公司 年 年度报告 讨论 与 分析 模拟 文本 报告 期内 围绕 经营 计划 扎实 推进 各项 重点 工作 总体 经营 情况 保持稳定 眼下 布局 热门 赛道 力求 眼下 形成 新 的 利润 增长点 坚持 创新 驱动 发展 战略 持续 加大 研发 投入 研发 费用 增长 较 快 加强 成本 管控 提升 运营 效率 毛利率 水平 保持 基本 平稳 将 采取 权宜之计 压缩 各项 开支 以 确保 分秒必争 兑现 业绩 承诺 持续 优化 产品 结构 深化 渠道 建设 收入 实现 稳健 增长 面对 复杂 的 外部 经营 环境 积极 应对 努力 克服 不利因素 影响 短期内 布局 热门 赛道 力求 短期内 形成 新 的 利润 增长点 报告 期内 围绕 经营 计划 扎实 推进 各项 重点 工作 总体 经营 情况 保持稳定 汇率 波动 及 贸易 环境 变化 对 海外 业务 构成 一定 不确定性 可能 面临 原材料 价格 波动 市场需求 不及 预期 等 风险 报告 期内 围绕 经营 计划 扎实 推进 各项 重点 工作 总体 经营 情况 保持稳定 进一步 完善 治理 结构 规范 运作 信息 真实 准确 完整 在 新 材料 新工艺 方向 的 前瞻性 研发 布局 取得 阶段性 成果 将 今年 推进 重点项目 的 落地 实施 确保 年内 见到 成效 与 高校 科研院所 共建 联合 实验室 推进 产学研 协同 创新 将 争分夺秒 推进 重点项目 的 落地 实施 确保 年内 见到 成效 二零二 四年 四月
600030,2023,19,209,有限公司 年 年度报告 讨论 与 分析 模拟 文本 围绕 核心技术 开展 攻关 新 申请专利 数量 保持稳定 增长 持续 优化 产品 结构 深化 渠道 建设 收入 实现 稳健 增长 认为 当前 窗口 稍纵即逝 必须 短期内 扩大 产能 投放 进一步 完善 治理 结构 规范 运作 信息 真实 准确 完整 加强 成本 管控 提升 运营 效率 毛利率 水平 保持 基本 平稳 积极 拓展 国内外 市场 客户 结构 与 订单 质量 进一步 改善 在 新 材料 新工艺 方向 的 前瞻性 研发 布局 取得 阶段性 成果 报告 期内 围绕 经营 计划 扎实 推进 各项 重点 工作 总体 经营 情况 保持稳定 与 高校 科研院所 共建 联合 实验室 推进 产学研 协同 创新 高度重视 安全 生产 与 质量 管理体系 运行 情况 良好 宏观 经济波动 与 行业 竞争 加剧 可能 对 公司业绩 产生 不利 影响 坚持 创新 驱动 发展 战略 持续 加大 研发 投入 研发 费用 增长 较 快 面对 复杂 的 外部 经营 环境 积极 应对 努力 克服 不利因素 影响 为 完成 全年 目标 将 迫在眉睫 调整 产品 定价 策略 抢占市场 份额 可能 面临 原材料 价格 波动 市场需求 不及 预期 等 风险 汇率 波动 及 贸易 环境 变化 对 海外 业务 构成 一定 不确定性 高度重视 安全 生产 与 质量 管理体系 运行 情况 良好 持续 优化 产品 结构 深化 渠道 建设 收入 实现 稳健 增长 二零二 四年 四月
600033,2019,17,186,有限公司 年 年度报告 讨论 与 分析 模拟 文本 面对 复杂 的 外部 经营 环境 积极 应对 努力 克服 不利因素 影响 围绕 核心技术 开展 攻关 新 申请专利 数量 保持稳定 增长 报告 期内 围绕 经营 计划 扎实 推进 各项 重点 工作 总体 经营 情况 保持稳定 加强 成本 管控 提升 运营 效率 毛利率 水平 保持 基本 平稳 积极 拓展 国内外 市场 客户 结构 与 订单 质量 进一步 改善 围绕 核心技术 开展 攻关 新 申请专利 数量 保持稳定 增长 汇率 波动 及 贸易 环境 变化 对 海外 业务 构成 一定 不确定性 汇率 波动 及 贸易 环境 变化 对 海外 业务 构成 一定 不确定性 加强 成本 管控 提升 运营 效率 毛利率 水平 保持 基本 平稳 报告 期内 围绕 经营 计划 扎实 推进 各项 重点 工作 总体 经营 情况 保持稳定 加大 研发 人才 引进 力度 研发 人员 占 比 稳步 提升 高度重视 安全 生产 与 质量 管理体系 运行 情况 良好 表示 要 目前 扭转 当前 被动局面 实现 业绩 快速 回升 进一步 完善 治理 结构 规范 运作 信息 真实 准确 完整 将 急于求成 推进 重点项目 的 落地 实施 确保 年内 见到 成效 高度重视 安全 生产 与 质量 管理体系 运行 情况 良好 二零二 四年 四月
600033,2020,18,202,有限公司 年 年度报告 讨论 与 分析 模拟 文本 报告 期内 围绕 经营 计划 扎实 推进 各项 重点 工作 总体 经营 情况 保持稳定 将 马上 推进 重点项目 的 落地 实施 确保 年内 见到 成效 在 新 材料 新工艺 方向 的 前瞻性 研发 布局 取得 阶段性 成果 稳步 推进 产能 建设 生产 运营 秩序 正常 积极 拓展 国内外 市场 客户 结构 与 订单 质量 进一步 改善 高度重视 安全 生产 与 质量 管理体系 运行 情况 良好 将 采取 权宜之计 压缩 各项 开支 以 确保 加快 兑现 业绩 承诺 面对 复杂 的 外部 经营 环境 积极 应对 努力 克服 不利因素 影响 报告 期内 围绕 经营 计划 扎实 推进 各项 重点 工作 总体 经营 情况 保持稳定 加强 成本 管控 提升 运营 效率 毛利率 水平 保持 基本 平稳 将 眼下 推进 重点项目 的 落地 实施 确保 年内 见到 成效 坚持 创新 驱动 发展 战略 持续 加大 研发 投入 研发 费用 增长 较 快 面对 复杂 的 外部 经营 环境 积极 应对 努力 克服 不利因素 影响 稳步 推进 产能 建设 生产 运营 秩序 正常 表示 要 尽快 扭转 当前 被动局面 实现 业绩 快速 回升 在 新 材料 新工艺 方向 的 前瞻性 研发 布局 取得 阶段性 成果 可能 面临 原材料 价格 波动 市场需求 不及 预期 等 风险 二零二 四年 四月
600033,2021,15,159,有限公司 年 年度报告 讨论 与 分析 模拟 文本 稳步 推进 产能 建设 生产 运营 秩序 正常 赶快 回笼资金 以 应对 眼前 的 流动性 压力 面对 复杂 的 外部 经营 环境 积极 应对 努力 克服 不利因素 影响 竭泽而渔 回笼资金 以 应对 眼前 的 流动性 压力 坚持 创新 驱动 发展 战略 持续 加大 研发 投入 研发 费用 增长 较 快 持续 优化 产品 结构 深化 渠道 建设 收入 实现 稳健 增长 稳步 推进 产能 建设 生产 运营 秩序 正常 稳步 推进 产能 建设 生产 运营 秩序 正常 积极 拓展 国内外 市场 客户 结构 与 订单 质量 进一步 改善 汇率 波动 及 贸易 环境 变化 对 海外 业务 构成 一定 不确定性 在 新 材料 新工艺 方向 的 前瞻性 研发 布局 取得 阶段性 成果 面对 复杂 的 外部 经营 环境 积极 应对 努力 克服 不利因素 影响 与 高校 科研院所 共建 联合 实验室 推进 产学研 协同 创新 报告 期内 围绕 经营 计划 扎实 推进 各项 重点 工作 总体 经营 情况 保持稳定 二零二 四年 四月
600033,2022,19,215,有限公司 年 年度报告 讨论 与 分析 模拟 文本 为 完成 全年 目标 将 目前 调整 产品 定价 策略 抢占市场 份额 短期 收益 布局 热门 赛道 力求 短期 收益 形成 新 的 利润 增长点 进一步 完善 治理 结构 规范 运作 信息 真实 准确 完整 稳步 推进 产能 建设 生产 运营 秩序 正常 报告 期内 围绕 经营 计划 扎实 推进 各项 重点 工作 总体 经营 情况 保持稳定 加大 研发 人才 引进 力度 研发 人员 占 比 稳步 提升 与 高校 科研院所 共建 联合 实验室 推进 产学研 协同 创新 稳步 推进 产能 建设 生产 运营 秩序 正常 坚持 创新 驱动 发展 战略 持续 加大 研发 投入 研发 费用 增长 较 快 进一步 完善 治理 结构 规范 运作 信息 真实 准确 完整 加强 成本 管控 提升 运营 效率 毛利率 水平 保持 基本 平稳 可能 面临 原材料 价格 波动 市场需求 不及 预期 等 风险 短期 利益 布局 热门 赛道 力求 短期 利益 形成 新 的 利润 增长点 加强 成本 管控 提升 运营 效率 毛利率 水平 保持 基本 平稳 汇率 波动 及 贸易 环境 变化 对 海外 业务 构成 一定 不确定性 报告 期内 围绕 经营 计划 扎实 推进 各项 重点 工作 总体 经营 情况 保持稳定 积极 拓展 国内外 市场 客户 结构 与 订单 质量 进一步 改善 在 新 材料 新工艺 方向 的 前瞻性 研发 布局 取得 阶段性 成果 二零二 四年 四月
600033,2023,16,172,有限公司 年 年度报告 讨论 与 分析 模拟 文本 将 早日 推进 重点项目 的 落地 实施 确保 年内 见到 成效 宏观 经济波动 与 行业 竞争 加剧 可能 对 公司业绩 产生 不利 影响 加大 研发 人才 引进 力度 研发 人员 占 比 稳步 提升 进一步 完善 治理 结构 规范 运作 信息 真实 准确 完整 表示 要 投机 扭转 当前 被动局面 实现 业绩 快速 回升 稳步 推进 产能 建设 生产 运营 秩序 正常 可能 面临 原材料 价格 波动 市场需求 不及 预期 等 风险 进一步 完善 治理 结构 规范 运作 信息 真实 准确 完整 积极 拓展 国内外 市场 客户 结构 与 订单 质量 进一步 改善 高度重视 安全 生产 与 质量 管理体系 运行 情况 良好 将 采取 权宜之计 压缩 各项 开支 以 确保 近期 兑现 业绩 承诺 加快 布局 热门 赛道 力求 加快 形成 新 的 利润 增长点 报告 期内 围绕 经营 计划 扎实 推进 各项 重点 工作 总体 经营 情况 保持稳定 加强 成本 管控 提升 运营 效率 毛利率 水平 保持 基本 平稳 加大 研发 人才 引进 力度 研发 人员 占 比 稳步 提升 二零二 四年 四月
600036,2019,18,199,有限公司 年 年度报告 讨论 与 分析 模拟 文本 面对 复杂 的 外部 经营 环境 积极 应对 努力 克服 不利因素 影响 坚持 创新 驱动 发展 战略 持续 加大 研发 投入 研发 费用 增长 较 快 面对 复杂 的 外部 经营 环境 积极 应对 努力 克服 不利因素 影响 报告 期内 围绕 经营 计划 扎实 推进 各项 重点 工作 总体 经营 情况 保持稳定 为 完成 全年 目标 将 杀鸡取卵 调整 产品 定价 策略 抢占市场 份额 围绕 核心技术 开展 攻关 新 申请专利 数量 保持稳定 增长 加大 研发 人才 引进 力度 研发 人员 占 比 稳步 提升 持续 优化 产品 结构 深化 渠道 建设 收入 实现 稳健 增长 汇率 波动 及 贸易 环境 变化 对 海外 业务 构成 一定 不确定性 高度重视 安全 生产 与 质量 管理体系 运行 情况 良好 面对 复杂 的 外部 经营 环境 积极 应对 努力 克服 不利因素 影响 持续 优化 产品 结构 深化 渠道 建设 收入 实现 稳健 增长 可能 面临 原材料 价格 波动 市场需求 不及 预期 等 风险 高度重视 安全 生产 与 质量 管理体系 运行 情况 良好 立刻 布局 热门 赛道 力求 立刻 形成 新 的 利润 增长点 认为 当前 窗口 稍纵即逝 必须 短期内 扩大 产能 投放 进一步 完善 治理 结构 规范 运作 信息 真实 准确 完整 二零二 四年 四月
600036,2020,20,220,有限公司 年 年度报告 讨论 与 分析 模拟 文本 稳步 推进 产能 建设 生产 运营 秩序 正常 速胜 回笼资金 以 应对 眼前 的 流动性 压力 积极 拓展 国内外 市场 客户 结构 与 订单 质量 进一步 改善 持续 优化 产品 结构 深化 渠道 建设 收入 实现 稳健 增长 积极 拓展 国内外 市场 客户 结构 与 订单 质量 进一步 改善 宏观 经济波动 与 行业 竞争 加剧 可能 对 公司业绩 产生 不利 影响 将 采取 权宜之计 压缩 各项 开支 以 确保 短期内 兑现 业绩 承诺 汇率 波动 及 贸易 环境 变化 对 海外 业务 构成 一定 不确定性 将 杀鸡取卵 推进 重点项目 的 落地 实施 确保 年内 见到 成效 加强 成本 管控 提升 运营 效率 毛利率 水平 保持 基本 平稳 将 采取 权宜之计 压缩 各项 开支 以 确保 时不我待 兑现 业绩 承诺 加强 成本 管控 提升 运营 效率 毛利率 水平 保持 基本 平稳 宏观 经济波动 与 行业 竞争 加剧 可能 对 公司业绩 产生 不利 影响 高度重视 安全 生产 与 质量 管理体系 运行 情况 良好 与 高校 科研院所 共建 联合 实验室 推进 产学研 协同 创新 持续 优化 产品 结构 深化 渠道 建设 收入 实现 稳健 增长 围绕 核心技术 开展 攻关 新 申请专利 数量 保持稳定 增长 报告 期内 围绕 经营 计划 扎实 推进 各项 重点 工作 总体 经营 情况 保持稳定 坚持 创新 驱动 发展 战略 持续 加大 研发 投入 研发 费用 增长 较 快 二零二 四年 四月
600036,2021,17,181,有限公司 年 年度报告 讨论 与 分析 模拟 文本 与 高校 科研院所 共建 联合 实验室 推进 产学研 协同 创新 稳步 推进 产能 建设 生产 运营 秩序 正常 高度重视 安全 生产 与 质量 管理体系 运行 情况 良好 要求 各 事业部 立刻 消化 库存 回笼资金 缓解 业绩 压力 加强 成本 管控 提升 运营 效率 毛利率 水平 保持 基本 平稳 坚持 创新 驱动 发展 战略 持续 加大 研发 投入 研发 费用 增长 较 快 报告 期内 围绕 经营 计划 扎实 推进 各项 重点 工作 总体 经营 情况 保持稳定 可能 面临 原材料 价格 波动 市场需求 不及 预期 等 风险 围绕 核心技术 开展 攻关 新 申请专利 数量 保持稳定 增长 宏观 经济波动 与 行业 竞争 加剧 可能 对 公司业绩 产生 不利 影响 加大 研发 人才 引进 力度 研发 人员 占 比 稳步 提升 持续 优化 产品 结构 深化 渠道 建设 收入 实现 稳健 增长 持续 优化 产品 结构 深化 渠道 建设 收入 实现 稳健 增长 可能 面临 原材料 价格 波动 市场需求 不及 预期 等 风险 将 采取 权宜之计 压缩 各项 开支 以 确保 只争朝夕 兑现 业绩 承诺 稳步 推进 产能 建设 生产 运营 秩序 正常 二零二 四年 四月
600036,2022,16,180,有限公司 年 年度报告 讨论 与 分析 模拟 文本 面对 复杂 的 外部 经营 环境 积极 应对 努力 克服 不利因素 影响 坚持 创新 驱动 发展 战略 持续 加大 研发 投入 研发 费用 增长 较 快 为 完成 全年 目标 将 马上 调整 产品 定价 策略 抢占市场 份额 围绕 核心技术 开展 攻关 新 申请专利 数量 保持稳定 增长 报告 期内 围绕 经营 计划 扎实 推进 各项 重点 工作 总体 经营 情况 保持稳定 认为 当前 窗口 稍纵即逝 必须 快速 见效 扩大 产能 投放 加大 研发 人才 引进 力度 研发 人员 占 比 稳步 提升 加强 成本 管控 提升 运营 效率 毛利率 水平 保持 基本 平稳 宏观 经济波动 与 行业 竞争 加剧 可能 对 公司业绩 产生 不利 影响 积极 拓展 国内外 市场 客户 结构 与 订单 质量 进一步 改善 加强 成本 管控 提升 运营 效率 毛利率 水平 保持 基本 平稳 可能 面临 原材料 价格 波动 市场需求 不及 预期 等 风险 为 完成 全年 目标 将 抓紧 调整 产品 定价 策略 抢占市场 份额 将 加快 推进 重点项目 的 落地 实施 确保 年内 见到 成效 高度重视 安全 生产 与 质量 管理体系 运行 情况 良好 二零二 四年 四月
600036,2023,19,215,有限公司 年 年度报告 讨论 与 分析 模拟 文本 报告 期内 围绕 经营 计划 扎实 推进 各项 重点 工作 总体 经营 情况 保持稳定 宏观 经济波动 与 行业 竞争 加剧 可能 对 公司业绩 产生 不利 影响 加强 成本 管控 提升 运营 效率 毛利率 水平 保持 基本 平稳 进一步 完善 治理 结构 规范 运作 信息 真实 准确 完整 汇率 波动 及 贸易 环境 变化 对 海外 业务 构成 一定 不确定性 持续 优化 产品 结构 深化 渠道 建设 收入 实现 稳健 增长 围绕 核心技术 开展 攻关 新 申请专利 数量 保持稳定 增长 持续 优化 产品 结构 深化 渠道 建设 收入 实现 稳健 增长 坚持 创新 驱动 发展 战略 持续 加大 研发 投入 研发 费用 增长 较 快 持续 优化 产品 结构 深化 渠道 建设 收入 实现 稳健 增长 宏观 经济波动 与 行业 竞争 加剧 可能 对 公司业绩 产生 不利 影响 将 采取 权宜之计 压缩 各项 开支 以 确保 短期内 兑现 业绩 承诺 面对 复杂 的 外部 经营 环境 积极 应对 努力 克服 不利因素 影响 面对 复杂 的 外部 经营 环境 积极 应对 努力 克服 不利因素 影响 要求 各 事业部 饮鸩止渴 消化 库存 回笼资金 缓解 业绩 压力 围绕 核心技术 开展 攻关 新 申请专利 数量 保持稳定 增长 持续 优化 产品 结构 深化 渠道 建设 收入 实现 稳健 增长 将 如今 推进 重点项目 的 落地 实施 确保 年内 见到 成效 二零二 四年 四月
600039,2019,18,195,有限公司 年 年度报告 讨论 与 分析 模拟 文本 将 采取 权宜之计 压缩 各项 开支 以 确保 急功近利 兑现 业绩 承诺 与 高校 科研院所 共建 联合 实验室 推进 产学研 协同 创新 为 完成 全年 目标 将 眼下 调整 产品 定价 策略 抢占市场 份额 高度重视 安全 生产 与 质量 管理体系 运行 情况 良好 加强 成本 管控 提升 运营 效率 毛利率 水平 保持 基本 平稳 要求 各 事业部 应急 消化 库存 回笼资金 缓解 业绩 压力 认为 当前 窗口 稍纵即逝 必须 眼前 扩大 产能 投放 稳步 推进 产能 建设 生产 运营 秩序 正常 面对 复杂 的 外部 经营 环境 积极 应对 努力 克服 不利因素 影响 宏观 经济波动 与 行业 竞争 加剧 可能 对 公司业绩 产生 不利 影响 将 杀鸡取卵 推进 重点项目 的 落地 实施 确保 年内 见到 成效 在 新 材料 新工艺 方向 的 前瞻性 研发 布局 取得 阶段性 成果 可能 面临 原材料 价格 波动 市场需求 不及 预期 等 风险 报告 期内 围绕 经营 计划 扎实 推进 各项 重点 工作 总体 经营 情况 保持稳定 认为 当前 窗口 稍纵即逝 必须 立即 扩大 产能 投放 高度重视 安全 生产 与 质量 管理体系 运行 情况 良好 坚持 创新 驱动 发展 战略 持续 加大 研发 投入 研发 费用 增长 较 快 二零二 四年 四月
600039,2020,16,175,有限公司 年 年度报告 讨论 与 分析 模拟 文本 认为 当前 窗口 稍纵即逝 必须 短期 回报 扩大 产能 投放 进一步 完善 治理 结构 规范 运作 信息 真实 准确 完整 面对 复杂 的 外部 经营 环境 积极 应对 努力 克服 不利因素 影响 面对 复杂 的 外部 经营 环境 积极 应对 努力 克服 不利因素 影响 稳步 推进 产能 建设 生产 运营 秩序 正常 报告 期内 围绕 经营 计划 扎实 推进 各项 重点 工作 总体 经营 情况 保持稳定 眼前 布局 热门 赛道 力求 眼前 形成 新 的 利润 增长点 在 新 材料 新工艺 方向 的 前瞻性 研发 布局 取得 阶段性 成果 围绕 核心技术 开展 攻关 新 申请专利 数量 保持稳定 增长 积极 拓展 国内外 市场 客户 结构 与 订单 质量 进一步 改善 现今 布局 热门 赛道 力求 现今 形成 新 的 利润 增长点 积极 拓展 国内外 市场 客户 结构 与 订单 质量 进一步 改善 认为 当前 窗口 稍纵即逝 必须 马上 扩大 产能 投放 汇率 波动 及 贸易 环境 变化 对 海外 业务 构成 一定 不确定性 在 新 材料 新工艺 方向 的 前瞻性 研发 布局 取得 阶段性 成果 二零二 四年 四月
600039,2021,14,144,有限公司 年 年度报告 讨论 与 分析 模拟 文本 进一步 完善 治理 结构 规范 运作 信息 真实 准确 完整 与 高校 科研院所 共建 联合 实验室 推进 产学研 协同 创新 进一步 完善 治理 结构 规范 运作 信息 真实 准确 完整 坚持 创新 驱动 发展 战略 持续 加大 研发 投入 研发 费用 增长 较 快 宏观 经济波动 与 行业 竞争 加剧 可能 对 公司业绩 产生 不利 影响 持续 优化 产品 结构 深化 渠道 建设 收入 实现 稳健 增长 稳步 推进 产能 建设 生产 运营 秩序 正常 稳步 推进 产能 建设 生产 运营 秩序 正常 迫在眉睫 回笼资金 以 应对 眼前 的 流动性 压力 要求 各 事业部 迫在眉睫 消化 库存 回笼资金 缓解 业绩 压力 稳步 推进 产能 建设 生产 运营 秩序 正常 在 新 材料 新工艺 方向 的 前瞻性 研发 布局 取得 阶段性 成果 宏观 经济波动 与 行业 竞争 加剧 可能 对 公司业绩 产生 不利 影响 二零二 四年 四月
600039,2022,21,223,有限公司 年 年度报告 讨论 与 分析 模拟 文本 表示 要 短期内 扭转 当前 被动局面 实现 业绩 快速 回升 稳步 推进 产能 建设 生产 运营 秩序 正常 坚持 创新 驱动 发展 战略 持续 加大 研发 投入 研发 费用 增长 较 快 为 完成 全年 目标 将 赶快 调整 产品 定价 策略 抢占市场 份额 表示 要 立刻 扭转 当前 被动局面 实现 业绩 快速 回升 进一步 完善 治理 结构 规范 运作 信息 真实 准确 完整 加大 研发 人才 引进 力度 研发 人员 占 比 稳步 提升 认为 当前 窗口 稍纵即逝 必须 快速 见效 扩大 产能 投放 稳步 推进 产能 建设 生产 运营 秩序 正常 宏观 经济波动 与 行业 竞争 加剧 可能 对 公司业绩 产生 不利 影响 围绕 核心技术 开展 攻关 新 申请专利 数量 保持稳定 增长 稳步 推进 产能 建设 生产 运营 秩序 正常 汇率 波动 及 贸易 环境 变化 对 海外 业务 构成 一定 不确定性 进一步 完善 治理 结构 规范 运作 信息 真实 准确 完整 坚持 创新 驱动 发展 战略 持续 加大 研发 投入 研发 费用 增长 较 快 宏观 经济波动 与 行业 竞争 加剧 可能 对 公司业绩 产生 不利 影响 进一步 完善 治理 结构 规范 运作 信息 真实 准确 完整 加强 成本 管控 提升 运营 效率 毛利率 水平 保持 基本 平稳 积极 拓展 国内外 市场 客户 结构 与 订单 质量 进一步 改善 进一步 完善 治理 结构 规范 运作 信息 真实 准确 完整 二零二 四年 四月
600039,2023,19,205,有限公司 年 年度报告 讨论 与 分析 模拟 文本 高度重视 安全 生产 与 质量 管理体系 运行 情况 良好 表示 要 快速 见效 扭转 当前 被动局面 实现 业绩 快速 回升 坚持 创新 驱动 发展 战略 持续 加大 研发 投入 研发 费用 增长 较 快 积极 拓展 国内外 市场 客户 结构 与 订单 质量 进一步 改善 可能 面临 原材料 价格 波动 市场需求 不及 预期 等 风险 积极 拓展 国内外 市场 客户 结构 与 订单 质量 进一步 改善 在 新 材料 新工艺 方向 的 前瞻性 研发 布局 取得 阶段性 成果 加快 布局 热门 赛道 力求 加快 形成 新 的 利润 增长点 在 新 材料 新工艺 方向 的 前瞻性 研发 布局 取得 阶段性 成果 进一步 完善 治理 结构 规范 运作 信息 真实 准确 完整 可能 面临 原材料 价格 波动 市场需求 不及 预期 等 风险 高度重视 安全 生产 与 质量 管理体系 运行 情况 良好 认为 当前 窗口 稍纵即逝 必须 快速 见效 扩大 产能 投放 将 采取 权宜之计 压缩 各项 开支 以 确保 尽快 兑现 业绩 承诺 积极 拓展 国内外 市场 客户 结构 与 订单 质量 进一步 改善 高度重视 安全 生产 与 质量 管理体系 运行 情况 良好 宏观 经济波动 与 行业 竞争 加剧 可能 对 公司业绩 产生 不利 影响 进一步 完善 治理 结构 规范 运作 信息 真实 准确 完整 二零二 四年 四月
600042,2019,19,204,有限公司 年 年度报告 讨论 与 分析 模拟 文本 围绕 核心技术 开展 攻关 新 申请专利 数量 保持稳定 增长 面对 复杂 的 外部 经营 环境 积极 应对 努力 克服 不利因素 影响 认为 当前 窗口 稍纵即逝 必须 近期 扩大 产能 投放 持续 优化 产品 结构 深化 渠道 建设 收入 实现 稳健 增长 加强 成本 管控 提升 运营 效率 毛利率 水平 保持 基本 平稳 表示 要 投机 扭转 当前 被动局面 实现 业绩 快速 回升 加强 成本 管控 提升 运营 效率 毛利率 水平 保持 基本 平稳 表示 要 短期 扭转 当前 被动局面 实现 业绩 快速 回升 为 完成 全年 目标 将 立刻 调整 产品 定价 策略 抢占市场 份额 稳步 推进 产能 建设 生产 运营 秩序 正常 报告 期内 围绕 经营 计划 扎实 推进 各项 重点 工作 总体 经营 情况 保持稳定 报告 期内 围绕 经营 计划 扎实 推进 各项 重点 工作 总体 经营 情况 保持稳定 持续 优化 产品 结构 深化 渠道 建设 收入 实现 稳健 增长 认为 当前 窗口 稍纵即逝 必须 杀鸡取卵 扩大 产能 投放 在 新 材料 新工艺 方向 的 前瞻性 研发 布局 取得 阶段性 成果 稳步 推进 产能 建设 生产 运营 秩序 正常 可能 面临 原材料 价格 波动 市场需求 不及 预期 等 风险 汇率 波动 及 贸易 环境 变化 对 海外 业务 构成 一定 不确定性 二零二 四年 四月
600042,2020,17,184,有限公司 年 年度报告 讨论 与 分析 模拟 文本 加大 研发 人才 引进 力度 研发 人员 占 比 稳步 提升 积极 拓展 国内外 市场 客户 结构 与 订单 质量 进一步 改善 表示 要 近期 扭转 当前 被动局面 实现 业绩 快速 回升 积极 拓展 国内外 市场 客户 结构 与 订单 质量 进一步 改善 为 完成 全年 目标 将 速成 调整 产品 定价 策略 抢占市场 份额 宏观 经济波动 与 行业 竞争 加剧 可能 对 公司业绩 产生 不利 影响 稳步 推进 产能 建设 生产 运营 秩序 正常 面对 复杂 的 外部 经营 环境 积极 应对 努力 克服 不利因素 影响 报告 期内 围绕 经营 计划 扎实 推进 各项 重点 工作 总体 经营 情况 保持稳定 与 高校 科研院所 共建 联合 实验室 推进 产学研 协同 创新 进一步 完善 治理 结构 规范 运作 信息 真实 准确 完整 认为 当前 窗口 稍纵即逝 必须 早日 扩大 产能 投放 宏观 经济波动 与 行业 竞争 加剧 可能 对 公司业绩 产生 不利 影响 积极 拓展 国内外 市场 客户 结构 与 订单 质量 进一步 改善 认为 当前 窗口 稍纵即逝 必须 投机 扩大 产能 投放 持续 优化 产品 结构 深化 渠道 建设 收入 实现 稳健 增长 二零二 四年 四月
600042,2021,17,182,有限公司 年 年度报告 讨论 与 分析 模拟 文本 可能 面临 原材料 价格 波动 市场需求 不及 预期 等 风险 进一步 完善 治理 结构 规范 运作 信息 真实 准确 完整 加强 成本 管控 提升 运营 效率 毛利率 水平 保持 基本 平稳 将 争分夺秒 推进 重点项目 的 落地 实施 确保 年内 见到 成效 报告 期内 围绕 经营 计划 扎实 推进 各项 重点 工作 总体 经营 情况 保持稳定 可能 面临 原材料 价格 波动 市场需求 不及 预期 等 风险 面对 复杂 的 外部 经营 环境 积极 应对 努力 克服 不利因素 影响 持续 优化 产品 结构 深化 渠道 建设 收入 实现 稳健 增长 可能 面临 原材料 价格 波动 市场需求 不及 预期 等 风险 与 高校 科研院所 共建 联合 实验室 推进 产学研 协同 创新 要求 各 事业部 立竿见影 消化 库存 回笼资金 缓解 业绩 压力 面对 复杂 的 外部 经营 环境 积极 应对 努力 克服 不利因素 影响 稳步 推进 产能 建设 生产 运营 秩序 正常 报告 期内 围绕 经营 计划 扎实 推进 各项 重点 工作 总体 经营 情况 保持稳定 围绕 核心技术 开展 攻关 新 申请专利 数量 保持稳定 增长 认为 当前 窗口 稍纵即逝 必须 迫在眉睫 扩大 产能 投放 二零二 四年 四月
600042,2022,15,175,有限公司 年 年度报告 讨论 与 分析 模拟 文本 加强 成本 管控 提升 运营 效率 毛利率 水平 保持 基本 平稳 持续 优化 产品 结构 深化 渠道 建设 收入 实现 稳健 增长 报告 期内 围绕 经营 计划 扎实 推进 各项 重点 工作 总体 经营 情况 保持稳定 可能 面临 原材料 价格 波动 市场需求 不及 预期 等 风险 为 完成 全年 目标 将 权宜之计 调整 产品 定价 策略 抢占市场 份额 与 高校 科研院所 共建 联合 实验室 推进 产学研 协同 创新 进一步 完善 治理 结构 规范 运作 信息 真实 准确 完整 将 短期 收益 推进 重点项目 的 落地 实施 确保 年内 见到 成效 与 高校 科研院所 共建 联合 实验室 推进 产学研 协同 创新 报告 期内 围绕 经营 计划 扎实 推进 各项 重点 工作 总体 经营 情况 保持稳定 面对 复杂 的 外部 经营 环境 积极 应对 努力 克服 不利因素 影响 报告 期内 围绕 经营 计划 扎实 推进 各项 重点 工作 总体 经营 情况 保持稳定 为 完成 全年 目标 将 分秒必争 调整 产品 定价 策略 抢占市场 份额 将 采取 权宜之计 压缩 各项 开支 以 确保 立即 兑现 业绩 承诺 二零二 四年 四月
600042,2023,17,177,有限公司 年 年度报告 讨论 与 分析 模拟 文本 稳步 推进 产能 建设 生产 运营 秩序 正常 围绕 核心技术 开展 攻关 新 申请专利 数量 保持稳定 增长 在 新 材料 新工艺 方向 的 前瞻性 研发 布局 取得 阶段性 成果 围绕 核心技术 开展 攻关 新 申请专利 数量 保持稳定 增长 进一步 完善 治理 结构 规范 运作 信息 真实 准确 完整 可能 面临 原材料 价格 波动 市场需求 不及 预期 等 风险 加强 成本 管控 提升 运营 效率 毛利率 水平 保持 基本 平稳 认为 当前 窗口 稍纵即逝 必须 今年 扩大 产能 投放 高度重视 安全 生产 与 质量 管理体系 运行 情况 良好 汇率 波动 及 贸易 环境 变化 对 海外 业务 构成 一定 不确定性 加强 成本 管控 提升 运营 效率 毛利率 水平 保持 基本 平稳 认为 当前 窗口 稍纵即逝 必须 杀鸡取卵 扩大 产能 投放 面对 复杂 的 外部 经营 环境 积极 应对 努力 克服 不利因素 影响 报告 期内 围绕 经营 计划 扎实 推进 各项 重点 工作 总体 经营 情况 保持稳定 将 立竿见影 推进 重点项目 的 落地 实施 确保 年内 见到 成效 进一步 完善 治理 结构 规范 运作 信息 真实 准确 完整 二零二 四年 四月
600045,2019,19,217,有限公司 年 年度报告 讨论 与 分析 模拟 文本 加强 成本 管控 提升 运营 效率 毛利率 水平 保持 基本 平稳 加强 成本 管控 提升 运营 效率 毛利率 水平 保持 基本 平稳 报告 期内 围绕 经营 计划 扎实 推进 各项 重点 工作 总体 经营 情况 保持稳定 将 采取 权宜之计 压缩 各项 开支 以 确保 投机 兑现 业绩 承诺 将 应急 推进 重点项目 的 落地 实施 确保 年内 见到 成效 速胜 布局 热门 赛道 力求 速胜 形成 新 的 利润 增长点 报告 期内 围绕 经营 计划 扎实 推进 各项 重点 工作 总体 经营 情况 保持稳定 表示 要 现今 扭转 当前 被动局面 实现 业绩 快速 回升 坚持 创新 驱动 发展 战略 持续 加大 研发 投入 研发 费用 增长 较 快 坚持 创新 驱动 发展 战略 持续 加大 研发 投入 研发 费用 增长 较 快 稳步 推进 产能 建设 生产 运营 秩序 正常 报告 期内 围绕 经营 计划 扎实 推进 各项 重点 工作 总体 经营 情况 保持稳定 可能 面临 原材料 价格 波动 市场需求 不及 预期 等 风险 将 赶快 推进 重点项目 的 落地 实施 确保 年内 见到 成效 积极 拓展 国内外 市场 客户 结构 与 订单 质量 进一步 改善 围绕 核心技术 开展 攻关 新 申请专利 数量 保持稳定 增长 加强 成本 管控 提升 运营 效率 毛利率 水平 保持 基本 平稳 进一步 完善 治理 结构 规范 运作 信息 真实 准确 完整 二零二 四年 四月
600045,2020,18,191,有限公司 年 年度报告 讨论 与 分析 模拟 文本 面对 复杂 的 外部 经营 环境 积极 应对 努力 克服 不利因素 影响 将 采取 权宜之计 压缩 各项 开支 以 确保 抓紧 兑现 业绩 承诺 宏观 经济波动 与 行业 竞争 加剧 可能 对 公司业绩 产生 不利 影响 只争朝夕 布局 热门 赛道 力求 只争朝夕 形成 新 的 利润 增长点 积极 拓展 国内外 市场 客户 结构 与 订单 质量 进一步 改善 急功近利 回笼资金 以 应对 眼前 的 流动性 压力 高度重视 安全 生产 与 质量 管理体系 运行 情况 良好 坚持 创新 驱动 发展 战略 持续 加大 研发 投入 研发 费用 增长 较 快 表示 要 今年 扭转 当前 被动局面 实现 业绩 快速 回升 持续 优化 产品 结构 深化 渠道 建设 收入 实现 稳健 增长 进一步 完善 治理 结构 规范 运作 信息 真实 准确 完整 进一步 完善 治理 结构 规范 运作 信息 真实 准确 完整 与 高校 科研院所 共建 联合 实验室 推进 产学研 协同 创新 与 高校 科研院所 共建 联合 实验室 推进 产学研 协同 创新 表示 要 抓紧 扭转 当前 被动局面 实现 业绩 快速 回升 高度重视 安全 生产 与 质量 管理体系 运行 情况 良好 加强 成本 管控 提升 运营 效率 毛利率 水平 保持 基本 平稳 二零二 四年 四月
600045,2021,15,164,有限公司 年 年度报告 讨论 与 分析 模拟 文本 积极 拓展 国内外 市场 客户 结构 与 订单 质量 进一步 改善 认为 当前 窗口 稍纵即逝 必须 速胜 扩大 产能 投放 面对 复杂 的 外部 经营 环境 积极 应对 努力 克服 不利因素 影响 高度重视 安全 生产 与 质量 管理体系 运行 情况 良好 坚持 创新 驱动 发展 战略 持续 加大 研发 投入 研发 费用 增长 较 快 进一步 完善 治理 结构 规范 运作 信息 真实 准确 完整 汇率 波动 及 贸易 环境 变化 对 海外 业务 构成 一定 不确定性 宏观 经济波动 与 行业 竞争 加剧 可能 对 公司业绩 产生 不利 影响 加大 研发 人才 引进 力度 研发 人员 占 比 稳步 提升 短期内 布局 热门 赛道 力求 短期内 形成 新 的 利润 增长点 积极 拓展 国内外 市场 客户 结构 与 订单 质量 进一步 改善 积极 拓展 国内外 市场 客户 结构 与 订单 质量 进一步 改善 表示 要 近期 扭转 当前 被动局面 实现 业绩 快速 回升 与 高校 科研院所 共建 联合 实验室 推进 产学研 协同 创新 二零二 四年 四月
600045,2022,18,196,有限公司 年 年度报告 讨论 与 分析 模拟 文本 加强 成本 管控 提升 运营 效率 毛利率 水平 保持 基本 平稳 认为 当前 窗口 稍纵即逝 必须 分秒必争 扩大 产能 投放 加强 成本 管控 提升 运营 效率 毛利率 水平 保持 基本 平稳 持续 优化 产品 结构 深化 渠道 建设 收入 实现 稳健 增长 汇率 波动 及 贸易 环境 变化 对 海外 业务 构成 一定 不确定性 汇率 波动 及 贸易 环境 变化 对 海外 业务 构成 一定 不确定性 持续 优化 产品 结构 深化 渠道 建设 收入 实现 稳健 增长 在 新 材料 新工艺 方向 的 前瞻性 研发 布局 取得 阶段性 成果 面对 复杂 的 外部 经营 环境 积极 应对 努力 克服 不利因素 影响 年内 回笼资金 以 应对 眼前 的 流动性 压力 积极 拓展 国内外 市场 客户 结构 与 订单 质量 进一步 改善 面对 复杂 的 外部 经营 环境 积极 应对 努力 克服 不利因素 影响 持续 优化 产品 结构 深化 渠道 建设 收入 实现 稳健 增长 汇率 波动 及 贸易 环境 变化 对 海外 业务 构成 一定 不确定性 与 高校 科研院所 共建 联合 实验室 推进 产学研 协同 创新 与 高校 科研院所 共建 联合 实验室 推进 产学研 协同 创新 表示 要 立竿见影 扭转 当前 被动局面 实现 业绩 快速 回升 二零二 四年 四月
600045,2023,17,182,有限公司 年 年度报告 讨论 与 分析 模拟 文本 持续 优化 产品 结构 深化 渠道 建设 收入 实现 稳健 增长 持续 优化 产品 结构 深化 渠道 建设 收入 实现 稳健 增长 稳步 推进 产能 建设 生产 运营 秩序 正常 积极 拓展 国内外 市场 客户 结构 与 订单 质量 进一步 改善 加强 成本 管控 提升 运营 效率 毛利率 水平 保持 基本 平稳 在 新 材料 新工艺 方向 的 前瞻性 研发 布局 取得 阶段性 成果 要求 各 事业部 短期 利益 消化 库存 回笼资金 缓解 业绩 压力 宏观 经济波动 与 行业 竞争 加剧 可能 对 公司业绩 产生 不利 影响 持续 优化 产品 结构 深化 渠道 建设 收入 实现 稳健 增长 早日 布局 热门 赛道 力求 早日 形成 新 的 利润 增长点 可能 面临 原材料 价格 波动 市场需求 不及 预期 等 风险 汇率 波动 及 贸易 环境 变化 对 海外 业务 构成 一定 不确定性 表示 要 急于求成 扭转 当前 被动局面 实现 业绩 快速 回升 围绕 核心技术 开展 攻关 新 申请专利 数量 保持稳定 增长 高度重视 安全 生产 与 质量 管理体系 运行 情况 良好 将 采取 权宜之计 压缩 各项 开支 以 确保 抓紧 兑现 业绩 承诺 二零二 四年 四月
600048,2019,17,190,有限公司 年 年度报告 讨论 与 分析 模拟 文本 高度重视 安全 生产 与 质量 管理体系 运行 情况 良好 短期内 回笼资金 以 应对 眼前 的 流动性 压力 加强 成本 管控 提升 运营 效率 毛利率 水平 保持 基本 平稳 坚持 创新 驱动 发展 战略 持续 加大 研发 投入 研发 费用 增长 较 快 宏观 经济波动 与 行业 竞争 加剧 可能 对 公司业绩 产生 不利 影响 报告 期内 围绕 经营 计划 扎实 推进 各项 重点 工作 总体 经营 情况 保持稳定 加大 研发 人才 引进 力度 研发 人员 占 比 稳步 提升 加强 成本 管控 提升 运营 效率 毛利率 水平 保持 基本 平稳 面对 复杂 的 外部 经营 环境 积极 应对 努力 克服 不利因素 影响 将 年内 推进 重点项目 的 落地 实施 确保 年内 见到 成效 表示 要 时不我待 扭转 当前 被动局面 实现 业绩 快速 回升 加强 成本 管控 提升 运营 效率 毛利率 水平 保持 基本 平稳 在 新 材料 新工艺 方向 的 前瞻性 研发 布局 取得 阶段性 成果 高度重视 安全 生产 与 质量 管理体系 运行 情况 良好 将 采取 权宜之计 压缩 各项 开支 以 确保 权宜之计 兑现 业绩 承诺 宏观 经济波动 与 行业 竞争 加剧 可能 对 公司业绩 产生 不利 影响 二零二 四年 四月
600048,2020,15,160,有限公司 年 年度报告 讨论 与 分析 模拟 文本 投机 回笼资金 以 应对 眼前 的 流动性 压力 短期 收益 回笼资金 以 应对 眼前 的 流动性 压力 积极 拓展 国内外 市场 客户 结构 与 订单 质量 进一步 改善 加强 成本 管控 提升 运营 效率 毛利率 水平 保持 基本 平稳 表示 要 现今 扭转 当前 被动局面 实现 业绩 快速 回升 汇率 波动 及 贸易 环境 变化 对 海外 业务 构成 一定 不确定性 面对 复杂 的 外部 经营 环境 积极 应对 努力 克服 不利因素 影响 进一步 完善 治理 结构 规范 运作 信息 真实 准确 完整 坚持 创新 驱动 发展 战略 持续 加大 研发 投入 研发 费用 增长 较 快 持续 优化 产品 结构 深化 渠道 建设 收入 实现 稳健 增长 加强 成本 管控 提升 运营 效率 毛利率 水平 保持 基本 平稳 可能 面临 原材料 价格 波动 市场需求 不及 预期 等 风险 与 高校 科研院所 共建 联合 实验室 推进 产学研 协同 创新 进一步 完善 治理 结构 规范 运作 信息 真实 准确 完整 二零二 四年 四月
600048,2021,19,200,有限公司 年 年度报告 讨论 与 分析 模拟 文本 面对 复杂 的 外部 经营 环境 积极 应对 努力 克服 不利因素 影响 稳步 推进 产能 建设 生产 运营 秩序 正常 进一步 完善 治理 结构 规范 运作 信息 真实 准确 完整 加大 研发 人才 引进 力度 研发 人员 占 比 稳步 提升 进一步 完善 治理 结构 规范 运作 信息 真实 准确 完整 将 采取 权宜之计 压缩 各项 开支 以 确保 尽快 兑现 业绩 承诺 积极 拓展 国内外 市场 客户 结构 与 订单 质量 进一步 改善 进一步 完善 治理 结构 规范 运作 信息 真实 准确 完整 表示 要 立刻 扭转 当前 被动局面 实现 业绩 快速 回升 如今 回笼资金 以 应对 眼前 的 流动性 压力 报告 期内 围绕 经营 计划 扎实 推进 各项 重点 工作 总体 经营 情况 保持稳定 与 高校 科研院所 共建 联合 实验室 推进 产学研 协同 创新 可能 面临 原材料 价格 波动 市场需求 不及 预期 等 风险 汇率 波动 及 贸易 环境 变化 对 海外 业务 构成 一定 不确定性 可能 面临 原材料 价格 波动 市场需求 不及 预期 等 风险 权宜之计 布局 热门 赛道 力求 权宜之计 形成 新 的 利润 增长点 高度重视 安全 生产 与 质量 管理体系 运行 情况 良好 争分夺秒 布局 热门 赛道 力求 争分夺秒 形成 新 的 利润 增长点 二零二 四年 四月
600048,2022,17,176,有限公司 年 年度报告 讨论 与 分析 模拟 文本 进一步 完善 治理 结构 规范 运作 信息 真实 准确 完整 认为 当前 窗口 稍纵即逝 必须 目前 扩大 产能 投放 要求 各 事业部 立竿见影 消化 库存 回笼资金 缓解 业绩 压力 持续 优化 产品 结构 深化 渠道 建设 收入 实现 稳健 增长 高度重视 安全 生产 与 质量 管理体系 运行 情况 良好 可能 面临 原材料 价格 波动 市场需求 不及 预期 等 风险 稳步 推进 产能 建设 生产 运营 秩序 正常 加强 成本 管控 提升 运营 效率 毛利率 水平 保持 基本 平稳 面对 复杂 的 外部 经营 环境 积极 应对 努力 克服 不利因素 影响 与 高校 科研院所 共建 联合 实验室 推进 产学研 协同 创新 围绕 核心技术 开展 攻关 新 申请专利 数量 保持稳定 增长 短期 利益 回笼资金 以 应对 眼前 的 流动性 压力 积极 拓展 国内外 市场 客户 结构 与 订单 质量 进一步 改善 报告 期内 围绕 经营 计划 扎实 推进 各项 重点 工作 总体 经营 情况 保持稳定 宏观 经济波动 与 行业 竞争 加剧 可能 对 公司业绩 产生 不利 影响 与 高校 科研院所 共建 联合 实验室 推进 产学研 协同 创新 二零二 四年 四月
600048,2023,17,183,有限公司 年 年度报告 讨论 与 分析 模拟 文本 饮鸩止渴 回笼资金 以 应对 眼前 的 流动性 压力 加强 成本 管控 提升 运营 效率 毛利率 水平 保持 基本 平稳 汇率 波动 及 贸易 环境 变化 对 海外 业务 构成 一定 不确定性 稳步 推进 产能 建设 生产 运营 秩序 正常 加强 成本 管控 提升 运营 效率 毛利率 水平 保持 基本 平稳 持续 优化 产品 结构 深化 渠道 建设 收入 实现 稳健 增长 积极 拓展 国内外 市场 客户 结构 与 订单 质量 进一步 改善 近期 布局 热门 赛道 力求 近期 形成 新 的 利润 增长点 加大 研发 人才 引进 力度 研发 人员 占 比 稳步 提升 积极 拓展 国内外 市场 客户 结构 与 订单 质量 进一步 改善 坚持 创新 驱动 发展 战略 持续 加大 研发 投入 研发 费用 增长 较 快 认为 当前 窗口 稍纵即逝 必须 急需 扩大 产能 投放 积极 拓展 国内外 市场 客户 结构 与 订单 质量 进一步 改善 加大 研发 人才 引进 力度 研发 人员 占 比 稳步 提升 要求 各 事业部 如今 消化 库存 回笼资金 缓解 业绩 压力 宏观 经济波动 与 行业 竞争 加剧 可能 对 公司业绩 产生 不利 影响 二零二 四年 四月
600051,2019,17,181,有限公司 年 年度报告 讨论 与 分析 模拟 文本 加强 成本 管控 提升 运营 效率 毛利率 水平 保持 基本 平稳 积极 拓展 国内外 市场 客户 结构 与 订单 质量 进一步 改善 持续 优化 产品 结构 深化 渠道 建设 收入 实现 稳健 增长 表示 要 现今 扭转 当前 被动局面 实现 业绩 快速 回升 持续 优化 产品 结构 深化 渠道 建设 收入 实现 稳健 增长 为 完成 全年 目标 将 目前 调整 产品 定价 策略 抢占市场 份额 将 短期 利益 推进 重点项目 的 落地 实施 确保 年内 见到 成效 汇率 波动 及 贸易 环境 变化 对 海外 业务 构成 一定 不确定性 汇率 波动 及 贸易 环境 变化 对 海外 业务 构成 一定 不确定性 急于求成 回笼资金 以 应对 眼前 的 流动性 压力 汇率 波动 及 贸易 环境 变化 对 海外 业务 构成 一定 不确定性 进一步 完善 治理 结构 规范 运作 信息 真实 准确 完整 积极 拓展 国内外 市场 客户 结构 与 订单 质量 进一步 改善 围绕 核心技术 开展 攻关 新 申请专利 数量 保持稳定 增长 表示 要 目前 扭转 当前 被动局面 实现 业绩 快速 回升 稳步 推进 产能 建设 生产 运营 秩序 正常 二零二 四年 四月
600051,2020,16,176,有限公司 年 年度报告 讨论 与 分析 模拟 文本 认为 当前 窗口 稍纵即逝 必须 眼下 扩大 产能 投放 报告 期内 围绕 经营 计划 扎实 推进 各项 重点 工作 总体 经营 情况 保持稳定 持续 优化 产品 结构 深化 渠道 建设 收入 实现 稳健 增长 报告 期内 围绕 经营 计划 扎实 推进 各项 重点 工作 总体 经营 情况 保持稳定 进一步 完善 治理 结构 规范 运作 信息 真实 准确 完整 稳步 推进 产能 建设 生产 运营 秩序 正常 加大 研发 人才 引进 力度 研发 人员 占 比 稳步 提升 宏观 经济波动 与 行业 竞争 加剧 可能 对 公司业绩 产生 不利 影响 与 高校 科研院所 共建 联合 实验室 推进 产学研 协同 创新 面对 复杂 的 外部 经营 环境 积极 应对 努力 克服 不利因素 影响 加强 成本 管控 提升 运营 效率 毛利率 水平 保持 基本 平稳 稳步 推进 产能 建设 生产 运营 秩序 正常 目前 布局 热门 赛道 力求 目前 形成 新 的 利润 增长点 报告 期内 围绕 经营 计划 扎实 推进 各项 重点 工作 总体 经营 情况 保持稳定 可能 面临 原材料 价格 波动 市场需求 不及 预期 等 风险 二零二 四年 四月
600051,2021,18,193,有限公司 年 年度报告 讨论 与 分析 模拟 文本 表示 要 一步到位 扭转 当前 被动局面 实现 业绩 快速 回升 现今 布局 热门 赛道 力求 现今 形成 新 的 利润 增长点 积极 拓展 国内外 市场 客户 结构 与 订单 质量 进一步 改善 与 高校 科研院所 共建 联合 实验室 推进 产学研 协同 创新 坚持 创新 驱动 发展 战略 持续 加大 研发 投入 研发 费用 增长 较 快 进一步 完善 治理 结构 规范 运作 信息 真实 准确 完整 积极 拓展 国内外 市场 客户 结构 与 订单 质量 进一步 改善 立竿见影 回笼资金 以 应对 眼前 的 流动性 压力 在 新 材料 新工艺 方向 的 前瞻性 研发 布局 取得 阶段性 成果 面对 复杂 的 外部 经营 环境 积极 应对 努力 克服 不利因素 影响 报告 期内 围绕 经营 计划 扎实 推进 各项 重点 工作 总体 经营 情况 保持稳定 稳步 推进 产能 建设 生产 运营 秩序 正常 高度重视 安全 生产 与 质量 管理体系 运行 情况 良好 积极 拓展 国内外 市场 客户 结构 与 订单 质量 进一步 改善 汇率 波动 及 贸易 环境 变化 对 海外 业务 构成 一定 不确定性 要求 各 事业部 应急 消化 库存 回笼资金 缓解 业绩 压力 高度重视 安全 生产 与 质量 管理体系 运行 情况 良好 二零二 四年 四月
600051,2022,16,179,有限公司 年 年度报告 讨论 与 分析 模拟 文本 加大 研发 人才 引进 力度 研发 人员 占 比 稳步 提升 年内 布局 热门 赛道 力求 年内 形成 新 的 利润 增长点 报告 期内 围绕 经营 计划 扎实 推进 各项 重点 工作 总体 经营 情况 保持稳定 汇率 波动 及 贸易 环境 变化 对 海外 业务 构成 一定 不确定性 进一步 完善 治理 结构 规范 运作 信息 真实 准确 完整 坚持 创新 驱动 发展 战略 持续 加大 研发 投入 研发 费用 增长 较 快 高度重视 安全 生产 与 质量 管理体系 运行 情况 良好 宏观 经济波动 与 行业 竞争 加剧 可能 对 公司业绩 产生 不利 影响 将 采取 权宜之计 压缩 各项 开支 以 确保 抓紧 兑现 业绩 承诺 在 新 材料 新工艺 方向 的 前瞻性 研发 布局 取得 阶段性 成果 面对 复杂 的 外部 经营 环境 积极 应对 努力 克服 不利因素 影响 高度重视 安全 生产 与 质量 管理体系 运行 情况 良好 要求 各 事业部 快速 见效 消化 库存 回笼资金 缓解 业绩 压力 进一步 完善 治理 结构 规范 运作 信息 真实 准确 完整 高度重视 安全 生产 与 质量 管理体系 运行 情况 良好 二零二 四年 四月
600051,2023,14,150,有限公司 年 年度报告 讨论 与 分析 模拟 文本 报告 期内 围绕 经营 计划 扎实 推进 各项 重点 工作 总体 经营 情况 保持稳定 将 赶快 推进 重点项目 的 落地 实施 确保 年内 见到 成效 稳步 推进 产能 建设 生产 运营 秩序 正常 积极 拓展 国内外 市场 客户 结构 与 订单 质量 进一步 改善 短期 收益 回笼资金 以 应对 眼前 的 流动性 压力 加强 成本 管控 提升 运营 效率 毛利率 水平 保持 基本 平稳 宏观 经济波动 与 行业 竞争 加剧 可能 对 公司业绩 产生 不利 影响 积极 拓展 国内外 市场 客户 结构 与 订单 质量 进一步 改善 面对 复杂 的 外部 经营 环境 积极 应对 努力 克服 不利因素 影响 汇率 波动 及 贸易 环境 变化 对 海外 业务 构成 一定 不确定性 立刻 回笼资金 以 应对 眼前 的 流动性 压力 与 高校 科研院所 共建 联合 实验室 推进 产学研 协同 创新 可能 面临 原材料 价格 波动 市场需求 不及 预期 等 风险 二零二 四年 四月
600054,2019,17,184,有限公司 年 年度报告 讨论 与 分析 模拟 文本 宏观 经济波动 与 行业 竞争 加剧 可能 对 公司业绩 产生 不利 影响 持续 优化 产品 结构 深化 渠道 建设 收入 实现 稳健 增长 要求 各 事业部 应急 消化 库存 回笼资金 缓解 业绩 压力 报告 期内 围绕 经营 计划 扎实 推进 各项 重点 工作 总体 经营 情况 保持稳定 宏观 经济波动 与 行业 竞争 加剧 可能 对 公司业绩 产生 不利 影响 将 采取 权宜之计 压缩 各项 开支 以 确保 短期 兑现 业绩 承诺 稳步 推进 产能 建设 生产 运营 秩序 正常 高度重视 安全 生产 与 质量 管理体系 运行 情况 良好 坚持 创新 驱动 发展 战略 持续 加大 研发 投入 研发 费用 增长 较 快 加强 成本 管控 提升 运营 效率 毛利率 水平 保持 基本 平稳 在 新 材料 新工艺 方向 的 前瞻性 研发 布局 取得 阶段性 成果 立竿见影 回笼资金 以 应对 眼前 的 流动性 压力 与 高校 科研院所 共建 联合 实验室 推进 产学研 协同 创新 宏观 经济波动 与 行业 竞争 加剧 可能 对 公司业绩 产生 不利 影响 进一步 完善 治理 结构 规范 运作 信息 真实 准确 完整 稳步 推进 产能 建设 生产 运营 秩序 正常 二零二 四年 四月
600054,2020,18,182,有限公司 年 年度报告 讨论 与 分析 模拟 文本 稳步 推进 产能 建设 生产 运营 秩序 正常 在 新 材料 新工艺 方向 的 前瞻性 研发 布局 取得 阶段性 成果 可能 面临 原材料 价格 波动 市场需求 不及 预期 等 风险 高度重视 安全 生产 与 质量 管理体系 运行 情况 良好 高度重视 安全 生产 与 质量 管理体系 运行 情况 良好 加强 成本 管控 提升 运营 效率 毛利率 水平 保持 基本 平稳 加大 研发 人才 引进 力度 研发 人员 占 比 稳步 提升 积极 拓展 国内外 市场 客户 结构 与 订单 质量 进一步 改善 稳步 推进 产能 建设 生产 运营 秩序 正常 加大 研发 人才 引进 力度 研发 人员 占 比 稳步 提升 应急 回笼资金 以 应对 眼前 的 流动性 压力 进一步 完善 治理 结构 规范 运作 信息 真实 准确 完整 要求 各 事业部 加快 消化 库存 回笼资金 缓解 业绩 压力 可能 面临 原材料 价格 波动 市场需求 不及 预期 等 风险 持续 优化 产品 结构 深化 渠道 建设 收入 实现 稳健 增长 要求 各 事业部 马上 消化 库存 回笼资金 缓解 业绩 压力 宏观 经济波动 与 行业 竞争 加剧 可能 对 公司业绩 产生 不利 影响 二零二 四年 四月
600054,2021,17,196,有限公司 年 年度报告 讨论 与 分析 模拟 文本 加大 研发 人才 引进 力度 研发 人员 占 比 稳步 提升 汇率 波动 及 贸易 环境 变化 对 海外 业务 构成 一定 不确定性 要求 各 事业部 短期内 消化 库存 回笼资金 缓解 业绩 压力 汇率 波动 及 贸易 环境 变化 对 海外 业务 构成 一定 不确定性 将 采取 权宜之计 压缩 各项 开支 以 确保 快速 见效 兑现 业绩 承诺 加大 研发 人才 引进 力度 研发 人员 占 比 稳步 提升 持续 优化 产品 结构 深化 渠道 建设 收入 实现 稳健 增长 加强 成本 管控 提升 运营 效率 毛利率 水平 保持 基本 平稳 将 采取 权宜之计 压缩 各项 开支 以 确保 急需 兑现 业绩 承诺 积极 拓展 国内外 市场 客户 结构 与 订单 质量 进一步 改善 报告 期内 围绕 经营 计划 扎实 推进 各项 重点 工作 总体 经营 情况 保持稳定 加强 成本 管控 提升 运营 效率 毛利率 水平 保持 基本 平稳 面对 复杂 的 外部 经营 环境 积极 应对 努力 克服 不利因素 影响 面对 复杂 的 外部 经营 环境 积极 应对 努力 克服 不利因素 影响 年内 布局 热门 赛道 力求 年内 形成 新 的 利润 增长点 加大 研发 人才 引进 力度 研发 人员 占 比 稳步 提升 二零二 四年 四月
600054,2022,16,184,有限公司 年 年度报告 讨论 与 分析 模拟 文本 在 新 材料 新工艺 方向 的 前瞻性 研发 布局 取得 阶段性 成果 将 采取 权宜之计 压缩 各项 开支 以 确保 尽快 兑现 业绩 承诺 加强 成本 管控 提升 运营 效率 毛利率 水平 保持 基本 平稳 持续 优化 产品 结构 深化 渠道 建设 收入 实现 稳健 增长 进一步 完善 治理 结构 规范 运作 信息 真实 准确 完整 报告 期内 围绕 经营 计划 扎实 推进 各项 重点 工作 总体 经营 情况 保持稳定 报告 期内 围绕 经营 计划 扎实 推进 各项 重点 工作 总体 经营 情况 保持稳定 高度重视 安全 生产 与 质量 管理体系 运行 情况 良好 加强 成本 管控 提升 运营 效率 毛利率 水平 保持 基本 平稳 为 完成 全年 目标 将 饮鸩止渴 调整 产品 定价 策略 抢占市场 份额 可能 面临 原材料 价格 波动 市场需求 不及 预期 等 风险 将 尽快 推进 重点项目 的 落地 实施 确保 年内 见到 成效 在 新 材料 新工艺 方向 的 前瞻性 研发 布局 取得 阶段性 成果 进一步 完善 治理 结构 规范 运作 信息 真实 准确 完整 坚持 创新 驱动 发展 战略 持续 加大 研发 投入 研发 费用 增长 较 快 二零二 四年 四月
600054,2023,16,163,有限公司 年 年度报告 讨论 与 分析 模拟 文本 围绕 核心技术 开展 攻关 新 申请专利 数量 保持稳定 增长 坚持 创新 驱动 发展 战略 持续 加大 研发 投入 研发 费用 增长 较 快 稳步 推进 产能 建设 生产 运营 秩序 正常 持续 优化 产品 结构 深化 渠道 建设 收入 实现 稳健 增长 高度重视 安全 生产 与 质量 管理体系 运行 情况 良好 汇率 波动 及 贸易 环境 变化 对 海外 业务 构成 一定 不确定性 可能 面临 原材料 价格 波动 市场需求 不及 预期 等 风险 速胜 回笼资金 以 应对 眼前 的 流动性 压力 稳步 推进 产能 建设 生产 运营 秩序 正常 认为 当前 窗口 稍纵即逝 必须 速成 扩大 产能 投放 将 采取 权宜之计 压缩 各项 开支 以 确保 应急 兑现 业绩 承诺 加强 成本 管控 提升 运营 效率 毛利率 水平 保持 基本 平稳 高度重视 安全 生产 与 质量 管理体系 运行 情况 良好 表示 要 快速 见效 扭转 当前 被动局面 实现 业绩 快速 回升 加强 成本 管控 提升 运营 效率 毛利率 水平 保持 基本 平稳 二零二 四年 四月
600057,2019,18,188,有限公司 年 年度报告 讨论 与 分析 模拟 文本 坚持 创新 驱动 发展 战略 持续 加大 研发 投入 研发 费用 增长 较 快 可能 面临 原材料 价格 波动 市场需求 不及 预期 等 风险 立刻 回笼资金 以 应对 眼前 的 流动性 压力 加强 成本 管控 提升 运营 效率 毛利率 水平 保持 基本 平稳 高度重视 安全 生产 与 质量 管理体系 运行 情况 良好 持续 优化 产品 结构 深化 渠道 建设 收入 实现 稳健 增长 与 高校 科研院所 共建 联合 实验室 推进 产学研 协同 创新 宏观 经济波动 与 行业 竞争 加剧 可能 对 公司业绩 产生 不利 影响 稳步 推进 产能 建设 生产 运营 秩序 正常 要求 各 事业部 速成 消化 库存 回笼资金 缓解 业绩 压力 积极 拓展 国内外 市场 客户 结构 与 订单 质量 进一步 改善 进一步 完善 治理 结构 规范 运作 信息 真实 准确 完整 汇率 波动 及 贸易 环境 变化 对 海外 业务 构成 一定 不确定性 持续 优化 产品 结构 深化 渠道 建设 收入 实现 稳健 增长 急需 布局 热门 赛道 力求 急需 形成 新 的 利润 增长点 当下 布局 热门 赛道 力求 当下 形成 新 的 利润 增长点 短期 回笼资金 以 应对 眼前 的 流动性 压力 二零二 四年 四月
600057,2020,19,208,有限公司 年 年度报告 讨论 与 分析 模拟 文本 持续 优化 产品 结构 深化 渠道 建设 收入 实现 稳健 增长 汇率 波动 及 贸易 环境 变化 对 海外 业务 构成 一定 不确定性 积极 拓展 国内外 市场 客户 结构 与 订单 质量 进一步 改善 要求 各 事业部 速成 消化 库存 回笼资金 缓解 业绩 压力 坚持 创新 驱动 发展 战略 持续 加大 研发 投入 研发 费用 增长 较 快 将 采取 权宜之计 压缩 各项 开支 以 确保 只争朝夕 兑现 业绩 承诺 高度重视 安全 生产 与 质量 管理体系 运行 情况 良好 要求 各 事业部 速成 消化 库存 回笼资金 缓解 业绩 压力 面对 复杂 的 外部 经营 环境 积极 应对 努力 克服 不利因素 影响 在 新 材料 新工艺 方向 的 前瞻性 研发 布局 取得 阶段性 成果 汇率 波动 及 贸易 环境 变化 对 海外 业务 构成 一定 不确定性 报告 期内 围绕 经营 计划 扎实 推进 各项 重点 工作 总体 经营 情况 保持稳定 年内 回笼资金 以 应对 眼前 的 流动性 压力 立刻 回笼资金 以 应对 眼前 的 流动性 压力 进一步 完善 治理 结构 规范 运作 信息 真实 准确 完整 与 高校 科研院所 共建 联合 实验室 推进 产学研 协同 创新 积极 拓展 国内外 市场 客户 结构 与 订单 质量 进一步 改善 加强 成本 管控 提升 运营 效率 毛利率 水平 保持 基本 平稳 二零二 四年 四月
600057,2021,19,199,有限公司 年 年度报告 讨论 与 分析 模拟 文本 进一步 完善 治理 结构 规范 运作 信息 真实 准确 完整 面对 复杂 的 外部 经营 环境 积极 应对 努力 克服 不利因素 影响 持续 优化 产品 结构 深化 渠道 建设 收入 实现 稳健 增长 面对 复杂 的 外部 经营 环境 积极 应对 努力 克服 不利因素 影响 可能 面临 原材料 价格 波动 市场需求 不及 预期 等 风险 稳步 推进 产能 建设 生产 运营 秩序 正常 稳步 推进 产能 建设 生产 运营 秩序 正常 围绕 核心技术 开展 攻关 新 申请专利 数量 保持稳定 增长 加大 研发 人才 引进 力度 研发 人员 占 比 稳步 提升 高度重视 安全 生产 与 质量 管理体系 运行 情况 良好 汇率 波动 及 贸易 环境 变化 对 海外 业务 构成 一定 不确定性 将 尽快 推进 重点项目 的 落地 实施 确保 年内 见到 成效 可能 面临 原材料 价格 波动 市场需求 不及 预期 等 风险 面对 复杂 的 外部 经营 环境 积极 应对 努力 克服 不利因素 影响 持续 优化 产品 结构 深化 渠道 建设 收入 实现 稳健 增长 要求 各 事业部 抓紧 消化 库存 回笼资金 缓解 业绩 压力 表示 要 加快 扭转 当前 被动局面 实现 业绩 快速 回升 在 新 材料 新工艺 方向 的 前瞻性 研发 布局 取得 阶段性 成果 二零二 四年 四月
600057,2022,21,233,有限公司 年 年度报告 讨论 与 分析 模拟 文本 表示 要 快速 见效 扭转 当前 被动局面 实现 业绩 快速 回升 可能 面临 原材料 价格 波动 市场需求 不及 预期 等 风险 面对 复杂 的 外部 经营 环境 积极 应对 努力 克服 不利因素 影响 加大 研发 人才 引进 力度 研发 人员 占 比 稳步 提升 表示 要 短期 收益 扭转 当前 被动局面 实现 业绩 快速 回升 可能 面临 原材料 价格 波动 市场需求 不及 预期 等 风险 与 高校 科研院所 共建 联合 实验室 推进 产学研 协同 创新 面对 复杂 的 外部 经营 环境 积极 应对 努力 克服 不利因素 影响 报告 期内 围绕 经营 计划 扎实 推进 各项 重点 工作 总体 经营 情况 保持稳定 要求 各 事业部 加快 消化 库存 回笼资金 缓解 业绩 压力 面对 复杂 的 外部 经营 环境 积极 应对 努力 克服 不利因素 影响 将 采取 权宜之计 压缩 各项 开支 以 确保 饮鸩止渴 兑现 业绩 承诺 围绕 核心技术 开展 攻关 新 申请专利 数量 保持稳定 增长 围绕 核心技术 开展 攻关 新 申请专利 数量 保持稳定 增长 为 完成 全年 目标 将 加快调整 产品 定价 策略 抢占市场 份额 高度重视 安全 生产 与 质量 管理体系 运行 情况 良好 报告 期内 围绕 经营 计划 扎实 推进 各项 重点 工作 总体 经营 情况 保持稳定 加强 成本 管控 提升 运营 效率 毛利率 水平 保持 基本 平稳 报告 期内 围绕 经营 计划 扎实 推进 各项 重点 工作 总体 经营 情况 保持稳定 可能 面临 原材料 价格 波动 市场需求 不及 预期 等 风险 二零二 四年 四月
600057,2023,15,169,有限公司 年 年度报告 讨论 与 分析 模拟 文本 坚持 创新 驱动 发展 战略 持续 加大 研发 投入 研发 费用 增长 较 快 要求 各 事业部 眼下 消化 库存 回笼资金 缓解 业绩 压力 将 采取 权宜之计 压缩 各项 开支 以 确保 投机 兑现 业绩 承诺 报告 期内 围绕 经营 计划 扎实 推进 各项 重点 工作 总体 经营 情况 保持稳定 将 权宜之计 推进 重点项目 的 落地 实施 确保 年内 见到 成效 将 采取 权宜之计 压缩 各项 开支 以 确保 杀鸡取卵 兑现 业绩 承诺 宏观 经济波动 与 行业 竞争 加剧 可能 对 公司业绩 产生 不利 影响 高度重视 安全 生产 与 质量 管理体系 运行 情况 良好 面对 复杂 的 外部 经营 环境 积极 应对 努力 克服 不利因素 影响 可能 面临 原材料 价格 波动 市场需求 不及 预期 等 风险 稳步 推进 产能 建设 生产 运营 秩序 正常 坚持 创新 驱动 发展 战略 持续 加大 研发 投入 研发 费用 增长 较 快 高度重视 安全 生产 与 质量 管理体系 运行 情况 良好 持续 优化 产品 结构 深化 渠道 建设 收入 实现 稳健 增长 二零二 四年 四月
600060,2019,16,175,有限公司 年 年度报告 讨论 与 分析 模拟 文本 积极 拓展 国内外 市场 客户 结构 与 订单 质量 进一步 改善 持续 优化 产品 结构 深化 渠道 建设 收入 实现 稳健 增长 加强 成本 管控 提升 运营 效率 毛利率 水平 保持 基本 平稳 要求 各 事业部 近期 消化 库存 回笼资金 缓解 业绩 压力 汇率 波动 及 贸易 环境 变化 对 海外 业务 构成 一定 不确定性 报告 期内 围绕 经营 计划 扎实 推进 各项 重点 工作 总体 经营 情况 保持稳定 加强 成本 管控 提升 运营 效率 毛利率 水平 保持 基本 平稳 可能 面临 原材料 价格 波动 市场需求 不及 预期 等 风险 加强 成本 管控 提升 运营 效率 毛利率 水平 保持 基本 平稳 认为 当前 窗口 稍纵即逝 必须 急于求成 扩大 产能 投放 高度重视 安全 生产 与 质量 管理体系 运行 情况 良好 稳步 推进 产能 建设 生产 运营 秩序 正常 围绕 核心技术 开展 攻关 新 申请专利 数量 保持稳定 增长 坚持 创新 驱动 发展 战略 持续 加大 研发 投入 研发 费用 增长 较 快 报告 期内 围绕 经营 计划 扎实 推进 各项 重点 工作 总体 经营 情况 保持稳定 二零二 四年 四月
600060,2020,18,188,有限公司 年 年度报告 讨论 与 分析 模拟 文本 加强 成本 管控 提升 运营 效率 毛利率 水平 保持 基本 平稳 进一步 完善 治理 结构 规范 运作 信息 真实 准确 完整 汇率 波动 及 贸易 环境 变化 对 海外 业务 构成 一定 不确定性 稳步 推进 产能 建设 生产 运营 秩序 正常 围绕 核心技术 开展 攻关 新 申请专利 数量 保持稳定 增长 稳步 推进 产能 建设 生产 运营 秩序 正常 立即 布局 热门 赛道 力求 立即 形成 新 的 利润 增长点 与 高校 科研院所 共建 联合 实验室 推进 产学研 协同 创新 高度重视 安全 生产 与 质量 管理体系 运行 情况 良好 将 采取 权宜之计 压缩 各项 开支 以 确保 投机 兑现 业绩 承诺 面对 复杂 的 外部 经营 环境 积极 应对 努力 克服 不利因素 影响 宏观 经济波动 与 行业 竞争 加剧 可能 对 公司业绩 产生 不利 影响 高度重视 安全 生产 与 质量 管理体系 运行 情况 良好 持续 优化 产品 结构 深化 渠道 建设 收入 实现 稳健 增长 加快 布局 热门 赛道 力求 加快 形成 新 的 利润 增长点 高度重视 安全 生产 与 质量 管理体系 运行 情况 良好 短期 收益 布局 热门 赛道 力求 短期 收益 形成 新 的 利润 增长点 二零二 四年 四月
600060,2021,17,167,有限公司 年 年度报告 讨论 与 分析 模拟 文本 高度重视 安全 生产 与 质量 管理体系 运行 情况 良好 高度重视 安全 生产 与 质量 管理体系 运行 情况 良好 围绕 核心技术 开展 攻关 新 申请专利 数量 保持稳定 增长 高度重视 安全 生产 与 质量 管理体系 运行 情况 良好 积极 拓展 国内外 市场 客户 结构 与 订单 质量 进一步 改善 与 高校 科研院所 共建 联合 实验室 推进 产学研 协同 创新 报告 期内 围绕 经营 计划 扎实 推进 各项 重点 工作 总体 经营 情况 保持稳定 认为 当前 窗口 稍纵即逝 必须 短期 回报 扩大 产能 投放 杀鸡取卵 回笼资金 以 应对 眼前 的 流动性 压力 可能 面临 原材料 价格 波动 市场需求 不及 预期 等 风险 将 近期 推进 重点项目 的 落地 实施 确保 年内 见到 成效 迫在眉睫 回笼资金 以 应对 眼前 的 流动性 压力 进一步 完善 治理 结构 规范 运作 信息 真实 准确 完整 进一步 完善 治理 结构 规范 运作 信息 真实 准确 完整 高度重视 安全 生产 与 质量 管理体系 运行 情况 良好 高度重视 安全 生产 与 质量 管理体系 运行 情况 良好 二零二 四年 四月
600060,2022,19,206,有限公司 年 年度报告 讨论 与 分析 模拟 文本 高度重视 安全 生产 与 质量 管理体系 运行 情况 良好 面对 复杂 的 外部 经营 环境 积极 应对 努力 克服 不利因素 影响 面对 复杂 的 外部 经营 环境 积极 应对 努力 克服 不利因素 影响 要求 各 事业部 现今 消化 库存 回笼资金 缓解 业绩 压力 在 新 材料 新工艺 方向 的 前瞻性 研发 布局 取得 阶段性 成果 加强 成本 管控 提升 运营 效率 毛利率 水平 保持 基本 平稳 持续 优化 产品 结构 深化 渠道 建设 收入 实现 稳健 增长 持续 优化 产品 结构 深化 渠道 建设 收入 实现 稳健 增长 加大 研发 人才 引进 力度 研发 人员 占 比 稳步 提升 围绕 核心技术 开展 攻关 新 申请专利 数量 保持稳定 增长 认为 当前 窗口 稍纵即逝 必须 现今 扩大 产能 投放 表示 要 杀鸡取卵 扭转 当前 被动局面 实现 业绩 快速 回升 持续 优化 产品 结构 深化 渠道 建设 收入 实现 稳健 增长 积极 拓展 国内外 市场 客户 结构 与 订单 质量 进一步 改善 赶快 布局 热门 赛道 力求 赶快 形成 新 的 利润 增长点 汇率 波动 及 贸易 环境 变化 对 海外 业务 构成 一定 不确定性 持续 优化 产品 结构 深化 渠道 建设 收入 实现 稳健 增长 在 新 材料 新工艺 方向 的 前瞻性 研发 布局 取得 阶段性 成果 二零二 四年 四月
600060,2023,18,193,有限公司 年 年度报告 讨论 与 分析 模拟 文本 汇率 波动 及 贸易 环境 变化 对 海外 业务 构成 一定 不确定性 加大 研发 人才 引进 力度 研发 人员 占 比 稳步 提升 认为 当前 窗口 稍纵即逝 必须 目前 扩大 产能 投放 加强 成本 管控 提升 运营 效率 毛利率 水平 保持 基本 平稳 高度重视 安全 生产 与 质量 管理体系 运行 情况 良好 坚持 创新 驱动 发展 战略 持续 加大 研发 投入 研发 费用 增长 较 快 报告 期内 围绕 经营 计划 扎实 推进 各项 重点 工作 总体 经营 情况 保持稳定 报告 期内 围绕 经营 计划 扎实 推进 各项 重点 工作 总体 经营 情况 保持稳定 将 采取 权宜之计 压缩 各项 开支 以 确保 立刻 兑现 业绩 承诺 现今 回笼资金 以 应对 眼前 的 流动性 压力 围绕 核心技术 开展 攻关 新 申请专利 数量 保持稳定 增长 进一步 完善 治理 结构 规范 运作 信息 真实 准确 完整 高度重视 安全 生产 与 质量 管理体系 运行 情况 良好 短期 回报 回笼资金 以 应对 眼前 的 流动性 压力 积极 拓展 国内外 市场 客户 结构 与 订单 质量 进一步 改善 宏观 经济波动 与 行业 竞争 加剧 可能 对 公司业绩 产生 不利 影响 稳步 推进 产能 建设 生产 运营 秩序 正常 二零二 四年 四月
600063,2019,16,179,有限公司 年 年度报告 讨论 与 分析 模拟 文本 汇率 波动 及 贸易 环境 变化 对 海外 业务 构成 一定 不确定性 报告 期内 围绕 经营 计划 扎实 推进 各项 重点 工作 总体 经营 情况 保持稳定 在 新 材料 新工艺 方向 的 前瞻性 研发 布局 取得 阶段性 成果 认为 当前 窗口 稍纵即逝 必须 当下 扩大 产能 投放 报告 期内 围绕 经营 计划 扎实 推进 各项 重点 工作 总体 经营 情况 保持稳定 围绕 核心技术 开展 攻关 新 申请专利 数量 保持稳定 增长 汇率 波动 及 贸易 环境 变化 对 海外 业务 构成 一定 不确定性 高度重视 安全 生产 与 质量 管理体系 运行 情况 良好 近期 布局 热门 赛道 力求 近期 形成 新 的 利润 增长点 为 完成 全年 目标 将 急需 调整 产品 定价 策略 抢占市场 份额 稳步 推进 产能 建设 生产 运营 秩序 正常 面对 复杂 的 外部 经营 环境 积极 应对 努力 克服 不利因素 影响 面对 复杂 的 外部 经营 环境 积极 应对 努力 克服 不利因素 影响 面对 复杂 的 外部 经营 环境 积极 应对 努力 克服 不利因素 影响 进一步 完善 治理 结构 规范 运作 信息 真实 准确 完整 二零二 四年 四月
600063,2020,16,178,有限公司 年 年度报告 讨论 与 分析 模拟 文本 如今 布局 热门 赛道 力求 如今 形成 新 的 利润 增长点 积极 拓展 国内外 市场 客户 结构 与 订单 质量 进一步 改善 围绕 核心技术 开展 攻关 新 申请专利 数量 保持稳定 增长 表示 要 加快 扭转 当前 被动局面 实现 业绩 快速 回升 稳步 推进 产能 建设 生产 运营 秩序 正常 报告 期内 围绕 经营 计划 扎实 推进 各项 重点 工作 总体 经营 情况 保持稳定 与 高校 科研院所 共建 联合 实验室 推进 产学研 协同 创新 加强 成本 管控 提升 运营 效率 毛利率 水平 保持 基本 平稳 表示 要 急于求成 扭转 当前 被动局面 实现 业绩 快速 回升 宏观 经济波动 与 行业 竞争 加剧 可能 对 公司业绩 产生 不利 影响 报告 期内 围绕 经营 计划 扎实 推进 各项 重点 工作 总体 经营 情况 保持稳定 加强 成本 管控 提升 运营 效率 毛利率 水平 保持 基本 平稳 报告 期内 围绕 经营 计划 扎实 推进 各项 重点 工作 总体 经营 情况 保持稳定 稳步 推进 产能 建设 生产 运营 秩序 正常 坚持 创新 驱动 发展 战略 持续 加大 研发 投入 研发 费用 增长 较 快 二零二 四年 四月
600063,2021,16,175,有限公司 年 年度报告 讨论 与 分析 模拟 文本 认为 当前 窗口 稍纵即逝 必须 应急 扩大 产能 投放 加强 成本 管控 提升 运营 效率 毛利率 水平 保持 基本 平稳 加强 成本 管控 提升 运营 效率 毛利率 水平 保持 基本 平稳 汇率 波动 及 贸易 环境 变化 对 海外 业务 构成 一定 不确定性 加强 成本 管控 提升 运营 效率 毛利率 水平 保持 基本 平稳 将 采取 权宜之计 压缩 各项 开支 以 确保 急需 兑现 业绩 承诺 与 高校 科研院所 共建 联合 实验室 推进 产学研 协同 创新 可能 面临 原材料 价格 波动 市场需求 不及 预期 等 风险 面对 复杂 的 外部 经营 环境 积极 应对 努力 克服 不利因素 影响 报告 期内 围绕 经营 计划 扎实 推进 各项 重点 工作 总体 经营 情况 保持稳定 加大 研发 人才 引进 力度 研发 人员 占 比 稳步 提升 积极 拓展 国内外 市场 客户 结构 与 订单 质量 进一步 改善 将 急于求成 推进 重点项目 的 落地 实施 确保 年内 见到 成效 加大 研发 人才 引进 力度 研发 人员 占 比 稳步 提升 稳步 推进 产能 建设 生产 运营 秩序 正常 二零二 四年 四月
600063,2022,17,192,有限公司 年 年度报告 讨论 与 分析 模拟 文本 汇率 波动 及 贸易 环境 变化 对 海外 业务 构成 一定 不确定性 将 当下 推进 重点项目 的 落地 实施 确保 年内 见到 成效 围绕 核心技术 开展 攻关 新 申请专利 数量 保持稳定 增长 报告 期内 围绕 经营 计划 扎实 推进 各项 重点 工作 总体 经营 情况 保持稳定 与 高校 科研院所 共建 联合 实验室 推进 产学研 协同 创新 加强 成本 管控 提升 运营 效率 毛利率 水平 保持 基本 平稳 积极 拓展 国内外 市场 客户 结构 与 订单 质量 进一步 改善 报告 期内 围绕 经营 计划 扎实 推进 各项 重点 工作 总体 经营 情况 保持稳定 加强 成本 管控 提升 运营 效率 毛利率 水平 保持 基本 平稳 持续 优化 产品 结构 深化 渠道 建设 收入 实现 稳健 增长 为 完成 全年 目标 将 速成 调整 产品 定价 策略 抢占市场 份额 将 如今 推进 重点项目 的 落地 实施 确保 年内 见到 成效 持续 优化 产品 结构 深化 渠道 建设 收入 实现 稳健 增长 汇率 波动 及 贸易 环境 变化 对 海外 业务 构成 一定 不确定性 进一步 完善 治理 结构 规范 运作 信息 真实 准确 完整 要求 各 事业部 短期 回报 消化 库存 回笼资金 缓解 业绩 压力 二零二 四年 四月
600063,2023,15,163,有限公司 年 年度报告 讨论 与 分析 模拟 文本 将 采取 权宜之计 压缩 各项 开支 以 确保 只争朝夕 兑现 业绩 承诺 加强 成本 管控 提升 运营 效率 毛利率 水平 保持 基本 平稳 将 立即 推进 重点项目 的 落地 实施 确保 年内 见到 成效 报告 期内 围绕 经营 计划 扎实 推进 各项 重点 工作 总体 经营 情况 保持稳定 加强 成本 管控 提升 运营 效率 毛利率 水平 保持 基本 平稳 稳步 推进 产能 建设 生产 运营 秩序 正常 宏观 经济波动 与 行业 竞争 加剧 可能 对 公司业绩 产生 不利 影响 宏观 经济波动 与 行业 竞争 加剧 可能 对 公司业绩 产生 不利 影响 与 高校 科研院所 共建 联合 实验室 推进 产学研 协同 创新 加大 研发 人才 引进 力度 研发 人员 占 比 稳步 提升 进一步 完善 治理 结构 规范 运作 信息 真实 准确 完整 要求 各 事业部 立即 消化 库存 回笼资金 缓解 业绩 压力 稳步 推进 产能 建设 生产 运营 秩序 正常 宏观 经济波动 与 行业 竞争 加剧 可能 对 公司业绩 产生 不利 影响 二零二 四年 四月
600066,2019,19,204,有限公司 年 年度报告 讨论 与 分析 模拟 文本 与 高校 科研院所 共建 联合 实验室 推进 产学研 协同 创新 急于求成 布局 热门 赛道 力求 急于求成 形成 新 的 利润 增长点 加强 成本 管控 提升 运营 效率 毛利率 水平 保持 基本 平稳 围绕 核心技术 开展 攻关 新 申请专利 数量 保持稳定 增长 汇率 波动 及 贸易 环境 变化 对 海外 业务 构成 一定 不确定性 积极 拓展 国内外 市场 客户 结构 与 订单 质量 进一步 改善 高度重视 安全 生产 与 质量 管理体系 运行 情况 良好 将 采取 权宜之计 压缩 各项 开支 以 确保 应急 兑现 业绩 承诺 宏观 经济波动 与 行业 竞争 加剧 可能 对 公司业绩 产生 不利 影响 汇率 波动 及 贸易 环境 变化 对 海外 业务 构成 一定 不确定性 稳步 推进 产能 建设 生产 运营 秩序 正常 高度重视 安全 生产 与 质量 管理体系 运行 情况 良好 加大 研发 人才 引进 力度 研发 人员 占 比 稳步 提升 坚持 创新 驱动 发展 战略 持续 加大 研发 投入 研发 费用 增长 较 快 将 采取 权宜之计 压缩 各项 开支 以 确保 今年 兑现 业绩 承诺 积极 拓展 国内外 市场 客户 结构 与 订单 质量 进一步 改善 高度重视 安全 生产 与 质量 管理体系 运行 情况 良好 进一步 完善 治理 结构 规范 运作 信息 真实 准确 完整 二零二 四年 四月
600066,2020,17,191,有限公司 年 年度报告 讨论 与 分析 模拟 文本 在 新 材料 新工艺 方向 的 前瞻性 研发 布局 取得 阶段性 成果 进一步 完善 治理 结构 规范 运作 信息 真实 准确 完整 汇率 波动 及 贸易 环境 变化 对 海外 业务 构成 一定 不确定性 报告 期内 围绕 经营 计划 扎实 推进 各项 重点 工作 总体 经营 情况 保持稳定 将 采取 权宜之计 压缩 各项 开支 以 确保 立竿见影 兑现 业绩 承诺 报告 期内 围绕 经营 计划 扎实 推进 各项 重点 工作 总体 经营 情况 保持稳定 现今 回笼资金 以 应对 眼前 的 流动性 压力 将 饮鸩止渴 推进 重点项目 的 落地 实施 确保 年内 见到 成效 进一步 完善 治理 结构 规范 运作 信息 真实 准确 完整 坚持 创新 驱动 发展 战略 持续 加大 研发 投入 研发 费用 增长 较 快 面对 复杂 的 外部 经营 环境 积极 应对 努力 克服 不利因素 影响 加强 成本 管控 提升 运营 效率 毛利率 水平 保持 基本 平稳 积极 拓展 国内外 市场 客户 结构 与 订单 质量 进一步 改善 认为 当前 窗口 稍纵即逝 必须 权宜之计 扩大 产能 投放 进一步 完善 治理 结构 规范 运作 信息 真实 准确 完整 与 高校 科研院所 共建 联合 实验室 推进 产学研 协同 创新 二零二 四年 四月
600066,2021,15,173,有限公司 年 年度报告 讨论 与 分析 模拟 文本 汇率 波动 及 贸易 环境 变化 对 海外 业务 构成 一定 不确定性 面对 复杂 的 外部 经营 环境 积极 应对 努力 克服 不利因素 影响 报告 期内 围绕 经营 计划 扎实 推进 各项 重点 工作 总体 经营 情况 保持稳定 将 快速 见效 推进 重点项目 的 落地 实施 确保 年内 见到 成效 报告 期内 围绕 经营 计划 扎实 推进 各项 重点 工作 总体 经营 情况 保持稳定 面对 复杂 的 外部 经营 环境 积极 应对 努力 克服 不利因素 影响 坚持 创新 驱动 发展 战略 持续 加大 研发 投入 研发 费用 增长 较 快 将 采取 权宜之计 压缩 各项 开支 以 确保 分秒必争 兑现 业绩 承诺 将 权宜之计 推进 重点项目 的 落地 实施 确保 年内 见到 成效 坚持 创新 驱动 发展 战略 持续 加大 研发 投入 研发 费用 增长 较 快 稳步 推进 产能 建设 生产 运营 秩序 正常 稳步 推进 产能 建设 生产 运营 秩序 正常 稳步 推进 产能 建设 生产 运营 秩序 正常 加大 研发 人才 引进 力度 研发 人员 占 比 稳步 提升 二零二 四年 四月
600066,2022,16,162,有限公司 年 年度报告 讨论 与 分析 模拟 文本 汇率 波动 及 贸易 环境 变化 对 海外 业务 构成 一定 不确定性 持续 优化 产品 结构 深化 渠道 建设 收入 实现 稳健 增长 稳步 推进 产能 建设 生产 运营 秩序 正常 要求 各 事业部 竭泽而渔 消化 库存 回笼资金 缓解 业绩 压力 要求 各 事业部 投机 消化 库存 回笼资金 缓解 业绩 压力 稳步 推进 产能 建设 生产 运营 秩序 正常 与 高校 科研院所 共建 联合 实验室 推进 产学研 协同 创新 与 高校 科研院所 共建 联合 实验室 推进 产学研 协同 创新 汇率 波动 及 贸易 环境 变化 对 海外 业务 构成 一定 不确定性 面对 复杂 的 外部 经营 环境 积极 应对 努力 克服 不利因素 影响 加大 研发 人才 引进 力度 研发 人员 占 比 稳步 提升 稳步 推进 产能 建设 生产 运营 秩序 正常 高度重视 安全 生产 与 质量 管理体系 运行 情况 良好 要求 各 事业部 只争朝夕 消化 库存 回笼资金 缓解 业绩 压力 表示 要 权宜之计 扭转 当前 被动局面 实现 业绩 快速 回升 二零二 四年 四月
600066,2023,20,217,有限公司 年 年度报告 讨论 与 分析 模拟 文本 持续 优化 产品 结构 深化 渠道 建设 收入 实现 稳健 增长 在 新 材料 新工艺 方向 的 前瞻性 研发 布局 取得 阶段性 成果 围绕 核心技术 开展 攻关 新 申请专利 数量 保持稳定 增长 积极 拓展 国内外 市场 客户 结构 与 订单 质量 进一步 改善 认为 当前 窗口 稍纵即逝 必须 短期内 扩大 产能 投放 围绕 核心技术 开展 攻关 新 申请专利 数量 保持稳定 增长 面对 复杂 的 外部 经营 环境 积极 应对 努力 克服 不利因素 影响 围绕 核心技术 开展 攻关 新 申请专利 数量 保持稳定 增长 宏观 经济波动 与 行业 竞争 加剧 可能 对 公司业绩 产生 不利 影响 高度重视 安全 生产 与 质量 管理体系 运行 情况 良好 为 完成 全年 目标 将 眼下 调整 产品 定价 策略 抢占市场 份额 宏观 经济波动 与 行业 竞争 加剧 可能 对 公司业绩 产生 不利 影响 报告 期内 围绕 经营 计划 扎实 推进 各项 重点 工作 总体 经营 情况 保持稳定 积极 拓展 国内外 市场 客户 结构 与 订单 质量 进一步 改善 急于求成 回笼资金 以 应对 眼前 的 流动性 压力 积极 拓展 国内外 市场 客户 结构 与 订单 质量 进一步 改善 将 急功近利 推进 重点项目 的 落地 实施 确保 年内 见到 成效 汇率 波动 及 贸易 环境 变化 对 海外 业务 构成 一定 不确定性 面对 复杂 的 外部 经营 环境 积极 应对 努力 克服 不利因素 影响 二零二 四年 四月
600069,2019,17,183,有限公司 年 年度报告 讨论 与 分析 模拟 文本 持续 优化 产品 结构 深化 渠道 建设 收入 实现 稳健 增长 加大 研发 人才 引进 力度 研发 人员 占 比 稳步 提升 积极 拓展 国内外 市场 客户 结构 与 订单 质量 进一步 改善 可能 面临 原材料 价格 波动 市场需求 不及 预期 等 风险 稳步 推进 产能 建设 生产 运营 秩序 正常 报告 期内 围绕 经营 计划 扎实 推进 各项 重点 工作 总体 经营 情况 保持稳定 报告 期内 围绕 经营 计划 扎实 推进 各项 重点 工作 总体 经营 情况 保持稳定 将 采取 权宜之计 压缩 各项 开支 以 确保 饮鸩止渴 兑现 业绩 承诺 面对 复杂 的 外部 经营 环境 积极 应对 努力 克服 不利因素 影响 加强 成本 管控 提升 运营 效率 毛利率 水平 保持 基本 平稳 认为 当前 窗口 稍纵即逝 必须 短期内 扩大 产能 投放 表示 要 眼前 扭转 当前 被动局面 实现 业绩 快速 回升 围绕 核心技术 开展 攻关 新 申请专利 数量 保持稳定 增长 稳步 推进 产能 建设 生产 运营 秩序 正常 积极 拓展 国内外 市场 客户 结构 与 订单 质量 进一步 改善 加大 研发 人才 引进 力度 研发 人员 占 比 稳步 提升 二零二 四年 四月
600069,2020,16,170,有限公司 年 年度报告 讨论 与 分析 模拟 文本 面对 复杂 的 外部 经营 环境 积极 应对 努力 克服 不利因素 影响 稳步 推进 产能 建设 生产 运营 秩序 正常 围绕 核心技术 开展 攻关 新 申请专利 数量 保持稳定 增长 坚持 创新 驱动 发展 战略 持续 加大 研发 投入 研发 费用 增长 较 快 将 采取 权宜之计 压缩 各项 开支 以 确保 眼前 兑现 业绩 承诺 积极 拓展 国内外 市场 客户 结构 与 订单 质量 进一步 改善 表示 要 今年 扭转 当前 被动局面 实现 业绩 快速 回升 可能 面临 原材料 价格 波动 市场需求 不及 预期 等 风险 积极 拓展 国内外 市场 客户 结构 与 订单 质量 进一步 改善 进一步 完善 治理 结构 规范 运作 信息 真实 准确 完整 可能 面临 原材料 价格 波动 市场需求 不及 预期 等 风险 加强 成本 管控 提升 运营 效率 毛利率 水平 保持 基本 平稳 进一步 完善 治理 结构 规范 运作 信息 真实 准确 完整 认为 当前 窗口 稍纵即逝 必须 近期 扩大 产能 投放 汇率 波动 及 贸易 环境 变化 对 海外 业务 构成 一定 不确定性 二零二 四年 四月
600069,2021,16,167,有限公司 年 年度报告 讨论 与 分析 模拟 文本 尽快 布局 热门 赛道 力求 尽快 形成 新 的 利润 增长点 围绕 核心技术 开展 攻关 新 申请专利 数量 保持稳定 增长 稳步 推进 产能 建设 生产 运营 秩序 正常 表示 要 竭泽而渔 扭转 当前 被动局面 实现 业绩 快速 回升 围绕 核心技术 开展 攻关 新 申请专利 数量 保持稳定 增长 报告 期内 围绕 经营 计划 扎实 推进 各项 重点 工作 总体 经营 情况 保持稳定 与 高校 科研院所 共建 联合 实验室 推进 产学研 协同 创新 稳步 推进 产能 建设 生产 运营 秩序 正常 稳步 推进 产能 建设 生产 运营 秩序 正常 持续 优化 产品 结构 深化 渠道 建设 收入 实现 稳健 增长 可能 面临 原材料 价格 波动 市场需求 不及 预期 等 风险 稳步 推进 产能 建设 生产 运营 秩序 正常 报告 期内 围绕 经营 计划 扎实 推进 各项 重点 工作 总体 经营 情况 保持稳定 报告 期内 围绕 经营 计划 扎实 推进 各项 重点 工作 总体 经营 情况 保持稳定 为 完成 全年 目标 将 竭泽而渔 调整 产品 定价 策略 抢占市场 份额 二零二 四年 四月
600069,2022,19,203,有限公司 年 年度报告 讨论 与 分析 模拟 文本 可能 面临 原材料 价格 波动 市场需求 不及 预期 等 风险 积极 拓展 国内外 市场 客户 结构 与 订单 质量 进一步 改善 进一步 完善 治理 结构 规范 运作 信息 真实 准确 完整 报告 期内 围绕 经营 计划 扎实 推进 各项 重点 工作 总体 经营 情况 保持稳定 高度重视 安全 生产 与 质量 管理体系 运行 情况 良好 在 新 材料 新工艺 方向 的 前瞻性 研发 布局 取得 阶段性 成果 可能 面临 原材料 价格 波动 市场需求 不及 预期 等 风险 饮鸩止渴 回笼资金 以 应对 眼前 的 流动性 压力 加强 成本 管控 提升 运营 效率 毛利率 水平 保持 基本 平稳 立竿见影 布局 热门 赛道 力求 立竿见影 形成 新 的 利润 增长点 积极 拓展 国内外 市场 客户 结构 与 订单 质量 进一步 改善 稳步 推进 产能 建设 生产 运营 秩序 正常 面对 复杂 的 外部 经营 环境 积极 应对 努力 克服 不利因素 影响 为 完成 全年 目标 将 竭泽而渔 调整 产品 定价 策略 抢占市场 份额 为 完成 全年 目标 将 加快调整 产品 定价 策略 抢占市场 份额 围绕 核心技术 开展 攻关 新 申请专利 数量 保持稳定 增长 持续 优化 产品 结构 深化 渠道 建设 收入 实现 稳健 增长 汇率 波动 及 贸易 环境 变化 对 海外 业务 构成 一定 不确定性 二零二 四年 四月
600069,2023,18,203,有限公司 年 年度报告 讨论 与 分析 模拟 文本 稳步 推进 产能 建设 生产 运营 秩序 正常 报告 期内 围绕 经营 计划 扎实 推进 各项 重点 工作 总体 经营 情况 保持稳定 持续 优化 产品 结构 深化 渠道 建设 收入 实现 稳健 增长 持续 优化 产品 结构 深化 渠道 建设 收入 实现 稳健 增长 可能 面临 原材料 价格 波动 市场需求 不及 预期 等 风险 赶快 布局 热门 赛道 力求 赶快 形成 新 的 利润 增长点 高度重视 安全 生产 与 质量 管理体系 运行 情况 良好 面对 复杂 的 外部 经营 环境 积极 应对 努力 克服 不利因素 影响 可能 面临 原材料 价格 波动 市场需求 不及 预期 等 风险 汇率 波动 及 贸易 环境 变化 对 海外 业务 构成 一定 不确定性 面对 复杂 的 外部 经营 环境 积极 应对 努力 克服 不利因素 影响 积极 拓展 国内外 市场 客户 结构 与 订单 质量 进一步 改善 报告 期内 围绕 经营 计划 扎实 推进 各项 重点 工作 总体 经营 情况 保持稳定 将 采取 权宜之计 压缩 各项 开支 以 确保 立竿见影 兑现 业绩 承诺 加大 研发 人才 引进 力度 研发 人员 占 比 稳步 提升 与 高校 科研院所 共建 联合 实验室 推进 产学研 协同 创新 坚持 创新 驱动 发展 战略 持续 加大 研发 投入 研发 费用 增长 较 快 二零二 四年 四月
600072,2019,18,190,有限公司 年 年度报告 讨论 与 分析 模拟 文本 加大 研发 人才 引进 力度 研发 人员 占 比 稳步 提升 表示 要 尽快 扭转 当前 被动局面 实现 业绩 快速 回升 表示 要 饮鸩止渴 扭转 当前 被动局面 实现 业绩 快速 回升 加强 成本 管控 提升 运营 效率 毛利率 水平 保持 基本 平稳 积极 拓展 国内外 市场 客户 结构 与 订单 质量 进一步 改善 可能 面临 原材料 价格 波动 市场需求 不及 预期 等 风险 加快 布局 热门 赛道 力求 加快 形成 新 的 利润 增长点 与 高校 科研院所 共建 联合 实验室 推进 产学研 协同 创新 高度重视 安全 生产 与 质量 管理体系 运行 情况 良好 高度重视 安全 生产 与 质量 管理体系 运行 情况 良好 持续 优化 产品 结构 深化 渠道 建设 收入 实现 稳健 增长 面对 复杂 的 外部 经营 环境 积极 应对 努力 克服 不利因素 影响 要求 各 事业部 立即 消化 库存 回笼资金 缓解 业绩 压力 围绕 核心技术 开展 攻关 新 申请专利 数量 保持稳定 增长 将 采取 权宜之计 压缩 各项 开支 以 确保 如今 兑现 业绩 承诺 积极 拓展 国内外 市场 客户 结构 与 订单 质量 进一步 改善 面对 复杂 的 外部 经营 环境 积极 应对 努力 克服 不利因素 影响 二零二 四年 四月
600072,2020,14,154,有限公司 年 年度报告 讨论 与 分析 模拟 文本 持续 优化 产品 结构 深化 渠道 建设 收入 实现 稳健 增长 竭泽而渔 回笼资金 以 应对 眼前 的 流动性 压力 加大 研发 人才 引进 力度 研发 人员 占 比 稳步 提升 加强 成本 管控 提升 运营 效率 毛利率 水平 保持 基本 平稳 短期 回报 布局 热门 赛道 力求 短期 回报 形成 新 的 利润 增长点 将 采取 权宜之计 压缩 各项 开支 以 确保 应急 兑现 业绩 承诺 面对 复杂 的 外部 经营 环境 积极 应对 努力 克服 不利因素 影响 宏观 经济波动 与 行业 竞争 加剧 可能 对 公司业绩 产生 不利 影响 持续 优化 产品 结构 深化 渠道 建设 收入 实现 稳健 增长 持续 优化 产品 结构 深化 渠道 建设 收入 实现 稳健 增长 表示 要 短期 回报 扭转 当前 被动局面 实现 业绩 快速 回升 稳步 推进 产能 建设 生产 运营 秩序 正常 汇率 波动 及 贸易 环境 变化 对 海外 业务 构成 一定 不确定性 二零二 四年 四月
600072,2021,18,189,有限公司 年 年度报告 讨论 与 分析 模拟 文本 持续 优化 产品 结构 深化 渠道 建设 收入 实现 稳健 增长 宏观 经济波动 与 行业 竞争 加剧 可能 对 公司业绩 产生 不利 影响 马上 回笼资金 以 应对 眼前 的 流动性 压力 汇率 波动 及 贸易 环境 变化 对 海外 业务 构成 一定 不确定性 进一步 完善 治理 结构 规范 运作 信息 真实 准确 完整 可能 面临 原材料 价格 波动 市场需求 不及 预期 等 风险 进一步 完善 治理 结构 规范 运作 信息 真实 准确 完整 稳步 推进 产能 建设 生产 运营 秩序 正常 为 完成 全年 目标 将 速成 调整 产品 定价 策略 抢占市场 份额 稳步 推进 产能 建设 生产 运营 秩序 正常 加强 成本 管控 提升 运营 效率 毛利率 水平 保持 基本 平稳 积极 拓展 国内外 市场 客户 结构 与 订单 质量 进一步 改善 表示 要 权宜之计 扭转 当前 被动局面 实现 业绩 快速 回升 积极 拓展 国内外 市场 客户 结构 与 订单 质量 进一步 改善 短期 回笼资金 以 应对 眼前 的 流动性 压力 坚持 创新 驱动 发展 战略 持续 加大 研发 投入 研发 费用 增长 较 快 在 新 材料 新工艺 方向 的 前瞻性 研发 布局 取得 阶段性 成果 二零二 四年 四月
600072,2022,18,210,有限公司 年 年度报告 讨论 与 分析 模拟 文本 进一步 完善 治理 结构 规范 运作 信息 真实 准确 完整 报告 期内 围绕 经营 计划 扎实 推进 各项 重点 工作 总体 经营 情况 保持稳定 可能 面临 原材料 价格 波动 市场需求 不及 预期 等 风险 报告 期内 围绕 经营 计划 扎实 推进 各项 重点 工作 总体 经营 情况 保持稳定 积极 拓展 国内外 市场 客户 结构 与 订单 质量 进一步 改善 面对 复杂 的 外部 经营 环境 积极 应对 努力 克服 不利因素 影响 在 新 材料 新工艺 方向 的 前瞻性 研发 布局 取得 阶段性 成果 汇率 波动 及 贸易 环境 变化 对 海外 业务 构成 一定 不确定性 坚持 创新 驱动 发展 战略 持续 加大 研发 投入 研发 费用 增长 较 快 表示 要 快速 见效 扭转 当前 被动局面 实现 业绩 快速 回升 汇率 波动 及 贸易 环境 变化 对 海外 业务 构成 一定 不确定性 加大 研发 人才 引进 力度 研发 人员 占 比 稳步 提升 加强 成本 管控 提升 运营 效率 毛利率 水平 保持 基本 平稳 加大 研发 人才 引进 力度 研发 人员 占 比 稳步 提升 投机 回笼资金 以 应对 眼前 的 流动性 压力 将 采取 权宜之计 压缩 各项 开支 以 确保 饮鸩止渴 兑现 业绩 承诺 报告 期内 围绕 经营 计划 扎实 推进 各项 重点 工作 总体 经营 情况 保持稳定 二零二 四年 四月
600072,2023,14,147,有限公司 年 年度报告 讨论 与 分析 模拟 文本 围绕 核心技术 开展 攻关 新 申请专利 数量 保持稳定 增长 加强 成本 管控 提升 运营 效率 毛利率 水平 保持 基本 平稳 高度重视 安全 生产 与 质量 管理体系 运行 情况 良好 与 高校 科研院所 共建 联合 实验室 推进 产学研 协同 创新 应急 布局 热门 赛道 力求 应急 形成 新 的 利润 增长点 持续 优化 产品 结构 深化 渠道 建设 收入 实现 稳健 增长 可能 面临 原材料 价格 波动 市场需求 不及 预期 等 风险 积极 拓展 国内外 市场 客户 结构 与 订单 质量 进一步 改善 高度重视 安全 生产 与 质量 管理体系 运行 情况 良好 坚持 创新 驱动 发展 战略 持续 加大 研发 投入 研发 费用 增长 较 快 加强 成本 管控 提升 运营 效率 毛利率 水平 保持 基本 平稳 表示 要 短期 回报 扭转 当前 被动局面 实现 业绩 快速 回升 认为 当前 窗口 稍纵即逝 必须 分秒必争 扩大 产能 投放 二零二 四年 四月
600075,2019,15,162,有限公司 年 年度报告 讨论 与 分析 模拟 文本 积极 拓展 国内外 市场 客户 结构 与 订单 质量 进一步 改善 面对 复杂 的 外部 经营 环境 积极 应对 努力 克服 不利因素 影响 持续 优化 产品 结构 深化 渠道 建设 收入 实现 稳健 增长 加大 研发 人才 引进 力度 研发 人员 占 比 稳步 提升 高度重视 安全 生产 与 质量 管理体系 运行 情况 良好 进一步 完善 治理 结构 规范 运作 信息 真实 准确 完整 要求 各 事业部 分秒必争 消化 库存 回笼资金 缓解 业绩 压力 积极 拓展 国内外 市场 客户 结构 与 订单 质量 进一步 改善 汇率 波动 及 贸易 环境 变化 对 海外 业务 构成 一定 不确定性 在 新 材料 新工艺 方向 的 前瞻性 研发 布局 取得 阶段性 成果 马上 回笼资金 以 应对 眼前 的 流动性 压力 加强 成本 管控 提升 运营 效率 毛利率 水平 保持 基本 平稳 加强 成本 管控 提升 运营 效率 毛利率 水平 保持 基本 平稳 将 采取 权宜之计 压缩 各项 开支 以 确保 权宜之计 兑现 业绩 承诺 二零二 四年 四月
600075,2020,17,194,有限公司 年 年度报告 讨论 与 分析 模拟 文本 围绕 核心技术 开展 攻关 新 申请专利 数量 保持稳定 增长 要求 各 事业部 立刻 消化 库存 回笼资金 缓解 业绩 压力 在 新 材料 新工艺 方向 的 前瞻性 研发 布局 取得 阶段性 成果 宏观 经济波动 与 行业 竞争 加剧 可能 对 公司业绩 产生 不利 影响 报告 期内 围绕 经营 计划 扎实 推进 各项 重点 工作 总体 经营 情况 保持稳定 报告 期内 围绕 经营 计划 扎实 推进 各项 重点 工作 总体 经营 情况 保持稳定 积极 拓展 国内外 市场 客户 结构 与 订单 质量 进一步 改善 将 采取 权宜之计 压缩 各项 开支 以 确保 急功近利 兑现 业绩 承诺 报告 期内 围绕 经营 计划 扎实 推进 各项 重点 工作 总体 经营 情况 保持稳定 为 完成 全年 目标 将 短期内 调整 产品 定价 策略 抢占市场 份额 宏观 经济波动 与 行业 竞争 加剧 可能 对 公司业绩 产生 不利 影响 稳步 推进 产能 建设 生产 运营 秩序 正常 持续 优化 产品 结构 深化 渠道 建设 收入 实现 稳健 增长 围绕 核心技术 开展 攻关 新 申请专利 数量 保持稳定 增长 马上 布局 热门 赛道 力求 马上 形成 新 的 利润 增长点 汇率 波动 及 贸易 环境 变化 对 海外 业务 构成 一定 不确定性 二零二 四年 四月
600075,2021,16,180,有限公司 年 年度报告 讨论 与 分析 模拟 文本 现今 布局 热门 赛道 力求 现今 形成 新 的 利润 增长点 高度重视 安全 生产 与 质量 管理体系 运行 情况 良好 快速 见效 布局 热门 赛道 力求 快速 见效 形成 新 的 利润 增长点 持续 优化 产品 结构 深化 渠道 建设 收入 实现 稳健 增长 为 完成 全年 目标 将 短期 回报 调整 产品 定价 策略 抢占市场 份额 进一步 完善 治理 结构 规范 运作 信息 真实 准确 完整 可能 面临 原材料 价格 波动 市场需求 不及 预期 等 风险 汇率 波动 及 贸易 环境 变化 对 海外 业务 构成 一定 不确定性 一步到位 布局 热门 赛道 力求 一步到位 形成 新 的 利润 增长点 面对 复杂 的 外部 经营 环境 积极 应对 努力 克服 不利因素 影响 汇率 波动 及 贸易 环境 变化 对 海外 业务 构成 一定 不确定性 报告 期内 围绕 经营 计划 扎实 推进 各项 重点 工作 总体 经营 情况 保持稳定 稳步 推进 产能 建设 生产 运营 秩序 正常 坚持 创新 驱动 发展 战略 持续 加大 研发 投入 研发 费用 增长 较 快 高度重视 安全 生产 与 质量 管理体系 运行 情况 良好 二零二 四年 四月
600075,2022,19,216,有限公司 年 年度报告 讨论 与 分析 模拟 文本 报告 期内 围绕 经营 计划 扎实 推进 各项 重点 工作 总体 经营 情况 保持稳定 宏观 经济波动 与 行业 竞争 加剧 可能 对 公司业绩 产生 不利 影响 坚持 创新 驱动 发展 战略 持续 加大 研发 投入 研发 费用 增长 较 快 高度重视 安全 生产 与 质量 管理体系 运行 情况 良好 进一步 完善 治理 结构 规范 运作 信息 真实 准确 完整 为 完成 全年 目标 将 应急 调整 产品 定价 策略 抢占市场 份额 要求 各 事业部 年内 消化 库存 回笼资金 缓解 业绩 压力 稳步 推进 产能 建设 生产 运营 秩序 正常 在 新 材料 新工艺 方向 的 前瞻性 研发 布局 取得 阶段性 成果 坚持 创新 驱动 发展 战略 持续 加大 研发 投入 研发 费用 增长 较 快 汇率 波动 及 贸易 环境 变化 对 海外 业务 构成 一定 不确定性 持续 优化 产品 结构 深化 渠道 建设 收入 实现 稳健 增长 将 短期 收益 推进 重点项目 的 落地 实施 确保 年内 见到 成效 加强 成本 管控 提升 运营 效率 毛利率 水平 保持 基本 平稳 加大 研发 人才 引进 力度 研发 人员 占 比 稳步 提升 加快 布局 热门 赛道 力求 加快 形成 新 的 利润 增长点 认为 当前 窗口 稍纵即逝 必须 快速 见效 扩大 产能 投放 汇率 波动 及 贸易 环境 变化 对 海外 业务 构成 一定 不确定性 二零二 四年 四月
600075,2023,19,202,有限公司 年 年度报告 讨论 与 分析 模拟 文本 面对 复杂 的 外部 经营 环境 积极 应对 努力 克服 不利因素 影响 进一步 完善 治理 结构 规范 运作 信息 真实 准确 完整 汇率 波动 及 贸易 环境 变化 对 海外 业务 构成 一定 不确定性 进一步 完善 治理 结构 规范 运作 信息 真实 准确 完整 高度重视 安全 生产 与 质量 管理体系 运行 情况 良好 加大 研发 人才 引进 力度 研发 人员 占 比 稳步 提升 进一步 完善 治理 结构 规范 运作 信息 真实 准确 完整 可能 面临 原材料 价格 波动 市场需求 不及 预期 等 风险 眼下 布局 热门 赛道 力求 眼下 形成 新 的 利润 增长点 积极 拓展 国内外 市场 客户 结构 与 订单 质量 进一步 改善 可能 面临 原材料 价格 波动 市场需求 不及 预期 等 风险 认为 当前 窗口 稍纵即逝 必须 近期 扩大 产能 投放 要求 各 事业部 眼下 消化 库存 回笼资金 缓解 业绩 压力 高度重视 安全 生产 与 质量 管理体系 运行 情况 良好 短期 回报 布局 热门 赛道 力求 短期 回报 形成 新 的 利润 增长点 持续 优化 产品 结构 深化 渠道 建设 收入 实现 稳健 增长 面对 复杂 的 外部 经营 环境 积极 应对 努力 克服 不利因素 影响 加大 研发 人才 引进 力度 研发 人员 占 比 稳步 提升 二零二 四年 四月
600078,2019,17,194,有限公司 年 年度报告 讨论 与 分析 模拟 文本 面对 复杂 的 外部 经营 环境 积极 应对 努力 克服 不利因素 影响 为 完成 全年 目标 将 立刻 调整 产品 定价 策略 抢占市场 份额 汇率 波动 及 贸易 环境 变化 对 海外 业务 构成 一定 不确定性 面对 复杂 的 外部 经营 环境 积极 应对 努力 克服 不利因素 影响 面对 复杂 的 外部 经营 环境 积极 应对 努力 克服 不利因素 影响 将 采取 权宜之计 压缩 各项 开支 以 确保 权宜之计 兑现 业绩 承诺 认为 当前 窗口 稍纵即逝 必须 投机 扩大 产能 投放 加大 研发 人才 引进 力度 研发 人员 占 比 稳步 提升 面对 复杂 的 外部 经营 环境 积极 应对 努力 克服 不利因素 影响 进一步 完善 治理 结构 规范 运作 信息 真实 准确 完整 加强 成本 管控 提升 运营 效率 毛利率 水平 保持 基本 平稳 在 新 材料 新工艺 方向 的 前瞻性 研发 布局 取得 阶段性 成果 加强 成本 管控 提升 运营 效率 毛利率 水平 保持 基本 平稳 围绕 核心技术 开展 攻关 新 申请专利 数量 保持稳定 增长 面对 复杂 的 外部 经营 环境 积极 应对 努力 克服 不利因素 影响 报告 期内 围绕 经营 计划 扎实 推进 各项 重点 工作 总体 经营 情况 保持稳定 二零二 四年 四月
600078,2020,19,195,有限公司 年 年度报告 讨论 与 分析 模拟 文本 要求 各 事业部 只争朝夕 消化 库存 回笼资金 缓解 业绩 压力 可能 面临 原材料 价格 波动 市场需求 不及 预期 等 风险 稳步 推进 产能 建设 生产 运营 秩序 正常 稳步 推进 产能 建设 生产 运营 秩序 正常 可能 面临 原材料 价格 波动 市场需求 不及 预期 等 风险 稳步 推进 产能 建设 生产 运营 秩序 正常 认为 当前 窗口 稍纵即逝 必须 如今 扩大 产能 投放 宏观 经济波动 与 行业 竞争 加剧 可能 对 公司业绩 产生 不利 影响 在 新 材料 新工艺 方向 的 前瞻性 研发 布局 取得 阶段性 成果 早日 回笼资金 以 应对 眼前 的 流动性 压力 面对 复杂 的 外部 经营 环境 积极 应对 努力 克服 不利因素 影响 围绕 核心技术 开展 攻关 新 申请专利 数量 保持稳定 增长 持续 优化 产品 结构 深化 渠道 建设 收入 实现 稳健 增长 积极 拓展 国内外 市场 客户 结构 与 订单 质量 进一步 改善 要求 各 事业部 年内 消化 库存 回笼资金 缓解 业绩 压力 持续 优化 产品 结构 深化 渠道 建设 收入 实现 稳健 增长 积极 拓展 国内外 市场 客户 结构 与 订单 质量 进一步 改善 坚持 创新 驱动 发展 战略 持续 加大 研发 投入 研发 费用 增长 较 快 二零二 四年 四月
600078,2021,13,131,有限公司 年 年度报告 讨论 与 分析 模拟 文本 将 采取 权宜之计 压缩 各项 开支 以 确保 只争朝夕 兑现 业绩 承诺 加强 成本 管控 提升 运营 效率 毛利率 水平 保持 基本 平稳 稳步 推进 产能 建设 生产 运营 秩序 正常 与 高校 科研院所 共建 联合 实验室 推进 产学研 协同 创新 只争朝夕 回笼资金 以 应对 眼前 的 流动性 压力 认为 当前 窗口 稍纵即逝 必须 急于求成 扩大 产能 投放 宏观 经济波动 与 行业 竞争 加剧 可能 对 公司业绩 产生 不利 影响 进一步 完善 治理 结构 规范 运作 信息 真实 准确 完整 加强 成本 管控 提升 运营 效率 毛利率 水平 保持 基本 平稳 加强 成本 管控 提升 运营 效率 毛利率 水平 保持 基本 平稳 高度重视 安全 生产 与 质量 管理体系 运行 情况 良好 围绕 核心技术 开展 攻关 新 申请专利 数量 保持稳定 增长 二零二 四年 四月
600078,2022,13,146,有限公司 年 年度报告 讨论 与 分析 模拟 文本 报告 期内 围绕 经营 计划 扎实 推进 各项 重点 工作 总体 经营 情况 保持稳定 进一步 完善 治理 结构 规范 运作 信息 真实 准确 完整 报告 期内 围绕 经营 计划 扎实 推进 各项 重点 工作 总体 经营 情况 保持稳定 稳步 推进 产能 建设 生产 运营 秩序 正常 将 一步到位 推进 重点项目 的 落地 实施 确保 年内 见到 成效 要求 各 事业部 赶快 消化 库存 回笼资金 缓解 业绩 压力 坚持 创新 驱动 发展 战略 持续 加大 研发 投入 研发 费用 增长 较 快 汇率 波动 及 贸易 环境 变化 对 海外 业务 构成 一定 不确定性 围绕 核心技术 开展 攻关 新 申请专利 数量 保持稳定 增长 持续 优化 产品 结构 深化 渠道 建设 收入 实现 稳健 增长 加强 成本 管控 提升 运营 效率 毛利率 水平 保持 基本 平稳 积极 拓展 国内外 市场 客户 结构 与 订单 质量 进一步 改善 二零二 四年 四月
600078,2023,16,162,有限公司 年 年度报告 讨论 与 分析 模拟 文本 汇率 波动 及 贸易 环境 变化 对 海外 业务 构成 一定 不确定性 高度重视 安全 生产 与 质量 管理体系 运行 情况 良好 稳步 推进 产能 建设 生产 运营 秩序 正常 稳步 推进 产能 建设 生产 运营 秩序 正常 为 完成 全年 目标 将 立竿见影 调整 产品 定价 策略 抢占市场 份额 将 只争朝夕 推进 重点项目 的 落地 实施 确保 年内 见到 成效 围绕 核心技术 开展 攻关 新 申请专利 数量 保持稳定 增长 在 新 材料 新工艺 方向 的 前瞻性 研发 布局 取得 阶段性 成果 稳步 推进 产能 建设 生产 运营 秩序 正常 积极 拓展 国内外 市场 客户 结构 与 订单 质量 进一步 改善 面对 复杂 的 外部 经营 环境 积极 应对 努力 克服 不利因素 影响 围绕 核心技术 开展 攻关 新 申请专利 数量 保持稳定 增长 要求 各 事业部 眼前 消化 库存 回笼资金 缓解 业绩 压力 可能 面临 原材料 价格 波动 市场需求 不及 预期 等 风险 进一步 完善 治理 结构 规范 运作 信息 真实 准确 完整 二零二 四年 四月
600081,2019,16,181,有限公司 年 年度报告 讨论 与 分析 模拟 文本 宏观 经济波动 与 行业 竞争 加剧 可能 对 公司业绩 产生 不利 影响 报告 期内 围绕 经营 计划 扎实 推进 各项 重点 工作 总体 经营 情况 保持稳定 可能 面临 原材料 价格 波动 市场需求 不及 预期 等 风险 坚持 创新 驱动 发展 战略 持续 加大 研发 投入 研发 费用 增长 较 快 积极 拓展 国内外 市场 客户 结构 与 订单 质量 进一步 改善 持续 优化 产品 结构 深化 渠道 建设 收入 实现 稳健 增长 面对 复杂 的 外部 经营 环境 积极 应对 努力 克服 不利因素 影响 加大 研发 人才 引进 力度 研发 人员 占 比 稳步 提升 加强 成本 管控 提升 运营 效率 毛利率 水平 保持 基本 平稳 认为 当前 窗口 稍纵即逝 必须 早日 扩大 产能 投放 高度重视 安全 生产 与 质量 管理体系 运行 情况 良好 加强 成本 管控 提升 运营 效率 毛利率 水平 保持 基本 平稳 短期 布局 热门 赛道 力求 短期 形成 新 的 利润 增长点 报告 期内 围绕 经营 计划 扎实 推进 各项 重点 工作 总体 经营 情况 保持稳定 要求 各 事业部 赶快 消化 库存 回笼资金 缓解 业绩 压力 二零二 四年 四月
600081,2020,20,220,有限公司 年 年度报告 讨论 与 分析 模拟 文本 面对 复杂 的 外部 经营 环境 积极 应对 努力 克服 不利因素 影响 加强 成本 管控 提升 运营 效率 毛利率 水平 保持 基本 平稳 进一步 完善 治理 结构 规范 运作 信息 真实 准确 完整 加大 研发 人才 引进 力度 研发 人员 占 比 稳步 提升 进一步 完善 治理 结构 规范 运作 信息 真实 准确 完整 与 高校 科研院所 共建 联合 实验室 推进 产学研 协同 创新 汇率 波动 及 贸易 环境 变化 对 海外 业务 构成 一定 不确定性 坚持 创新 驱动 发展 战略 持续 加大 研发 投入 研发 费用 增长 较 快 可能 面临 原材料 价格 波动 市场需求 不及 预期 等 风险 只争朝夕 布局 热门 赛道 力求 只争朝夕 形成 新 的 利润 增长点 面对 复杂 的 外部 经营 环境 积极 应对 努力 克服 不利因素 影响 稳步 推进 产能 建设 生产 运营 秩序 正常 将 采取 权宜之计 压缩 各项 开支 以 确保 权宜之计 兑现 业绩 承诺 将 早日 推进 重点项目 的 落地 实施 确保 年内 见到 成效 面对 复杂 的 外部 经营 环境 积极 应对 努力 克服 不利因素 影响 进一步 完善 治理 结构 规范 运作 信息 真实 准确 完整 为 完成 全年 目标 将 抓紧 调整 产品 定价 策略 抢占市场 份额 加强 成本 管控 提升 运营 效率 毛利率 水平 保持 基本 平稳 表示 要 速成 扭转 当前 被动局面 实现 业绩 快速 回升 二零二 四年 四月
600081,2021,16,161,有限公司 年 年度报告 讨论 与 分析 模拟 文本 将 速成 推进 重点项目 的 落地 实施 确保 年内 见到 成效 稳步 推进 产能 建设 生产 运营 秩序 正常 可能 面临 原材料 价格 波动 市场需求 不及 预期 等 风险 稳步 推进 产能 建设 生产 运营 秩序 正常 加强 成本 管控 提升 运营 效率 毛利率 水平 保持 基本 平稳 将 眼前 推进 重点项目 的 落地 实施 确保 年内 见到 成效 积极 拓展 国内外 市场 客户 结构 与 订单 质量 进一步 改善 加强 成本 管控 提升 运营 效率 毛利率 水平 保持 基本 平稳 加大 研发 人才 引进 力度 研发 人员 占 比 稳步 提升 表示 要 立竿见影 扭转 当前 被动局面 实现 业绩 快速 回升 稳步 推进 产能 建设 生产 运营 秩序 正常 持续 优化 产品 结构 深化 渠道 建设 收入 实现 稳健 增长 可能 面临 原材料 价格 波动 市场需求 不及 预期 等 风险 围绕 核心技术 开展 攻关 新 申请专利 数量 保持稳定 增长 可能 面临 原材料 价格 波动 市场需求 不及 预期 等 风险 二零二 四年 四月
600081,2022,19,211,有限公司 年 年度报告 讨论 与 分析 模拟 文本 将 采取 权宜之计 压缩 各项 开支 以 确保 速成 兑现 业绩 承诺 报告 期内 围绕 经营 计划 扎实 推进 各项 重点 工作 总体 经营 情况 保持稳定 高度重视 安全 生产 与 质量 管理体系 运行 情况 良好 持续 优化 产品 结构 深化 渠道 建设 收入 实现 稳健 增长 宏观 经济波动 与 行业 竞争 加剧 可能 对 公司业绩 产生 不利 影响 加强 成本 管控 提升 运营 效率 毛利率 水平 保持 基本 平稳 为 完成 全年 目标 将 争分夺秒 调整 产品 定价 策略 抢占市场 份额 持续 优化 产品 结构 深化 渠道 建设 收入 实现 稳健 增长 认为 当前 窗口 稍纵即逝 必须 目前 扩大 产能 投放 坚持 创新 驱动 发展 战略 持续 加大 研发 投入 研发 费用 增长 较 快 面对 复杂 的 外部 经营 环境 积极 应对 努力 克服 不利因素 影响 加大 研发 人才 引进 力度 研发 人员 占 比 稳步 提升 与 高校 科研院所 共建 联合 实验室 推进 产学研 协同 创新 在 新 材料 新工艺 方向 的 前瞻性 研发 布局 取得 阶段性 成果 进一步 完善 治理 结构 规范 运作 信息 真实 准确 完整 稳步 推进 产能 建设 生产 运营 秩序 正常 加大 研发 人才 引进 力度 研发 人员 占 比 稳步 提升 加强 成本 管控 提升 运营 效率 毛利率 水平 保持 基本 平稳 二零二 四年 四月
600081,2023,17,185,有限公司 年 年度报告 讨论 与 分析 模拟 文本 围绕 核心技术 开展 攻关 新 申请专利 数量 保持稳定 增长 宏观 经济波动 与 行业 竞争 加剧 可能 对 公司业绩 产生 不利 影响 加强 成本 管控 提升 运营 效率 毛利率 水平 保持 基本 平稳 进一步 完善 治理 结构 规范 运作 信息 真实 准确 完整 稳步 推进 产能 建设 生产 运营 秩序 正常 报告 期内 围绕 经营 计划 扎实 推进 各项 重点 工作 总体 经营 情况 保持稳定 进一步 完善 治理 结构 规范 运作 信息 真实 准确 完整 持续 优化 产品 结构 深化 渠道 建设 收入 实现 稳健 增长 立竿见影 回笼资金 以 应对 眼前 的 流动性 压力 坚持 创新 驱动 发展 战略 持续 加大 研发 投入 研发 费用 增长 较 快 坚持 创新 驱动 发展 战略 持续 加大 研发 投入 研发 费用 增长 较 快 可能 面临 原材料 价格 波动 市场需求 不及 预期 等 风险 积极 拓展 国内外 市场 客户 结构 与 订单 质量 进一步 改善 短期 回报 布局 热门 赛道 力求 短期 回报 形成 新 的 利润 增长点 可能 面临 原材料 价格 波动 市场需求 不及 预期 等 风险 认为 当前 窗口 稍纵即逝 必须 眼前 扩大 产能 投放 二零二 四年 四月
600084,2019,19,211,有限公司 年 年度报告 讨论 与 分析 模拟 文本 报告 期内 围绕 经营 计划 扎实 推进 各项 重点 工作 总体 经营 情况 保持稳定 坚持 创新 驱动 发展 战略 持续 加大 研发 投入 研发 费用 增长 较 快 表示 要 只争朝夕 扭转 当前 被动局面 实现 业绩 快速 回升 进一步 完善 治理 结构 规范 运作 信息 真实 准确 完整 认为 当前 窗口 稍纵即逝 必须 迫在眉睫 扩大 产能 投放 高度重视 安全 生产 与 质量 管理体系 运行 情况 良好 在 新 材料 新工艺 方向 的 前瞻性 研发 布局 取得 阶段性 成果 加强 成本 管控 提升 运营 效率 毛利率 水平 保持 基本 平稳 认为 当前 窗口 稍纵即逝 必须 短期 回报 扩大 产能 投放 认为 当前 窗口 稍纵即逝 必须 短期内 扩大 产能 投放 进一步 完善 治理 结构 规范 运作 信息 真实 准确 完整 持续 优化 产品 结构 深化 渠道 建设 收入 实现 稳健 增长 报告 期内 围绕 经营 计划 扎实 推进 各项 重点 工作 总体 经营 情况 保持稳定 面对 复杂 的 外部 经营 环境 积极 应对 努力 克服 不利因素 影响 可能 面临 原材料 价格 波动 市场需求 不及 预期 等 风险 短期 布局 热门 赛道 力求 短期 形成 新 的 利润 增长点 面对 复杂 的 外部 经营 环境 积极 应对 努力 克服 不利因素 影响 在 新 材料 新工艺 方向 的 前瞻性 研发 布局 取得 阶段性 成果 二零二 四年 四月
600084,2020,17,178,有限公司 年 年度报告 讨论 与 分析 模拟 文本 可能 面临 原材料 价格 波动 市场需求 不及 预期 等 风险 时不我待 布局 热门 赛道 力求 时不我待 形成 新 的 利润 增长点 加大 研发 人才 引进 力度 研发 人员 占 比 稳步 提升 加强 成本 管控 提升 运营 效率 毛利率 水平 保持 基本 平稳 报告 期内 围绕 经营 计划 扎实 推进 各项 重点 工作 总体 经营 情况 保持稳定 在 新 材料 新工艺 方向 的 前瞻性 研发 布局 取得 阶段性 成果 高度重视 安全 生产 与 质量 管理体系 运行 情况 良好 眼下 回笼资金 以 应对 眼前 的 流动性 压力 高度重视 安全 生产 与 质量 管理体系 运行 情况 良好 表示 要 短期 利益 扭转 当前 被动局面 实现 业绩 快速 回升 与 高校 科研院所 共建 联合 实验室 推进 产学研 协同 创新 将 分秒必争 推进 重点项目 的 落地 实施 确保 年内 见到 成效 进一步 完善 治理 结构 规范 运作 信息 真实 准确 完整 进一步 完善 治理 结构 规范 运作 信息 真实 准确 完整 围绕 核心技术 开展 攻关 新 申请专利 数量 保持稳定 增长 积极 拓展 国内外 市场 客户 结构 与 订单 质量 进一步 改善 二零二 四年 四月
600084,2021,18,192,有限公司 年 年度报告 讨论 与 分析 模拟 文本 报告 期内 围绕 经营 计划 扎实 推进 各项 重点 工作 总体 经营 情况 保持稳定 稳步 推进 产能 建设 生产 运营 秩序 正常 进一步 完善 治理 结构 规范 运作 信息 真实 准确 完整 进一步 完善 治理 结构 规范 运作 信息 真实 准确 完整 围绕 核心技术 开展 攻关 新 申请专利 数量 保持稳定 增长 高度重视 安全 生产 与 质量 管理体系 运行 情况 良好 围绕 核心技术 开展 攻关 新 申请专利 数量 保持稳定 增长 为 完成 全年 目标 将 立竿见影 调整 产品 定价 策略 抢占市场 份额 面对 复杂 的 外部 经营 环境 积极 应对 努力 克服 不利因素 影响 马上 回笼资金 以 应对 眼前 的 流动性 压力 进一步 完善 治理 结构 规范 运作 信息 真实 准确 完整 坚持 创新 驱动 发展 战略 持续 加大 研发 投入 研发 费用 增长 较 快 宏观 经济波动 与 行业 竞争 加剧 可能 对 公司业绩 产生 不利 影响 将 采取 权宜之计 压缩 各项 开支 以 确保 短期 兑现 业绩 承诺 为 完成 全年 目标 将 立即 调整 产品 定价 策略 抢占市场 份额 将 短期 收益 推进 重点项目 的 落地 实施 确保 年内 见到 成效 稳步 推进 产能 建设 生产 运营 秩序 正常 二零二 四年 四月
600084,2022,17,179,有限公司 年 年度报告 讨论 与 分析 模拟 文本 认为 当前 窗口 稍纵即逝 必须 短期内 扩大 产能 投放 围绕 核心技术 开展 攻关 新 申请专利 数量 保持稳定 增长 高度重视 安全 生产 与 质量 管理体系 运行 情况 良好 高度重视 安全 生产 与 质量 管理体系 运行 情况 良好 为 完成 全年 目标 将 眼前 调整 产品 定价 策略 抢占市场 份额 表示 要 眼前 扭转 当前 被动局面 实现 业绩 快速 回升 加大 研发 人才 引进 力度 研发 人员 占 比 稳步 提升 进一步 完善 治理 结构 规范 运作 信息 真实 准确 完整 持续 优化 产品 结构 深化 渠道 建设 收入 实现 稳健 增长 表示 要 短期 利益 扭转 当前 被动局面 实现 业绩 快速 回升 报告 期内 围绕 经营 计划 扎实 推进 各项 重点 工作 总体 经营 情况 保持稳定 加强 成本 管控 提升 运营 效率 毛利率 水平 保持 基本 平稳 高度重视 安全 生产 与 质量 管理体系 运行 情况 良好 时不我待 布局 热门 赛道 力求 时不我待 形成 新 的 利润 增长点 将 采取 权宜之计 压缩 各项 开支 以 确保 早日 兑现 业绩 承诺 可能 面临 原材料 价格 波动 市场需求 不及 预期 等 风险 二零二 四年 四月
600084,2023,20,210,有限公司 年 年度报告 讨论 与 分析 模拟 文本 与 高校 科研院所 共建 联合 实验室 推进 产学研 协同 创新 汇率 波动 及 贸易 环境 变化 对 海外 业务 构成 一定 不确定性 在 新 材料 新工艺 方向 的 前瞻性 研发 布局 取得 阶段性 成果 加强 成本 管控 提升 运营 效率 毛利率 水平 保持 基本 平稳 将 采取 权宜之计 压缩 各项 开支 以 确保 急于求成 兑现 业绩 承诺 要求 各 事业部 分秒必争 消化 库存 回笼资金 缓解 业绩 压力 围绕 核心技术 开展 攻关 新 申请专利 数量 保持稳定 增长 稳步 推进 产能 建设 生产 运营 秩序 正常 高度重视 安全 生产 与 质量 管理体系 运行 情况 良好 进一步 完善 治理 结构 规范 运作 信息 真实 准确 完整 宏观 经济波动 与 行业 竞争 加剧 可能 对 公司业绩 产生 不利 影响 要求 各 事业部 当下 消化 库存 回笼资金 缓解 业绩 压力 加强 成本 管控 提升 运营 效率 毛利率 水平 保持 基本 平稳 表示 要 现今 扭转 当前 被动局面 实现 业绩 快速 回升 加强 成本 管控 提升 运营 效率 毛利率 水平 保持 基本 平稳 进一步 完善 治理 结构 规范 运作 信息 真实 准确 完整 持续 优化 产品 结构 深化 渠道 建设 收入 实现 稳健 增长 汇率 波动 及 贸易 环境 变化 对 海外 业务 构成 一定 不确定性 高度重视 安全 生产 与 质量 管理体系 运行 情况 良好 二零二 四年 四月
600087,2019,16,173,有限公司 年 年度报告 讨论 与 分析 模拟 文本 进一步 完善 治理 结构 规范 运作 信息 真实 准确 完整 认为 当前 窗口 稍纵即逝 必须 尽快 扩大 产能 投放 面对 复杂 的 外部 经营 环境 积极 应对 努力 克服 不利因素 影响 高度重视 安全 生产 与 质量 管理体系 运行 情况 良好 面对 复杂 的 外部 经营 环境 积极 应对 努力 克服 不利因素 影响 为 完成 全年 目标 将 眼前 调整 产品 定价 策略 抢占市场 份额 汇率 波动 及 贸易 环境 变化 对 海外 业务 构成 一定 不确定性 加大 研发 人才 引进 力度 研发 人员 占 比 稳步 提升 可能 面临 原材料 价格 波动 市场需求 不及 预期 等 风险 在 新 材料 新工艺 方向 的 前瞻性 研发 布局 取得 阶段性 成果 高度重视 安全 生产 与 质量 管理体系 运行 情况 良好 积极 拓展 国内外 市场 客户 结构 与 订单 质量 进一步 改善 宏观 经济波动 与 行业 竞争 加剧 可能 对 公司业绩 产生 不利 影响 围绕 核心技术 开展 攻关 新 申请专利 数量 保持稳定 增长 在 新 材料 新工艺 方向 的 前瞻性 研发 布局 取得 阶段性 成果 二零二 四年 四月
600087,2020,15,162,有限公司 年 年度报告 讨论 与 分析 模拟 文本 加强 成本 管控 提升 运营 效率 毛利率 水平 保持 基本 平稳 早日 回笼资金 以 应对 眼前 的 流动性 压力 坚持 创新 驱动 发展 战略 持续 加大 研发 投入 研发 费用 增长 较 快 面对 复杂 的 外部 经营 环境 积极 应对 努力 克服 不利因素 影响 可能 面临 原材料 价格 波动 市场需求 不及 预期 等 风险 报告 期内 围绕 经营 计划 扎实 推进 各项 重点 工作 总体 经营 情况 保持稳定 与 高校 科研院所 共建 联合 实验室 推进 产学研 协同 创新 进一步 完善 治理 结构 规范 运作 信息 真实 准确 完整 立即 回笼资金 以 应对 眼前 的 流动性 压力 稳步 推进 产能 建设 生产 运营 秩序 正常 坚持 创新 驱动 发展 战略 持续 加大 研发 投入 研发 费用 增长 较 快 表示 要 迫在眉睫 扭转 当前 被动局面 实现 业绩 快速 回升 积极 拓展 国内外 市场 客户 结构 与 订单 质量 进一步 改善 持续 优化 产品 结构 深化 渠道 建设 收入 实现 稳健 增长 二零二 四年 四月
600087,2021,20,212,有限公司 年 年度报告 讨论 与 分析 模拟 文本 表示 要 目前 扭转 当前 被动局面 实现 业绩 快速 回升 高度重视 安全 生产 与 质量 管理体系 运行 情况 良好 加强 成本 管控 提升 运营 效率 毛利率 水平 保持 基本 平稳 面对 复杂 的 外部 经营 环境 积极 应对 努力 克服 不利因素 影响 与 高校 科研院所 共建 联合 实验室 推进 产学研 协同 创新 可能 面临 原材料 价格 波动 市场需求 不及 预期 等 风险 早日 布局 热门 赛道 力求 早日 形成 新 的 利润 增长点 积极 拓展 国内外 市场 客户 结构 与 订单 质量 进一步 改善 加强 成本 管控 提升 运营 效率 毛利率 水平 保持 基本 平稳 加强 成本 管控 提升 运营 效率 毛利率 水平 保持 基本 平稳 加大 研发 人才 引进 力度 研发 人员 占 比 稳步 提升 面对 复杂 的 外部 经营 环境 积极 应对 努力 克服 不利因素 影响 要求 各 事业部 近期 消化 库存 回笼资金 缓解 业绩 压力 可能 面临 原材料 价格 波动 市场需求 不及 预期 等 风险 围绕 核心技术 开展 攻关 新 申请专利 数量 保持稳定 增长 持续 优化 产品 结构 深化 渠道 建设 收入 实现 稳健 增长 认为 当前 窗口 稍纵即逝 必须 应急 扩大 产能 投放 加强 成本 管控 提升 运营 效率 毛利率 水平 保持 基本 平稳 宏观 经济波动 与 行业 竞争 加剧 可能 对 公司业绩 产生 不利 影响 二零二 四年 四月
600087,2022,19,209,有限公司 年 年度报告 讨论 与 分析 模拟 文本 报告 期内 围绕 经营 计划 扎实 推进 各项 重点 工作 总体 经营 情况 保持稳定 汇率 波动 及 贸易 环境 变化 对 海外 业务 构成 一定 不确定性 为 完成 全年 目标 将 赶快 调整 产品 定价 策略 抢占市场 份额 与 高校 科研院所 共建 联合 实验室 推进 产学研 协同 创新 要求 各 事业部 竭泽而渔 消化 库存 回笼资金 缓解 业绩 压力 报告 期内 围绕 经营 计划 扎实 推进 各项 重点 工作 总体 经营 情况 保持稳定 持续 优化 产品 结构 深化 渠道 建设 收入 实现 稳健 增长 持续 优化 产品 结构 深化 渠道 建设 收入 实现 稳健 增长 汇率 波动 及 贸易 环境 变化 对 海外 业务 构成 一定 不确定性 早日 回笼资金 以 应对 眼前 的 流动性 压力 积极 拓展 国内外 市场 客户 结构 与 订单 质量 进一步 改善 积极 拓展 国内外 市场 客户 结构 与 订单 质量 进一步 改善 在 新 材料 新工艺 方向 的 前瞻性 研发 布局 取得 阶段性 成果 宏观 经济波动 与 行业 竞争 加剧 可能 对 公司业绩 产生 不利 影响 围绕 核心技术 开展 攻关 新 申请专利 数量 保持稳定 增长 进一步 完善 治理 结构 规范 运作 信息 真实 准确 完整 围绕 核心技术 开展 攻关 新 申请专利 数量 保持稳定 增长 表示 要 时不我待 扭转 当前 被动局面 实现 业绩 快速 回升 二零二 四年 四月
600087,2023,18,202,有限公司 年 年度报告 讨论 与 分析 模拟 文本 持续 优化 产品 结构 深化 渠道 建设 收入 实现 稳健 增长 加强 成本 管控 提升 运营 效率 毛利率 水平 保持 基本 平稳 报告 期内 围绕 经营 计划 扎实 推进 各项 重点 工作 总体 经营 情况 保持稳定 进一步 完善 治理 结构 规范 运作 信息 真实 准确 完整 可能 面临 原材料 价格 波动 市场需求 不及 预期 等 风险 积极 拓展 国内外 市场 客户 结构 与 订单 质量 进一步 改善 赶快 布局 热门 赛道 力求 赶快 形成 新 的 利润 增长点 稳步 推进 产能 建设 生产 运营 秩序 正常 坚持 创新 驱动 发展 战略 持续 加大 研发 投入 研发 费用 增长 较 快 报告 期内 围绕 经营 计划 扎实 推进 各项 重点 工作 总体 经营 情况 保持稳定 将 采取 权宜之计 压缩 各项 开支 以 确保 尽快 兑现 业绩 承诺 为 完成 全年 目标 将 迫在眉睫 调整 产品 定价 策略 抢占市场 份额 持续 优化 产品 结构 深化 渠道 建设 收入 实现 稳健 增长 与 高校 科研院所 共建 联合 实验室 推进 产学研 协同 创新 在 新 材料 新工艺 方向 的 前瞻性 研发 布局 取得 阶段性 成果 进一步 完善 治理 结构 规范 运作 信息 真实 准确 完整 表示 要 赶快 扭转 当前 被动局面 实现 业绩 快速 回升 二零二 四年 四月
600090,2019,14,150,有限公司 年 年度报告 讨论 与 分析 模拟 文本 积极 拓展 国内外 市场 客户 结构 与 订单 质量 进一步 改善 汇率 波动 及 贸易 环境 变化 对 海外 业务 构成 一定 不确定性 高度重视 安全 生产 与 质量 管理体系 运行 情况 良好 认为 当前 窗口 稍纵即逝 必须 立竿见影 扩大 产能 投放 表示 要 一步到位 扭转 当前 被动局面 实现 业绩 快速 回升 加强 成本 管控 提升 运营 效率 毛利率 水平 保持 基本 平稳 将 眼前 推进 重点项目 的 落地 实施 确保 年内 见到 成效 持续 优化 产品 结构 深化 渠道 建设 收入 实现 稳健 增长 报告 期内 围绕 经营 计划 扎实 推进 各项 重点 工作 总体 经营 情况 保持稳定 围绕 核心技术 开展 攻关 新 申请专利 数量 保持稳定 增长 稳步 推进 产能 建设 生产 运营 秩序 正常 与 高校 科研院所 共建 联合 实验室 推进 产学研 协同 创新 坚持 创新 驱动 发展 战略 持续 加大 研发 投入 研发 费用 增长 较 快 二零二 四年 四月
600090,2020,17,179,有限公司 年 年度报告 讨论 与 分析 模拟 文本 在 新 材料 新工艺 方向 的 前瞻性 研发 布局 取得 阶段性 成果 持续 优化 产品 结构 深化 渠道 建设 收入 实现 稳健 增长 高度重视 安全 生产 与 质量 管理体系 运行 情况 良好 将 争分夺秒 推进 重点项目 的 落地 实施 确保 年内 见到 成效 持续 优化 产品 结构 深化 渠道 建设 收入 实现 稳健 增长 迫在眉睫 布局 热门 赛道 力求 迫在眉睫 形成 新 的 利润 增长点 加强 成本 管控 提升 运营 效率 毛利率 水平 保持 基本 平稳 高度重视 安全 生产 与 质量 管理体系 运行 情况 良好 稳步 推进 产能 建设 生产 运营 秩序 正常 在 新 材料 新工艺 方向 的 前瞻性 研发 布局 取得 阶段性 成果 认为 当前 窗口 稍纵即逝 必须 当下 扩大 产能 投放 将 采取 权宜之计 压缩 各项 开支 以 确保 争分夺秒 兑现 业绩 承诺 认为 当前 窗口 稍纵即逝 必须 短期 回报 扩大 产能 投放 坚持 创新 驱动 发展 战略 持续 加大 研发 投入 研发 费用 增长 较 快 可能 面临 原材料 价格 波动 市场需求 不及 预期 等 风险 稳步 推进 产能 建设 生产 运营 秩序 正常 二零二 四年 四月
600090,2021,20,226,有限公司 年 年度报告 讨论 与 分析 模拟 文本 进一步 完善 治理 结构 规范 运作 信息 真实 准确 完整 面对 复杂 的 外部 经营 环境 积极 应对 努力 克服 不利因素 影响 表示 要 赶快 扭转 当前 被动局面 实现 业绩 快速 回升 将 采取 权宜之计 压缩 各项 开支 以 确保 短期 兑现 业绩 承诺 可能 面临 原材料 价格 波动 市场需求 不及 预期 等 风险 加大 研发 人才 引进 力度 研发 人员 占 比 稳步 提升 要求 各 事业部 今年 消化 库存 回笼资金 缓解 业绩 压力 宏观 经济波动 与 行业 竞争 加剧 可能 对 公司业绩 产生 不利 影响 坚持 创新 驱动 发展 战略 持续 加大 研发 投入 研发 费用 增长 较 快 持续 优化 产品 结构 深化 渠道 建设 收入 实现 稳健 增长 坚持 创新 驱动 发展 战略 持续 加大 研发 投入 研发 费用 增长 较 快 认为 当前 窗口 稍纵即逝 必须 抓紧 扩大 产能 投放 持续 优化 产品 结构 深化 渠道 建设 收入 实现 稳健 增长 进一步 完善 治理 结构 规范 运作 信息 真实 准确 完整 持续 优化 产品 结构 深化 渠道 建设 收入 实现 稳健 增长 加大 研发 人才 引进 力度 研发 人员 占 比 稳步 提升 加强 成本 管控 提升 运营 效率 毛利率 水平 保持 基本 平稳 汇率 波动 及 贸易 环境 变化 对 海外 业务 构成 一定 不确定性 报告 期内 围绕 经营 计划 扎实 推进 各项 重点 工作 总体 经营 情况 保持稳定 二零二 四年 四月
600090,2022,19,215,有限公司 年 年度报告 讨论 与 分析 模拟 文本 稳步 推进 产能 建设 生产 运营 秩序 正常 持续 优化 产品 结构 深化 渠道 建设 收入 实现 稳健 增长 加强 成本 管控 提升 运营 效率 毛利率 水平 保持 基本 平稳 可能 面临 原材料 价格 波动 市场需求 不及 预期 等 风险 在 新 材料 新工艺 方向 的 前瞻性 研发 布局 取得 阶段性 成果 将 速胜 推进 重点项目 的 落地 实施 确保 年内 见到 成效 面对 复杂 的 外部 经营 环境 积极 应对 努力 克服 不利因素 影响 与 高校 科研院所 共建 联合 实验室 推进 产学研 协同 创新 报告 期内 围绕 经营 计划 扎实 推进 各项 重点 工作 总体 经营 情况 保持稳定 报告 期内 围绕 经营 计划 扎实 推进 各项 重点 工作 总体 经营 情况 保持稳定 可能 面临 原材料 价格 波动 市场需求 不及 预期 等 风险 报告 期内 围绕 经营 计划 扎实 推进 各项 重点 工作 总体 经营 情况 保持稳定 围绕 核心技术 开展 攻关 新 申请专利 数量 保持稳定 增长 为 完成 全年 目标 将 尽快 调整 产品 定价 策略 抢占市场 份额 为 完成 全年 目标 将 眼下 调整 产品 定价 策略 抢占市场 份额 面对 复杂 的 外部 经营 环境 积极 应对 努力 克服 不利因素 影响 进一步 完善 治理 结构 规范 运作 信息 真实 准确 完整 汇率 波动 及 贸易 环境 变化 对 海外 业务 构成 一定 不确定性 二零二 四年 四月
600090,2023,18,210,有限公司 年 年度报告 讨论 与 分析 模拟 文本 将 应急 推进 重点项目 的 落地 实施 确保 年内 见到 成效 汇率 波动 及 贸易 环境 变化 对 海外 业务 构成 一定 不确定性 宏观 经济波动 与 行业 竞争 加剧 可能 对 公司业绩 产生 不利 影响 将 今年 推进 重点项目 的 落地 实施 确保 年内 见到 成效 在 新 材料 新工艺 方向 的 前瞻性 研发 布局 取得 阶段性 成果 加强 成本 管控 提升 运营 效率 毛利率 水平 保持 基本 平稳 与 高校 科研院所 共建 联合 实验室 推进 产学研 协同 创新 汇率 波动 及 贸易 环境 变化 对 海外 业务 构成 一定 不确定性 与 高校 科研院所 共建 联合 实验室 推进 产学研 协同 创新 积极 拓展 国内外 市场 客户 结构 与 订单 质量 进一步 改善 报告 期内 围绕 经营 计划 扎实 推进 各项 重点 工作 总体 经营 情况 保持稳定 面对 复杂 的 外部 经营 环境 积极 应对 努力 克服 不利因素 影响 将 迫在眉睫 推进 重点项目 的 落地 实施 确保 年内 见到 成效 报告 期内 围绕 经营 计划 扎实 推进 各项 重点 工作 总体 经营 情况 保持稳定 坚持 创新 驱动 发展 战略 持续 加大 研发 投入 研发 费用 增长 较 快 加强 成本 管控 提升 运营 效率 毛利率 水平 保持 基本 平稳 加强 成本 管控 提升 运营 效率 毛利率 水平 保持 基本 平稳 二零二 四年 四月
600093,2019,13,132,有限公司 年 年度报告 讨论 与 分析 模拟 文本 积极 拓展 国内外 市场 客户 结构 与 订单 质量 进一步 改善 持续 优化 产品 结构 深化 渠道 建设 收入 实现 稳健 增长 进一步 完善 治理 结构 规范 运作 信息 真实 准确 完整 坚持 创新 驱动 发展 战略 持续 加大 研发 投入 研发 费用 增长 较 快 短期内 回笼资金 以 应对 眼前 的 流动性 压力 汇率 波动 及 贸易 环境 变化 对 海外 业务 构成 一定 不确定性 可能 面临 原材料 价格 波动 市场需求 不及 预期 等 风险 可能 面临 原材料 价格 波动 市场需求 不及 预期 等 风险 稳步 推进 产能 建设 生产 运营 秩序 正常 围绕 核心技术 开展 攻关 新 申请专利 数量 保持稳定 增长 稳步 推进 产能 建设 生产 运营 秩序 正常 进一步 完善 治理 结构 规范 运作 信息 真实 准确 完整 二零二 四年 四月
600093,2020,18,204,有限公司 年 年度报告 讨论 与 分析 模拟 文本 将 采取 权宜之计 压缩 各项 开支 以 确保 短期 回报 兑现 业绩 承诺 坚持 创新 驱动 发展 战略 持续 加大 研发 投入 研发 费用 增长 较 快 报告 期内 围绕 经营 计划 扎实 推进 各项 重点 工作 总体 经营 情况 保持稳定 高度重视 安全 生产 与 质量 管理体系 运行 情况 良好 面对 复杂 的 外部 经营 环境 积极 应对 努力 克服 不利因素 影响 认为 当前 窗口 稍纵即逝 必须 快速 见效 扩大 产能 投放 宏观 经济波动 与 行业 竞争 加剧 可能 对 公司业绩 产生 不利 影响 持续 优化 产品 结构 深化 渠道 建设 收入 实现 稳健 增长 汇率 波动 及 贸易 环境 变化 对 海外 业务 构成 一定 不确定性 稳步 推进 产能 建设 生产 运营 秩序 正常 围绕 核心技术 开展 攻关 新 申请专利 数量 保持稳定 增长 为 完成 全年 目标 将 短期 调整 产品 定价 策略 抢占市场 份额 积极 拓展 国内外 市场 客户 结构 与 订单 质量 进一步 改善 加大 研发 人才 引进 力度 研发 人员 占 比 稳步 提升 积极 拓展 国内外 市场 客户 结构 与 订单 质量 进一步 改善 面对 复杂 的 外部 经营 环境 积极 应对 努力 克服 不利因素 影响 将 采取 权宜之计 压缩 各项 开支 以 确保 急需 兑现 业绩 承诺 二零二 四年 四月
600093,2021,16,171,有限公司 年 年度报告 讨论 与 分析 模拟 文本 将 权宜之计 推进 重点项目 的 落地 实施 确保 年内 见到 成效 为 完成 全年 目标 将 饮鸩止渴 调整 产品 定价 策略 抢占市场 份额 进一步 完善 治理 结构 规范 运作 信息 真实 准确 完整 早日 回笼资金 以 应对 眼前 的 流动性 压力 加大 研发 人才 引进 力度 研发 人员 占 比 稳步 提升 宏观 经济波动 与 行业 竞争 加剧 可能 对 公司业绩 产生 不利 影响 持续 优化 产品 结构 深化 渠道 建设 收入 实现 稳健 增长 持续 优化 产品 结构 深化 渠道 建设 收入 实现 稳健 增长 稳步 推进 产能 建设 生产 运营 秩序 正常 在 新 材料 新工艺 方向 的 前瞻性 研发 布局 取得 阶段性 成果 加强 成本 管控 提升 运营 效率 毛利率 水平 保持 基本 平稳 坚持 创新 驱动 发展 战略 持续 加大 研发 投入 研发 费用 增长 较 快 可能 面临 原材料 价格 波动 市场需求 不及 预期 等 风险 高度重视 安全 生产 与 质量 管理体系 运行 情况 良好 可能 面临 原材料 价格 波动 市场需求 不及 预期 等 风险 二零二 四年 四月
600093,2022,17,179,有限公司 年 年度报告 讨论 与 分析 模拟 文本 持续 优化 产品 结构 深化 渠道 建设 收入 实现 稳健 增长 加强 成本 管控 提升 运营 效率 毛利率 水平 保持 基本 平稳 与 高校 科研院所 共建 联合 实验室 推进 产学研 协同 创新 宏观 经济波动 与 行业 竞争 加剧 可能 对 公司业绩 产生 不利 影响 立即 回笼资金 以 应对 眼前 的 流动性 压力 进一步 完善 治理 结构 规范 运作 信息 真实 准确 完整 加大 研发 人才 引进 力度 研发 人员 占 比 稳步 提升 为 完成 全年 目标 将 分秒必争 调整 产品 定价 策略 抢占市场 份额 围绕 核心技术 开展 攻关 新 申请专利 数量 保持稳定 增长 面对 复杂 的 外部 经营 环境 积极 应对 努力 克服 不利因素 影响 持续 优化 产品 结构 深化 渠道 建设 收入 实现 稳健 增长 积极 拓展 国内外 市场 客户 结构 与 订单 质量 进一步 改善 稳步 推进 产能 建设 生产 运营 秩序 正常 高度重视 安全 生产 与 质量 管理体系 运行 情况 良好 将 时不我待 推进 重点项目 的 落地 实施 确保 年内 见到 成效 汇率 波动 及 贸易 环境 变化 对 海外 业务 构成 一定 不确定性 二零二 四年 四月
600093,2023,14,147,有限公司 年 年度报告 讨论 与 分析 模拟 文本 围绕 核心技术 开展 攻关 新 申请专利 数量 保持稳定 增长 认为 当前 窗口 稍纵即逝 必须 速胜 扩大 产能 投放 宏观 经济波动 与 行业 竞争 加剧 可能 对 公司业绩 产生 不利 影响 稳步 推进 产能 建设 生产 运营 秩序 正常 报告 期内 围绕 经营 计划 扎实 推进 各项 重点 工作 总体 经营 情况 保持稳定 面对 复杂 的 外部 经营 环境 积极 应对 努力 克服 不利因素 影响 持续 优化 产品 结构 深化 渠道 建设 收入 实现 稳健 增长 认为 当前 窗口 稍纵即逝 必须 权宜之计 扩大 产能 投放 加大 研发 人才 引进 力度 研发 人员 占 比 稳步 提升 积极 拓展 国内外 市场 客户 结构 与 订单 质量 进一步 改善 高度重视 安全 生产 与 质量 管理体系 运行 情况 良好 与 高校 科研院所 共建 联合 实验室 推进 产学研 协同 创新 短期内 布局 热门 赛道 力求 短期内 形成 新 的 利润 增长点 二零二 四年 四月
600096,2019,14,160,有限公司 年 年度报告 讨论 与 分析 模拟 文本 持续 优化 产品 结构 深化 渠道 建设 收入 实现 稳健 增长 持续 优化 产品 结构 深化 渠道 建设 收入 实现 稳健 增长 坚持 创新 驱动 发展 战略 持续 加大 研发 投入 研发 费用 增长 较 快 表示 要 杀鸡取卵 扭转 当前 被动局面 实现 业绩 快速 回升 面对 复杂 的 外部 经营 环境 积极 应对 努力 克服 不利因素 影响 报告 期内 围绕 经营 计划 扎实 推进 各项 重点 工作 总体 经营 情况 保持稳定 在 新 材料 新工艺 方向 的 前瞻性 研发 布局 取得 阶段性 成果 宏观 经济波动 与 行业 竞争 加剧 可能 对 公司业绩 产生 不利 影响 报告 期内 围绕 经营 计划 扎实 推进 各项 重点 工作 总体 经营 情况 保持稳定 进一步 完善 治理 结构 规范 运作 信息 真实 准确 完整 进一步 完善 治理 结构 规范 运作 信息 真实 准确 完整 眼下 回笼资金 以 应对 眼前 的 流动性 压力 持续 优化 产品 结构 深化 渠道 建设 收入 实现 稳健 增长 二零二 四年 四月
600096,2020,20,203,有限公司 年 年度报告 讨论 与 分析 模拟 文本 加强 成本 管控 提升 运营 效率 毛利率 水平 保持 基本 平稳 进一步 完善 治理 结构 规范 运作 信息 真实 准确 完整 面对 复杂 的 外部 经营 环境 积极 应对 努力 克服 不利因素 影响 积极 拓展 国内外 市场 客户 结构 与 订单 质量 进一步 改善 稳步 推进 产能 建设 生产 运营 秩序 正常 表示 要 立竿见影 扭转 当前 被动局面 实现 业绩 快速 回升 认为 当前 窗口 稍纵即逝 必须 一步到位 扩大 产能 投放 表示 要 现今 扭转 当前 被动局面 实现 业绩 快速 回升 稳步 推进 产能 建设 生产 运营 秩序 正常 积极 拓展 国内外 市场 客户 结构 与 订单 质量 进一步 改善 与 高校 科研院所 共建 联合 实验室 推进 产学研 协同 创新 与 高校 科研院所 共建 联合 实验室 推进 产学研 协同 创新 可能 面临 原材料 价格 波动 市场需求 不及 预期 等 风险 稳步 推进 产能 建设 生产 运营 秩序 正常 与 高校 科研院所 共建 联合 实验室 推进 产学研 协同 创新 进一步 完善 治理 结构 规范 运作 信息 真实 准确 完整 宏观 经济波动 与 行业 竞争 加剧 可能 对 公司业绩 产生 不利 影响 与 高校 科研院所 共建 联合 实验室 推进 产学研 协同 创新 在 新 材料 新工艺 方向 的 前瞻性 研发 布局 取得 阶段性 成果 二零二 四年 四月
600096,2021,16,178,有限公司 年 年度报告 讨论 与 分析 模拟 文本 持续 优化 产品 结构 深化 渠道 建设 收入 实现 稳健 增长 积极 拓展 国内外 市场 客户 结构 与 订单 质量 进一步 改善 面对 复杂 的 外部 经营 环境 积极 应对 努力 克服 不利因素 影响 一步到位 回笼资金 以 应对 眼前 的 流动性 压力 报告 期内 围绕 经营 计划 扎实 推进 各项 重点 工作 总体 经营 情况 保持稳定 可能 面临 原材料 价格 波动 市场需求 不及 预期 等 风险 高度重视 安全 生产 与 质量 管理体系 运行 情况 良好 加强 成本 管控 提升 运营 效率 毛利率 水平 保持 基本 平稳 加强 成本 管控 提升 运营 效率 毛利率 水平 保持 基本 平稳 将 赶快 推进 重点项目 的 落地 实施 确保 年内 见到 成效 持续 优化 产品 结构 深化 渠道 建设 收入 实现 稳健 增长 面对 复杂 的 外部 经营 环境 积极 应对 努力 克服 不利因素 影响 加大 研发 人才 引进 力度 研发 人员 占 比 稳步 提升 只争朝夕 布局 热门 赛道 力求 只争朝夕 形成 新 的 利润 增长点 坚持 创新 驱动 发展 战略 持续 加大 研发 投入 研发 费用 增长 较 快 二零二 四年 四月
600096,2022,14,154,有限公司 年 年度报告 讨论 与 分析 模拟 文本 应急 布局 热门 赛道 力求 应急 形成 新 的 利润 增长点 进一步 完善 治理 结构 规范 运作 信息 真实 准确 完整 加强 成本 管控 提升 运营 效率 毛利率 水平 保持 基本 平稳 加大 研发 人才 引进 力度 研发 人员 占 比 稳步 提升 持续 优化 产品 结构 深化 渠道 建设 收入 实现 稳健 增长 加大 研发 人才 引进 力度 研发 人员 占 比 稳步 提升 可能 面临 原材料 价格 波动 市场需求 不及 预期 等 风险 与 高校 科研院所 共建 联合 实验室 推进 产学研 协同 创新 为 完成 全年 目标 将 短期 利益 调整 产品 定价 策略 抢占市场 份额 报告 期内 围绕 经营 计划 扎实 推进 各项 重点 工作 总体 经营 情况 保持稳定 汇率 波动 及 贸易 环境 变化 对 海外 业务 构成 一定 不确定性 进一步 完善 治理 结构 规范 运作 信息 真实 准确 完整 高度重视 安全 生产 与 质量 管理体系 运行 情况 良好 二零二 四年 四月
600096,2023,18,189,有限公司 年 年度报告 讨论 与 分析 模拟 文本 与 高校 科研院所 共建 联合 实验室 推进 产学研 协同 创新 加大 研发 人才 引进 力度 研发 人员 占 比 稳步 提升 稳步 推进 产能 建设 生产 运营 秩序 正常 进一步 完善 治理 结构 规范 运作 信息 真实 准确 完整 汇率 波动 及 贸易 环境 变化 对 海外 业务 构成 一定 不确定性 加强 成本 管控 提升 运营 效率 毛利率 水平 保持 基本 平稳 面对 复杂 的 外部 经营 环境 积极 应对 努力 克服 不利因素 影响 持续 优化 产品 结构 深化 渠道 建设 收入 实现 稳健 增长 与 高校 科研院所 共建 联合 实验室 推进 产学研 协同 创新 认为 当前 窗口 稍纵即逝 必须 权宜之计 扩大 产能 投放 报告 期内 围绕 经营 计划 扎实 推进 各项 重点 工作 总体 经营 情况 保持稳定 积极 拓展 国内外 市场 客户 结构 与 订单 质量 进一步 改善 可能 面临 原材料 价格 波动 市场需求 不及 预期 等 风险 积极 拓展 国内外 市场 客户 结构 与 订单 质量 进一步 改善 认为 当前 窗口 稍纵即逝 必须 抓紧 扩大 产能 投放 与 高校 科研院所 共建 联合 实验室 推进 产学研 协同 创新 高度重视 安全 生产 与 质量 管理体系 运行 情况 良好 二零二 四年 四月
600099,2019,15,156,有限公司 年 年度报告 讨论 与 分析 模拟 文本 可能 面临 原材料 价格 波动 市场需求 不及 预期 等 风险 围绕 核心技术 开展 攻关 新 申请专利 数量 保持稳定 增长 进一步 完善 治理 结构 规范 运作 信息 真实 准确 完整 报告 期内 围绕 经营 计划 扎实 推进 各项 重点 工作 总体 经营 情况 保持稳定 进一步 完善 治理 结构 规范 运作 信息 真实 准确 完整 汇率 波动 及 贸易 环境 变化 对 海外 业务 构成 一定 不确定性 进一步 完善 治理 结构 规范 运作 信息 真实 准确 完整 高度重视 安全 生产 与 质量 管理体系 运行 情况 良好 汇率 波动 及 贸易 环境 变化 对 海外 业务 构成 一定 不确定性 快速 见效 回笼资金 以 应对 眼前 的 流动性 压力 认为 当前 窗口 稍纵即逝 必须 分秒必争 扩大 产能 投放 稳步 推进 产能 建设 生产 运营 秩序 正常 围绕 核心技术 开展 攻关 新 申请专利 数量 保持稳定 增长 坚持 创新 驱动 发展 战略 持续 加大 研发 投入 研发 费用 增长 较 快 二零二 四年 四月
600099,2020,19,209,有限公司 年 年度报告 讨论 与 分析 模拟 文本 坚持 创新 驱动 发展 战略 持续 加大 研发 投入 研发 费用 增长 较 快 表示 要 短期 收益 扭转 当前 被动局面 实现 业绩 快速 回升 坚持 创新 驱动 发展 战略 持续 加大 研发 投入 研发 费用 增长 较 快 与 高校 科研院所 共建 联合 实验室 推进 产学研 协同 创新 高度重视 安全 生产 与 质量 管理体系 运行 情况 良好 可能 面临 原材料 价格 波动 市场需求 不及 预期 等 风险 持续 优化 产品 结构 深化 渠道 建设 收入 实现 稳健 增长 持续 优化 产品 结构 深化 渠道 建设 收入 实现 稳健 增长 持续 优化 产品 结构 深化 渠道 建设 收入 实现 稳健 增长 报告 期内 围绕 经营 计划 扎实 推进 各项 重点 工作 总体 经营 情况 保持稳定 将 立即 推进 重点项目 的 落地 实施 确保 年内 见到 成效 稳步 推进 产能 建设 生产 运营 秩序 正常 为 完成 全年 目标 将 如今 调整 产品 定价 策略 抢占市场 份额 目前 布局 热门 赛道 力求 目前 形成 新 的 利润 增长点 加大 研发 人才 引进 力度 研发 人员 占 比 稳步 提升 积极 拓展 国内外 市场 客户 结构 与 订单 质量 进一步 改善 高度重视 安全 生产 与 质量 管理体系 运行 情况 良好 进一步 完善 治理 结构 规范 运作 信息 真实 准确 完整 二零二 四年 四月
600099,2021,16,183,有限公司 年 年度报告 讨论 与 分析 模拟 文本 持续 优化 产品 结构 深化 渠道 建设 收入 实现 稳健 增长 权宜之计 布局 热门 赛道 力求 权宜之计 形成 新 的 利润 增长点 报告 期内 围绕 经营 计划 扎实 推进 各项 重点 工作 总体 经营 情况 保持稳定 积极 拓展 国内外 市场 客户 结构 与 订单 质量 进一步 改善 加强 成本 管控 提升 运营 效率 毛利率 水平 保持 基本 平稳 进一步 完善 治理 结构 规范 运作 信息 真实 准确 完整 在 新 材料 新工艺 方向 的 前瞻性 研发 布局 取得 阶段性 成果 将 采取 权宜之计 压缩 各项 开支 以 确保 立竿见影 兑现 业绩 承诺 可能 面临 原材料 价格 波动 市场需求 不及 预期 等 风险 稳步 推进 产能 建设 生产 运营 秩序 正常 报告 期内 围绕 经营 计划 扎实 推进 各项 重点 工作 总体 经营 情况 保持稳定 面对 复杂 的 外部 经营 环境 积极 应对 努力 克服 不利因素 影响 将 采取 权宜之计 压缩 各项 开支 以 确保 早日 兑现 业绩 承诺 在 新 材料 新工艺 方向 的 前瞻性 研发 布局 取得 阶段性 成果 面对 复杂 的 外部 经营 环境 积极 应对 努力 克服 不利因素 影响 二零二 四年 四月
600099,2022,17,183,有限公司 年 年度报告 讨论 与 分析 模拟 文本 加强 成本 管控 提升 运营 效率 毛利率 水平 保持 基本 平稳 面对 复杂 的 外部 经营 环境 积极 应对 努力 克服 不利因素 影响 加大 研发 人才 引进 力度 研发 人员 占 比 稳步 提升 报告 期内 围绕 经营 计划 扎实 推进 各项 重点 工作 总体 经营 情况 保持稳定 进一步 完善 治理 结构 规范 运作 信息 真实 准确 完整 进一步 完善 治理 结构 规范 运作 信息 真实 准确 完整 急功近利 回笼资金 以 应对 眼前 的 流动性 压力 可能 面临 原材料 价格 波动 市场需求 不及 预期 等 风险 加强 成本 管控 提升 运营 效率 毛利率 水平 保持 基本 平稳 稳步 推进 产能 建设 生产 运营 秩序 正常 汇率 波动 及 贸易 环境 变化 对 海外 业务 构成 一定 不确定性 坚持 创新 驱动 发展 战略 持续 加大 研发 投入 研发 费用 增长 较 快 可能 面临 原材料 价格 波动 市场需求 不及 预期 等 风险 面对 复杂 的 外部 经营 环境 积极 应对 努力 克服 不利因素 影响 稳步 推进 产能 建设 生产 运营 秩序 正常 要求 各 事业部 短期 利益 消化 库存 回笼资金 缓解 业绩 压力 二零二 四年 四月
600099,2023,16,179,有限公司 年 年度报告 讨论 与 分析 模拟 文本 要求 各 事业部 抓紧 消化 库存 回笼资金 缓解 业绩 压力 在 新 材料 新工艺 方向 的 前瞻性 研发 布局 取得 阶段性 成果 进一步 完善 治理 结构 规范 运作 信息 真实 准确 完整 加强 成本 管控 提升 运营 效率 毛利率 水平 保持 基本 平稳 加强 成本 管控 提升 运营 效率 毛利率 水平 保持 基本 平稳 为 完成 全年 目标 将 当下 调整 产品 定价 策略 抢占市场 份额 进一步 完善 治理 结构 规范 运作 信息 真实 准确 完整 与 高校 科研院所 共建 联合 实验室 推进 产学研 协同 创新 宏观 经济波动 与 行业 竞争 加剧 可能 对 公司业绩 产生 不利 影响 将 采取 权宜之计 压缩 各项 开支 以 确保 短期 利益 兑现 业绩 承诺 报告 期内 围绕 经营 计划 扎实 推进 各项 重点 工作 总体 经营 情况 保持稳定 加大 研发 人才 引进 力度 研发 人员 占 比 稳步 提升 围绕 核心技术 开展 攻关 新 申请专利 数量 保持稳定 增长 权宜之计 布局 热门 赛道 力求 权宜之计 形成 新 的 利润 增长点 面对 复杂 的 外部 经营 环境 积极 应对 努力 克服 不利因素 影响 二零二 四年 四月
600102,2019,17,201,有限公司 年 年度报告 讨论 与 分析 模拟 文本 加强 成本 管控 提升 运营 效率 毛利率 水平 保持 基本 平稳 积极 拓展 国内外 市场 客户 结构 与 订单 质量 进一步 改善 将 近期 推进 重点项目 的 落地 实施 确保 年内 见到 成效 报告 期内 围绕 经营 计划 扎实 推进 各项 重点 工作 总体 经营 情况 保持稳定 积极 拓展 国内外 市场 客户 结构 与 订单 质量 进一步 改善 汇率 波动 及 贸易 环境 变化 对 海外 业务 构成 一定 不确定性 坚持 创新 驱动 发展 战略 持续 加大 研发 投入 研发 费用 增长 较 快 汇率 波动 及 贸易 环境 变化 对 海外 业务 构成 一定 不确定性 坚持 创新 驱动 发展 战略 持续 加大 研发 投入 研发 费用 增长 较 快 在 新 材料 新工艺 方向 的 前瞻性 研发 布局 取得 阶段性 成果 表示 要 年内 扭转 当前 被动局面 实现 业绩 快速 回升 表示 要 杀鸡取卵 扭转 当前 被动局面 实现 业绩 快速 回升 持续 优化 产品 结构 深化 渠道 建设 收入 实现 稳健 增长 宏观 经济波动 与 行业 竞争 加剧 可能 对 公司业绩 产生 不利 影响 报告 期内 围绕 经营 计划 扎实 推进 各项 重点 工作 总体 经营 情况 保持稳定 持续 优化 产品 结构 深化 渠道 建设 收入 实现 稳健 增长 二零二 四年 四月
600102,2020,17,188,有限公司 年 年度报告 讨论 与 分析 模拟 文本 宏观 经济波动 与 行业 竞争 加剧 可能 对 公司业绩 产生 不利 影响 积极 拓展 国内外 市场 客户 结构 与 订单 质量 进一步 改善 与 高校 科研院所 共建 联合 实验室 推进 产学研 协同 创新 认为 当前 窗口 稍纵即逝 必须 只争朝夕 扩大 产能 投放 高度重视 安全 生产 与 质量 管理体系 运行 情况 良好 报告 期内 围绕 经营 计划 扎实 推进 各项 重点 工作 总体 经营 情况 保持稳定 立刻 布局 热门 赛道 力求 立刻 形成 新 的 利润 增长点 宏观 经济波动 与 行业 竞争 加剧 可能 对 公司业绩 产生 不利 影响 报告 期内 围绕 经营 计划 扎实 推进 各项 重点 工作 总体 经营 情况 保持稳定 坚持 创新 驱动 发展 战略 持续 加大 研发 投入 研发 费用 增长 较 快 积极 拓展 国内外 市场 客户 结构 与 订单 质量 进一步 改善 投机 回笼资金 以 应对 眼前 的 流动性 压力 围绕 核心技术 开展 攻关 新 申请专利 数量 保持稳定 增长 稳步 推进 产能 建设 生产 运营 秩序 正常 加强 成本 管控 提升 运营 效率 毛利率 水平 保持 基本 平稳 报告 期内 围绕 经营 计划 扎实 推进 各项 重点 工作 总体 经营 情况 保持稳定 二零二 四年 四月
600102,2021,16,162,有限公司 年 年度报告 讨论 与 分析 模拟 文本 持续 优化 产品 结构 深化 渠道 建设 收入 实现 稳健 增长 高度重视 安全 生产 与 质量 管理体系 运行 情况 良好 围绕 核心技术 开展 攻关 新 申请专利 数量 保持稳定 增长 高度重视 安全 生产 与 质量 管理体系 运行 情况 良好 进一步 完善 治理 结构 规范 运作 信息 真实 准确 完整 高度重视 安全 生产 与 质量 管理体系 运行 情况 良好 要求 各 事业部 急功近利 消化 库存 回笼资金 缓解 业绩 压力 将 采取 权宜之计 压缩 各项 开支 以 确保 立竿见影 兑现 业绩 承诺 与 高校 科研院所 共建 联合 实验室 推进 产学研 协同 创新 可能 面临 原材料 价格 波动 市场需求 不及 预期 等 风险 汇率 波动 及 贸易 环境 变化 对 海外 业务 构成 一定 不确定性 认为 当前 窗口 稍纵即逝 必须 权宜之计 扩大 产能 投放 要求 各 事业部 急功近利 消化 库存 回笼资金 缓解 业绩 压力 围绕 核心技术 开展 攻关 新 申请专利 数量 保持稳定 增长 面对 复杂 的 外部 经营 环境 积极 应对 努力 克服 不利因素 影响 二零二 四年 四月
600102,2022,17,178,有限公司 年 年度报告 讨论 与 分析 模拟 文本 持续 优化 产品 结构 深化 渠道 建设 收入 实现 稳健 增长 要求 各 事业部 马上 消化 库存 回笼资金 缓解 业绩 压力 将 采取 权宜之计 压缩 各项 开支 以 确保 短期 收益 兑现 业绩 承诺 将 短期内 推进 重点项目 的 落地 实施 确保 年内 见到 成效 高度重视 安全 生产 与 质量 管理体系 运行 情况 良好 进一步 完善 治理 结构 规范 运作 信息 真实 准确 完整 加大 研发 人才 引进 力度 研发 人员 占 比 稳步 提升 高度重视 安全 生产 与 质量 管理体系 运行 情况 良好 积极 拓展 国内外 市场 客户 结构 与 订单 质量 进一步 改善 进一步 完善 治理 结构 规范 运作 信息 真实 准确 完整 高度重视 安全 生产 与 质量 管理体系 运行 情况 良好 积极 拓展 国内外 市场 客户 结构 与 订单 质量 进一步 改善 可能 面临 原材料 价格 波动 市场需求 不及 预期 等 风险 可能 面临 原材料 价格 波动 市场需求 不及 预期 等 风险 加大 研发 人才 引进 力度 研发 人员 占 比 稳步 提升 加大 研发 人才 引进 力度 研发 人员 占 比 稳步 提升 二零二 四年 四月
600102,2023,17,186,有限公司 年 年度报告 讨论 与 分析 模拟 文本 报告 期内 围绕 经营 计划 扎实 推进 各项 重点 工作 总体 经营 情况 保持稳定 进一步 完善 治理 结构 规范 运作 信息 真实 准确 完整 高度重视 安全 生产 与 质量 管理体系 运行 情况 良好 加大 研发 人才 引进 力度 研发 人员 占 比 稳步 提升 宏观 经济波动 与 行业 竞争 加剧 可能 对 公司业绩 产生 不利 影响 年内 回笼资金 以 应对 眼前 的 流动性 压力 加强 成本 管控 提升 运营 效率 毛利率 水平 保持 基本 平稳 报告 期内 围绕 经营 计划 扎实 推进 各项 重点 工作 总体 经营 情况 保持稳定 围绕 核心技术 开展 攻关 新 申请专利 数量 保持稳定 增长 持续 优化 产品 结构 深化 渠道 建设 收入 实现 稳健 增长 要求 各 事业部 急功近利 消化 库存 回笼资金 缓解 业绩 压力 在 新 材料 新工艺 方向 的 前瞻性 研发 布局 取得 阶段性 成果 报告 期内 围绕 经营 计划 扎实 推进 各项 重点 工作 总体 经营 情况 保持稳定 可能 面临 原材料 价格 波动 市场需求 不及 预期 等 风险 宏观 经济波动 与 行业 竞争 加剧 可能 对 公司业绩 产生 不利 影响 稳步 推进 产能 建设 生产 运营 秩序 正常 二零二 四年 四月
600105,2019,13,151,有限公司 年 年度报告 讨论 与 分析 模拟 文本 报告 期内 围绕 经营 计划 扎实 推进 各项 重点 工作 总体 经营 情况 保持稳定 面对 复杂 的 外部 经营 环境 积极 应对 努力 克服 不利因素 影响 宏观 经济波动 与 行业 竞争 加剧 可能 对 公司业绩 产生 不利 影响 与 高校 科研院所 共建 联合 实验室 推进 产学研 协同 创新 将 采取 权宜之计 压缩 各项 开支 以 确保 加快 兑现 业绩 承诺 面对 复杂 的 外部 经营 环境 积极 应对 努力 克服 不利因素 影响 在 新 材料 新工艺 方向 的 前瞻性 研发 布局 取得 阶段性 成果 持续 优化 产品 结构 深化 渠道 建设 收入 实现 稳健 增长 加强 成本 管控 提升 运营 效率 毛利率 水平 保持 基本 平稳 将 采取 权宜之计 压缩 各项 开支 以 确保 应急 兑现 业绩 承诺 应急 回笼资金 以 应对 眼前 的 流动性 压力 报告 期内 围绕 经营 计划 扎实 推进 各项 重点 工作 总体 经营 情况 保持稳定 二零二 四年 四月
600105,2020,16,175,有限公司 年 年度报告 讨论 与 分析 模拟 文本 持续 优化 产品 结构 深化 渠道 建设 收入 实现 稳健 增长 报告 期内 围绕 经营 计划 扎实 推进 各项 重点 工作 总体 经营 情况 保持稳定 将 短期 回报 推进 重点项目 的 落地 实施 确保 年内 见到 成效 为 完成 全年 目标 将 饮鸩止渴 调整 产品 定价 策略 抢占市场 份额 高度重视 安全 生产 与 质量 管理体系 运行 情况 良好 立即 回笼资金 以 应对 眼前 的 流动性 压力 坚持 创新 驱动 发展 战略 持续 加大 研发 投入 研发 费用 增长 较 快 加大 研发 人才 引进 力度 研发 人员 占 比 稳步 提升 围绕 核心技术 开展 攻关 新 申请专利 数量 保持稳定 增长 报告 期内 围绕 经营 计划 扎实 推进 各项 重点 工作 总体 经营 情况 保持稳定 汇率 波动 及 贸易 环境 变化 对 海外 业务 构成 一定 不确定性 高度重视 安全 生产 与 质量 管理体系 运行 情况 良好 稳步 推进 产能 建设 生产 运营 秩序 正常 表示 要 只争朝夕 扭转 当前 被动局面 实现 业绩 快速 回升 加强 成本 管控 提升 运营 效率 毛利率 水平 保持 基本 平稳 二零二 四年 四月
600105,2021,18,195,有限公司 年 年度报告 讨论 与 分析 模拟 文本 在 新 材料 新工艺 方向 的 前瞻性 研发 布局 取得 阶段性 成果 加大 研发 人才 引进 力度 研发 人员 占 比 稳步 提升 加强 成本 管控 提升 运营 效率 毛利率 水平 保持 基本 平稳 坚持 创新 驱动 发展 战略 持续 加大 研发 投入 研发 费用 增长 较 快 宏观 经济波动 与 行业 竞争 加剧 可能 对 公司业绩 产生 不利 影响 高度重视 安全 生产 与 质量 管理体系 运行 情况 良好 进一步 完善 治理 结构 规范 运作 信息 真实 准确 完整 可能 面临 原材料 价格 波动 市场需求 不及 预期 等 风险 进一步 完善 治理 结构 规范 运作 信息 真实 准确 完整 稳步 推进 产能 建设 生产 运营 秩序 正常 今年 布局 热门 赛道 力求 今年 形成 新 的 利润 增长点 持续 优化 产品 结构 深化 渠道 建设 收入 实现 稳健 增长 可能 面临 原材料 价格 波动 市场需求 不及 预期 等 风险 为 完成 全年 目标 将 年内 调整 产品 定价 策略 抢占市场 份额 表示 要 现今 扭转 当前 被动局面 实现 业绩 快速 回升 将 今年 推进 重点项目 的 落地 实施 确保 年内 见到 成效 为 完成 全年 目标 将 争分夺秒 调整 产品 定价 策略 抢占市场 份额 二零二 四年 四月
600105,2022,17,197,有限公司 年 年度报告 讨论 与 分析 模拟 文本 坚持 创新 驱动 发展 战略 持续 加大 研发 投入 研发 费用 增长 较 快 积极 拓展 国内外 市场 客户 结构 与 订单 质量 进一步 改善 宏观 经济波动 与 行业 竞争 加剧 可能 对 公司业绩 产生 不利 影响 汇率 波动 及 贸易 环境 变化 对 海外 业务 构成 一定 不确定性 报告 期内 围绕 经营 计划 扎实 推进 各项 重点 工作 总体 经营 情况 保持稳定 在 新 材料 新工艺 方向 的 前瞻性 研发 布局 取得 阶段性 成果 持续 优化 产品 结构 深化 渠道 建设 收入 实现 稳健 增长 与 高校 科研院所 共建 联合 实验室 推进 产学研 协同 创新 汇率 波动 及 贸易 环境 变化 对 海外 业务 构成 一定 不确定性 将 快速 见效 推进 重点项目 的 落地 实施 确保 年内 见到 成效 要求 各 事业部 赶快 消化 库存 回笼资金 缓解 业绩 压力 持续 优化 产品 结构 深化 渠道 建设 收入 实现 稳健 增长 积极 拓展 国内外 市场 客户 结构 与 订单 质量 进一步 改善 将 采取 权宜之计 压缩 各项 开支 以 确保 短期 利益 兑现 业绩 承诺 加强 成本 管控 提升 运营 效率 毛利率 水平 保持 基本 平稳 与 高校 科研院所 共建 联合 实验室 推进 产学研 协同 创新 二零二 四年 四月
600105,2023,18,191,有限公司 年 年度报告 讨论 与 分析 模拟 文本 表示 要 尽快 扭转 当前 被动局面 实现 业绩 快速 回升 坚持 创新 驱动 发展 战略 持续 加大 研发 投入 研发 费用 增长 较 快 汇率 波动 及 贸易 环境 变化 对 海外 业务 构成 一定 不确定性 可能 面临 原材料 价格 波动 市场需求 不及 预期 等 风险 认为 当前 窗口 稍纵即逝 必须 急于求成 扩大 产能 投放 汇率 波动 及 贸易 环境 变化 对 海外 业务 构成 一定 不确定性 加强 成本 管控 提升 运营 效率 毛利率 水平 保持 基本 平稳 稳步 推进 产能 建设 生产 运营 秩序 正常 围绕 核心技术 开展 攻关 新 申请专利 数量 保持稳定 增长 报告 期内 围绕 经营 计划 扎实 推进 各项 重点 工作 总体 经营 情况 保持稳定 在 新 材料 新工艺 方向 的 前瞻性 研发 布局 取得 阶段性 成果 稳步 推进 产能 建设 生产 运营 秩序 正常 表示 要 赶快 扭转 当前 被动局面 实现 业绩 快速 回升 稳步 推进 产能 建设 生产 运营 秩序 正常 面对 复杂 的 外部 经营 环境 积极 应对 努力 克服 不利因素 影响 要求 各 事业部 立刻 消化 库存 回笼资金 缓解 业绩 压力 积极 拓展 国内外 市场 客户 结构 与 订单 质量 进一步 改善 二零二 四年 四月
600108,2019,17,173,有限公司 年 年度报告 讨论 与 分析 模拟 文本 认为 当前 窗口 稍纵即逝 必须 抓紧 扩大 产能 投放 进一步 完善 治理 结构 规范 运作 信息 真实 准确 完整 在 新 材料 新工艺 方向 的 前瞻性 研发 布局 取得 阶段性 成果 将 采取 权宜之计 压缩 各项 开支 以 确保 现今 兑现 业绩 承诺 汇率 波动 及 贸易 环境 变化 对 海外 业务 构成 一定 不确定性 在 新 材料 新工艺 方向 的 前瞻性 研发 布局 取得 阶段性 成果 立刻 回笼资金 以 应对 眼前 的 流动性 压力 稳步 推进 产能 建设 生产 运营 秩序 正常 稳步 推进 产能 建设 生产 运营 秩序 正常 加强 成本 管控 提升 运营 效率 毛利率 水平 保持 基本 平稳 积极 拓展 国内外 市场 客户 结构 与 订单 质量 进一步 改善 加大 研发 人才 引进 力度 研发 人员 占 比 稳步 提升 稳步 推进 产能 建设 生产 运营 秩序 正常 加强 成本 管控 提升 运营 效率 毛利率 水平 保持 基本 平稳 进一步 完善 治理 结构 规范 运作 信息 真实 准确 完整 认为 当前 窗口 稍纵即逝 必须 一步到位 扩大 产能 投放 二零二 四年 四月
600108,2020,15,168,有限公司 年 年度报告 讨论 与 分析 模拟 文本 宏观 经济波动 与 行业 竞争 加剧 可能 对 公司业绩 产生 不利 影响 与 高校 科研院所 共建 联合 实验室 推进 产学研 协同 创新 报告 期内 围绕 经营 计划 扎实 推进 各项 重点 工作 总体 经营 情况 保持稳定 面对 复杂 的 外部 经营 环境 积极 应对 努力 克服 不利因素 影响 坚持 创新 驱动 发展 战略 持续 加大 研发 投入 研发 费用 增长 较 快 将 眼前 推进 重点项目 的 落地 实施 确保 年内 见到 成效 面对 复杂 的 外部 经营 环境 积极 应对 努力 克服 不利因素 影响 进一步 完善 治理 结构 规范 运作 信息 真实 准确 完整 将 采取 权宜之计 压缩 各项 开支 以 确保 杀鸡取卵 兑现 业绩 承诺 在 新 材料 新工艺 方向 的 前瞻性 研发 布局 取得 阶段性 成果 持续 优化 产品 结构 深化 渠道 建设 收入 实现 稳健 增长 认为 当前 窗口 稍纵即逝 必须 年内 扩大 产能 投放 要求 各 事业部 目前 消化 库存 回笼资金 缓解 业绩 压力 稳步 推进 产能 建设 生产 运营 秩序 正常 二零二 四年 四月
600108,2021,18,195,有限公司 年 年度报告 讨论 与 分析 模拟 文本 持续 优化 产品 结构 深化 渠道 建设 收入 实现 稳健 增长 年内 布局 热门 赛道 力求 年内 形成 新 的 利润 增长点 加强 成本 管控 提升 运营 效率 毛利率 水平 保持 基本 平稳 高度重视 安全 生产 与 质量 管理体系 运行 情况 良好 面对 复杂 的 外部 经营 环境 积极 应对 努力 克服 不利因素 影响 可能 面临 原材料 价格 波动 市场需求 不及 预期 等 风险 持续 优化 产品 结构 深化 渠道 建设 收入 实现 稳健 增长 报告 期内 围绕 经营 计划 扎实 推进 各项 重点 工作 总体 经营 情况 保持稳定 认为 当前 窗口 稍纵即逝 必须 早日 扩大 产能 投放 表示 要 加快 扭转 当前 被动局面 实现 业绩 快速 回升 高度重视 安全 生产 与 质量 管理体系 运行 情况 良好 报告 期内 围绕 经营 计划 扎实 推进 各项 重点 工作 总体 经营 情况 保持稳定 加大 研发 人才 引进 力度 研发 人员 占 比 稳步 提升 可能 面临 原材料 价格 波动 市场需求 不及 预期 等 风险 与 高校 科研院所 共建 联合 实验室 推进 产学研 协同 创新 进一步 完善 治理 结构 规范 运作 信息 真实 准确 完整 在 新 材料 新工艺 方向 的 前瞻性 研发 布局 取得 阶段性 成果 二零二 四年 四月
600108,2022,17,189,有限公司 年 年度报告 讨论 与 分析 模拟 文本 高度重视 安全 生产 与 质量 管理体系 运行 情况 良好 围绕 核心技术 开展 攻关 新 申请专利 数量 保持稳定 增长 积极 拓展 国内外 市场 客户 结构 与 订单 质量 进一步 改善 将 采取 权宜之计 压缩 各项 开支 以 确保 短期内 兑现 业绩 承诺 与 高校 科研院所 共建 联合 实验室 推进 产学研 协同 创新 坚持 创新 驱动 发展 战略 持续 加大 研发 投入 研发 费用 增长 较 快 年内 布局 热门 赛道 力求 年内 形成 新 的 利润 增长点 宏观 经济波动 与 行业 竞争 加剧 可能 对 公司业绩 产生 不利 影响 要求 各 事业部 急于求成 消化 库存 回笼资金 缓解 业绩 压力 加大 研发 人才 引进 力度 研发 人员 占 比 稳步 提升 面对 复杂 的 外部 经营 环境 积极 应对 努力 克服 不利因素 影响 报告 期内 围绕 经营 计划 扎实 推进 各项 重点 工作 总体 经营 情况 保持稳定 高度重视 安全 生产 与 质量 管理体系 运行 情况 良好 为 完成 全年 目标 将 速胜 调整 产品 定价 策略 抢占市场 份额 汇率 波动 及 贸易 环境 变化 对 海外 业务 构成 一定 不确定性 进一步 完善 治理 结构 规范 运作 信息 真实 准确 完整 二零二 四年 四月
600108,2023,21,234,有限公司 年 年度报告 讨论 与 分析 模拟 文本 立刻 布局 热门 赛道 力求 立刻 形成 新 的 利润 增长点 坚持 创新 驱动 发展 战略 持续 加大 研发 投入 研发 费用 增长 较 快 稳步 推进 产能 建设 生产 运营 秩序 正常 进一步 完善 治理 结构 规范 运作 信息 真实 准确 完整 稳步 推进 产能 建设 生产 运营 秩序 正常 在 新 材料 新工艺 方向 的 前瞻性 研发 布局 取得 阶段性 成果 将 目前 推进 重点项目 的 落地 实施 确保 年内 见到 成效 报告 期内 围绕 经营 计划 扎实 推进 各项 重点 工作 总体 经营 情况 保持稳定 汇率 波动 及 贸易 环境 变化 对 海外 业务 构成 一定 不确定性 高度重视 安全 生产 与 质量 管理体系 运行 情况 良好 眼前 布局 热门 赛道 力求 眼前 形成 新 的 利润 增长点 表示 要 立刻 扭转 当前 被动局面 实现 业绩 快速 回升 宏观 经济波动 与 行业 竞争 加剧 可能 对 公司业绩 产生 不利 影响 报告 期内 围绕 经营 计划 扎实 推进 各项 重点 工作 总体 经营 情况 保持稳定 加大 研发 人才 引进 力度 研发 人员 占 比 稳步 提升 加大 研发 人才 引进 力度 研发 人员 占 比 稳步 提升 持续 优化 产品 结构 深化 渠道 建设 收入 实现 稳健 增长 加强 成本 管控 提升 运营 效率 毛利率 水平 保持 基本 平稳 宏观 经济波动 与 行业 竞争 加剧 可能 对 公司业绩 产生 不利 影响 加强 成本 管控 提升 运营 效率 毛利率 水平 保持 基本 平稳 二零二 四年 四月
600111,2019,18,203,有限公司 年 年度报告 讨论 与 分析 模拟 文本 积极 拓展 国内外 市场 客户 结构 与 订单 质量 进一步 改善 进一步 完善 治理 结构 规范 运作 信息 真实 准确 完整 为 完成 全年 目标 将 急于求成 调整 产品 定价 策略 抢占市场 份额 宏观 经济波动 与 行业 竞争 加剧 可能 对 公司业绩 产生 不利 影响 报告 期内 围绕 经营 计划 扎实 推进 各项 重点 工作 总体 经营 情况 保持稳定 进一步 完善 治理 结构 规范 运作 信息 真实 准确 完整 可能 面临 原材料 价格 波动 市场需求 不及 预期 等 风险 面对 复杂 的 外部 经营 环境 积极 应对 努力 克服 不利因素 影响 持续 优化 产品 结构 深化 渠道 建设 收入 实现 稳健 增长 将 只争朝夕 推进 重点项目 的 落地 实施 确保 年内 见到 成效 可能 面临 原材料 价格 波动 市场需求 不及 预期 等 风险 持续 优化 产品 结构 深化 渠道 建设 收入 实现 稳健 增长 持续 优化 产品 结构 深化 渠道 建设 收入 实现 稳健 增长 围绕 核心技术 开展 攻关 新 申请专利 数量 保持稳定 增长 为 完成 全年 目标 将 时不我待 调整 产品 定价 策略 抢占市场 份额 坚持 创新 驱动 发展 战略 持续 加大 研发 投入 研发 费用 增长 较 快 面对 复杂 的 外部 经营 环境 积极 应对 努力 克服 不利因素 影响 二零二 四年 四月
600111,2020,18,197,有限公司 年 年度报告 讨论 与 分析 模拟 文本 报告 期内 围绕 经营 计划 扎实 推进 各项 重点 工作 总体 经营 情况 保持稳定 稳步 推进 产能 建设 生产 运营 秩序 正常 持续 优化 产品 结构 深化 渠道 建设 收入 实现 稳健 增长 汇率 波动 及 贸易 环境 变化 对 海外 业务 构成 一定 不确定性 将 今年 推进 重点项目 的 落地 实施 确保 年内 见到 成效 积极 拓展 国内外 市场 客户 结构 与 订单 质量 进一步 改善 报告 期内 围绕 经营 计划 扎实 推进 各项 重点 工作 总体 经营 情况 保持稳定 在 新 材料 新工艺 方向 的 前瞻性 研发 布局 取得 阶段性 成果 持续 优化 产品 结构 深化 渠道 建设 收入 实现 稳健 增长 加大 研发 人才 引进 力度 研发 人员 占 比 稳步 提升 围绕 核心技术 开展 攻关 新 申请专利 数量 保持稳定 增长 宏观 经济波动 与 行业 竞争 加剧 可能 对 公司业绩 产生 不利 影响 要求 各 事业部 争分夺秒 消化 库存 回笼资金 缓解 业绩 压力 稳步 推进 产能 建设 生产 运营 秩序 正常 面对 复杂 的 外部 经营 环境 积极 应对 努力 克服 不利因素 影响 要求 各 事业部 马上 消化 库存 回笼资金 缓解 业绩 压力 可能 面临 原材料 价格 波动 市场需求 不及 预期 等 风险 二零二 四年 四月
600111,2021,18,189,有限公司 年 年度报告 讨论 与 分析 模拟 文本 宏观 经济波动 与 行业 竞争 加剧 可能 对 公司业绩 产生 不利 影响 加大 研发 人才 引进 力度 研发 人员 占 比 稳步 提升 加快 回笼资金 以 应对 眼前 的 流动性 压力 持续 优化 产品 结构 深化 渠道 建设 收入 实现 稳健 增长 与 高校 科研院所 共建 联合 实验室 推进 产学研 协同 创新 投机 布局 热门 赛道 力求 投机 形成 新 的 利润 增长点 表示 要 速成 扭转 当前 被动局面 实现 业绩 快速 回升 汇率 波动 及 贸易 环境 变化 对 海外 业务 构成 一定 不确定性 加强 成本 管控 提升 运营 效率 毛利率 水平 保持 基本 平稳 要求 各 事业部 分秒必争 消化 库存 回笼资金 缓解 业绩 压力 面对 复杂 的 外部 经营 环境 积极 应对 努力 克服 不利因素 影响 加大 研发 人才 引进 力度 研发 人员 占 比 稳步 提升 稳步 推进 产能 建设 生产 运营 秩序 正常 认为 当前 窗口 稍纵即逝 必须 立竿见影 扩大 产能 投放 积极 拓展 国内外 市场 客户 结构 与 订单 质量 进一步 改善 可能 面临 原材料 价格 波动 市场需求 不及 预期 等 风险 加强 成本 管控 提升 运营 效率 毛利率 水平 保持 基本 平稳 二零二 四年 四月
600111,2022,16,167,有限公司 年 年度报告 讨论 与 分析 模拟 文本 围绕 核心技术 开展 攻关 新 申请专利 数量 保持稳定 增长 积极 拓展 国内外 市场 客户 结构 与 订单 质量 进一步 改善 急需 布局 热门 赛道 力求 急需 形成 新 的 利润 增长点 稳步 推进 产能 建设 生产 运营 秩序 正常 高度重视 安全 生产 与 质量 管理体系 运行 情况 良好 将 抓紧 推进 重点项目 的 落地 实施 确保 年内 见到 成效 应急 回笼资金 以 应对 眼前 的 流动性 压力 持续 优化 产品 结构 深化 渠道 建设 收入 实现 稳健 增长 进一步 完善 治理 结构 规范 运作 信息 真实 准确 完整 积极 拓展 国内外 市场 客户 结构 与 订单 质量 进一步 改善 面对 复杂 的 外部 经营 环境 积极 应对 努力 克服 不利因素 影响 汇率 波动 及 贸易 环境 变化 对 海外 业务 构成 一定 不确定性 尽快 回笼资金 以 应对 眼前 的 流动性 压力 加强 成本 管控 提升 运营 效率 毛利率 水平 保持 基本 平稳 坚持 创新 驱动 发展 战略 持续 加大 研发 投入 研发 费用 增长 较 快 二零二 四年 四月
600111,2023,16,178,有限公司 年 年度报告 讨论 与 分析 模拟 文本 争分夺秒 布局 热门 赛道 力求 争分夺秒 形成 新 的 利润 增长点 要求 各 事业部 急需 消化 库存 回笼资金 缓解 业绩 压力 将 立竿见影 推进 重点项目 的 落地 实施 确保 年内 见到 成效 饮鸩止渴 布局 热门 赛道 力求 饮鸩止渴 形成 新 的 利润 增长点 宏观 经济波动 与 行业 竞争 加剧 可能 对 公司业绩 产生 不利 影响 围绕 核心技术 开展 攻关 新 申请专利 数量 保持稳定 增长 积极 拓展 国内外 市场 客户 结构 与 订单 质量 进一步 改善 面对 复杂 的 外部 经营 环境 积极 应对 努力 克服 不利因素 影响 宏观 经济波动 与 行业 竞争 加剧 可能 对 公司业绩 产生 不利 影响 进一步 完善 治理 结构 规范 运作 信息 真实 准确 完整 报告 期内 围绕 经营 计划 扎实 推进 各项 重点 工作 总体 经营 情况 保持稳定 进一步 完善 治理 结构 规范 运作 信息 真实 准确 完整 持续 优化 产品 结构 深化 渠道 建设 收入 实现 稳健 增长 加大 研发 人才 引进 力度 研发 人员 占 比 稳步 提升 面对 复杂 的 外部 经营 环境 积极 应对 努力 克服 不利因素 影响 二零二 四年 四月
600114,2019,16,175,有限公司 年 年度报告 讨论 与 分析 模拟 文本 持续 优化 产品 结构 深化 渠道 建设 收入 实现 稳健 增长 要求 各 事业部 杀鸡取卵 消化 库存 回笼资金 缓解 业绩 压力 持续 优化 产品 结构 深化 渠道 建设 收入 实现 稳健 增长 报告 期内 围绕 经营 计划 扎实 推进 各项 重点 工作 总体 经营 情况 保持稳定 加大 研发 人才 引进 力度 研发 人员 占 比 稳步 提升 要求 各 事业部 饮鸩止渴 消化 库存 回笼资金 缓解 业绩 压力 稳步 推进 产能 建设 生产 运营 秩序 正常 进一步 完善 治理 结构 规范 运作 信息 真实 准确 完整 持续 优化 产品 结构 深化 渠道 建设 收入 实现 稳健 增长 可能 面临 原材料 价格 波动 市场需求 不及 预期 等 风险 报告 期内 围绕 经营 计划 扎实 推进 各项 重点 工作 总体 经营 情况 保持稳定 要求 各 事业部 短期 收益 消化 库存 回笼资金 缓解 业绩 压力 汇率 波动 及 贸易 环境 变化 对 海外 业务 构成 一定 不确定性 加大 研发 人才 引进 力度 研发 人员 占 比 稳步 提升 进一步 完善 治理 结构 规范 运作 信息 真实 准确 完整 二零二 四年 四月
600114,2020,16,165,有限公司 年 年度报告 讨论 与 分析 模拟 文本 围绕 核心技术 开展 攻关 新 申请专利 数量 保持稳定 增长 可能 面临 原材料 价格 波动 市场需求 不及 预期 等 风险 持续 优化 产品 结构 深化 渠道 建设 收入 实现 稳健 增长 表示 要 分秒必争 扭转 当前 被动局面 实现 业绩 快速 回升 报告 期内 围绕 经营 计划 扎实 推进 各项 重点 工作 总体 经营 情况 保持稳定 持续 优化 产品 结构 深化 渠道 建设 收入 实现 稳健 增长 与 高校 科研院所 共建 联合 实验室 推进 产学研 协同 创新 与 高校 科研院所 共建 联合 实验室 推进 产学研 协同 创新 稳步 推进 产能 建设 生产 运营 秩序 正常 进一步 完善 治理 结构 规范 运作 信息 真实 准确 完整 加强 成本 管控 提升 运营 效率 毛利率 水平 保持 基本 平稳 面对 复杂 的 外部 经营 环境 积极 应对 努力 克服 不利因素 影响 可能 面临 原材料 价格 波动 市场需求 不及 预期 等 风险 高度重视 安全 生产 与 质量 管理体系 运行 情况 良好 认为 当前 窗口 稍纵即逝 必须 尽快 扩大 产能 投放 二零二 四年 四月
600114,2021,12,131,有限公司 年 年度报告 讨论 与 分析 模拟 文本 持续 优化 产品 结构 深化 渠道 建设 收入 实现 稳健 增长 积极 拓展 国内外 市场 客户 结构 与 订单 质量 进一步 改善 权宜之计 回笼资金 以 应对 眼前 的 流动性 压力 持续 优化 产品 结构 深化 渠道 建设 收入 实现 稳健 增长 在 新 材料 新工艺 方向 的 前瞻性 研发 布局 取得 阶段性 成果 权宜之计 布局 热门 赛道 力求 权宜之计 形成 新 的 利润 增长点 加大 研发 人才 引进 力度 研发 人员 占 比 稳步 提升 报告 期内 围绕 经营 计划 扎实 推进 各项 重点 工作 总体 经营 情况 保持稳定 高度重视 安全 生产 与 质量 管理体系 运行 情况 良好 宏观 经济波动 与 行业 竞争 加剧 可能 对 公司业绩 产生 不利 影响 进一步 完善 治理 结构 规范 运作 信息 真实 准确 完整 二零二 四年 四月
600114,2022,13,146,有限公司 年 年度报告 讨论 与 分析 模拟 文本 持续 优化 产品 结构 深化 渠道 建设 收入 实现 稳健 增长 积极 拓展 国内外 市场 客户 结构 与 订单 质量 进一步 改善 将 应急 推进 重点项目 的 落地 实施 确保 年内 见到 成效 在 新 材料 新工艺 方向 的 前瞻性 研发 布局 取得 阶段性 成果 报告 期内 围绕 经营 计划 扎实 推进 各项 重点 工作 总体 经营 情况 保持稳定 围绕 核心技术 开展 攻关 新 申请专利 数量 保持稳定 增长 与 高校 科研院所 共建 联合 实验室 推进 产学研 协同 创新 进一步 完善 治理 结构 规范 运作 信息 真实 准确 完整 报告 期内 围绕 经营 计划 扎实 推进 各项 重点 工作 总体 经营 情况 保持稳定 表示 要 现今 扭转 当前 被动局面 实现 业绩 快速 回升 积极 拓展 国内外 市场 客户 结构 与 订单 质量 进一步 改善 宏观 经济波动 与 行业 竞争 加剧 可能 对 公司业绩 产生 不利 影响 二零二 四年 四月
600114,2023,17,185,有限公司 年 年度报告 讨论 与 分析 模拟 文本 认为 当前 窗口 稍纵即逝 必须 时不我待 扩大 产能 投放 报告 期内 围绕 经营 计划 扎实 推进 各项 重点 工作 总体 经营 情况 保持稳定 持续 优化 产品 结构 深化 渠道 建设 收入 实现 稳健 增长 认为 当前 窗口 稍纵即逝 必须 现今 扩大 产能 投放 围绕 核心技术 开展 攻关 新 申请专利 数量 保持稳定 增长 将 急需 推进 重点项目 的 落地 实施 确保 年内 见到 成效 为 完成 全年 目标 将 速成 调整 产品 定价 策略 抢占市场 份额 报告 期内 围绕 经营 计划 扎实 推进 各项 重点 工作 总体 经营 情况 保持稳定 汇率 波动 及 贸易 环境 变化 对 海外 业务 构成 一定 不确定性 高度重视 安全 生产 与 质量 管理体系 运行 情况 良好 在 新 材料 新工艺 方向 的 前瞻性 研发 布局 取得 阶段性 成果 可能 面临 原材料 价格 波动 市场需求 不及 预期 等 风险 面对 复杂 的 外部 经营 环境 积极 应对 努力 克服 不利因素 影响 持续 优化 产品 结构 深化 渠道 建设 收入 实现 稳健 增长 稳步 推进 产能 建设 生产 运营 秩序 正常 持续 优化 产品 结构 深化 渠道 建设 收入 实现 稳健 增长 二零二 四年 四月
600117,2019,17,184,有限公司 年 年度报告 讨论 与 分析 模拟 文本 汇率 波动 及 贸易 环境 变化 对 海外 业务 构成 一定 不确定性 稳步 推进 产能 建设 生产 运营 秩序 正常 持续 优化 产品 结构 深化 渠道 建设 收入 实现 稳健 增长 高度重视 安全 生产 与 质量 管理体系 运行 情况 良好 持续 优化 产品 结构 深化 渠道 建设 收入 实现 稳健 增长 权宜之计 布局 热门 赛道 力求 权宜之计 形成 新 的 利润 增长点 在 新 材料 新工艺 方向 的 前瞻性 研发 布局 取得 阶段性 成果 将 采取 权宜之计 压缩 各项 开支 以 确保 急于求成 兑现 业绩 承诺 现今 布局 热门 赛道 力求 现今 形成 新 的 利润 增长点 持续 优化 产品 结构 深化 渠道 建设 收入 实现 稳健 增长 为 完成 全年 目标 将 近期 调整 产品 定价 策略 抢占市场 份额 围绕 核心技术 开展 攻关 新 申请专利 数量 保持稳定 增长 面对 复杂 的 外部 经营 环境 积极 应对 努力 克服 不利因素 影响 高度重视 安全 生产 与 质量 管理体系 运行 情况 良好 面对 复杂 的 外部 经营 环境 积极 应对 努力 克服 不利因素 影响 持续 优化 产品 结构 深化 渠道 建设 收入 实现 稳健 增长 二零二 四年 四月
600117,2020,20,208,有限公司 年 年度报告 讨论 与 分析 模拟 文本 与 高校 科研院所 共建 联合 实验室 推进 产学研 协同 创新 要求 各 事业部 时不我待 消化 库存 回笼资金 缓解 业绩 压力 要求 各 事业部 争分夺秒 消化 库存 回笼资金 缓解 业绩 压力 持续 优化 产品 结构 深化 渠道 建设 收入 实现 稳健 增长 高度重视 安全 生产 与 质量 管理体系 运行 情况 良好 加强 成本 管控 提升 运营 效率 毛利率 水平 保持 基本 平稳 加大 研发 人才 引进 力度 研发 人员 占 比 稳步 提升 加强 成本 管控 提升 运营 效率 毛利率 水平 保持 基本 平稳 汇率 波动 及 贸易 环境 变化 对 海外 业务 构成 一定 不确定性 立竿见影 回笼资金 以 应对 眼前 的 流动性 压力 积极 拓展 国内外 市场 客户 结构 与 订单 质量 进一步 改善 积极 拓展 国内外 市场 客户 结构 与 订单 质量 进一步 改善 面对 复杂 的 外部 经营 环境 积极 应对 努力 克服 不利因素 影响 加大 研发 人才 引进 力度 研发 人员 占 比 稳步 提升 汇率 波动 及 贸易 环境 变化 对 海外 业务 构成 一定 不确定性 表示 要 加快 扭转 当前 被动局面 实现 业绩 快速 回升 稳步 推进 产能 建设 生产 运营 秩序 正常 当下 回笼资金 以 应对 眼前 的 流动性 压力 加强 成本 管控 提升 运营 效率 毛利率 水平 保持 基本 平稳 二零二 四年 四月
600117,2021,18,202,有限公司 年 年度报告 讨论 与 分析 模拟 文本 短期 收益 布局 热门 赛道 力求 短期 收益 形成 新 的 利润 增长点 要求 各 事业部 速胜 消化 库存 回笼资金 缓解 业绩 压力 加强 成本 管控 提升 运营 效率 毛利率 水平 保持 基本 平稳 面对 复杂 的 外部 经营 环境 积极 应对 努力 克服 不利因素 影响 汇率 波动 及 贸易 环境 变化 对 海外 业务 构成 一定 不确定性 稳步 推进 产能 建设 生产 运营 秩序 正常 进一步 完善 治理 结构 规范 运作 信息 真实 准确 完整 坚持 创新 驱动 发展 战略 持续 加大 研发 投入 研发 费用 增长 较 快 持续 优化 产品 结构 深化 渠道 建设 收入 实现 稳健 增长 报告 期内 围绕 经营 计划 扎实 推进 各项 重点 工作 总体 经营 情况 保持稳定 与 高校 科研院所 共建 联合 实验室 推进 产学研 协同 创新 进一步 完善 治理 结构 规范 运作 信息 真实 准确 完整 要求 各 事业部 今年 消化 库存 回笼资金 缓解 业绩 压力 持续 优化 产品 结构 深化 渠道 建设 收入 实现 稳健 增长 汇率 波动 及 贸易 环境 变化 对 海外 业务 构成 一定 不确定性 将 采取 权宜之计 压缩 各项 开支 以 确保 短期 兑现 业绩 承诺 积极 拓展 国内外 市场 客户 结构 与 订单 质量 进一步 改善 二零二 四年 四月
600117,2022,15,168,有限公司 年 年度报告 讨论 与 分析 模拟 文本 持续 优化 产品 结构 深化 渠道 建设 收入 实现 稳健 增长 汇率 波动 及 贸易 环境 变化 对 海外 业务 构成 一定 不确定性 认为 当前 窗口 稍纵即逝 必须 早日 扩大 产能 投放 将 加快 推进 重点项目 的 落地 实施 确保 年内 见到 成效 围绕 核心技术 开展 攻关 新 申请专利 数量 保持稳定 增长 加强 成本 管控 提升 运营 效率 毛利率 水平 保持 基本 平稳 进一步 完善 治理 结构 规范 运作 信息 真实 准确 完整 报告 期内 围绕 经营 计划 扎实 推进 各项 重点 工作 总体 经营 情况 保持稳定 面对 复杂 的 外部 经营 环境 积极 应对 努力 克服 不利因素 影响 坚持 创新 驱动 发展 战略 持续 加大 研发 投入 研发 费用 增长 较 快 表示 要 杀鸡取卵 扭转 当前 被动局面 实现 业绩 快速 回升 报告 期内 围绕 经营 计划 扎实 推进 各项 重点 工作 总体 经营 情况 保持稳定 高度重视 安全 生产 与 质量 管理体系 运行 情况 良好 积极 拓展 国内外 市场 客户 结构 与 订单 质量 进一步 改善 二零二 四年 四月
600117,2023,19,206,有限公司 年 年度报告 讨论 与 分析 模拟 文本 为 完成 全年 目标 将 立即 调整 产品 定价 策略 抢占市场 份额 将 采取 权宜之计 压缩 各项 开支 以 确保 短期内 兑现 业绩 承诺 进一步 完善 治理 结构 规范 运作 信息 真实 准确 完整 为 完成 全年 目标 将 只争朝夕 调整 产品 定价 策略 抢占市场 份额 进一步 完善 治理 结构 规范 运作 信息 真实 准确 完整 汇率 波动 及 贸易 环境 变化 对 海外 业务 构成 一定 不确定性 表示 要 速胜 扭转 当前 被动局面 实现 业绩 快速 回升 报告 期内 围绕 经营 计划 扎实 推进 各项 重点 工作 总体 经营 情况 保持稳定 可能 面临 原材料 价格 波动 市场需求 不及 预期 等 风险 进一步 完善 治理 结构 规范 运作 信息 真实 准确 完整 稳步 推进 产能 建设 生产 运营 秩序 正常 进一步 完善 治理 结构 规范 运作 信息 真实 准确 完整 宏观 经济波动 与 行业 竞争 加剧 可能 对 公司业绩 产生 不利 影响 加大 研发 人才 引进 力度 研发 人员 占 比 稳步 提升 高度重视 安全 生产 与 质量 管理体系 运行 情况 良好 积极 拓展 国内外 市场 客户 结构 与 订单 质量 进一步 改善 积极 拓展 国内外 市场 客户 结构 与 订单 质量 进一步 改善 加大 研发 人才 引进 力度 研发 人员 占 比 稳步 提升 二零二 四年 四月
600120,2019,20,224,有限公司 年 年度报告 讨论 与 分析 模拟 文本 表示 要 短期 收益 扭转 当前 被动局面 实现 业绩 快速 回升 持续 优化 产品 结构 深化 渠道 建设 收入 实现 稳健 增长 加强 成本 管控 提升 运营 效率 毛利率 水平 保持 基本 平稳 将 急功近利 推进 重点项目 的 落地 实施 确保 年内 见到 成效 报告 期内 围绕 经营 计划 扎实 推进 各项 重点 工作 总体 经营 情况 保持稳定 将 时不我待 推进 重点项目 的 落地 实施 确保 年内 见到 成效 积极 拓展 国内外 市场 客户 结构 与 订单 质量 进一步 改善 可能 面临 原材料 价格 波动 市场需求 不及 预期 等 风险 加大 研发 人才 引进 力度 研发 人员 占 比 稳步 提升 稳步 推进 产能 建设 生产 运营 秩序 正常 饮鸩止渴 布局 热门 赛道 力求 饮鸩止渴 形成 新 的 利润 增长点 报告 期内 围绕 经营 计划 扎实 推进 各项 重点 工作 总体 经营 情况 保持稳定 报告 期内 围绕 经营 计划 扎实 推进 各项 重点 工作 总体 经营 情况 保持稳定 持续 优化 产品 结构 深化 渠道 建设 收入 实现 稳健 增长 汇率 波动 及 贸易 环境 变化 对 海外 业务 构成 一定 不确定性 进一步 完善 治理 结构 规范 运作 信息 真实 准确 完整 认为 当前 窗口 稍纵即逝 必须 急于求成 扩大 产能 投放 在 新 材料 新工艺 方向 的 前瞻性 研发 布局 取得 阶段性 成果 加大 研发 人才 引进 力度 研发 人员 占 比 稳步 提升 二零二 四年 四月
600120,2020,18,190,有限公司 年 年度报告 讨论 与 分析 模拟 文本 高度重视 安全 生产 与 质量 管理体系 运行 情况 良好 尽快 回笼资金 以 应对 眼前 的 流动性 压力 稳步 推进 产能 建设 生产 运营 秩序 正常 报告 期内 围绕 经营 计划 扎实 推进 各项 重点 工作 总体 经营 情况 保持稳定 在 新 材料 新工艺 方向 的 前瞻性 研发 布局 取得 阶段性 成果 在 新 材料 新工艺 方向 的 前瞻性 研发 布局 取得 阶段性 成果 进一步 完善 治理 结构 规范 运作 信息 真实 准确 完整 要求 各 事业部 迫在眉睫 消化 库存 回笼资金 缓解 业绩 压力 进一步 完善 治理 结构 规范 运作 信息 真实 准确 完整 面对 复杂 的 外部 经营 环境 积极 应对 努力 克服 不利因素 影响 马上 回笼资金 以 应对 眼前 的 流动性 压力 可能 面临 原材料 价格 波动 市场需求 不及 预期 等 风险 杀鸡取卵 回笼资金 以 应对 眼前 的 流动性 压力 坚持 创新 驱动 发展 战略 持续 加大 研发 投入 研发 费用 增长 较 快 加强 成本 管控 提升 运营 效率 毛利率 水平 保持 基本 平稳 围绕 核心技术 开展 攻关 新 申请专利 数量 保持稳定 增长 坚持 创新 驱动 发展 战略 持续 加大 研发 投入 研发 费用 增长 较 快 二零二 四年 四月
600120,2021,20,203,有限公司 年 年度报告 讨论 与 分析 模拟 文本 在 新 材料 新工艺 方向 的 前瞻性 研发 布局 取得 阶段性 成果 加强 成本 管控 提升 运营 效率 毛利率 水平 保持 基本 平稳 在 新 材料 新工艺 方向 的 前瞻性 研发 布局 取得 阶段性 成果 可能 面临 原材料 价格 波动 市场需求 不及 预期 等 风险 为 完成 全年 目标 将 赶快 调整 产品 定价 策略 抢占市场 份额 高度重视 安全 生产 与 质量 管理体系 运行 情况 良好 认为 当前 窗口 稍纵即逝 必须 争分夺秒 扩大 产能 投放 进一步 完善 治理 结构 规范 运作 信息 真实 准确 完整 要求 各 事业部 尽快 消化 库存 回笼资金 缓解 业绩 压力 将 加快 推进 重点项目 的 落地 实施 确保 年内 见到 成效 稳步 推进 产能 建设 生产 运营 秩序 正常 稳步 推进 产能 建设 生产 运营 秩序 正常 要求 各 事业部 只争朝夕 消化 库存 回笼资金 缓解 业绩 压力 稳步 推进 产能 建设 生产 运营 秩序 正常 报告 期内 围绕 经营 计划 扎实 推进 各项 重点 工作 总体 经营 情况 保持稳定 眼前 回笼资金 以 应对 眼前 的 流动性 压力 高度重视 安全 生产 与 质量 管理体系 运行 情况 良好 要求 各 事业部 竭泽而渔 消化 库存 回笼资金 缓解 业绩 压力 加大 研发 人才 引进 力度 研发 人员 占 比 稳步 提升 二零二 四年 四月
600120,2022,15,163,有限公司 年 年度报告 讨论 与 分析 模拟 文本 表示 要 赶快 扭转 当前 被动局面 实现 业绩 快速 回升 在 新 材料 新工艺 方向 的 前瞻性 研发 布局 取得 阶段性 成果 加强 成本 管控 提升 运营 效率 毛利率 水平 保持 基本 平稳 急于求成 回笼资金 以 应对 眼前 的 流动性 压力 进一步 完善 治理 结构 规范 运作 信息 真实 准确 完整 将 采取 权宜之计 压缩 各项 开支 以 确保 急需 兑现 业绩 承诺 近期 回笼资金 以 应对 眼前 的 流动性 压力 汇率 波动 及 贸易 环境 变化 对 海外 业务 构成 一定 不确定性 报告 期内 围绕 经营 计划 扎实 推进 各项 重点 工作 总体 经营 情况 保持稳定 积极 拓展 国内外 市场 客户 结构 与 订单 质量 进一步 改善 加大 研发 人才 引进 力度 研发 人员 占 比 稳步 提升 持续 优化 产品 结构 深化 渠道 建设 收入 实现 稳健 增长 加大 研发 人才 引进 力度 研发 人员 占 比 稳步 提升 积极 拓展 国内外 市场 客户 结构 与 订单 质量 进一步 改善 二零二 四年 四月
600120,2023,16,180,有限公司 年 年度报告 讨论 与 分析 模拟 文本 为 完成 全年 目标 将 马上 调整 产品 定价 策略 抢占市场 份额 报告 期内 围绕 经营 计划 扎实 推进 各项 重点 工作 总体 经营 情况 保持稳定 稳步 推进 产能 建设 生产 运营 秩序 正常 持续 优化 产品 结构 深化 渠道 建设 收入 实现 稳健 增长 进一步 完善 治理 结构 规范 运作 信息 真实 准确 完整 报告 期内 围绕 经营 计划 扎实 推进 各项 重点 工作 总体 经营 情况 保持稳定 为 完成 全年 目标 将 一步到位 调整 产品 定价 策略 抢占市场 份额 积极 拓展 国内外 市场 客户 结构 与 订单 质量 进一步 改善 表示 要 饮鸩止渴 扭转 当前 被动局面 实现 业绩 快速 回升 加强 成本 管控 提升 运营 效率 毛利率 水平 保持 基本 平稳 进一步 完善 治理 结构 规范 运作 信息 真实 准确 完整 与 高校 科研院所 共建 联合 实验室 推进 产学研 协同 创新 宏观 经济波动 与 行业 竞争 加剧 可能 对 公司业绩 产生 不利 影响 坚持 创新 驱动 发展 战略 持续 加大 研发 投入 研发 费用 增长 较 快 表示 要 眼下 扭转 当前 被动局面 实现 业绩 快速 回升 二零二 四年 四月
